Workbook

Sheet 종합
B8: 구분 | E8: 2401 | F8: 2402 | G8: 2403 | H8: 2404 | I8: 2405 | J8: 2406 | K8: 2407 | L8: 2408 | M8: 2409 | N8: 2410 | O8: 2411 | P8: 2412 | Q8: 2501 | R8: 2502 | S8: 2503 | T8: 2504 | U8: 2505 | V8: 2506 | W8: 2507 | X8: 2508 | Y8: 2509 | Z8: 2510 | AA8: 2511 | AB8: 2512 | AC8: 25년 누적 | AD8: 25년 월평균
B9: 관리수수료 | D9: 계 | Q9: =Q10+Q11+Q12+Q13 -> 46.936707 | R9: =R10+R11+R12+R13 -> 50.212828 | S9: =S10+S11+S12+S13 -> 46.993549 | T9: =T10+T11+T12+T13 -> 54.612779 | U9: =U10+U11+U12+U13 -> 44.629061 | AC9: =SUM(D9:T9) -> 198.75586 | AD9: =AVERAGE(Q9:U9) -> 48.676985
D10: 무선 | Q10: =Q15+Q18+Q24+Q27+Q31+Q32 -> 32.117026 | R10: =R15+R18+R24+R27+R31+R32 -> 32.819003 | S10: =S15+S18+S24+S27+S31+S32 -> 31.966464 | T10: =T15+T18+T24+T27+T31+T32 -> 31.148299 | U10: =U15+U18+U24+U27+U31+U32 -> 30.550866 | AC10: =SUM(D10:T10) -> 128.05079 | AD10: =AVERAGE(Q10:U10) -> 31.720332
D11: 유선 | Q11: =Q16+Q20+Q25+Q28 -> 6.577184 | R11: =R16+R20+R25+R28 -> 7.1815229 | S11: =S16+S20+S25+S28 -> 7.5357089 | T11: =T16+T20+T25+T28 -> 6.59036 | U11: =U16+U20+U25+U28 -> 6.4865683 | AC11: =SUM(D11:T11) -> 27.884776 | AD11: =AVERAGE(Q11:U11) -> 6.8742688
D12: H.C | Q12: =Q22+Q29 -> 2.1884938 | R12: =R22+R29 -> 2.4766145 | S12: =S22+S29 -> 2.7696575 | T12: =T22+T29 -> 2.9780212 | U12: =U22+U29 -> 3.2158703 | AC12: =SUM(D12:T12) -> 10.412787 | AD12: =AVERAGE(Q12:U12) -> 2.7257315
D13: 기타 | Q13: =Q33 -> 6.0540026 | R13: =R33 -> 7.735688 | S13: =S33 -> 4.721718 | T13: =T33 -> 13.896099 | U13: =U33 -> 4.3757565 | AC13: =SUM(D13:T13) -> 32.407507 | AD13: =AVERAGE(Q13:U13) -> 7.3566528
B14: 소매 | D14: 계 | E14: 27 | F14: 27.4 | G14: 26.9 | H14: 27.1 | I14: 26.8 | J14: 27.1 | K14: 27 | L14: 26.8 | M14: 26.9 | N14: 26.6 | O14: 26.4 | P14: 26 | Q14: =Q15+Q16 -> 23.890354 | R14: =R15+R16 -> 24.701307 | S14: =S15+S16 -> 25.050896 | T14: =T15+T16 -> 23.809409 | U14: =U15+U16 -> 23.57592 | AC14: =SUM(D14:T14) -> 419.45197 | AD14: =AVERAGE(Q14:U14) -> 24.205577
D15: 무선 | E15: 23.232542 | F15: 23.638276 | G15: 23.080875 | H15: 23.254129 | I15: 23.032484 | J15: 23.332455 | K15: 23.242898 | L15: 23.10626 | M15: 23.190662 | N15: 22.880206 | O15: 22.721914 | P15: 22.313857 | Q15: ='(참고) 연결용'!F6 -> 20.402818 | R15: ='(참고) 연결용'!G6 -> 20.814096 | S15: ='(참고) 연결용'!H6 -> 20.926437 | T15: ='(참고) 연결용'!I6 -> 20.153446 | U15: ='(참고) 연결용'!J6 -> 19.901026 | AC15: =SUM(D15:T15) -> 359.32335 | AD15: =AVERAGE(Q15:U15) -> 20.439564
D16: 유선 | E16: 3.7674583 | F16: 3.7617237 | G16: 3.8191253 | H16: 3.8458707 | I16: 3.7675159 | J16: 3.7675454 | K16: 3.7571025 | L16: 3.6937402 | M16: 3.7093376 | N16: 3.7197939 | O16: 3.6780862 | P16: 3.6861434 | Q16: ='(참고) 연결용'!F22 -> 3.4875361 | R16: ='(참고) 연결용'!G22 -> 3.8872114 | S16: ='(참고) 연결용'!H22 -> 4.1244591 | T16: ='(참고) 연결용'!I22 -> 3.6559634 | U16: ='(참고) 연결용'!J22 -> 3.6748937 | AC16: =SUM(D16:T16) -> 60.128613 | AD16: =AVERAGE(Q16:U16) -> 3.7660127
B17: 도매 | D17: 계 | E17: 13.1 | F17: 12.6 | G17: 12.4 | H17: 12.1 | I17: 11.6 | J17: 11.3 | K17: 11.1 | L17: 10.8 | M17: 10.6 | N17: 10.4 | O17: 9.9 | P17: 9.6 | Q17: 9.1 | R17: 9.0830929 | S17: 8.5529126 | T17: 8.0079655 | U17: 7.6013216 | AC17: =SUM(D17:T17) -> 170.24397 | AD17: =AVERAGE(Q17:U17) -> 8.4690585
D18: 무선 | E18: =E17-E19-E20-E21 -> 0.201186 | F18: =F17-F19-F20-F21 -> 0.064343049 | G18: =G17-G19-G20-G21 -> 0.25349453 | H18: =H17-H19-H20-H21 -> 0.36028347 | I18: =I17-I19-I20-I21 -> 0.25776804 | J18: =J17-J19-J20-J21 -> 0.35737908 | K18: =K17-K19-K20-K21 -> 0.42163681 | L18: =L17-L19-L20-L21 -> 0.51237423 | ... P18: =P17-P19-P20-P21 -> 0.81376202 | Q18: ='(참고) 연결용'!F5 -> 2.9624661 | R18: ='(참고) 연결용'!G5 -> 2.91333 | S18: ='(참고) 연결용'!H5 -> 2.4573264 | T18: ='(참고) 연결용'!I5 -> 2.526277 | U18: ='(참고) 연결용'!J5 -> 2.3802389 | AC18: =SUM(D18:T18) -> 16.410074 | AD18: =AVERAGE(Q18:U18) -> 2.6479277
D19: 점프업 | E19: 4.5555838 | F19: 4.2798038 | G19: 3.9510572 | H19: 3.6747115 | I19: 3.4186966 | J19: 3.2155809 | K19: 3.0333787 | L19: 2.842718 | M19: 2.6700881 | N19: 2.4984012 | O19: 2.3461477 | P19: 2.2111794
D20: 유선 | E20: 2.775657 | F20: 2.7472658 | G20: 2.7423491 | H20: 2.697131 | I20: 2.6393608 | J20: 2.5545065 | K20: 2.5248521 | L20: 2.4420311 | M20: 2.3737327 | N20: 2.3304191 | O20: 2.2147525 | P20: 2.1650585 | Q20: ='(참고) 연결용'!F21 -> 1.9975339 | R20: ='(참고) 연결용'!G21 -> 2.0294241 | S20: ='(참고) 연결용'!H21 -> 2.2323665 | T20: ='(참고) 연결용'!I21 -> 1.8044475 | U20: ='(참고) 연결용'!J21 -> 1.7026086 | AC20: =SUM(D20:T20) -> 38.270888 | AD20: =AVERAGE(Q20:U20) -> 1.9532761
D21: H.C | E21: 5.5675732 | F21: 5.5085874 | G21: 5.4530992 | H21: 5.367874 | I21: 5.2841746 | J21: 5.1725335 | K21: 5.1201324 | L21: 5.0028767 | M21: 4.867749 | N21: 4.7402626 | O21: 4.55 | P21: 4.41 | Q21: 4.14 | R21: 4.1403388 | S21: 3.8632196 | T21: 3.6772409 | U21: 3.5184741 | AC21: 76.865662 | AD21: 3.8678547
D22: Win-Win H.C | E22: 0.0087965286 | F22: 0.036799681 | G22: 0.11150798 | H22: 0.19265921 | I22: 0.27808436 | J22: 0.36137504 | K22: 0.45979166 | L22: 0.56598657 | M22: 0.71547984 | N22: 0.87183651 | O22: 1.0436457 | P22: 1.1684938 | Q22: 1.1684938 | R22: 1.3666145 | S22: 1.5696575 | T22: 1.7213212 | U22: 1.8914007 | V22: 2.1825411
B23: 소상공인 | D23: 계 | Q23: =Q24+Q25 -> 1.2109914 | R23: =R24+R25 -> 1.364172 | S23: =S24+S25 -> 1.2723795 | T23: =T24+T25 -> 1.2368363 | U23: =U24+U25 -> 1.2193463 | AC23: =SUM(D23:T23) -> 5.0843791 | AD23: =AVERAGE(Q23:U23) -> 1.2607451
D24: 무선 | Q24: ='(참고) 연결용'!F7 -> 0.47383373 | R24: ='(참고) 연결용'!G7 -> 0.48559427 | S24: ='(참고) 연결용'!H7 -> 0.45793709 | T24: ='(참고) 연결용'!I7 -> 0.44099936 | U24: ='(참고) 연결용'!J7 -> 0.42470564 | AC24: =SUM(D24:T24) -> 1.8583645 | AD24: =AVERAGE(Q24:U24) -> 0.45661402
D25: 유선 | Q25: ='(참고) 연결용'!F23 -> 0.73715764 | R25: ='(참고) 연결용'!G23 -> 0.87857773 | S25: ='(참고) 연결용'!H23 -> 0.81444236 | T25: ='(참고) 연결용'!I23 -> 0.79583691 | U25: ='(참고) 연결용'!J23 -> 0.79464064 | AC25: =SUM(D25:T25) -> 3.2260146 | AD25: =AVERAGE(Q25:U25) -> 0.80413105
B26: 디지털 | D26: 계 | E26: 6 | F26: 5.7 | G26: 5.9 | H26: 5.8 | I26: 5.8 | J26: 5.7 | K26: 5.8 | L26: 5.7 | M26: 5.7 | N26: 5.7 | O26: 5.6 | P26: 5.5 | Q26: =Q27+Q28+Q29 -> 5.2 | R26: =R27+R28+R29 -> 5.3671954 | S26: =S27+S28+S29 -> 5.1954726 | T26: =T27+T28+T29 -> 5.066248 | U26: =U27+U28+U29 -> 4.9718197 | AC26: =SUM(D26:T26) -> 89.728916 | AD26: =AVERAGE(Q26:U26) -> 5.1601471
D27: 무선 | E27: =E26-E28-E29 -> 5.433244 | F27: =F26-F28-F29 -> 5.1382724 | G27: =G26-G28-G29 -> 4.9912975 | H27: =H26-H28-H29 -> 4.8656638 | I27: =I26-I28-I29 -> 4.8242472 | J27: =J26-J28-J29 -> 4.704188 | K27: =K26-K28-K29 -> 4.7789876 | L27: =L26-L28-L29 -> 4.6154407 | ... P27: =P26-P28-P29 -> 4.11623 | Q27: ='(참고) 연결용'!F9 -> 3.8250436 | R27: ='(참고) 연결용'!G9 -> 3.8708857 | S27: ='(참고) 연결용'!H9 -> 3.6310316 | T27: ='(참고) 연결용'!I9 -> 3.4754358 | U27: ='(참고) 연결용'!J9 -> 3.3329248 | AC27: =SUM(D27:T27) -> 71.553467 | AD27: =AVERAGE(Q27:U27) -> 3.6270643
D28: 유선 | E28: 0.566756 | F28: 0.56172764 | G28: 0.54870245 | H28: 0.52433618 | I28: 0.50575282 | J28: 0.485812 | K28: 0.47101236 | L28: 0.45455927 | M28: 0.43477627 | N28: 0.42295245 | O28: 0.39877282 | P28: 0.38377 | Q28: 0.35495636 | R28: ='(참고) 연결용'!G25 -> 0.3863097 | S28: ='(참고) 연결용'!H25 -> 0.36444095 | T28: ='(참고) 연결용'!I25 -> 0.3341122 | U28: ='(참고) 연결용'!J25 -> 0.3144253 | AC28: =SUM(D28:T28) -> 7.1987495 | AD28: =AVERAGE(Q28:U28) -> 0.3508489
D29: H.C | G29: 0.36 | H29: 0.41 | I29: 0.47 | J29: 0.51 | K29: 0.55 | L29: 0.63 | M29: 0.68 | N29: 0.84 | O29: 0.94 | P29: 1 | Q29: ='(참고) 연결용'!F15 -> 1.02 | R29: ='(참고) 연결용'!G15 -> 1.11 | S29: ='(참고) 연결용'!H15 -> 1.2 | T29: ='(참고) 연결용'!I15 -> 1.2567 | U29: ='(참고) 연결용'!J15 -> 1.3244696 | AC29: =SUM(D29:T29) -> 10.9767 | AD29: =AVERAGE(Q29:U29) -> 1.1822339
B30: B2B | D30: 계 | E30: =E31+E32 -> 5.3595323 | F30: =F31+F32 -> 5.0397463 | G30: =G31+G32 -> 4.9948352 | H30: =H31+H32 -> 5.5564696 | I30: =I31+I32 -> 5.0182843 | J30: =J31+J32 -> 4.693901 | K30: =K31+K32 -> 5.1975374 | L30: =L31+L32 -> 4.7080901 | ... U30: =U31+U32 -> 4.511971 | AC30: =SUM(D30:T30) -> 78.236972 | AD30: =AVERAGE(Q30:U30) -> 4.5491613
D31: 무선(기업) | E31: 2.2321313 | F31: 2.2146565 | G31: 2.1495214 | H31: 2.482852 | I31: 2.2195729 | J31: 2.0524255 | K31: 2.3254245 | L31: 2.0815853 | M31: 2.2659388 | N31: 2.3115774 | O31: 1.830619 | P31: 2.278 | Q31: ='(참고) 연결용'!F11 -> 1.9728654 | R31: ='(참고) 연결용'!G11 -> 2.0155581 | S31: ='(참고) 연결용'!H11 -> 1.9641957 | T31: ='(참고) 연결용'!I11 -> 2.0361414 | U31: ='(참고) 연결용'!J11 -> 2.138469 | AC31: =SUM(D31:T31) -> 34.433065 | AD31: =AVERAGE(Q31:U31) -> 2.0254459
D32: 무선(Biz) | E32: 3.127401 | F32: 2.8250899 | G32: 2.8453138 | H32: 3.0736176 | I32: 2.7987114 | J32: 2.6414755 | K32: 2.872113 | L32: 2.6265048 | M32: 2.7846919 | N32: 2.7036336 | O32: 2.60638 | P32: 2.6539 | Q32: ='(참고) 연결용'!F12 -> 2.48 | R32: ='(참고) 연결용'!G12 -> 2.7195389 | S32: ='(참고) 연결용'!H12 -> 2.529536 | T32: ='(참고) 연결용'!I12 -> 2.516 | U32: ='(참고) 연결용'!J12 -> 2.373502 | AC32: =SUM(D32:T32) -> 43.803907 | AD32: =AVERAGE(Q32:U32) -> 2.5237154
B33: 기타 | D33: 계 | Q33: =Q34+Q36+Q35 -> 6.0540026 | R33: =R34+R36+R35 -> 7.735688 | S33: =S34+S36+S35 -> 4.721718 | T33: =T34+T36+T35 -> 13.896099 | U33: =U34+U36+U35 -> 4.3757565 | AC33: =SUM(D33:T33) -> 32.407507 | AD33: =AVERAGE(Q33:U33) -> 7.3566528
D34: P3.0 | Q34: ='(참고) 연결용'!F16 -> 7.9 | R34: ='(참고) 연결용'!G16 -> 7.9716096 | S34: ='(참고) 연결용'!H16 -> 7.4216384 | T34: ='(참고) 연결용'!I16 -> 7.6139128 | U34: ='(참고) 연결용'!J16 -> 7.622857 | AC34: =SUM(D34:T34) -> 30.907161 | AD34: =AVERAGE(Q34:U34) -> 7.7060036
D35: 매장성수수료 | Q35: ='(참고) 연결용'!F17 -> 0.60595882 | R35: ='(참고) 연결용'!G17 -> 0.66603878 | S35: ='(참고) 연결용'!H17 -> 0.63645968 | T35: ='(참고) 연결용'!I17 -> 0.57387266 | U35: ='(참고) 연결용'!J17 -> 0.69777633 | AC35: =SUM(D35:T35) -> 2.4823299 | AD35: =AVERAGE(Q35:U35) -> 0.63602125
D36: 본사공통 | Q36: ='(참고) 연결용'!F13 -> -2.4519562 | R36: ='(참고) 연결용'!G13 -> -0.90196034 | S36: ='(참고) 연결용'!H13 -> -3.3363801 | T36: ='(참고) 연결용'!I13 -> 5.7083132 | U36: ='(참고) 연결용'!J13 -> -3.9448768 | AC36: =SUM(D36:T36) -> -0.98198339 | AD36: =AVERAGE(Q36:U36) -> -0.98537205
B38: 구분 | Q38: 2501 | R38: 2502 | S38: 2503 | T38: 2504 | U38: 2505 | V38: 2506 | W38: 2507 | X38: 2508 | Y38: 2509 | Z38: 2510 | AA38: 2511 | AB38: 2512 | AC38: 25년 누적 | AD38: 25년 월평균
B39: 가입자 | D39: 계 | Q39: =Q40+Q41+Q42 -> 2437221 | R39: =R40+R41+R42 -> 2418438 | S39: =S40+S41+S42 -> 2394811 | T39: =T40+T41+T42 -> 2388658 | U39: =U40+U41+U42 -> 2406955 | AC39: =SUM(D39:T39) -> 9639128
D40: 무선 | Q40: =Q45+Q49+Q54+Q58+Q63+Q64 -> 1438997 | R40: =R45+R49+R54+R58+R63+R64 -> 1428238 | S40: =S45+S49+S54+S58+S63+S64 -> 1417929 | T40: =T45+T49+T54+T58+T63+T64 -> 1419139 | U40: =U45+U49+U54+U58+U63+U64 -> 1428753 | AC40: =SUM(D40:T40) -> 5704303
D41: 유선 | Q41: =Q46+Q47+Q50+Q51+Q55+Q56+Q59+Q60 -> 276106 | R41: =R46+R47+R50+R51+R55+R56+R59+R60 -> 274037 | S41: =S46+S47+S50+S51+S55+S56+S59+S60 -> 270709 | T41: =T46+T47+T50+T51+T55+T56+T59+T60 -> 269132 | U41: =U46+U47+U50+U51+U55+U56+U59+U60 -> 268690 | AC41: =SUM(D41:T41) -> 1089984
D42: H.C | Q42: =Q52+Q61 -> 722118 | R42: =R52+R61 -> 716163 | S42: =S52+S61 -> 706173 | T42: =T52+T61 -> 700387 | U42: =U52+U61 -> 709512 | AC42: =SUM(D42:T42) -> 2844841
D43: 기타 | AC43: =SUM(D43:T43) -> 0
B44: 소매 | D44: 계 | E44: 894405 | F44: 893011 | G44: 892673 | H44: 890727 | I44: 889722 | J44: 890125 | K44: 890893 | L44: 892043 | M44: 890763 | N44: 883936 | O44: 887759 | P44: 886188 | Q44: =Q45+Q47+Q46 -> 863927 | R44: =R45+R47+R46 -> 867687 | S44: =S45+S47+S46 -> 868817 | T44: =T45+T47+T46 -> 873806 | U44: =U45+U47+U46 -> 891478 | AC44: =SUM(D44:T44) -> 14156482
D45: 무선 | E45: 749129 | F45: 748834 | G45: 748987 | H45: 747221 | I45: 747650 | J45: 750317 | K45: 752257 | L45: 755901 | M45: 756168 | N45: 751500 | O45: 756006 | P45: 755811 | Q45: ='(참고) 연결용 (가입자 무선)'!F22 -> 751971 | R45: ='(참고) 연결용 (가입자 무선)'!G22 -> 752950 | S45: ='(참고) 연결용 (가입자 무선)'!H22 -> 752266 | T45: ='(참고) 연결용 (가입자 무선)'!I22 -> 754111 | U45: ='(참고) 연결용 (가입자 무선)'!J22 -> 766608 | AC45: =SUM(D45:T45) -> 12031079
D46: 유선(I) | Q46: 69550 | R46: 69467 | S46: 68835 | T46: 68722 | U46: 69025 | AC46: =SUM(D46:T46) -> 276574
D47: 유선(TV) | Q47: 42406 | R47: 45270 | S47: 47716 | T47: 50973 | U47: 55845 | V47: 59349 | AC47: =SUM(D47:T47) -> 186365
B48: 도매 | D48: 계 | Q48: =Q49+Q51+Q50+Q52 -> 738464 | R48: =R49+R51+R50+R52 -> 709587 | S48: =S49+S51+S50+S52 -> 686178 | T48: =T49+T51+T50+T52 -> 662458 | U48: =U49+U51+U50+U52 -> 639166 | AC48: =SUM(D48:T48) -> 2796687
D49: 무선 | Q49: ='(참고) 연결용 (가입자 무선)'!F21 -> 66322 | R49: ='(참고) 연결용 (가입자 무선)'!G21 -> 64615 | S49: ='(참고) 연결용 (가입자 무선)'!H21 -> 63539 | T49: ='(참고) 연결용 (가입자 무선)'!I21 -> 62009 | U49: ='(참고) 연결용 (가입자 무선)'!J21 -> 61102 | AC49: =SUM(D49:T49) -> 256485
D50: 유선(I) | Q50: 44891 | R50: 42582 | S50: 40286 | T50: 38053 | U50: 35974 | AC50: =SUM(D50:T50) -> 165812
D51: 유선(TV) | Q51: 44595 | R51: 42983 | S51: 40875 | T51: 38818 | U51: 36622 | AC51: =SUM(D51:T51) -> 167271
D52: H.C | Q52: ='(참고) 연결용 (가입자 무선)'!F30 -> 582656 | R52: ='(참고) 연결용 (가입자 무선)'!G30 -> 559407 | S52: ='(참고) 연결용 (가입자 무선)'!H30 -> 541478 | T52: ='(참고) 연결용 (가입자 무선)'!I30 -> 523578 | U52: ='(참고) 연결용 (가입자 무선)'!J30 -> 505468 | AC52: =SUM(D52:T52) -> 2207119
B53: 소상공인 | D53: 계 | Q53: =Q54+Q55+Q56 -> 80635 | R53: =R54+R55+R56 -> 80298 | S53: =S54+S55+S56 -> 79701 | T53: =T54+T55+T56 -> 79619 | U53: =U54+U55+U56 -> 78486 | AC53: =SUM(D53:T53) -> 320253
D54: 무선 | Q54: ='(참고) 연결용 (가입자 무선)'!F23 -> 26924 | R54: ='(참고) 연결용 (가입자 무선)'!G23 -> 26456 | S54: ='(참고) 연결용 (가입자 무선)'!H23 -> 25615 | T54: ='(참고) 연결용 (가입자 무선)'!I23 -> 25136 | U54: ='(참고) 연결용 (가입자 무선)'!J23 -> 24622 | AC54: =SUM(D54:T54) -> 104131
D55: 유선(I) | Q55: 25805 | R55: 25697 | S55: 25826 | T55: 25962 | U55: 25659 | AC55: =SUM(D55:T55) -> 103290
D56: 유선(TV) | Q56: 27906 | R56: 28145 | S56: 28260 | T56: 28521 | U56: 28205 | AC56: =SUM(D56:T56) -> 112832
B57: 디지털 | D57: 계 | Q57: =Q58+Q59+Q61+Q60 -> 267542 | R57: =R58+R59+R61+R60 -> 278856 | S57: =S58+S59+S61+S60 -> 283053 | T57: =T58+T59+T61+T60 -> 291541 | U57: =U58+U59+U61+U60 -> 315316 | AC57: =SUM(D57:T57) -> 1120992
D58: 무선 | Q58: ='(참고) 연결용 (가입자 무선)'!F25 -> 107127 | R58: ='(참고) 연결용 (가입자 무선)'!G25 -> 102207 | S58: ='(참고) 연결용 (가입자 무선)'!H25 -> 99447 | T58: ='(참고) 연결용 (가입자 무선)'!I25 -> 96649 | U58: ='(참고) 연결용 (가입자 무선)'!J25 -> 93912 | AC58: =SUM(D58:T58) -> 405430
D59: 유선(I) | Q59: 13244 | R59: 12547 | S59: 11891 | T59: 11321 | U59: 10724 | AC59: =SUM(D59:T59) -> 49003
D60: 유선(TV) | Q60: 7709 | R60: 7346 | S60: 7020 | T60: 6762 | U60: 6636 | AC60: =SUM(D60:T60) -> 28837
D61: H.C | Q61: ='(참고) 연결용 (가입자 무선)'!F31 -> 139462 | R61: ='(참고) 연결용 (가입자 무선)'!G31 -> 156756 | S61: ='(참고) 연결용 (가입자 무선)'!H31 -> 164695 | T61: ='(참고) 연결용 (가입자 무선)'!I31 -> 176809 | U61: ='(참고) 연결용 (가입자 무선)'!J31 -> 204044 | AC61: =SUM(D61:T61) -> 637722
B62: B2B | D62: 계 | Q62: =Q63+Q64 -> 486653 | R62: =R63+R64 -> 482010 | S62: =S63+S64 -> 477062 | T62: =T63+T64 -> 481234 | U62: =U63+U64 -> 482509 | AC62: =SUM(D62:T62) -> 1926959
D63: 무선(기업) | Q63: ='(참고) 연결용 (가입자 무선)'!F27 -> 357535 | R63: ='(참고) 연결용 (가입자 무선)'!G27 -> 354197 | S63: ='(참고) 연결용 (가입자 무선)'!H27 -> 348912 | T63: ='(참고) 연결용 (가입자 무선)'!I27 -> 353944 | U63: ='(참고) 연결용 (가입자 무선)'!J27 -> 355534 | AC63: =SUM(D63:T63) -> 1414588
D64: 무선(Biz) | Q64: ='(참고) 연결용 (가입자 무선)'!F28 -> 129118 | R64: ='(참고) 연결용 (가입자 무선)'!G28 -> 127813 | S64: ='(참고) 연결용 (가입자 무선)'!H28 -> 128150 | T64: ='(참고) 연결용 (가입자 무선)'!I28 -> 127290 | U64: ='(참고) 연결용 (가입자 무선)'!J28 -> 126975 | AC64: =SUM(D64:T64) -> 512371
B65: 기타 | D65: 계 | AC65: =SUM(D65:T65) -> 0
D66: P3.0 | AC66: =SUM(D66:T66) -> 0
D67: 매장성수수료 | AC67: =SUM(D67:T67) -> 0
D68: 본사공통 | AC68: =SUM(D68:T68) -> 0
B70: 구분 | Q70: 2501 | R70: 2502 | S70: 2503 | T70: 2504 | U70: 2505 | V70: 2506 | W70: 2507 | X70: 2508 | Y70: 2509 | Z70: 2510 | AA70: 2511 | AB70: 2512 | AC70: 25년 누적 | AD70: 25년 월평균
B71: 신규+기변 | D71: 계 | Q71: =Q72+Q73+Q74 -> 45655 | R71: =R72+R73+R74 -> 85027 | S71: =S72+S73+S74 -> 59560 | T71: =T72+T73+T74 -> 73903 | U71: =U72+U73+U74 -> 116222 | AC71: =SUM(D71:T71) -> 264145
D72: 무선 | Q72: =Q77+Q81+Q86+Q90+Q95 -> 13996 | R72: =R77+R81+R86+R90+R95 -> 28177 | S72: =S77+S81+S86+S90+S95 -> 20799 | T72: =T77+T81+T86+T90+T95 -> 25119 | U72: =U77+U81+U86+U90+U95 -> 32216 | AC72: =SUM(D72:T72) -> 88091
D73: 유선 | Q73: =Q78+Q79+Q82+Q83+Q87+Q88+Q91+Q92 -> 6832 | R73: =R78+R79+R82+R83+R87+R88+R91+R92 -> 10184 | S73: =S78+S79+S82+S83+S87+S88+S91+S92 -> 8872 | T73: =T78+T79+T82+T83+T87+T88+T91+T92 -> 9817 | U73: =U78+U79+U82+U83+U87+U88+U91+U92 -> 17314 | AC73: =SUM(D73:T73) -> 35705
D74: H.C | Q74: =Q84+Q93 -> 24827 | R74: =R84+R93 -> 46666 | S74: =S84+S93 -> 29889 | T74: =T84+T93 -> 38967 | U74: =U84+U93 -> 66692 | AC74: =SUM(D74:T74) -> 140349
D75: 기타 | AC75: =SUM(D75:T75) -> 0
B76: 소매 | D76: 계 | E76: 26997 | F76: 17538 | G76: 19530 | H76: 19429 | I76: 19761 | J76: 17706 | K76: 25829 | L76: 19335 | M76: 23821 | N76: 19517 | O76: 18278 | P76: 16088 | Q76: =Q77+Q79+Q78 -> 14423 | R76: =R77+R79+R78 -> 29919 | S76: =S77+S79+S78 -> 20890 | T76: =T77+T79+T78 -> 26775 | U76: =U77+U79+U78 -> 36758 | AC76: =SUM(D76:T76) -> 335836
D77: 무선 | E77: 23395 | F77: 14757 | G77: 16162 | H77: 15877 | I77: 16156 | J77: 14591 | K77: 21830 | L77: 16249 | M77: 20549 | N77: 16254 | O77: 15024 | P77: 13168 | Q77: 11930 | R77: 25000 | S77: 17145 | T77: 22354 | U77: 29195 | AC77: =SUM(D77:T77) -> 280441
D78: 유선(I) | Q78: 1166 | R78: 2200 | S78: 1692 | T78: 2007 | U78: 3634 | AC78: =SUM(D78:T78) -> 7065
D79: 유선(TV) | Q79: 1327 | R79: 2719 | S79: 2053 | T79: 2414 | U79: 3929 | V79: 59349 | AC79: =SUM(D79:T79) -> 8513
B80: 도매 | D80: 계 | Q80: =Q81+Q83+Q82+Q84 -> 20704 | R80: =R81+R83+R82+R84 -> 30404 | S80: =S81+S83+S82+S84 -> 23182 | T80: =T81+T83+T82+T84 -> 28296 | U80: =U81+U83+U82+U84 -> 44209 | AC80: =SUM(D80:T80) -> 102586
D81: 무선 | AC81: =SUM(D81:T81) -> 0
D82: 유선(I) | Q82: 1637 | R82: 2086 | S82: 1810 | T82: 1896 | U82: 3639 | AC82: =SUM(D82:T82) -> 7429
D83: 유선(TV) | Q83: 1828 | R83: 2334 | S83: 2074 | T83: 2120 | U83: 4113 | AC83: =SUM(D83:T83) -> 8356
D84: H.C | Q84: 17239 | R84: 25984 | S84: 19298 | T84: 24280 | U84: 36457 | AC84: =SUM(D84:T84) -> 86801
B85: 소상공인 | D85: 계 | Q85: =Q86+Q87+Q88 -> 981 | R85: =R86+R87+R88 -> 1210 | S85: =S86+S87+S88 -> 1288 | T85: =T86+T87+T88 -> 1481 | U85: =U86+U87+U88 -> 1905 | AC85: =SUM(D85:T85) -> 4960
D86: 무선 | Q86: 154 | R86: 399 | S86: 169 | T86: 287 | U86: 430 | AC86: =SUM(D86:T86) -> 1009
D87: 유선(I) | Q87: 551 | R87: 529 | S87: 772 | T87: 791 | U87: 948 | AC87: =SUM(D87:T87) -> 2643
D88: 유선(TV) | Q88: 276 | R88: 282 | S88: 347 | T88: 403 | U88: 527 | AC88: =SUM(D88:T88) -> 1308
B89: 디지털 | D89: 계 | Q89: =Q90+Q91+Q93+Q92 -> 7635 | R89: =R90+R91+R93+R92 -> 20716 | S89: =S90+S91+S93+S92 -> 10715 | T89: =T90+T91+T93+T92 -> 14873 | U89: =U90+U91+U93+U92 -> 30759 | AC89: =SUM(D89:T89) -> 53939
D90: 무선 | AC90: =SUM(D90:T90) -> 0
D91: 유선(I) | Q91: 27 | R91: 19 | S91: 81 | T91: 124 | U91: 311 | AC91: =SUM(D91:T91) -> 251
D92: 유선(TV) | Q92: 20 | R92: 15 | S92: 43 | T92: 62 | U92: 213 | AC92: =SUM(D92:T92) -> 140
D93: H.C | Q93: =7588 -> 7588 | R93: =20682 -> 20682 | S93: =10591 -> 10591 | T93: =14687 -> 14687 | U93: =30235 -> 30235 | AC93: =SUM(D93:T93) -> 53548
B94: B2B | D94: 계 | Q94: =Q95+Q96 -> 1912 | R94: =R95+R96 -> 2778 | S94: =S95+S96 -> 3485 | T94: =T95+T96 -> 2478 | U94: =U95+U96 -> 2591 | AC94: =SUM(D94:T94) -> 10653
D95: 무선 | Q95: 1912 | R95: 2778 | S95: 3485 | T95: 2478 | U95: 2591 | AC95: =SUM(D95:T95) -> 10653
D96: 유선 | AC96: =SUM(D96:T96) -> 0
B97: 기타 | D97: 계 | AC97: =SUM(D97:T97) -> 0
D98: P3.0 | AC98: =SUM(D98:T98) -> 0
D99: 매장성수수료 | AC99: =SUM(D99:T99) -> 0
D100: 본사공통 | AC100: =SUM(D100:T100) -> 0
B102: 구분 | Q102: 2501 | R102: 2502 | S102: 2503 | T102: 2504 | U102: 2505 | V102: 2506 | W102: 2507 | X102: 2508 | Y102: 2509 | Z102: 2510 | AA102: 2511 | AB102: 2512 | AC102: 25년 누적 | AD102: 25년 월평균
B103: 해지+기변OUT | D103: 계 | Q103: =Q104+Q105+Q106 -> 47482 | R103: =R104+R105+R106 -> 81824 | S103: =S104+S105+S106 -> 60773 | T103: =T104+T105+T106 -> 67932 | U103: =U104+U105+U106 -> 87668 | AC103: =SUM(D103:T103) -> 258011
D104: 무선 | Q104: =Q109+Q113+Q118+Q122+Q127 -> 12719 | R104: =R109+R113+R118+R122+R127 -> 28668 | S104: =S109+S113+S118+S122+S127 -> 20456 | T104: =T109+T113+T118+T122+T127 -> 22559 | U104: =U109+U113+U118+U122+U127 -> 30848 | AC104: =SUM(D104:T104) -> 84402
D105: 유선 | Q105: =Q110+Q111+Q114+Q115+Q119+Q120+Q123+Q124 -> 2890 | R105: =R110+R111+R114+R115+R119+R120+R123+R124 -> 3862 | S105: =S110+S111+S114+S115+S119+S120+S123+S124 -> 3820 | T105: =T110+T111+T114+T115+T119+T120+T123+T124 -> 3739 | U105: =U110+U111+U114+U115+U119+U120+U123+U124 -> 3272 | AC105: =SUM(D105:T105) -> 14311
D106: H.C | Q106: =Q116+Q125 -> 31873 | R106: =R116+R125 -> 49294 | S106: =S116+S125 -> 36497 | T106: =T116+T125 -> 41634 | U106: =U116+U125 -> 53548 | AC106: =SUM(D106:T106) -> 159298
D107: 기타 | AC107: =SUM(D107:T107) -> 0
B108: 소매 | D108: 계 | Q108: =Q109+Q111+Q110 -> 8747 | R108: =R109+R111+R110 -> 21879 | S108: =S109+S111+S110 -> 15348 | T108: =T109+T111+T110 -> 17139 | U108: =U109+U111+U110 -> 26099 | AC108: =SUM(D108:T108) -> 63113
D109: 무선 | Q109: 7655 | R109: 20293 | S109: 13797 | T109: 15751 | U109: 24866 | AC109: =SUM(D109:T109) -> 57496
D110: 유선(I) | Q110: 542 | R110: 780 | S110: 776 | T110: 704 | U110: 606 | AC110: =SUM(D110:T110) -> 2802
...

Sheet 종합(E)
B2: 구분 | C2: 종합 | D2: 소매 | E2: 도매 | F2: 디지털 | G2: B2B | H2: 소상공인 | I2: 기타
B3: 18년 | C3: =D3+E3+F3 -> 494.9314 | D3: =SUM('관리수수료 트렌드 정리'!D3:D14) -> 154.63153 | E3: =SUM('관리수수료 트렌드 정리'!C3:C14) -> 298.69881 | F3: =SUM('관리수수료 트렌드 정리'!E3:E14) -> 41.601056
B4: 19년 | C4: =D4+E4+F4 -> 346.97322 | D4: =SUM('관리수수료 트렌드 정리'!D15:D26) -> 132.08526 | E4: =SUM('관리수수료 트렌드 정리'!C15:C26) -> 180.35234 | F4: 34.535629
B5: 20년 | C5: =D5+E5+F5 -> 304.08588 | D5: =SUM('관리수수료 트렌드 정리'!D27:D38) -> 174.63156 | E5: =SUM('관리수수료 트렌드 정리'!C27:C38) -> 91.460928 | F5: 37.993394
B6: 21년 | C6: =D6+E6+F6 -> 415.79902 | D6: 238.0231 | E6: 127.87815 | F6: 49.897776
B7: 22년 | C7: =D7+E7+F7+G7+I7 -> 481.46282 | D7: =SUM('관리수수료 트렌드 정리'!D51:D62) -> 264.94001 | E7: =SUM('관리수수료 트렌드 정리'!C51:C62) -> 157.1894 | F7: =SUM('관리수수료 트렌드 정리'!E51:E62) -> 59.333402
B8: 23년 | C8: =D8+E8+F8+G8+I8 -> 614.87758 | D8: =SUM('관리수수료 트렌드 정리'!D63:D74) -> 311.06232 | E8: =SUM('관리수수료 트렌드 정리'!C63:C74) -> 170.37648 | F8: =SUM('관리수수료 트렌드 정리'!E63:E74) -> 69.930816 | G8: =SUM('관리수수료 트렌드 정리'!J63:M74) -> 63.507968
B9: 24년 | C9: =D9+E9+F9+G9+I9 -> 717.87909 | D9: ='소매 (E)'!C4 -> 322 | E9: ='도매(E)'!C4 -> 141.31446 | F9: ='디지털(E)'!C3 -> 68.9 | G9: =SUM('관리수수료 트렌드 정리'!J75:M86) -> 86.448426 | H9: ='소상공인(E)'!C3 -> 16.325662 | I9: ='소매 (E)'!C10 -> 99.216209
B10: 25년 | C10: =D10+E10+F10+G10+H10+I10 -> 650.10979 | D10: ='소매 (E)'!C5 -> 290.27045 | E10: ='도매(E)'!C5 -> 136.43485 | F10: ='디지털(E)'!C4 -> 60.040496 | G10: ='B2B(E)'!AQ5 -> 54.121058 | H10: ='소상공인(E)'!C4 -> 14.47016 | I10: ='소매 (E)'!C11 -> 94.772779
B11: 26년 (E) | C11: =D11+E11+F11+G11+H11+I11 -> 604.56068 | D11: ='소매 (E)'!C6 -> 283.04189 | E11: ='도매(E)'!C6 -> 109.63097 | F11: ='디지털(E)'!C5 -> 52.915119 | G11: 54.519284 | H11: 14.47016 | I11: 89.983264
B12: 27년 (E) | C12: =D12+E12+F12+G12+H12+I12 -> 55.381674 | F12: ='디지털(E)'!C6 -> 55.381674 | H12: ='소상공인(E)'!C6 -> 0 | I12: ='소매 (E)'!C13 -> 0 | K12: 130 | L12: 22 | M12: 76 | N12: 130
K13: 200 | L13: 23 | M13: 90 | N13: 150
D14: 100 | F14: 60 | G14: 30 | H14: -50 | I14: 50 | K14: 200 | L14: 24 | M14: 144 | N14: 210
D15: 100 | E15: 30 | F15: 50 | G15: 30 | H15: -50 | I15: 50 | K15: 210 | L15: 25 | M15: 13 | N15: 210
D16: 40 | K16: 260 | L16: 26
K17: 20 | L17: 27
B18: 200억
B19: 160 | D19: 100 | E19: 30 | F19: 50 | G19: 30 | H19: 0 | I19: 50 | K19: 200
B20: 210 | K20: 200

Sheet 소매
E62: 75 | F62: 76 | G62: 77 | H62: 78 | I62: 79 | J62: 80 | K62: 81 | L62: 82 | M62: 83 | N62: 84 | O62: 85 | P62: 86
B63: 구분 | E63: 2401 | F63: 2402 | G63: 2403 | H63: 2404 | I63: 2405 | J63: 2406 | K63: 2407 | L63: 2408 | M63: 2409 | N63: 2410 | O63: 2411 | P63: 2412 | Q63: 2501 | R63: 2502 | S63: 2503 | T63: 2504 | U63: 2505 | V63: 2506 | W63: 2507 | X63: 2508 | Y63: 2509 | Z63: 2510 | AA63: 2511 | AB63: 2512 | AC63: 25년 누적 | AD63: 25년 월평균
B64: 소매 | D64: 계 | E64: 27 | F64: 27.4 | G64: 26.9 | H64: 27.1 | I64: 26.8 | J64: 27.1 | K64: 27 | L64: 26.8 | M64: 26.9 | N64: 26.6 | O64: 26.4 | P64: 26 | Q64: 23.890354 | R64: 24.701307 | S64: 25.050896 | T64: 23.809409 | U64: 23.57592 | V64: =V65+V66 -> 24.228225 | W64: =W65+W66 -> 29.31502 | X64: =X65+X66 -> 27.780371 | Y64: =Y65+Y66 -> 28.513278 | Z64: =Z65+Z66 -> 28.406531
D65: 무선 | E65: =E64-E66 -> 23.232542 | F65: =F64-F66 -> 23.638276 | G65: =G64-G66 -> 23.080875 | H65: =H64-H66 -> 23.254129 | I65: =I64-I66 -> 23.032484 | J65: =J64-J66 -> 23.332455 | K65: =K64-K66 -> 23.242898 | L65: =L64-L66 -> 23.10626 | ... P65: =P64-P66 -> 22.313857 | Q65: 20.402818 | R65: 20.814096 | S65: 20.926437 | T65: 20.153446 | U65: 19.901026 | V65: 20.510782 | W65: 25.571297 | X65: 23.97615 | Y65: 24.691904 | Z65: 24.564483
D66: 유선 | E66: 3.7674583 | F66: 3.7617237 | G66: 3.8191253 | H66: 3.8458707 | I66: 3.7675159 | J66: 3.7675454 | K66: 3.7571025 | L66: 3.6937402 | M66: 3.7093376 | N66: 3.7197939 | O66: 3.6780862 | P66: 3.6861434 | Q66: 3.4875361 | R66: 3.8872114 | S66: 4.1244591 | T66: 3.6559634 | U66: 3.6748937 | V66: 3.717443 | W66: 3.7437236 | X66: 3.8042217 | Y66: 3.8213735 | Z66: 3.8420484
B67: 구분 | E67: 2401 | F67: 2402 | G67: 2403 | H67: 2404 | I67: 2405 | J67: 2406 | K67: 2407 | L67: 2408 | M67: 2409 | N67: 2410 | O67: 2411 | P67: 2412 | Q67: 2501 | R67: 2502 | S67: 2503 | T67: 2504 | U67: 2505 | V67: 2506 | W67: 2507 | X67: 2508 | Y67: 2509 | Z67: 2510 | AA67: 2511 | AB67: 2512 | AC67: 25년 누적 | AD67: 25년 월평균
B68: 기타 | D68: 계 | E68: =SUM(E69:E71) -> 8.3630735 | F68: =SUM(F69:F71) -> 7.4613188 | G68: =SUM(G69:G71) -> 7.5899538 | H68: =SUM(H69:H71) -> 4.8425968 | I68: =SUM(I69:I71) -> 6.1175147 | J68: =SUM(J69:J71) -> 6.3733313 | K68: =SUM(K69:K71) -> 7.9993811 | L68: =SUM(L69:L71) -> 7.1907803 | ... P68: =SUM(P69:P71) -> 21.060126 | Q68: 6.0540026 | R68: 7.735688 | S68: 4.721718 | T68: 13.896099 | U68: 4.3757565 | V68: =V69+V70+V71 -> 13.000696 | W68: =W69+W70+W71 -> 7.4690453 | X68: =X69+X70+X71 -> 6.4659674 | Y68: =Y69+Y70+Y71 -> 8.0688769 | Z68: =Z69+Z70+Z71 -> 7.2972452
D69: P3.0 | E69: 6.9 | F69: 7.3 | G69: 7.3 | H69: 7.35 | I69: 7.3868889 | J69: 7.3146808 | K69: 7.6354255 | L69: 7.4 | M69: 7.6538857 | N69: 7.8686388 | O69: 7.6142395 | P69: 7.94 | Q69: 7.9 | R69: 7.9716096 | S69: 7.4216384 | T69: 7.6139128 | U69: 7.622857 | V69: ='관리수수료 트렌드 정리'!Q92 -> 7.772182 | W69: 7.4912717 | X69: 6.6766701 | Y69: 6.9000007 | Z69: 6.872728
D70: 매장성수수료 | E70: 0.69062104 | F70: 0.67475181 | G70: 0.65596743 | H70: 0.66106861 | I70: 0.66754688 | J70: 0.64455618 | K70: 0.709512 | L70: 0.7051672 | M70: 0.62985633 | N70: 0.65229932 | O70: 0.63941378 | P70: 0.61422585 | Q70: 0.60595882 | R70: 0.66603878 | S70: 0.63645968 | T70: 0.57387266 | U70: 0.69777633 | V70: ='관리수수료 트렌드 정리'!R92 -> 0.75951674 | W70: 0.68965745 | X70: 0.63667796 | Y70: 0.63216598 | Z70: 0.58205908
D71: 본사공통 | E71: 0.77245242 | F71: -0.51343305 | G71: -0.36601364 | H71: -3.1684718 | I71: -1.9369211 | J71: -1.5859057 | K71: -0.34555639 | L71: -0.91438691 | M71: -2.7508403 | N71: 4.2134669 | O71: -4.3028273 | P71: 12.5059 | Q71: -2.4519562 | R71: -0.90196034 | S71: -3.3363801 | T71: 5.7083132 | U71: -3.9448768 | V71: ='관리수수료 트렌드 정리'!P92 -> 4.4689971 | W71: -0.7118838 | X71: -0.84738071 | Y71: 0.53671021 | Z71: -0.1575418
B72: 구분 | E72: 2401 | F72: 2402 | G72: 2403 | H72: 2404 | I72: 2405 | J72: 2406 | K72: 2407 | L72: 2408 | M72: 2409 | N72: 2410 | O72: 2411 | P72: 2412 | Q72: 2501 | R72: 2502 | S72: 2503 | T72: 2504 | U72: 2505 | V72: 2506 | W72: 2507 | X72: 2508 | Y72: 2509 | Z72: 2510 | AA72: 2511 | AB72: 2512 | AC72: 25년 누적 | AD72: 25년 월평균
B73: 소매 가입자 | D73: 계 | E73: =E74+E77 -> 894405 | F73: =F74+F77 -> 893011 | G73: =G74+G77 -> 892673 | H73: =H74+H77 -> 890727 | I73: =I74+I77 -> 889722 | J73: =J74+J77 -> 890125 | K73: =K74+K77 -> 890893 | L73: =L74+L77 -> 892043 | ... P73: =P74+P77 -> 886188 | Q73: 863927 | R73: 867687 | S73: 868817 | T73: 873806 | U73: 891478 | V73: =V74+V77 -> 829860 | W73: =W74+W77 -> 829106 | X73: =X74+X77 -> 825302 | Y73: =Y74+Y77 -> 820999 | Z73: =Z74+Z77 -> 815114
D74: 무선 | E74: 749129 | F74: 748834 | G74: 748987 | H74: 747221 | I74: 747650 | J74: 750317 | K74: 752257 | L74: 755901 | M74: 756168 | N74: 751500 | O74: 756006 | P74: 755811 | Q74: 751971 | R74: 752950 | S74: 752266 | T74: 754111 | U74: 766608 | V74: 764910 | W74: 762687 | X74: 758312 | Y74: 753607 | Z74: 748268
D75: 유선 | E75: 145276 | F75: 144177 | G75: 143686 | H75: 143506 | I75: 142072 | J75: 139808 | K75: 138636 | L75: 136142 | M75: 134595 | N75: 132436 | O75: 131753 | P75: 130377 | Q75: =Q76+Q77 -> 128645 | R75: =R76+R77 -> 129575 | S75: =S76+S77 -> 129166 | T75: =T76+T77 -> 129992 | U75: =U76+U77 -> 134949 | V75: =V76+V77 -> 135217 | W75: =W76+W77 -> 137095 | X75: =X76+X77 -> 137024 | ... Z75: =Z76+Z77 -> 135234
D76: 인터넷 | E76: 145276 | F76: 144177 | G76: 143686 | H76: 143506 | I76: 142072 | J76: 139808 | K76: 138636 | L76: 136142 | M76: 134595 | N76: 132436 | O76: 131753 | P76: 130377 | Q76: 69550 | R76: 69467 | S76: 68835 | T76: 68722 | U76: 70687 | V76: 70267 | W76: 70676 | X76: 70034 | Y76: 69511 | Z76: 68388
D77: TV | E77: 145276 | F77: 144177 | G77: 143686 | H77: 143506 | I77: 142072 | J77: 139808 | K77: 138636 | L77: 136142 | M77: 134595 | N77: 132436 | O77: 131753 | P77: 130377 | Q77: 59095 | R77: 60108 | S77: 60331 | T77: 61270 | U77: 64262 | V77: 64950 | W77: 66419 | X77: 66990 | Y77: 67392 | Z77: 66846
B78: 구분 | E78: 2401 | F78: 2402 | G78: 2403 | H78: 2404 | I78: 2405 | J78: 2406 | K78: 2407 | L78: 2408 | M78: 2409 | N78: 2410 | O78: 2411 | P78: 2412 | Q78: 2501 | R78: 2502 | S78: 2503 | T78: 2504 | U78: 2505 | V78: 2506 | W78: 2507 | X78: 2508 | Y78: 2509 | Z78: 2510 | AA78: 2511 | AB78: 2512 | AC78: 25년 누적 | AD78: 25년 월평균
B79: 소매 capa | D79: 계 | E79: =E80+E83 -> 26997 | F79: =F80+F83 -> 17538 | G79: =G80+G83 -> 19530 | H79: =H80+H83 -> 19429 | I79: =I80+I83 -> 19761 | J79: =J80+J83 -> 17706 | K79: =K80+K83 -> 25829 | L79: =L80+L83 -> 19335 | ... P79: =P80+P83 -> 16088 | Q79: 14423 | R79: 29919 | S79: 20890 | T79: 26775 | U79: 36758 | V79: =V80+V83 -> 20258 | W79: =W80+W83 -> 32204 | X79: =X80+X83 -> 19962 | Y79: =Y80+Y83 -> 25261 | Z79: =Z80+Z83 -> 16884
D80: 무선 | E80: 23395 | F80: 14757 | G80: 16162 | H80: 15877 | I80: 16156 | J80: 14591 | K80: 21830 | L80: 16249 | M80: 20549 | N80: 16254 | O80: 15024 | P80: 13168 | Q80: 11930 | R80: 25000 | S80: 17145 | T80: 22354 | U80: 29195 | V80: 18050 | W80: 29155 | X80: 17775 | Y80: 23129 | Z80: 15351
D81: 유선 | E81: 3602 | F81: 2781 | G81: 3368 | H81: 3552 | I81: 3605 | J81: 3115 | K81: 3999 | L81: 3086 | M81: 3272 | N81: 3263 | O81: 3254 | P81: 2920 | Q81: =Q82+Q83 -> 2493 | R81: =R82+R83 -> 4919 | S81: =S82+S83 -> 3745 | T81: =T82+T83 -> 4421 | U81: =U82+U83 -> 7563 | V81: =V82+V83 -> 4089 | W81: =W82+W83 -> 5722 | X81: =X82+X83 -> 3850 | ... Z81: =Z82+Z83 -> 2765
D82: 인터넷 | E82: 3602 | F82: 2781 | G82: 3368 | H82: 3552 | I82: 3605 | J82: 3115 | K82: 3999 | L82: 3086 | M82: 3272 | N82: 3263 | O82: 3254 | P82: 2920 | Q82: 1166 | R82: 2200 | S82: 1692 | T82: 2007 | U82: 3634 | V82: 1881 | W82: 2673 | X82: 1663 | Y82: 1839 | Z82: 1232
D83: TV | E83: 3602 | F83: 2781 | G83: 3368 | H83: 3552 | I83: 3605 | J83: 3115 | K83: 3999 | L83: 3086 | M83: 3272 | N83: 3263 | O83: 3254 | P83: 2920 | Q83: 1327 | R83: 2719 | S83: 2053 | T83: 2414 | U83: 3929 | V83: 2208 | W83: 3049 | X83: 2187 | Y83: 2132 | Z83: 1533
B84: 구분 | E84: 2401 | F84: 2402 | G84: 2403 | H84: 2404 | I84: 2405 | J84: 2406 | K84: 2407 | L84: 2408 | M84: 2409 | N84: 2410 | O84: 2411 | P84: 2412 | Q84: 2501 | R84: 2502 | S84: 2503 | T84: 2504 | U84: 2505 | V84: 2506 | W84: 2507 | X84: 2508 | Y84: 2509 | Z84: 2510 | AA84: 2511 | AB84: 2512 | AC84: 25년 누적 | AD84: 25년 월평균
B85: 소매 순증 | D85: 무선 | E85: 62 | F85: -295 | G85: 153 | H85: -1766 | I85: 429 | J85: 2667 | K85: 1940 | L85: 3644 | M85: 267 | N85: -4668 | O85: 4506 | P85: -195 | Q85: -3840 | R85: 979 | S85: -684 | T85: 1845 | U85: 12497 | V85: -1698 | W85: -2223 | X85: -4375 | Y85: -4705 | Z85: -5339
D86: 유선 | Q86: =Q87+Q88 -> -1732 | R86: =R87+R88 -> 930 | S86: =S87+S88 -> -409 | T86: =T87+T88 -> 826 | U86: =U87+U88 -> 4957 | V86: =V87+V88 -> 268 | W86: =W87+W88 -> 1878 | X86: =X87+X88 -> -71 | ... Z86: =Z87+Z88 -> -1669
D87: 인터넷 | Q87: -1254 | R87: -83 | S87: -632 | T87: -113 | U87: 1965 | V87: -420 | W87: 409 | X87: -642 | Y87: -523 | Z87: -1123
D88: TV | E88: 598 | F88: -1099 | G88: -491 | H88: -180 | I88: -1434 | J88: -2264 | K88: -1172 | L88: -2494 | M88: -1547 | N88: -2159 | O88: -683 | P88: -1190 | Q88: -478 | R88: 1013 | S88: 223 | T88: 939 | U88: 2992 | V88: 688 | W88: 1469 | X88: 571 | Y88: 402 | Z88: -546
B89: 구분 | E89: 2401 | F89: 2402 | G89: 2403 | H89: 2404 | I89: 2405 | J89: 2406 | K89: 2407 | L89: 2408 | M89: 2409 | N89: 2410 | O89: 2411 | P89: 2412 | Q89: 2501 | R89: 2502 | S89: 2503 | T89: 2504 | U89: 2505 | V89: 2506 | W89: 2507 | X89: 2508 | Y89: 2509 | Z89: 2510 | AA89: 2511 | AB89: 2512 | AC89: 25년 누적 | AD89: 25년 월평균
B90: 소매 유지 arpu | D90: 무선 | E90: =E65*100000000/E74/0.085*1.1/(1-E93) -> 40134.132 | F90: =F65*100000000/F74/0.085*1.1/(1-F93) -> 40851.124 | G90: =G65*100000000/G74/0.085*1.1/(1-G93) -> 39879.687 | H90: =H65*100000000/H74/0.085*1.1/(1-H93) -> 40274.001 | I90: =I65*100000000/I74/0.085*1.1/(1-I93) -> 39867.243 | J90: =J65*100000000/J74/0.085*1.1/(1-J93) -> 40242.912 | K90: =K65*100000000/K74/0.085*1.1/(1-K93) -> 39985.063 | L90: =L65*100000000/L74/0.085*1.1/(1-L93) -> 39558.38 | ... Y90: =Y65*100000000/Y74/0.085*1.1/(1-Y93) -> 42401.715
B91: 객관리 수수료 | D91: 유선 객관리수수료 | E91: =E66*100000000/E77*(1-E94) -> 2593.3109 | F91: =F66*100000000/F77*(1-F94) -> 2609.1011 | G91: =G66*100000000/G77*(1-G94) -> 2657.9662 | H91: =H66*100000000/H77*(1-H94) -> 2679.9372 | I91: =I66*100000000/I77*(1-I94) -> 2651.8356 | J91: =J66*100000000/J77*(1-J94) -> 2694.7996 | K91: =K66*100000000/K77*(1-K94) -> 2710.0482 | L91: =L66*100000000/L77*(1-L94) -> 2713.1526 | ... P91: =P66*100000000/P77*(1-P94) -> 2827.2957 | Q91: =Q66*100000000/Q75*(1-Q94) -> 2614.7771 | R91: =R66*100000000/R75*(1-R94) -> 2884.3193 | S91: =S66*100000000/S75*(1-S94) -> 3074.8556 | T91: =T66*100000000/T75*(1-T94) -> 2725.6914 | U91: =U66*100000000/U75*(1-U94) -> 2591.7577 | V91: =V66*100000000/V75*(1-V94) -> 2749.2423 | W91: =W66*100000000/W75*(1-W94) -> 2730.7514 | X91: =X66*100000000/X75*(1-X94) -> 2776.3178 | Y91: =Y66*100000000/Y75*(1-Y94) -> 2791.3
B92: 소매 해지율 | D92: 계 | Q92: 0.0184379 | R92: 0.033946573 | S92: 0.024767011 | T92: 0.027042616 | U92: 0.035423196
D93: 무선 | Q93: 0.015864974 | R93: 0.033189455 | S93: 0.022781835 | T93: 0.029641525 | U93: 0.038078131 | V93: =V85/V74 -> -0.002219869
D94: 유선(I) | Q94: 0.035485262 | R94: 0.038550679 | S94: 0.037045108 | T94: 0.030848928 | U94: 0.048257878
D95: 유선(TV) | Q95: 0.036103382 | R95: 0.039474266 | S95: 0.038351916 | T95: -0.016538167 | U95: -0.016886024 | V95: 0.016101074
D97: 무선CAPA | Q97: =Q74*Q93 -> 11930 | R97: =R74*R93 -> 24990 | S97: =S74*S93 -> 17138 | T97: =T74*T93 -> 22353 | U97: =U74*U93 -> 29191 | V97: =AVERAGE(Q97:U97) -> 21120.4
D98: 유선CAPA | Q98: 2493 | R98: 4919 | S98: 3745 | T98: 4421 | U98: 7563 | V98: =AVERAGE(Q98:U98) -> 4628.2
R99: =R66/Q66-1 -> 0.11460104 | S99: =S66/R66-1 -> 0.061032884 | T99: =T66/S66-1 -> -0.11358962 | U99: =U66/T66-1 -> 0.0051779463 | V99: =V66/U66-1 -> 0.011578363

Sheet 소매 (E)
B2: □ 소매 관리수수료
B3: 구분 | C3: 소매 | D3: 무선 | E3: 유선 | F3: 비고 | H3: 구분 | I3: 무선 CAPA | J3: 유선 CAPA | K3: 무선 CAPA 월평균 | L3: 유선 CAPA 월평균
B4: 24년 | C4: =SUM(E54:P54) -> 322 | D4: =SUM(E55:P55) -> 277.02656 | E4: =SUM(E56:P56) -> 44.973443 | H4: 24년 | I4: =SUM(E70:P70) -> 204012 | J4: =SUM(E71:P71) -> 39817 | K4: =I4/12 -> 17001 | L4: =J4/12 -> 3318.0833
B5: 25년 | C5: =SUM(R54:AC54) -> 290.27045 | D5: =SUM(R55:AC55) -> 244.88387 | E5: =SUM(R56:AC56) -> 45.386576 | H5: 25년 (E) | I5: =SUM(R70:AC70) -> 235577 | J5: =SUM(R71:AC71) -> 50993.2 | K5: =I5/12 -> 19631.417 | L5: =J5/12 -> 4249.4333
B6: 26년 (E) | C6: =SUM(AE54:AP54) -> 283.04189 | D6: =SUM(AE55:AP55) -> 238.64189 | E6: =SUM(AE56:AP56) -> 44.4 | H6: 26년 (E) | I6: =SUM(AE70:AP70) -> 235577 | J6: =SUM(R72:AC72) -> 30078 | K6: =I6/12 -> 19631.417 | L6: =J6/12 -> 2506.5
B7: 27년 (E) | H7: 27년 (E) | K7: =I7/12 -> 0 | L7: =J7/12 -> 0
B9: 구분 | C9: 기타 | D9: P3.0 | E9: 매장성 | F9: 본사 공통
B10: 24년 | C10: =D10+E10+F10 -> 99.216209 | D10: =SUM(E59:P59) -> 89.663759 | E10: =SUM(E60:P60) -> 7.9449864 | F10: =SUM(E61:P61) -> 1.6074637
B11: 25년 | C11: =D11+E11+F11 -> 94.772779 | D11: =SUM(R59:AC59) -> 87.933781 | E11: =SUM(R60:AC60) -> 8.1954289 | F11: =SUM(R61:AC61) -> -1.3564302
B12: 26년 (E)
B13: 27년 (E)
E52: 75 | F52: 76 | G52: 77 | H52: 78 | I52: 79 | J52: 80 | K52: 81 | L52: 82 | M52: 83 | N52: 84 | O52: 85 | P52: 86
B53: 구분 | E53: 2401 | F53: 2402 | G53: 2403 | H53: 2404 | I53: 2405 | J53: 2406 | K53: 2407 | L53: 2408 | M53: 2409 | N53: 2410 | O53: 2411 | P53: 2412 | R53: 2501 | S53: 2502 | T53: 2503 | U53: 2504 | V53: 2505 | W53: 2506 | X53: 2507 | Y53: 2508 | Z53: 2509 | AA53: 2510 | AB53: 2511 | AC53: 2512 | AE53: 2601 | AF53: 2602 | AG53: 2603 | AH53: 2604 | AI53: 2605 | AJ53: 2606 | AK53: 2607 | AL53: 2608 | AM53: 2609 | AN53: 2610 | AO53: 2611 | AP53: 2612 | AQ53: 25년 누적 | AR53: 25년 월평균
B54: 소매 | D54: 계 | E54: 27 | F54: 27.4 | G54: 26.9 | H54: 27.1 | I54: 26.8 | J54: 27.1 | K54: 27 | L54: 26.8 | M54: 26.9 | N54: 26.6 | O54: 26.4 | P54: 26 | R54: 23.890354 | S54: 24.701307 | T54: 25.050896 | U54: 23.809409 | V54: 23.57592 | W54: 24.228225 | X54: 25.571297 | Y54: 23.97615 | Z54: 24.059738 | AA54: 23.890146 | AB54: 23.781975 | AC54: 23.735033 | AE54: =AE55+AE56 -> 23.636791 | AF54: =AF55+AF56 -> 23.906079 | AG54: =AG55+AG56 -> 24.061123 | AH54: =AH55+AH56 -> 23.242945 | AI54: =AI55+AI56 -> 22.731501 | AJ54: =AJ55+AJ56 -> 23.693367 | AK54: =AK55+AK56 -> 24.990446 | AL54: =AL55+AL56 -> 23.429924 | ... AP54: =AP55+AP56 -> 23.251226 | AQ54: 97.451966 | AR54: 24.205577
D55: 무선 | E55: =E54-E56 -> 23.232542 | F55: =F54-F56 -> 23.638276 | G55: =G54-G56 -> 23.080875 | H55: =H54-H56 -> 23.254129 | I55: =I54-I56 -> 23.032484 | J55: =J54-J56 -> 23.332455 | K55: =K54-K56 -> 23.242898 | L55: =L54-L56 -> 23.10626 | ... P55: =P54-P56 -> 22.313857 | R55: 20.402818 | S55: 20.814096 | T55: 20.926437 | U55: 20.153446 | V55: 19.901026 | W55: =W54-W56 -> 20.510782 | X55: =X54-X56 -> 21.827573 | Y55: =Y54-Y56 -> 20.171928 | Z55: =Z54-Z56 -> 20.238365 | AA55: =AA54-AA56 -> 20.048097 | AB55: =AB54-AB56 -> 19.990058 | AC55: =AC54-AC56 -> 19.899248 | AE55: =AC64*0.085/1.1/100000000*AE76*(1-R79) -> 19.936791 | AF55: =AE64*0.085/1.1/100000000*AF76*(1-S79) -> 20.206079 | AG55: =AF64*0.085/1.1/100000000*AG76*(1-T79) -> 20.361123 | AH55: =AG64*0.085/1.1/100000000*AH76*(1-U79) -> 19.542945 | AI55: =AH64*0.085/1.1/100000000*AI76*(1-V79) -> 19.031501 | AJ55: =AI64*0.085/1.1/100000000*AJ76*(1-W79) -> 19.993367 | AK55: =AJ64*0.085/1.1/100000000*AK76*(1-X79) -> 21.290446 | AL55: =AK64*0.085/1.1/100000000*AL76*(1-Y79) -> 19.729924 | AM55: =AL64*0.085/1.1/100000000*AM76*(1-Z79) -> 19.800999 | ... AP55: =AO64*0.085/1.1/100000000*AP76*(1-AC79) -> 19.551226 | AQ55: =SUM(R55:AC55) -> 244.88387 | AR55: 20.439564
D56: 유선 | E56: 3.7674583 | F56: 3.7617237 | G56: 3.8191253 | H56: 3.8458707 | I56: 3.7675159 | J56: 3.7675454 | K56: 3.7571025 | L56: 3.6937402 | M56: 3.7093376 | N56: 3.7197939 | O56: 3.6780862 | P56: 3.6861434 | R56: 3.4875361 | S56: 3.8872114 | T56: 4.1244591 | U56: 3.6559634 | V56: 3.6748937 | W56: 3.717443 | X56: 3.7437236 | Y56: 3.8042217 | Z56: 3.8213735 | AA56: 3.8420484 | AB56: 3.7919169 | AC56: 3.8357851 | AE56: 3.7 | AF56: 3.7 | AG56: 3.7 | AH56: 3.7 | AI56: 3.7 | AJ56: 3.7 | AK56: 3.7 | AL56: 3.7 | AM56: 3.7 | AN56: 3.7 | AO56: 3.7 | AP56: 3.7 | AQ56: 15.15517 | AR56: 3.7660127
B57: 구분 | E57: 2401 | F57: 2402 | G57: 2403 | H57: 2404 | I57: 2405 | J57: 2406 | K57: 2407 | L57: 2408 | M57: 2409 | N57: 2410 | O57: 2411 | P57: 2412 | R57: 2501 | S57: 2502 | T57: 2503 | U57: 2504 | V57: 2505 | W57: 2506 | X57: 2507 | Y57: 2508 | Z57: 2509 | AA57: 2510 | AB57: 2511 | AC57: 2512 | AE57: 2601 | AF57: 2602 | AG57: 2603 | AH57: 2604 | AI57: 2605 | AJ57: 2606 | AK57: 2607 | AL57: 2608 | AM57: 2609 | AN57: 2610 | AO57: 2611 | AP57: 2612 | AQ57: 25년 누적 | AR57: 25년 월평균
B58: 기타 | D58: 계 | E58: =SUM(E59:E61) -> 8.3630735 | F58: =SUM(F59:F61) -> 7.4613188 | G58: =SUM(G59:G61) -> 7.5899538 | H58: =SUM(H59:H61) -> 4.8425968 | I58: =SUM(I59:I61) -> 6.1175147 | J58: =SUM(J59:J61) -> 6.3733313 | K58: =SUM(K59:K61) -> 7.9993811 | L58: =SUM(L59:L61) -> 7.1907803 | ... P58: =SUM(P59:P61) -> 21.060126 | R58: 6.0540026 | S58: 7.735688 | T58: 4.721718 | U58: 13.896099 | V58: 4.3757565 | W58: =W59+W60+W61 -> 13.000696 | X58: =X59+X60+X61 -> 7.4690453 | Y58: =Y59+Y60+Y61 -> 6.4659674 | Z58: =Z59+Z60+Z61 -> 8.0688769 | AA58: =AA59+AA60+AA61 -> 7.2972452 | AB58: =AB59+AB60+AB61 -> 7.4603885 | AC58: =AC59+AC60+AC61 -> 8.2272964 | AE58: =AE59+AE60+AE61 -> 7.6 | AF58: =AF59+AF60+AF61 -> 7.6 | AG58: =AG59+AG60+AG61 -> 7.6 | AH58: =AH59+AH60+AH61 -> 7.6 | AI58: =AI59+AI60+AI61 -> 7.6 | AJ58: =AJ59+AJ60+AJ61 -> 7.6 | AK58: =AK59+AK60+AK61 -> 7.6 | AL58: =AL59+AL60+AL61 -> 7.6 | ... AP58: =AP59+AP60+AP61 -> 7.6 | AQ58: 32.407507 | AR58: 7.3566528
D59: P3.0 | E59: 6.9 | F59: 7.3 | G59: 7.3 | H59: 7.35 | I59: 7.3868889 | J59: 7.3146808 | K59: 7.6354255 | L59: 7.4 | M59: 7.6538857 | N59: 7.8686388 | O59: 7.6142395 | P59: 7.94 | R59: 7.9 | S59: 7.9716096 | T59: 7.4216384 | U59: 7.6139128 | V59: 7.622857 | W59: 7.772182 | X59: 7.4912717 | Y59: 6.6766701 | Z59: 6.9000007 | AA59: 6.872728 | AB59: 6.8454552 | AC59: 6.8454552 | AE59: 7.5 | AF59: 7.5 | AG59: 7.5 | AH59: 7.5 | AI59: 7.5 | AJ59: 7.5 | AK59: 7.5 | AL59: 7.5 | AM59: 7.5 | AN59: 7.5 | AO59: 7.5 | AP59: 7.5 | AQ59: 30.907161 | AR59: 7.7060036
D60: 매장성수수료 | E60: 0.69062104 | F60: 0.67475181 | G60: 0.65596743 | H60: 0.66106861 | I60: 0.66754688 | J60: 0.64455618 | K60: 0.709512 | L60: 0.7051672 | M60: 0.62985633 | N60: 0.65229932 | O60: 0.63941378 | P60: 0.61422585 | R60: 0.60595882 | S60: 0.66603878 | T60: 0.63645968 | U60: 0.57387266 | V60: 0.69777633 | W60: 0.75951674 | X60: 0.68965745 | Y60: 0.63667796 | Z60: 0.63216598 | AA60: 0.58205908 | AB60: 0.81182807 | AC60: 0.90341731 | AE60: 0.6 | AF60: 0.6 | AG60: 0.6 | AH60: 0.6 | AI60: 0.6 | AJ60: 0.6 | AK60: 0.6 | AL60: 0.6 | AM60: 0.6 | AN60: 0.6 | AO60: 0.6 | AP60: 0.6 | AQ60: 2.4823299 | AR60: 0.63602125
D61: 본사공통 | E61: 0.77245242 | F61: -0.51343305 | G61: -0.36601364 | H61: -3.1684718 | I61: -1.9369211 | J61: -1.5859057 | K61: -0.34555639 | L61: -0.91438691 | M61: -2.7508403 | N61: 4.2134669 | O61: -4.3028273 | P61: 12.5059 | R61: -2.4519562 | S61: -0.90196034 | T61: -3.3363801 | U61: 5.7083132 | V61: -3.9448768 | W61: 4.4689971 | X61: -0.7118838 | Y61: -0.84738071 | Z61: 0.53671021 | AA61: -0.1575418 | AB61: -0.1968948 | AC61: ='관리수수료 트렌드 정리'!P98 -> 0.47842386 | AE61: -0.5 | AF61: -0.5 | AG61: -0.5 | AH61: -0.5 | AI61: -0.5 | AJ61: -0.5 | AK61: -0.5 | AL61: -0.5 | AM61: -0.5 | AN61: -0.5 | AO61: -0.5 | AP61: -0.5 | AQ61: -0.98198339 | AR61: -0.98537205
B62: 구분 | E62: 2401 | F62: 2402 | G62: 2403 | H62: 2404 | I62: 2405 | J62: 2406 | K62: 2407 | L62: 2408 | M62: 2409 | N62: 2410 | O62: 2411 | P62: 2412 | R62: 2501 | S62: 2502 | T62: 2503 | U62: 2504 | V62: 2505 | W62: 2506 | X62: 2507 | Y62: 2508 | Z62: 2509 | AA62: 2510 | AB62: 2511 | AC62: 2512 | AE62: 2601 | AF62: 2602 | AG62: 2603 | AH62: 2604 | AI62: 2605 | AJ62: 2606 | AK62: 2607 | AL62: 2608 | AM62: 2609 | AN62: 2610 | AO62: 2611 | AP62: 2612 | AQ62: 25년 누적 | AR62: 25년 월평균
B63: 소매 가입자 | D63: 계 | E63: =E64+E65 -> 894405 | F63: =F64+F65 -> 893011 | G63: =G64+G65 -> 892673 | H63: =H64+H65 -> 890727 | I63: =I64+I65 -> 889722 | J63: =J64+J65 -> 890125 | K63: =K64+K65 -> 890893 | L63: =L64+L65 -> 892043 | ... P63: =P64+P65 -> 886188 | R63: 863927 | S63: 867687 | T63: 868817 | U63: 873806 | V63: 891478 | W63: =W64+W65 -> 900127 | X63: =X64+X65 -> 899782 | Y63: =Y64+Y65 -> 895336 | Z63: =Z64+Z65 -> 890510 | AA63: =AA64+AA65 -> 883502 | AB63: =AB64+AB65 -> 876733 | AC63: =AC64+AC65 -> 867471 | AQ63: 3474237
D64: 무선 | E64: 749129 | F64: 748834 | G64: 748987 | H64: 747221 | I64: 747650 | J64: 750317 | K64: 752257 | L64: 755901 | M64: 756168 | N64: 751500 | O64: 756006 | P64: 755811 | R64: 751971 | S64: 752950 | T64: 752266 | U64: 754111 | V64: 766608 | W64: 764910 | X64: 762687 | Y64: 758312 | Z64: 753607 | AA64: 748268 | AB64: 742935 | AC64: 734795 | AE64: =AC64+AE73 -> 730955 | AF64: =AE64+AF73 -> 731944 | AG64: =AF64+AG73 -> 731267 | AH64: =AG64+AH73 -> 733113 | AI64: =AH64+AI73 -> 745614 | AJ64: =AI64+AJ73 -> 743919 | AK64: =AJ64+AK73 -> 741696 | AL64: =AK64+AL73 -> 737321 | AM64: =AL64+AM73 -> 732616 | ... AP64: =AO64+AP73 -> 713804 | AQ64: 3011298
D65: 유선 | E65: 145276 | F65: 144177 | G65: 143686 | H65: 143506 | I65: 142072 | J65: 139808 | K65: 138636 | L65: 136142 | M65: 134595 | N65: 132436 | O65: 131753 | P65: 130377 | R65: 128645 | S65: 129575 | T65: 129166 | U65: 129992 | V65: 134949 | W65: 135217 | X65: 137095 | Y65: 137024 | Z65: 136903 | AA65: 135234 | AB65: 133798 | AC65: 132676 | AQ65: 462939
R66: 69550 | S66: 69467 | T66: 68835 | U66: 68722 | V66: 70687 | W66: 70267 | X66: 70676 | Y66: 70034 | Z66: 69511 | AA66: 68388 | AB66: 67227 | AC66: 66318
R67: 59095 | S67: 60108 | T67: 60331 | U67: 61270 | V67: 64262 | W67: 64950 | X67: 66419 | Y67: 66990 | Z67: 67392 | AA67: 66846 | AB67: 66571 | AC67: 66358
B68: 구분 | E68: 2401 | F68: 2402 | G68: 2403 | H68: 2404 | I68: 2405 | J68: 2406 | K68: 2407 | L68: 2408 | M68: 2409 | N68: 2410 | O68: 2411 | P68: 2412 | R68: 2501 | S68: 2502 | T68: 2503 | U68: 2504 | V68: 2505 | W68: 2506 | X68: 2507 | Y68: 2508 | Z68: 2509 | AA68: 2510 | AB68: 2511 | AC68: 2512 | AE68: 2601 | AF68: 2602 | AG68: 2603 | AH68: 2604 | AI68: 2605 | AJ68: 2606 | AK68: 2607 | AL68: 2608 | AM68: 2609 | AN68: 2610 | AO68: 2611 | AP68: 2612 | AQ68: 25년 누적 | AR68: 25년 월평균
B69: 소매 capa | D69: 계 | E69: =E70+E71 -> 26997 | F69: =F70+F71 -> 17538 | G69: =G70+G71 -> 19530 | H69: =H70+H71 -> 19429 | I69: =I70+I71 -> 19761 | J69: =J70+J71 -> 17706 | K69: =K70+K71 -> 25829 | L69: =L70+L71 -> 19335 | ... P69: =P70+P71 -> 16088 | R69: 14423 | S69: 29919 | T69: 20890 | U69: 26775 | V69: 36758 | W69: =W70+W71 -> 22139 | X69: 22139 | Y69: 22139 | Z69: 22139 | AA69: 22139 | AB69: 22139 | AC69: 22139 | AQ69: 92007
D70: 무선 | E70: 23395 | F70: 14757 | G70: 16162 | H70: 15877 | I70: 16156 | J70: 14591 | K70: 21830 | L70: 16249 | M70: 20549 | N70: 16254 | O70: 15024 | P70: 13168 | R70: 11930 | S70: 25000 | T70: 17145 | U70: 22356 | V70: 29195 | W70: 18050 | X70: 29155 | Y70: 17775 | Z70: 23129 | AA70: 15351 | AB70: 13674 | AC70: 12817 | AE70: 11930 | AF70: 25000 | AG70: 17145 | AH70: 22356 | AI70: 29195 | AJ70: 18050 | AK70: 29155 | AL70: 17775 | AM70: 23129 | AN70: 15351 | AO70: 13674 | AP70: 12817 | AQ70: 76429
D71: 유선 | E71: 3602 | F71: 2781 | G71: 3368 | H71: 3552 | I71: 3605 | J71: 3115 | K71: 3999 | L71: 3086 | M71: 3272 | N71: 3263 | O71: 3254 | P71: 2920 | R71: 2493 | S71: 4919 | T71: 3745 | U71: 4421 | V71: 7563 | W71: 4089 | X71: 5722 | Y71: 3850 | Z71: 3971 | AA71: 2765 | AB71: 2827 | AC71: 4628.2 | AE71: 2493 | AF71: 4919 | AG71: 3745 | AH71: 4421 | AI71: 7563 | AJ71: 4089 | AK71: 5722 | AL71: 3850 | AM71: 3971 | AN71: 2765 | AO71: 2827 | AP71: 4628.2 | AQ71: 15578
B72: 구분 | E72: 2401 | F72: 2402 | G72: 2403 | H72: 2404 | I72: 2405 | J72: 2406 | K72: 2407 | L72: 2408 | M72: 2409 | N72: 2410 | O72: 2411 | P72: 2412 | R72: 2501 | S72: 2502 | T72: 2503 | U72: 2504 | V72: 2505 | W72: 2506 | X72: 2507 | Y72: 2508 | Z72: 2509 | AA72: 2510 | AB72: 2511 | AC72: 2512 | AE72: 2601 | AF72: 2602 | AG72: 2603 | AH72: 2604 | AI72: 2605 | AJ72: 2606 | AK72: 2607 | AL72: 2608 | AM72: 2609 | AN72: 2610 | AO72: 2611 | AP72: 2612 | AQ72: 25년 누적 | AR72: 25년 월평균
B73: 소매 순증 | D73: 무선 | E73: 62 | F73: -295 | G73: 153 | H73: -1766 | I73: 429 | J73: 2667 | K73: 1940 | L73: 3644 | M73: 267 | N73: -4668 | O73: 4506 | P73: -195 | R73: -3840 | S73: 979 | T73: -684 | U73: 1845 | V73: 12497 | W73: -1698 | X73: -2223 | Y73: -4375 | Z73: -4705 | AA73: -5339 | AB73: =AB64-AA64 -> -5333 | AC73: =AC64-AB64 -> -8140 | AE73: =AE70-(R82+R83+R84) -> -3840 | AF73: =AF70-(S82+S83+S84) -> 989 | AG73: =AG70-(T82+T83+T84) -> -677 | AH73: =AH70-(U82+U83+U84) -> 1846 | AI73: =AI70-(V82+V83+V84) -> 12501 | AJ73: =AJ70-(W82+W83+W84) -> -1695 | AK73: =AK70-(X82+X83+X84) -> -2223 | AL73: =AL70-(Y82+Y83+Y84) -> -4375 | ... AP73: =AP70-(AC82+AC83+AC84) -> -8140 | AQ73: 22
D74: 유선 | E74: 598 | F74: -1099 | G74: -491 | H74: -180 | I74: -1434 | J74: -2264 | K74: -1172 | L74: -2494 | M74: -1547 | N74: -2159 | O74: -683 | P74: -1190 | R74: -1732 | S74: 930 | T74: -409 | U74: 826 | V74: 4957 | W74: 268 | X74: 1878 | Y74: -71 | Z74: -121 | AA74: -1669 | AB74: -1436 | AC74: =AC65-AB65 -> -1122 | AQ74: 6632
B75: 구분 | E75: 2401 | F75: 2402 | G75: 2403 | H75: 2404 | I75: 2405 | J75: 2406 | K75: 2407 | L75: 2408 | M75: 2409 | N75: 2410 | O75: 2411 | P75: 2412 | R75: 2501 | S75: 2502 | T75: 2503 | U75: 2504 | V75: 2505 | W75: 2506 | X75: 2507 | Y75: 2508 | Z75: 2509 | AA75: 2510 | AB75: 2511 | AC75: 2512 | AE75: 2601 | AF75: 2602 | AG75: 2603 | AH75: 2604 | AI75: 2605 | AJ75: 2606 | AK75: 2607 | AL75: 2608 | AM75: 2609 | AN75: 2610 | AO75: 2611 | AP75: 2612 | AQ75: 25년 누적 | AR75: 25년 월평균
B76: 소매 유지 arpu | D76: 무선 | E76: =E55*100000000/E64/0.085*1.1/(1-E79) -> 40134.132 | F76: =F55*100000000/F64/0.085*1.1/(1-F79) -> 40851.124 | G76: =G55*100000000/G64/0.085*1.1/(1-G79) -> 39879.687 | H76: =H55*100000000/H64/0.085*1.1/(1-H79) -> 40274.001 | I76: =I55*100000000/I64/0.085*1.1/(1-I79) -> 39867.243 | J76: =J55*100000000/J64/0.085*1.1/(1-J79) -> 40242.912 | K76: =K55*100000000/K64/0.085*1.1/(1-K79) -> 39985.063 | L76: =L55*100000000/L64/0.085*1.1/(1-L79) -> 39558.38 | ... P76: =P55*100000000/P64/0.085*1.1/(1-P79) -> 38206.318 | R76: =R55*100000000/R64/0.085*1.1/(1-R79) -> 35864.725 | S76: =S55*100000000/S64/0.085*1.1/(1-S79) -> 36952.185 | T76: =T55*100000000/T64/0.085*1.1/(1-T79) -> 36873.161 | U76: =U55*100000000/U64/0.085*1.1/(1-U79) -> 35551.928 | V76: =V55*100000000/V64/0.085*1.1/(1-V79) -> 34342.963 | W76: =W55*100000000/W64/0.085*1.1/(1-W79) -> 35620.789 | X76: =X55*100000000/X64/0.085*1.1/(1-X79) -> 38625.871 | Y76: =Y55*100000000/Y64/0.085*1.1/(1-Y79) -> 35460.738 | ... AC76: =AC55*100000000/AC64/0.085*1.1/(1-AC79) -> 36075.368 | AE76: 35864.725 | AF76: 36952.185 | AG76: 36873.161 | AH76: 35551.928 | AI76: 34342.963 | AJ76: 35620.789 | AK76: 38625.871 | AL76: 35460.738 | AM76: 36086.8 | AN76: 35658.852 | AO76: 35734.889 | AP76: 36075.368
B77: 객관리 수수료 | D77: 유선 객관리수수료 | E77: =E56*100000000/E65*(1-E80) -> 2593.3109 | F77: =F56*100000000/F65*(1-F80) -> 2609.1011 | G77: =G56*100000000/G65*(1-G80) -> 2657.9662 | H77: =H56*100000000/H65*(1-H80) -> 2679.9372 | I77: =I56*100000000/I65*(1-I80) -> 2651.8356 | J77: =J56*100000000/J65*(1-J80) -> 2694.7996 | K77: =K56*100000000/K65*(1-K80) -> 2710.0482 | L77: =L56*100000000/L65*(1-L80) -> 2713.1526 | ... P77: =P56*100000000/P65*(1-P80) -> 2827.2957 | R77: =R56*100000000/(R66*(1-R80)+R67*(1-R81)) -> 2803.035 | S77: =S56*100000000/(S66*(1-S80)+S67*(1-S81)) -> 3095.2585 | T77: =T56*100000000/(T66*(1-T80)+T67*(1-T81)) -> 3299.2505 | U77: =U56*100000000/(U66*(1-U80)+U67*(1-U81)) -> 2892.4447 | V77: =V56*100000000/(V66*(1-V80)+V67*(1-V81)) -> 2776.7949 | W77: =W56*100000000/(W66*(1-W80)+W67*(1-W81)) -> 2829.1904 | X77: =X56*100000000/(X66*(1-X80)+X67*(1-X81)) -> 2809.5276 | Y77: =Y56*100000000/(Y66*(1-Y80)+Y67*(1-Y81)) -> 2858.1036 | ... AC77: =AC56*100000000/(AC66*(1-AC80)+AC67*(1-AC81)) -> 2976.4995
B78: 소매 해지율 | D78: 계 | R78: 0.0184379 | S78: 0.033946573 | T78: 0.024767011 | U78: 0.027042616 | V78: 0.035423196 | AQ78: 0.1041941
D79: 무선 | R79: 0.020971553 | S79: 0.031889236 | T79: 0.023691088 | U79: 0.027197588 | V79: 0.021776449 | W79: 0.025813494 | X79: 0.041141386 | Y79: 0.029209613 | Z79: 0.03693437 | AA79: 0.027650521 | AB79: 0.025583665 | AC79: 0.02852088 | AQ79: 0.10147779
D80: 유선(I) | R80: =R90 -> 0.034795111 | S80: =S90 -> 0.032864526 | T80: =T90 -> 0.033761894 | U80: =U90 -> 0.030848928 | V80: =V90 -> 0.023611131 | W80: =W90 -> 0.032746524 | X80: =X90 -> 0.032033505 | Y80: =Y90 -> 0.032912585 | ... AC80: =AC90 -> 0.031831479 | AQ80: 0.14192998
D81: 유선(TV) | R81: =R93 -> 0.030544039 | S81: =S93 -> 0.028382245 | T81: =T93 -> 0.030332665 | U81: =U93 -> 0.024073772 | V81: =V93 -> 0.014580934 | W81: =W93 -> 0.023402617 | X81: =X93 -> 0.023788374 | Y81: =Y93 -> 0.024123003 | ... AC81: =AC93 -> 0.025558335 | AQ81: 0.097391395
R82: 4258 | S82: 5159 | T82: 4681 | U82: 4288 | V82: 3646 | W82: 4195 | X82: 5672 | Y82: 5374 | Z82: 5187 | AA82: 4551 | AB82: 4269 | AC82: 4838
D83: 무선CAPA | R83: 7237 | S83: 14155 | T83: 9800 | U83: 9620 | V83: 8723 | W83: 9061 | X83: 17137 | Y83: 10225 | Z83: 16586 | AA83: 10427 | AB83: 8817 | AC83: 9540
D84: 유선CAPA | R84: 4275 | S84: 4697 | T84: 3341 | U84: 6602 | V84: 4325 | W84: 6489 | X84: 8569 | Y84: 6551 | Z84: 6061 | AA84: 5712 | AB84: 5921 | AC84: 6579
S85: =S56/R56-1 -> 0.11460104 | T85: =T56/S56-1 -> 0.061032884 | U85: =U56/T56-1 -> -0.11358962 | V85: =V56/U56-1 -> 0.0051779463
R87: =(R82+R83+R84)/R64 -> 0.020971553 | S87: =(S82+S83+S84)/S64 -> 0.031889236 | T87: =(T82+T83+T84)/T64 -> 0.023691088 | U87: =(U82+U83+U84)/U64 -> 0.027197588 | V87: =(V82+V83+V84)/V64 -> 0.021776449 | W87: =(W82+W83+W84)/W64 -> 0.025813494 | X87: =(X82+X83+X84)/X64 -> 0.041141386 | Y87: =(Y82+Y83+Y84)/Y64 -> 0.029209613 | ... AC87: =(AC82+AC83+AC84)/AC64 -> 0.02852088
R88: 494 | S88: 607 | T88: 550 | U88: 522 | V88: 452 | W88: 493 | X88: 513 | Y88: 473 | Z88: 499 | AA88: 479 | AB88: 397 | AC88: 465
R89: 1926 | S89: 1676 | T89: 1774 | U89: 1598 | V89: 1217 | W89: 1808 | X89: 1751 | Y89: 1832 | Z89: 1863 | AA89: 1876 | AB89: 2012 | AC89: 1646
R90: =(R88+R89)/R66 -> 0.034795111 | S90: =(S88+S89)/S66 -> 0.032864526 | T90: =(T88+T89)/T66 -> 0.033761894 | U90: =(U88+U89)/U66 -> 0.030848928 | V90: =(V88+V89)/V66 -> 0.023611131 | W90: =(W88+W89)/W66 -> 0.032746524 | X90: =(X88+X89)/X66 -> 0.032033505 | Y90: =(Y88+Y89)/Y66 -> 0.032912585 | ... AC90: =(AC88+AC89)/AC66 -> 0.031831479
R91: 550 | S91: 756 | T91: 775 | U91: 684 | V91: 627 | W91: 680 | X91: 658 | Y91: 614 | Z91: 680 | AA91: 812 | AB91: 730 | AC91: 699
R92: 1255 | S92: 950 | T92: 1055 | U92: 791 | V92: 310 | W92: 840 | X92: 922 | Y92: 1002 | Z92: 1050 | AA92: 1267 | AB92: 1124 | AC92: 997
R93: =(R91+R92)/R67 -> 0.030544039 | S93: =(S91+S92)/S67 -> 0.028382245 | T93: =(T91+T92)/T67 -> 0.030332665 | U93: =(U91+U92)/U67 -> 0.024073772 | V93: =(V91+V92)/V67 -> 0.014580934 | W93: =(W91+W92)/W67 -> 0.023402617 | X93: =(X91+X92)/X67 -> 0.023788374 | Y93: =(Y91+Y92)/Y67 -> 0.024123003 | ... AC93: =(AC91+AC92)/AC67 -> 0.025558335

Sheet 도매
B28: 구분 | E28: 2501 | F28: 2502 | G28: 2503 | H28: 2504 | I28: 2505 | J28: 2506 | K28: 2507 | L28: 2508 | M28: 2509 | N28: 2510 | O28: 2511 | P28: 2512 | Q28: 25년 누적 | R28: 25년 월평균
B29: 도매 관리수수료 | D29: 계(win-win 포함) | E29: =E30+E35 -> 10.268494 | F29: =F30+F35+E35 -> 11.618201 | G29: =G30+G35 -> 10.12257 | H29: =H30+H35 -> 9.7292867 | I29: =I30+I35 -> 9.4927223 | J29: =J30 -> 11.278029 | Q29: 34.743971 | R29: 8.4690585
D30: 계 | E30: 9.1 | F30: 9.0830929 | G30: 8.5529126 | H30: 8.0079655 | I30: 7.6013216 | J30: ='관리수수료 트렌드 정리'!C92 -> 11.278029 | K30: 9.470221 | L30: 9.1583625 | M30: 9.0471217 | N30: 8.8861889 | Q30: 34.743971 | R30: 8.4690585
D31: 무선 | E31: =E30-E32-E33-E34 -> 1.6986729 | F31: =F30-F32-F33-F34 -> 1.7475366 | G31: =G30-G32-G33-G34 -> 1.4124376 | H31: =H30-H32-H33-H34 -> 1.5719565 | I31: =I30-I32-I33-I34 -> 1.5193557 | J31: =J30-J32-J33-J34-J35-I35 -> 1.4699261 | K31: =K30-K32-K33-K34-K35 -> 1.5963926 | L31: =L30-L32-L33-L34-L35 -> 1.387607 | M31: =M30-M32-M33-M34-M35 -> 1.3495309 | N31: =N30-N32-N33-N34-N35 -> 1.2755036 | Q31: 10.8594 | R31: 2.6479277
D32: 점프업 | E32: 1.2637932 | F32: 1.1657934 | G32: 1.0448888 | H32: 0.95432054 | I32: 0.86088327 | J32: 0.7662568 | K32: 0.66542558 | L32: 0.58167732 | M32: 0.50999542 | N32: 0.42652902
D33: 유선 | E33: 1.9975339 | F33: 2.0294241 | G33: 2.2323665 | H33: 1.8044475 | I33: 1.7026086 | J33: 1.5949692 | K33: 1.4921995 | L33: 1.4055083 | M33: 1.3104795 | N33: 1.2273193 | Q33: 8.0637721 | R33: 1.9532761
D34: H.C | E34: 4.14 | F34: 4.1403388 | G34: 3.8632196 | H34: 3.6772409 | I34: 3.5184741 | J34: 3.3729352 | K34: 3.2175035 | L34: 3.0304162 | M34: 2.8506906 | N34: 2.6879537 | Q34: 15.820799 | R34: 3.8678547
D35: Win-Win H.C | E35: 1.1684938 | F35: 1.3666145 | G35: 1.5696575 | H35: 1.7213212 | I35: 1.8914007 | J35: 2.1825411 | K35: 2.4986998 | L35: 2.7531537 | M35: 3.0264253 | N35: 3.2688833
B36: 도매 가입자 | D36: 계 | E36: 738464 | F36: 709587 | G36: 686178 | H36: 662458 | I36: 639166 | J36: =J37+J38+J41 -> 614364 | K36: =K37+K38+K41 -> 583185 | L36: =L37+L38+L41 -> 556731 | M36: =M37+M38+M41 -> 531164 | N36: =N37+N38+N41 -> 507552 | Q36: 2796687
D37: 무선(점프업포함) | E37: 66322 | F37: 64615 | G37: 63539 | H37: 62009 | I37: 61102 | J37: 59733 | K37: 57967 | L37: 56554 | M37: 54874 | N37: 53548 | Q37: 256485
D38: 유선 | E38: =E39+E40 -> 89486 | F38: =F39+F40 -> 85565 | G38: =G39+G40 -> 81161 | H38: =H39+H40 -> 76871 | I38: =I39+I40 -> 72596 | J38: =J39+J40 -> 68144 | K38: =K39+K40 -> 63626 | L38: =L39+L40 -> 59480 | ... N38: =N39+N40 -> 52411 | Q38: 333083
D39: 유선(I) | E39: 44891 | F39: 42582 | G39: 40286 | H39: 38053 | I39: 35974 | J39: 33891 | K39: 31645 | L39: 29508 | M39: 27707 | N39: 25748
D40: 유선(TV) | E40: 44595 | F40: 42983 | G40: 40875 | H40: 38818 | I40: 36622 | J40: 34253 | K40: 31981 | L40: 29972 | M40: 28369 | N40: 26663
D41: H.C | E41: 582656 | F41: 559407 | G41: 541478 | H41: 523578 | I41: 505468 | J41: 486487 | K41: 461592 | L41: 440697 | M41: 420214 | N41: 401593 | Q41: 2207119
B42: 도매 CAPA | D42: 계 | E42: 20704 | F42: 30404 | G42: 23182 | H42: 28296 | I42: 44209 | J42: =J44+J45+J46 -> 34432 | K42: =K44+K45+K46 -> 38252 | L42: =L44+L45+L46 -> 30197 | M42: =M44+M45+M46 -> 32574 | N42: =N44+N45+N46 -> 30662 | Q42: 102586
D43: 무선 | Q43: 0
D44: 유선(I) | E44: 1637 | F44: 2086 | G44: 1810 | H44: 1896 | I44: 3639 | J44: 2896 | K44: 2548 | L44: 2549 | M44: 2550 | N44: 1819 | Q44: 7429
D45: 유선(TV) | E45: 1828 | F45: 2334 | G45: 2074 | H45: 2120 | I45: 4113 | J45: 3180 | K45: 2864 | L45: 2865 | M45: 2866 | N45: 1989 | Q45: 8356
D46: H.C | E46: 17239 | F46: 25984 | G46: 19298 | H46: 24280 | I46: 36457 | J46: 28356 | K46: 32840 | L46: 24783 | M46: 27158 | N46: 26854 | Q46: 86801
B47: 도매 해지 | D47: 계 | E47: 31918 | F47: 48864 | G47: 36511 | H47: 41775 | I47: 53023 | Q47: 159068
D48: 무선 | E48: 1268 | F48: 1707 | G48: 1076 | H48: 1530 | I48: 907 | Q48: 4520
D49: 유선(I) | E49: 3785 | F49: 4013 | G49: 4106 | H49: 4129 | I49: 5718 | Q49: 2488
D50: 유선(TV) | E50: 3309 | F50: 3517 | G50: 4182 | H50: 4177 | I50: 6309 | Q50: 3232
D51: H.C | E51: 33142 | F51: 49233 | G51: 37227 | H51: 42180 | I51: 54567 | Q51: 148828
B52: 도매 순증 | D52: 무선 | E52: -1268 | F52: -1707 | G52: -1076 | H52: -1530 | I52: -907 | J52: -1369 | K52: -1766 | L52: -1413 | M52: -1680 | N52: -1326 | Q52: -6488
D53: 유선(I) | E53: -2148 | F53: -2309 | G53: -2296 | H53: -2233 | I53: -2079 | J53: -2083 | K53: -2246 | L53: -2137 | M53: -1801 | N53: -1959 | Q53: -10683
D54: 유선(TV) | E54: -1481 | F54: -1183 | G54: -2108 | H54: -2057 | I54: -2196 | J54: -2369 | K54: -2272 | L54: -2009 | M54: -1603 | N54: -1706 | Q54: -9025
D55: H.C | E55: -15903 | F55: -23249 | G55: -17929 | H55: -17900 | I55: -18110 | J55: -18981 | K55: -24895 | L55: -20895 | M55: -20483 | N55: -18621 | Q55: -93091
B56: 도매 유지 ARPU | D56: 계 | E56: 0 | F56: 0 | G56: 0 | H56: 0 | I56: 0 | Q56: 0
D57: 무선 | E57: 70247.456 | F57: 74027.255 | G57: 73429.653 | H57: 72599.898 | I57: 68871.078 | J57: 66653.977 | K57: 61458.373 | L57: 64705.321 | M57: 65039.173 | N57: 64879.445 | Q57: 0
B58: 도매 객관리수수료 | D58: 계 | E58: 0 | F58: 0 | G58: 0 | H58: 0 | I58: 0 | Q58: 0
D59: 무선 | Q59: 0
B60: 도매 해지율 | D60: 계 | Q60: 0
D61: 무선 | Q61: 0

Sheet 도매(E)
B3: 구분 | C3: 도매 | D3: 무선 | E3: 점프업 | F3: 유선 | G3: h.c | H3: win-win
B4: 24년 | C4: =SUM(E12:P12) -> 141.31446 | D4: =SUM(E14:P14) -> 21.774058 | E4: =SUM(E15:P15) -> 22.473963 | F4: =SUM(E16:P16) -> 30.207116 | G4: =SUM(E17:P17) -> 61.044862 | H4: =SUM(E18:P18) -> 5.8144568
B5: 25년 (E) | C5: =SUM(R12:AC12) -> 136.43485 | D5: =SUM(R14:AC14) -> 17.767806 | E5: =SUM(R15:AC15) -> 8.9822564 | F5: =SUM(R16:AC16) -> 19.032817 | G5: =SUM(R17:AC17) -> 39.413327 | H5: =SUM(R18:AC18) -> 28.731601
B6: 26년 (E) | C6: =D6+E6+F6+G6+H6 -> 109.63097 | D6: =SUM(AE14:AP14) -> 13.994499 | E6: =SUM(AE15:AP15) -> 2.4104169 | F6: =SUM(AE16:AP16) -> 9.3201677 | G6: =SUM(AE17:AP17) -> 21.087357 | H6: =SUM(AE18:AP18) -> 62.818529
B7: 27년 (E) | C7: =SUM(AR12:BC12) -> 122.52639
E9: =E20*E39*0.085 -> 5.2324468e+08
F10: =F18/E18-1 -> 3.1834322 | G10: =G18/F18-1 -> 2.0301344 | H10: =H18/G18-1 -> 0.72776157 | I10: =I18/H18-1 -> 0.44340034 | J10: =J18/I18-1 -> 0.29951585 | K10: =K18/J18-1 -> 0.27233931 | L10: =L18/K18-1 -> 0.23096311 | M10: =M18/L18-1 -> 0.26412865 | ... P10: =P18/O18-1 -> 0.11962691 | R10: =R18/P18-1 -> 0 | S10: =S18/R18-1 -> 0.16955225 | T10: =T18/S18-1 -> 0.14857368 | U10: =U18/T18-1 -> 0.096622193 | V10: =V18/U18-1 -> 0.098807509
B11: 구분 | E11: 2401 | F11: 2402 | G11: 2403 | H11: 2404 | I11: 2405 | J11: 2406 | K11: 2407 | L11: 2408 | M11: 2409 | N11: 2410 | O11: 2411 | P11: 2412 | R11: 2501 | S11: 2502 | T11: 2503 | U11: 2504 | V11: 2505 | W11: 2506 | X11: 2507 | Y11: 2508 | Z11: 2509 | AA11: 2510 | AB11: 2511 | AC11: 2512 | AE11: 2601 | AF11: 2602 | AG11: 2603 | AH11: 2604 | AI11: 2605 | AJ11: 2606 | AK11: 2607 | AL11: 2608 | AM11: 2609 | AN11: 2610 | AO11: 2611 | AP11: 2612 | AR11: 2701 | AS11: 2702 | AT11: 2703 | AU11: 2704 | AV11: 2705 | AW11: 2706 | AX11: 2707 | AY11: 2708 | AZ11: 2709 | BA11: 2710 | BB11: 2711 | BC11: 2712
B12: 도매 관리수수료 | D12: 계(win-win 포함) | E12: =E13+E18 -> 13.108797 | F12: =F13+F18 -> 12.6368 | G12: =G13+G18 -> 12.511508 | H12: =H13+H18 -> 12.292659 | I12: =I13+I18 -> 11.878084 | J12: =J13+J18 -> 11.661375 | K12: =K13+K18 -> 11.559792 | L12: =L13+L18 -> 11.365987 | ... P12: =P13+P18 -> 10.768494 | R12: =R13+R18 -> 10.268494 | S12: =S13+S18 -> 10.449707 | T12: =T13+T18 -> 10.12257 | U12: =U13+U18 -> 9.7292867 | V12: =V13+V18 -> 9.4927223 | W12: =W13+W18 -> 13.46057 | X12: =X13+X18 -> 11.968921 | Y12: =Y13+Y18 -> 11.911516 | ... AC12: =AC13+AC18 -> 12.473373 | AE12: =AE13+AE18 -> 8.9732998 | AF12: =AF13+AF18 -> 8.9672177 | AG12: =AG13+AG18 -> 8.9733716 | AH12: =AH13+AH18 -> 8.990997 | AI12: =AI13+AI18 -> 9.0193838 | AJ12: =AJ13+AJ18 -> 9.0578716 | AK12: =AK13+AK18 -> 9.1058463 | AL12: =AL13+AL18 -> 9.1627363 | ... AP12: =AP13+AP18 -> 9.4693206 | AR12: =AR13+AR18 -> 9.5634795 | AS12: =AS13+AS18 -> 9.6638478 | AT12: =AT13+AT18 -> 9.7700727 | AU12: =AU13+AU18 -> 9.8818239 | AV12: =AV13+AV18 -> 9.9987922 | AW12: =AW13+AW18 -> 10.120688 | AX12: =AX13+AX18 -> 10.24724 | AY12: =AY13+AY18 -> 10.378192 | ... BC12: =BC13+BC18 -> 10.941447
D13: 계 | E13: 13.1 | F13: 12.6 | G13: 12.4 | H13: 12.1 | I13: 11.6 | J13: 11.3 | K13: 11.1 | L13: 10.8 | M13: 10.6 | N13: 10.4 | O13: 9.9 | P13: 9.6 | R13: 9.1 | S13: 9.0830929 | T13: 8.5529126 | U13: 8.0079655 | V13: 7.6013216 | W13: 11.278029 | X13: 9.470221 | Y13: 9.1583625 | Z13: 9.0471217 | AA13: 8.8861889 | AB13: 8.8098992 | AC13: 8.7081341 | AE13: =AE14+AE15+AE16+AE17 -> 4.9447129 | AF13: =AF14+AF15+AF16+AF17 -> 4.7193053 | AG13: =AG14+AG15+AG16+AG17 -> 4.5061336 | AH13: =AH14+AH15+AH16+AH17 -> 4.3044335 | AI13: =AI14+AI15+AI16+AI17 -> 4.1134946 | AJ13: =AJ14+AJ15+AJ16+AJ17 -> 3.9326569 | AK13: =AK14+AK15+AK16+AK17 -> 3.7613061 | AL13: =AL14+AL15+AL16+AL17 -> 3.5988705 | ... AP13: =AP14+AP15+AP16+AP17 -> 3.0281526 | AR13: =AR14+AR15+AR16+AR17 -> 2.9029859 | AS13: =AS14+AS15+AS16+AS17 -> 2.7840287 | AT13: =AT14+AT15+AT16+AT17 -> 2.670928 | AU13: =AU14+AU15+AU16+AU17 -> 2.5633537 | AV13: =AV14+AV15+AV16+AV17 -> 2.4609965 | AW13: =AW14+AW15+AW16+AW17 -> 2.3635667 | AX13: =AX14+AX15+AX16+AX17 -> 2.2707927 | AY13: =AY14+AY15+AY16+AY17 -> 2.1824199 | ... BC13: =BC14+BC15+BC16+BC17 -> 1.8683723
D14: 무선 | E14: 2.0940601 | F14: 1.8819668 | G14: 1.9234486 | H14: 1.9246826 | I14: 1.7133767 | J14: 1.7550199 | K14: 1.6882306 | L14: 1.7061712 | M14: 1.8324907 | N14: 1.8238246 | O14: 1.7224815 | P14: 1.7083045 | R14: =2.96246609090909-R15 -> 1.6986729 | S14: 1.7475366 | T14: 1.4124376 | U14: 1.5719565 | V14: 1.5193557 | W14: =V14*0.98 -> 1.4889686 | X14: =W14*0.98 -> 1.4591892 | Y14: =X14*0.98 -> 1.4300054 | Z14: =Y14*0.98 -> 1.4014053 | AA14: =Z14*0.98 -> 1.3733772 | AB14: =AA14*0.98 -> 1.3459096 | AC14: =AB14*0.98 -> 1.3189914 | AE14: =AC14*(1+AVERAGE($R$47:$AC$47)) -> 1.2938041 | AF14: =AE14*(1+AVERAGE($R$47:$AC$47)) -> 1.2690978 | AG14: =AF14*(1+AVERAGE($R$47:$AC$47)) -> 1.2448633 | AH14: =AG14*(1+AVERAGE($R$47:$AC$47)) -> 1.2210915 | AI14: =AH14*(1+AVERAGE($R$47:$AC$47)) -> 1.1977737 | AJ14: =AI14*(1+AVERAGE($R$47:$AC$47)) -> 1.1749011 | AK14: =AJ14*(1+AVERAGE($R$47:$AC$47)) -> 1.1524653 | AL14: =AK14*(1+AVERAGE($R$47:$AC$47)) -> 1.130458 | AM14: =AL14*(1+AVERAGE($R$47:$AC$47)) -> 1.1088709 | ... AP14: =AO14*(1+AVERAGE($R$47:$AC$47)) -> 1.0465516 | AR14: =AP14*(1+AVERAGE($R$47:$AC$47)) -> 1.0265668 | AS14: =AR14*(1+AVERAGE($R$47:$AC$47)) -> 1.0069636 | AT14: =AS14*(1+AVERAGE($R$47:$AC$47)) -> 0.9877347 | AU14: =AT14*(1+AVERAGE($R$47:$AC$47)) -> 0.96887303 | AV14: =AU14*(1+AVERAGE($R$47:$AC$47)) -> 0.95037154 | AW14: =AV14*(1+AVERAGE($R$47:$AC$47)) -> 0.93222336 | AX14: =AW14*(1+AVERAGE($R$47:$AC$47)) -> 0.91442172 | AY14: =AX14*(1+AVERAGE($R$47:$AC$47)) -> 0.89696003 | AZ14: =AY14*(1+AVERAGE($R$47:$AC$47)) -> 0.87983178 | ... BC14: =BB14*(1+AVERAGE($R$47:$AC$47)) -> 0.83038465
D15: 점프업 | E15: 2.6627098 | F15: 2.46218 | G15: 2.2811031 | H15: 2.1103124 | I15: 1.9630879 | J15: 1.8179401 | K15: 1.7667849 | L15: 1.648921 | M15: 1.5260275 | N15: 1.5054937 | O15: 1.4127659 | P15: 1.316637 | R15: 1.2637932 | S15: 1.1657934 | T15: 1.0448888 | U15: 0.95432054 | V15: 0.86088327 | W15: 0.7662568 | X15: 0.66542558 | Y15: 0.58167732 | Z15: 0.50999542 | AA15: 0.42652902 | AB15: 0.37134652 | AC15: 0.37134652 | AE15: =AC15*(1+AVERAGE($R$48:$AC$48)) -> 0.33453337 | AF15: =AE15*(1+AVERAGE($R$48:$AD$48)) -> 0.30136966 | AG15: =AF15*(1+AVERAGE($R$48:$AD$48)) -> 0.27149362 | AH15: =AG15*(1+AVERAGE($R$48:$AD$48)) -> 0.24457931 | AI15: =AH15*(1+AVERAGE($R$48:$AD$48)) -> 0.22033313 | AJ15: =AI15*(1+AVERAGE($R$48:$AD$48)) -> 0.19849057 | AK15: =AJ15*(1+AVERAGE($R$48:$AD$48)) -> 0.17881337 | AL15: =AK15*(1+AVERAGE($R$48:$AD$48)) -> 0.16108684 | AM15: =AL15*(1+AVERAGE($R$48:$AD$48)) -> 0.14511762 | ... AP15: =AO15*(1+AVERAGE($R$48:$AD$48)) -> 0.10609634 | AR15: =AP15*(1+AVERAGE($R$48:$AC$48)) -> 0.095578565 | AS15: =AR15*(1+AVERAGE($R$48:$AD$48)) -> 0.086103459 | AT15: =AS15*(1+AVERAGE($R$48:$AD$48)) -> 0.077567659 | AU15: =AT15*(1+AVERAGE($R$48:$AD$48)) -> 0.069878049 | AV15: =AU15*(1+AVERAGE($R$48:$AD$48)) -> 0.062950743 | AW15: =AV15*(1+AVERAGE($R$48:$AD$48)) -> 0.05671017 | AX15: =AW15*(1+AVERAGE($R$48:$AD$48)) -> 0.051088251 | AY15: =AX15*(1+AVERAGE($R$48:$AD$48)) -> 0.046023657 | AZ15: =AY15*(1+AVERAGE($R$48:$AD$48)) -> 0.041461138 | ... BC15: =BB15*(1+AVERAGE($R$48:$AD$48)) -> 0.030312481
D16: 유선 | E16: 2.775657 | F16: 2.7472658 | G16: 2.7423491 | H16: 2.697131 | I16: 2.6393608 | J16: 2.5545065 | K16: 2.5248521 | L16: 2.4420311 | M16: 2.3737327 | N16: 2.3304191 | O16: 2.2147525 | P16: 2.1650585 | R16: 1.9975339 | S16: 2.0294241 | T16: 2.2323665 | U16: 1.8044475 | V16: 1.7026086 | W16: 1.5949692 | X16: 1.4921995 | Y16: 1.4055083 | Z16: 1.3104795 | AA16: 1.2273193 | AB16: 1.1457579 | AC16: 1.0902025 | AE16: =AC16*(1+AVERAGE($R$49:$AC$49)) -> 1.0319402 | AF16: =AE16*(1+AVERAGE($R$49:$AC$49)) -> 0.97679152 | AG16: =AF16*(1+AVERAGE($R$49:$AC$49)) -> 0.92459011 | AH16: =AG16*(1+AVERAGE($R$49:$AC$49)) -> 0.87517843 | AI16: =AH16*(1+AVERAGE($R$49:$AC$49)) -> 0.8284074 | AJ16: =AI16*(1+AVERAGE($R$49:$AC$49)) -> 0.78413589 | AK16: =AJ16*(1+AVERAGE($R$49:$AC$49)) -> 0.74223033 | AL16: =AK16*(1+AVERAGE($R$49:$AC$49)) -> 0.70256427 | AM16: =AL16*(1+AVERAGE($R$49:$AC$49)) -> 0.66501803 | ... AP16: =AO16*(1+AVERAGE($R$49:$AC$49)) -> 0.56399533 | AR16: =AP16*(1+AVERAGE($R$49:$AC$49)) -> 0.53385446 | AS16: =AR16*(1+AVERAGE($R$49:$AC$49)) -> 0.50532436 | AT16: =AS16*(1+AVERAGE($R$49:$AC$49)) -> 0.47831896 | AU16: =AT16*(1+AVERAGE($R$49:$AC$49)) -> 0.45275678 | AV16: =AU16*(1+AVERAGE($R$49:$AC$49)) -> 0.42856068 | AW16: =AV16*(1+AVERAGE($R$49:$AC$49)) -> 0.40565767 | AX16: =AW16*(1+AVERAGE($R$49:$AC$49)) -> 0.38397863 | AY16: =AX16*(1+AVERAGE($R$49:$AC$49)) -> 0.36345815 | AZ16: =AY16*(1+AVERAGE($R$49:$AC$49)) -> 0.34403433 | ... BC16: =BB16*(1+AVERAGE($R$49:$AC$49)) -> 0.29177217
D17: H.C | E17: 5.5675732 | F17: 5.5085874 | G17: 5.4530992 | H17: 5.367874 | I17: 5.2841746 | J17: 5.1725335 | K17: 5.1201324 | L17: 5.0028767 | M17: 4.867749 | N17: 4.7402626 | O17: 4.55 | P17: 4.41 | R17: 4.14 | S17: 4.1403388 | T17: 3.8632196 | U17: 3.6772409 | V17: 3.5184741 | W17: 3.3729352 | X17: 3.2175035 | Y17: 3.0304162 | Z17: 2.8506906 | AA17: 2.6879537 | AB17: 2.5119147 | AC17: 2.4026395 | AE17: =AC17*(1+AVERAGE($R$50:$AC$50)) -> 2.2844352 | AF17: =AE17*(1+AVERAGE($R$50:$AC$50)) -> 2.1720463 | AG17: =AF17*(1+AVERAGE($R$50:$AC$50)) -> 2.0651866 | AH17: =AG17*(1+AVERAGE($R$50:$AC$50)) -> 1.9635842 | AI17: =AH17*(1+AVERAGE($R$50:$AC$50)) -> 1.8669805 | AJ17: =AI17*(1+AVERAGE($R$50:$AC$50)) -> 1.7751293 | AK17: =AJ17*(1+AVERAGE($R$50:$AC$50)) -> 1.6877971 | AL17: =AK17*(1+AVERAGE($R$50:$AC$50)) -> 1.6047614 | AM17: =AL17*(1+AVERAGE($R$50:$AC$50)) -> 1.5258109 | ... AP17: =AO17*(1+AVERAGE($R$50:$AC$50)) -> 1.3115094 | AR17: =AP17*(1+AVERAGE($R$50:$AC$50)) -> 1.2469861 | AS17: =AR17*(1+AVERAGE($R$50:$AC$50)) -> 1.1856373 | AT17: =AS17*(1+AVERAGE($R$50:$AC$50)) -> 1.1273067 | AU17: =AT17*(1+AVERAGE($R$50:$AC$50)) -> 1.0718458 | AV17: =AU17*(1+AVERAGE($R$50:$AC$50)) -> 1.0191135 | AW17: =AV17*(1+AVERAGE($R$50:$AC$50)) -> 0.96897548 | AX17: =AW17*(1+AVERAGE($R$50:$AC$50)) -> 0.92130414 | AY17: =AX17*(1+AVERAGE($R$50:$AC$50)) -> 0.87597811 | AZ17: =AY17*(1+AVERAGE($R$50:$AC$50)) -> 0.83288202 | ... BC17: =BB17*(1+AVERAGE($R$50:$AC$50)) -> 0.715903
D18: Win-Win H.C | E18: 0.0087965286 | F18: 0.036799681 | G18: 0.11150798 | H18: 0.19265921 | I18: 0.27808436 | J18: 0.36137504 | K18: 0.45979166 | L18: 0.56598657 | M18: 0.71547984 | N18: 0.87183651 | O18: 1.0436457 | P18: 1.1684938 | R18: 1.1684938 | S18: 1.3666145 | T18: 1.5696575 | U18: 1.7213212 | V18: 1.8914007 | W18: 2.1825411 | X18: 2.4986998 | Y18: 2.7531537 | Z18: 3.0264253 | AA18: 3.2688833 | AB18: 3.5191714 | AC18: 3.7652388 | AE18: =AE23*$AE$41*0.022/1.1/100000000 -> 4.0285869 | AF18: =AF23*$AE$41*0.022/1.1/100000000 -> 4.2479125 | AG18: =AG23*$AE$41*0.022/1.1/100000000 -> 4.467238 | AH18: =AH23*$AE$41*0.022/1.1/100000000 -> 4.6865636 | AI18: =AI23*$AE$41*0.022/1.1/100000000 -> 4.9058891 | AJ18: =AJ23*$AE$41*0.022/1.1/100000000 -> 5.1252147 | AK18: =AK23*$AE$41*0.022/1.1/100000000 -> 5.3445402 | AL18: =AL23*$AE$41*0.022/1.1/100000000 -> 5.5638658 | ... AP18: =AP23*$AE$41*0.022/1.1/100000000 -> 6.441168 | AR18: =AR23*$AE$41*0.022/1.1/100000000 -> 6.6604935 | AS18: =AS23*$AE$41*0.022/1.1/100000000 -> 6.8798191 | AT18: =AT23*$AE$41*0.022/1.1/100000000 -> 7.0991446 | AU18: =AU23*$AE$41*0.022/1.1/100000000 -> 7.3184702 | AV18: =AV23*$AE$41*0.022/1.1/100000000 -> 7.5377957 | AW18: =AW23*$AE$41*0.022/1.1/100000000 -> 7.7571213 | AX18: =AX23*$AE$41*0.022/1.1/100000000 -> 7.9764469 | AY18: =AY23*$AE$41*0.022/1.1/100000000 -> 8.1957724 | ... BC18: =BC23*$AE$41*0.022/1.1/100000000 -> 9.0730746
B19: 도매 가입자 | D19: 계 | E19: =E20+E21+E22 -> 941537 | F19: =F20+F21+F22 -> 932437 | G19: =G20+G21+G22 -> 919405 | H19: =H20+H21+H22 -> 907038 | I19: =I20+I21+I22 -> 892635 | J19: =J20+J21+J22 -> 880576 | K19: =K20+K21+K22 -> 866079 | L19: =L20+L21+L22 -> 851129 | ... P19: =P20+P21+P22 -> 759264 | R19: 738464 | S19: 709587 | T19: 686178 | U19: 662458 | V19: 639166
D20: 무선 | E20: 73167 | F20: 71769 | G20: 70348 | H20: 68999 | I20: 67723 | J20: 66586 | K20: 67323 | L20: 71398 | M20: 70622 | N20: 69381 | O20: 68650 | P20: 67590 | R20: 66322 | S20: 64615 | T20: 63539 | U20: 62009 | V20: 61102 | W20: 59733 | X20: 57967 | Y20: 56554 | Z20: 54874 | AA20: 53548 | AB20: 52451 | AC20: 51216
D21: 유선 | E21: 130242 | F21: 128269 | G21: 125226 | H21: 122835 | I21: 119093 | J21: 115752 | K21: 112606 | L21: 108866 | M21: 105202 | N21: 100900 | O21: 97160 | P21: 93115 | R21: 89486 | S21: 85565 | T21: 81161 | U21: 76871 | V21: 72596 | W21: =V21*(1-C54/2) -> 68620.773 | X21: =W21*(1-D54/2) -> 68620.773 | Y21: =X21*(1-E54/2) -> 68620.773 | Z21: =Y21*(1-F54/2) -> 68620.773 | AA21: =Z21*(1-G54/2) -> 68620.773 | AB21: =AA21*(1-H54/2) -> 68620.773 | AC21: =AB21*(1-I54/2) -> 68620.773
D22: H.C | E22: 738128 | F22: 732399 | G22: 723831 | H22: 715204 | I22: 705819 | J22: 698238 | K22: 686150 | L22: 670865 | M22: 652608 | N22: 634016 | O22: 615884 | P22: 598559 | R22: 582656 | S22: 559407 | T22: 541478 | U22: 523578 | V22: 505468 | W22: 486487 | X22: 461592 | Y22: 440697 | Z22: 420214 | AA22: 401593 | AB22: 384875 | AC22: 367479
D23: Win-Win H.C | R23: 148541 | S23: 171504 | T23: 190502 | U23: 212440 | V23: 246436 | W23: 226882 | X23: 298790 | Y23: 319841 | Z23: 342620 | AA23: 367510 | AB23: 386291 | AC23: 405126 | AE23: =AC23+AVERAGE($S$52:$AC$52) -> 428451.91 | AF23: =AE23+AVERAGE($S$52:$AC$52) -> 451777.82 | AG23: =AF23+AVERAGE($S$52:$AC$52) -> 475103.73 | AH23: =AG23+AVERAGE($S$52:$AC$52) -> 498429.64 | AI23: =AH23+AVERAGE($S$52:$AC$52) -> 521755.55 | AJ23: =AI23+AVERAGE($S$52:$AC$52) -> 545081.45 | AK23: =AJ23+AVERAGE($S$52:$AC$52) -> 568407.36 | AL23: =AK23+AVERAGE($S$52:$AC$52) -> 591733.27 | AM23: =AL23+AVERAGE($S$52:$AC$52) -> 615059.18 | ... AP23: =AO23+AVERAGE($S$52:$AC$52) -> 685036.91 | AR23: =AP23+AVERAGE($S$52:$AC$52) -> 708362.82 | AS23: =AR23+AVERAGE($S$52:$AC$52) -> 731688.73 | AT23: =AS23+AVERAGE($S$52:$AC$52) -> 755014.64 | AU23: =AT23+AVERAGE($S$52:$AC$52) -> 778340.55 | AV23: =AU23+AVERAGE($S$52:$AC$52) -> 801666.45 | AW23: =AV23+AVERAGE($S$52:$AC$52) -> 824992.36 | AX23: =AW23+AVERAGE($S$52:$AC$52) -> 848318.27 | AY23: =AX23+AVERAGE($S$52:$AC$52) -> 871644.18 | AZ23: =AY23+AVERAGE($S$52:$AC$52) -> 894970.09 | ... BC23: =BB23+AVERAGE($S$52:$AC$52) -> 964947.82
B24: 도매 CAPA | D24: 계 | R24: 20704 | S24: 30404 | T24: 23182 | U24: 28296 | V24: 44209
D25: 무선
D26: 유선(I) | R26: 1637 | S26: 2086 | T26: 1810 | U26: 1896 | V26: 3639 | W26: 2896 | X26: 2548 | Y26: 2549 | Z26: 2550 | AA26: 1819 | AB26: 1781 | AC26: 1777
D27: 유선(TV) | R27: 1828 | S27: 2334 | T27: 2074 | U27: 2120 | V27: 4113 | W27: 3180 | X27: 2864 | Y27: 2865 | Z27: 2866 | AA27: 1989 | AB27: 1933 | AC27: 1917
D28: H.C | R28: 17239 | S28: 25984 | T28: 19298 | U28: 24280 | V28: 36457 | W28: 28356 | X28: 32840 | Y28: 24783 | Z28: 27158 | AA28: 26854 | AB28: 22592 | AC28: 24140
B29: 도매 해지 | D29: 계 | R29: 31918 | S29: 48864 | T29: 36511 | U29: 41775 | V29: 53023
D30: 무선 | R30: 1268 | S30: 1707 | T30: 1076 | U30: 1530 | V30: 907 | W30: 1369 | X30: 1766 | Y30: 1413 | Z30: 1680 | AA30: 1326 | AB30: 1097 | AC30: 1235
D31: 유선(I) | R31: 3785 | S31: 4395 | T31: 4106 | U31: 4129 | V31: 5718 | W31: 4979 | X31: 4794 | Y31: 4686 | Z31: 4351 | AA31: 3778 | AB31: 3490 | AC31: 3418
D32: 유선(TV) | R32: 3309 | S32: 3517 | T32: 4182 | U32: 4177 | V32: 6309 | W32: 5549 | X32: 5136 | Y32: 4874 | Z32: 4469 | AA32: 3695 | AB32: 3398 | AC32: 3343
D33: H.C | R33: 33142 | S33: 49233 | T33: 37227 | U33: 42180 | V33: 54567 | W33: 47337 | X33: 57735 | Y33: 45678 | Z33: 47641 | AA33: 45475 | AB33: 39310 | AC33: 41536
B34: 도매 순증 | D34: 무선 | R34: -1268 | S34: -1707 | T34: -1076 | U34: -1530 | V34: -907 | W34: -1369 | X34: -1766 | Y34: -1413 | Z34: -1680 | AA34: -1326 | AB34: -1097 | AC34: -1235
D35: 유선(I) | R35: -2148 | S35: -2309 | T35: -2296 | U35: -2233 | V35: -2079 | W35: -2083 | X35: -2246 | Y35: -2137 | Z35: -1801 | AA35: -1959 | AB35: -1709 | AC35: -1641
D36: 유선(TV) | R36: -1481 | S36: -1612 | T36: -2108 | U36: -2057 | V36: -2196 | W36: -2369 | X36: -2272 | Y36: -2009 | Z36: -1603 | AA36: -1706 | AB36: -1465 | AC36: -1426
D37: H.C | R37: -15903 | S37: -23249 | T37: -17929 | U37: -17900 | V37: -18110 | W37: -18981 | X37: -24895 | Y37: -20895 | Z37: -20483 | AA37: -18621 | AB37: -16718 | AC37: -17396
B38: 도매 유지 ARPU | D38: 계 | R38: 0 | S38: 0 | T38: 0 | U38: 0 | V38: 0
D39: 무선 | E39: =(E15+E14)*100000000/E20/0.085*1.1 -> 84133.828 | F39: =(F15+F14)*100000000/F20/0.085*1.1 -> 78332.387 | G39: =(G15+G14)*100000000/G20/0.085*1.1 -> 77346.685 | H39: =(H15+H14)*100000000/H20/0.085*1.1 -> 75678.752 | I39: =(I15+I14)*100000000/I20/0.085*1.1 -> 70253.499 | J39: =(J15+J14)*100000000/J20/0.085*1.1 -> 69441.483 | K39: =(K15+K14)*100000000/K20/0.085*1.1 -> 66414.102 | L39: =(L15+L14)*100000000/L20/0.085*1.1 -> 60812.405 | ... P39: =(P15+P14)*100000000/P20/0.085*1.1 -> 57917.297 | R39: =(R15+R14)*100000000/R20/0.085*1.1 -> 57805.549 | S39: =(S15+S14)*100000000/S20/0.085*1.1 -> 58348.553 | T39: =(T15+T14)*100000000/T20/0.085*1.1 -> 50049.096 | U39: =(U15+U14)*100000000/U20/0.085*1.1 -> 52722.987 | V39: =(V15+V14)*100000000/V20/0.085*1.1 -> 50412.576 | W39: =(W15+W14)*100000000/W20/0.085*1.1 -> 48859.54 | X39: =(X15+X14)*100000000/X20/0.085*1.1 -> 47432.185 | Y39: =(Y15+Y14)*100000000/Y20/0.085*1.1 -> 46033.068 | ... AC39: =(AC15+AC14)*100000000/AC20/0.085*1.1 -> 42711.188
D40: H.C | E40: =E17*100000000/E22/0.02*1.1 -> 41485.559 | F40: =F17*100000000/F22/0.02*1.1 -> 41367.111 | G40: =G17*100000000/G22/0.02*1.1 -> 41435.149 | H40: =H17*100000000/H22/0.02*1.1 -> 41279.561 | I40: =I17*100000000/I22/0.02*1.1 -> 41176.222 | J40: =J17*100000000/J22/0.02*1.1 -> 40743.893 | K40: =K17*100000000/K22/0.02*1.1 -> 41041.65 | L40: =L17*100000000/L22/0.02*1.1 -> 41015.438 | ... P40: =P17*100000000/P22/0.02*1.1 -> 40522.321 | R40: =R17*100000000/R22/0.02*1.1 -> 39079.663 | S40: =S17*100000000/S22/0.02*1.1 -> 40707.148 | T40: =T17*100000000/T22/0.02*1.1 -> 39240.205 | U40: =U17*100000000/U22/0.02*1.1 -> 38628.103 | V40: =V17*100000000/V22/0.02*1.1 -> 38284.535 | W40: =W17*100000000/W22/0.02*1.1 -> 38132.866 | X40: =X17*100000000/X22/0.02*1.1 -> 38337.47 | Y40: =Y17*100000000/Y22/0.02*1.1 -> 37820.291 | ... AC40: =AC17*100000000/AC22/0.02*1.1 -> 35959.925
D41: Win-Win H.C | R41: =R18*100000000/R23/0.02*1.1 -> 43265.602 | S41: =S18*100000000/S23/0.02*1.1 -> 43826.266 | T41: =T18*100000000/T23/0.02*1.1 -> 45317.719 | U41: =U18*100000000/U23/0.02*1.1 -> 44564.426 | V41: =V18*100000000/V23/0.02*1.1 -> 42212.598 | W41: =W18*100000000/W23/0.02*1.1 -> 52908.455 | X41: =X18*100000000/X23/0.02*1.1 -> 45995.01 | Y41: =Y18*100000000/Y23/0.02*1.1 -> 47343.353 | ... AC41: =AC18*100000000/AC23/0.02*1.1 -> 51116.969 | AE41: 47013.292
B42: 해지율 | D42: 계 | R42: =R12 -> 10.268494 | S42: 0 | T42: 0 | U42: 0 | V42: 0
D43: 무선 | F43: =1-F20/E20 -> 0.019106974 | G43: =1-G20/F20 -> 0.019799635 | H43: =1-H20/G20 -> 0.019176096 | I43: =1-I20/H20 -> 0.018493022 | J43: =1-J20/I20 -> 0.016788979 | K43: =1-K20/J20 -> -0.011068393 | L43: =1-L20/K20 -> -0.060529091 | M43: =1-M20/L20 -> 0.010868652 | ... P43: =1-P20/O20 -> 0.015440641 | R43: =R30/R20 -> 0.019118844 | S43: =S30/S20 -> 0.026418014 | T43: =T30/T20 -> 0.016934481 | U43: =U30/U20 -> 0.024673838 | V43: =V30/V20 -> 0.014844031 | W43: =W30/W20 -> 0.022918655 | X43: =X30/X20 -> 0.03046561 | Y43: =Y30/Y20 -> 0.02498497 | ... AC43: =AC30/AC20 -> 0.024113558
D44: 유선 | F44: =1-F21/E21 -> 0.015148723 | G44: =1-G21/F21 -> 0.023723581 | H44: =1-H21/G21 -> 0.019093479 | I44: =1-I21/H21 -> 0.03046363 | J44: =1-J21/I21 -> 0.028053706 | K44: =1-K21/J21 -> 0.027178796 | L44: =1-L21/K21 -> 0.03321315 | M44: =1-M21/L21 -> 0.033656054 | ... P44: =1-P21/O21 -> 0.041632359 | R44: =(R31+R32)/R21 -> 0.07927497 | S44: =(S31+S32)/S21 -> 0.092467715 | T44: =(T31+T32)/T21 -> 0.10211801 | U44: =(U31+U32)/U21 -> 0.10805115 | V44: =(V31+V32)/V21 -> 0.16567028 | W44: =(W31+W32)/W21 -> 0.15342293 | X44: =(X31+X32)/X21 -> 0.14470837 | Y44: =(Y31+Y32)/Y21 -> 0.13931641 | ... AC44: =(AC31+AC32)/AC21 -> 0.098527016
D45: h.c | F45: =1-F22/E22 -> 0.0077615265 | G45: =1-G22/F22 -> 0.011698541 | H45: =1-H22/G22 -> 0.011918528 | I45: =1-I22/H22 -> 0.01312213 | J45: =1-J22/I22 -> 0.010740714 | K45: =1-K22/J22 -> 0.017312149 | L45: =1-L22/K22 -> 0.02227647 | M45: =1-M22/L22 -> 0.027214119 | ... P45: =1-P22/O22 -> 0.028130297 | R45: =R33/R22 -> 0.056880904 | S45: =S33/S22 -> 0.088009267 | T45: =T33/T22 -> 0.068750716 | U45: =U33/U22 -> 0.080561063 | V45: =V33/V22 -> 0.10795342 | W45: =W33/W22 -> 0.097303731 | X45: =X33/X22 -> 0.12507799 | Y45: =Y33/Y22 -> 0.10364945 | ... AC45: =AC33/AC22 -> 0.11302959
B46: 관리수수료 감소율 | D46: 계 | R46: 0 | S46: 0 | T46: 0 | U46: 0 | V46: 0
D47: 무선 | F47: =1-F14/E14 -> 0.10128327 | G47: =1-G14/F14 -> -0.022041725 | H47: =1-H14/G14 -> -0.00064152149 | I47: =1-I14/H14 -> 0.10978736 | J47: =1-J14/I14 -> -0.024304731 | K47: =1-K14/J14 -> 0.03805614 | L47: =1-L14/K14 -> -0.010626882 | M47: =1-M14/L14 -> -0.074036809 | ... P47: =1-P14/O14 -> 0.0082305989 | R47: =R14/P14-1 -> -0.0056380926 | S47: =S14/R14-1 -> 0.028765807 | T47: =T14/S14-1 -> -0.19175508 | U47: =U14/T14-1 -> 0.11293874 | V47: =V14/U14-1 -> -0.03346201 | W47: =W14/V14-1 -> -0.02 | X47: =X14/W14-1 -> -0.02 | Y47: =Y14/X14-1 -> -0.02 | Z47: =Z14/Y14-1 -> -0.02 | ... AC47: =AC14/AB14-1 -> -0.02
D48: 점프업 | F48: =1-F15/E15 -> 0.075310409 | G48: =1-G15/F15 -> 0.073543318 | H48: =1-H15/G15 -> 0.074871972 | I48: =1-I15/H15 -> 0.069764334 | J48: =1-J15/I15 -> 0.073938498 | K48: =1-K15/J15 -> 0.028139095 | L48: =1-L15/K15 -> 0.066710955 | M48: =1-M15/L15 -> 0.074529647 | ... P48: =1-P15/O15 -> 0.068043081 | R48: =R15/P15-1 -> -0.040135425 | S48: =S15/R15-1 -> -0.077544175 | T48: =T15/S15-1 -> -0.10371009 | U48: =U15/T15-1 -> -0.086677449 | V48: =V15/U15-1 -> -0.097909731 | W48: =W15/V15-1 -> -0.10991789 | X48: =X15/W15-1 -> -0.13158933 | Y48: =Y15/X15-1 -> -0.12585669 | Z48: =Z15/Y15-1 -> -0.1232331 | ... AC48: =AC15/AB15-1 -> 0
D49: 유선 | F49: =1-F16/E16 -> 0.010228635 | G49: =1-G16/F16 -> 0.0017896802 | H49: =1-H16/G16 -> 0.016488816 | I49: =1-I16/H16 -> 0.021419123 | J49: =1-J16/I16 -> 0.032149588 | K49: =1-K16/J16 -> 0.011608647 | L49: =1-L16/K16 -> 0.032802318 | M49: =1-M16/L16 -> 0.027967852 | ... P49: =1-P16/O16 -> 0.022437721 | R49: =R16/P16-1 -> -0.077376493 | S49: =S16/R16-1 -> 0.01596479 | T49: =T16/S16-1 -> 0.1 | U49: =U16/T16-1 -> -0.1916885 | V49: =V16/U16-1 -> -0.056437722 | W49: =W16/V16-1 -> -0.063220315 | X49: =X16/W16-1 -> -0.064433676 | Y49: =Y16/X16-1 -> -0.058096243 | Z49: =Z16/Y16-1 -> -0.06761171 | ... AC49: =AC16/AB16-1 -> -0.048487952
D50: h.c | F50: =1-F17/E17 -> 0.010594526 | G50: =1-G17/F17 -> 0.010073033 | H50: =1-H17/G17 -> 0.015628756 | I50: =1-I17/H17 -> 0.015592664 | J50: =1-J17/I17 -> 0.02112743 | K50: =1-K17/J17 -> 0.010130657 | L50: =1-L17/K17 -> 0.022900915 | M50: =1-M17/L17 -> 0.027009982 | ... P50: =1-P17/O17 -> 0.030769231 | R50: =R17/P17-1 -> -0.06122449 | S50: =S17/R17-1 -> 8.1844532e-05 | T50: =T17/S17-1 -> -0.066931529 | U50: =U17/T17-1 -> -0.048140856 | V50: =V17/U17-1 -> -0.04317554 | W50: =W17/V17-1 -> -0.041364213 | X50: =X17/W17-1 -> -0.046082009 | Y50: =Y17/X17-1 -> -0.05814675 | Z50: =Z17/Y17-1 -> -0.059307228 | ... AC50: =AC17/AB17-1 -> -0.043502751
D51: Win-Win H.C | R51: =R18/P18-1 -> 0 | S51: =S18/R18-1 -> 0.16955225 | T51: =T18/S18-1 -> 0.14857368 | U51: =U18/T18-1 -> 0.096622193 | V51: =V18/U18-1 -> 0.098807509 | W51: =W18/V18-1 -> 0.15392847 | X51: =X18/W18-1 -> 0.14485807 | Y51: =Y18/X18-1 -> 0.10183453 | Z51: =Z18/Y18-1 -> 0.099257669 | ... AC51: =AC18/AB18-1 -> 0.069921968
S52: =S23-R23 -> 22963 | T52: =T23-S23 -> 18998 | U52: =U23-T23 -> 21938 | V52: =V23-U23 -> 33996 | W52: =W23-V23 -> -19554 | X52: =X23-W23 -> 71908 | Y52: =Y23-X23 -> 21051 | Z52: =Z23-Y23 -> 22779 | ... AC52: =AC23-AB23 -> 18835
B53: 해지율 월평균 | C53: =AVERAGE(R43:V43) -> 0.020397842
C54: =AVERAGE(R44:V44) -> 0.10951643
C55: =AVERAGE(R45:V45) -> 0.080431074
B57: 순증 월평균 | C57: =AVERAGE(R37:V37) -> -18618.2

Sheet 디지털
B3: 구분 | E3: 2501 | F3: 2502 | G3: 2503 | H3: 2504 | I3: 2505 | J3: 2506 | K3: 2507 | L3: 2508 | M3: 2509 | N3: 2510 | O3: 2511 | P3: 2512 | Q3: 25년 누적 | R3: 25년 월평균
B4: 디지털 관리수수료 | D4: 계 | E4: 5.2 | F4: 5.3671954 | G4: 5.1954726 | H4: 5.066248 | I4: 4.9718197 | J4: 5.0249524 | K4: 5.0028644 | L4: 5.0574361 | M4: 4.9543201 | Q4: 20.828916 | R4: 5.1601471
D5: 무선 | E5: 3.8250436 | F5: 3.8708857 | G5: 3.6310316 | H5: 3.4754358 | I5: 3.3329248 | J5: 3.2261074 | K5: =K4-K6-K7 -> 3.0953714 | L5: =L4-L6-L7 -> 2.9918249 | M5: =M4-M6-M7 -> 2.7994639 | Q5: 14.802397 | R5: 3.6270643
D6: 유선 | E6: 0.35495636 | F6: 0.3863097 | G6: 0.36444095 | H6: 0.3341122 | I6: 0.3144253 | J6: 0.27255491 | K6: 0.25416227 | L6: 0.237305 | M6: 0.22229145 | Q6: 1.4398192 | R6: 0.3508489
D7: H.C | E7: 1.02 | F7: 1.11 | G7: 1.2 | H7: 1.2567 | I7: 1.3244696 | J7: 1.5262901 | K7: 1.6533307 | L7: 1.8283062 | M7: 1.9325647 | Q7: 4.5867 | R7: 1.1822339
B8: 디지털 가입자 | D8: 계 | E8: 267542 | F8: 278856 | G8: 283053 | H8: 291541 | I8: 315316 | Q8: 1120992
D9: 무선 | E9: 107127 | F9: 102207 | G9: 99447 | H9: 96649 | I9: 93912 | J9: 91452 | K9: 87993 | L9: 84372 | M9: 79564 | N9: 75358 | Q9: 405430
D10: 유선(I) | E10: 13244 | F10: 12547 | G10: 11891 | H10: 11321 | I10: 10724 | J10: 10289 | K10: 10026 | L10: 9479 | M10: 8937 | Q10: 49003
D11: 유선(TV) | E11: 7709 | F11: 7346 | G11: 7020 | H11: 6762 | I11: 6636 | J11: 6497 | K11: 6442 | L11: 6286 | M11: 6142 | Q11: 28837
D12: H.C | E12: 139462 | F12: 156756 | G12: 164695 | H12: 176809 | I12: 204044 | J12: 216044 | K12: 239096 | L12: 247338 | M12: 262998 | N12: 272105 | Q12: 637722
B13: 디지털 CAPA | D13: 계 | E13: =E15+E16+E17 -> 7635 | F13: =F15+F16+F17 -> 20716 | G13: =G15+G16+G17 -> 10715 | H13: =H15+H16+H17 -> 14873 | I13: =I15+I16+I17 -> 30759 | J13: =J15+J16+J17 -> 15342 | K13: =K15+K16+K17 -> 29017 | L13: =L15+L16+L17 -> 13774 | ... N13: =N15+N16+N17 -> 14766 | Q13: 53939
D14: 무선 | Q14: 0
D15: 유선(I) | E15: 27 | F15: 19 | G15: 81 | H15: 124 | I15: 311 | J15: 197 | K15: 293 | L15: 294 | M15: 295 | Q15: 251
D16: 유선(TV) | E16: 20 | F16: 15 | G16: 43 | H16: 62 | I16: 213 | J16: 119 | K16: 223 | L16: 224 | M16: 225 | Q16: 140
D17: H.C | E17: 7588 | F17: 20682 | G17: 10591 | H17: 14687 | I17: 30235 | J17: 15026 | K17: 28501 | L17: 13256 | M17: 23139 | N17: 14766 | Q17: 53548
B18: 디지털 해지 | D18: 계 | E18: 4194 | F18: 7523 | G18: 5167 | H18: 5266 | I18: 5414 | Q18: 22150
D19: 무선 | E19: 2159 | F19: 4920 | G19: 2760 | H19: 2798 | I19: 2737 | Q19: 12637
D20: 유선(I) | E20: 694 | F20: 731 | G20: 737 | H20: 694 | I20: 908 | Q20: 2856
D21: 유선(TV) | E21: 505 | F21: 492 | G21: 369 | H21: 320 | I21: 339 | Q21: 1686
D22: H.C | E22: 2056 | F22: 3388 | G22: 2652 | H22: 2573 | I22: 3000 | Q22: 10669
B23: 디지털 순증 | D23: 계 | E23: 2221 | F23: 11185 | G23: 4197 | H23: 8488 | I23: 23775 | Q23: 49866
D24: 무선 | E24: -2159 | F24: -4920 | G24: -2760 | H24: -2798 | I24: -2737 | J24: -2460 | K24: -3459 | L24: -3621 | M24: -4808 | N24: -4206 | Q24: -15374
D25: 유선(I) | E25: -667 | F25: -712 | G25: -656 | H25: -570 | I25: -597 | J25: -435 | K25: -263 | L25: -547 | M25: -542 | Q25: -3202
D26: 유선(TV) | E26: -485 | F26: -477 | G26: -326 | H26: -258 | I26: -126 | J26: -139 | K26: -55 | L26: -156 | M26: -144 | Q26: -1672
D27: H.C | E27: 5532 | F27: 17294 | G27: 7939 | H27: 12114 | I27: 27235 | J27: 12000 | K27: 23052 | L27: 8242 | M27: 15660 | N27: 9107 | Q27: 70114
B28: 디지털 해지율 | D28: 계 | E28: 0.020236075 | F28: 0.034178931 | G28: 0.02302749 | H28: 0.021900865 | I28: 0.022149209 | Q28: 0.09934336
D29: 무선 | E29: 0.020153649 | F29: 0.048137603 | G29: 0.027753477 | H29: 0.028950118 | I29: 0.029144305 | Q29: 0.12499485
D30: 유선(I) | E30: 0.052401087 | F30: 0.058260939 | G30: 0.061979648 | H30: 0.061302005 | I30: 0.084669899 | Q30: 0.23394368
D31: 유선(TV) | E31: 0.065507848 | F31: 0.066975225 | G31: 0.052564103 | H31: 0.047323277 | I31: 0.051084991 | Q31: 0.23237045
D32: H.C | E32: 0.014742367 | F32: 0.021613208 | G32: 0.016102492 | H32: 0.014552427 | I32: 0.014702711 | Q32: 0.067010494
B33: 디지털 | D33: 계 | E33: 0 | F33: 0 | G33: 0 | H33: 0 | I33: 0 | Q33: 0
D34: 무선 | E34: 42583.297 | F34: 44826.153 | G34: 45465.626 | H34: 45360.803 | I34: 44327.92 | J34: 44310.633 | K34: 43294.755 | L34: 44922.838 | M34: 45487.467 | Q34: 0

Sheet 디지털(E)
B2: 구분 | C2: 디지털 | D2: 무선 | E2: 유선 | F2: h.c | G2: 비고
B3: 24년 | C3: =SUM(E9:P9) -> 68.9 | D3: =SUM(E10:P10) -> 56.75107 | E3: =SUM(E11:P11) -> 5.7589303 | F3: =SUM(G12:P12) -> 6.39 | R3: =1-R10/P10 -> 0.070741033 | S3: =1-S10/R10 -> -0.011984709 | T3: =1-T10/S10 -> 0.06196361 | U3: =1-U10/T10 -> 0.042851671 | V3: =1-V10/U10 -> 0.041005231
B4: 25년 (E) | C4: =SUM(R9:AC9) -> 60.040496 | D4: =SUM(R10:AC10) -> 37.497677 | E4: =SUM(R11:AC11) -> 3.2788239 | F4: =SUM(R12:AC12) -> 19.263995 | R4: =1-R11/P11 -> 0.075080481 | S4: =1-S11/R11 -> -0.088330115 | T4: =1-T11/S11 -> 0.056609373 | U4: =1-U11/T11 -> 0.083219929 | V4: =1-V11/U11 -> 0.05892302 | AE4: =AE14*$AC$39*0.085/1.1/100000000 -> 1.645757 | AF4: =AF14*$AC$39*0.085/1.1/100000000 -> 1.3275464 | AG4: =AG14*$AC$39*0.085/1.1/100000000 -> 1.0708625
B5: 26년 (E) | C5: =SUM(AE9:AP9) -> 52.915119 | D5: =SUM(AE10:AP10) -> 16.21483 | E5: =SUM(AE11:AP11) -> 1.22519 | F5: =SUM(AE12:AP12) -> 35.475099 | R5: =1-R12/P12 -> -0.02 | S5: =1-S12/R12 -> -0.088235294 | T5: =1-T12/S12 -> -0.081081081 | U5: =1-U12/T12 -> -0.047249992 | V5: =1-V12/U12 -> -0.053926648
B6: 27년 (E) | C6: =SUM(AR9:BC9) -> 55.381674 | D6: =SUM(AR10:BC10) -> 5.7061473 | E6: =SUM(AR11:BC11) -> 0.48491771 | F6: =SUM(AR12:BC12) -> 49.19061 | K6: =K17/J17-1 -> 0.13092838 | L6: =L17/K17-1 -> 0.080660919 | M6: =M17/L17-1 -> 0.21567165 | N6: =N17/M17-1 -> 0.13650814 | O6: =O17/N17-1 -> 0.049083518 | P6: =P17/O17-1 -> 0.044183 | R6: =R17/P17-1 -> 0.041312934 | S6: =S17/R17-1 -> 0.12400511 | T6: =T17/S17-1 -> 0.050645589 | U6: =U17/T17-1 -> 0.073554146 | V6: =V17/U17-1 -> 0.15403628 | AC6: =AC17-AB17 -> 6052 | AE6: =AE17-AC17 -> 15000 | AF6: =AF17-AE17 -> 15000 | AG6: =AG17-AF17 -> 15000 | AH6: =AH17-AG17 -> 15000 | AI6: =AI17-AH17 -> 15000 | AJ6: =AJ17-AI17 -> 15000 | AK6: =AK17-AJ17 -> 15000 | AL6: =AL17-AK17 -> 15000 | AM6: =AM17-AL17 -> 15000 | ... AP6: =AP17-AO17 -> 15000
S7: =S17-R17 -> 17294 | T7: =T17-S17 -> 7939 | U7: =U17-T17 -> 12114 | V7: =V17-U17 -> 27235 | W7: =W17-V17 -> 12000 | X7: =X17-W17 -> 23052 | Y7: =Y17-X17 -> 8242 | Z7: =Z17-Y17 -> 15660 | ... AC7: =AC17-AB17 -> 6052 | AE7: =AE17*$AC$39*0.022/1.1/100000000 -> 2.316976 | AF7: =AF17*$AC$39*0.022/1.1/100000000 -> 2.4332091 | AG7: =AG17*$AC$39*0.022/1.1/100000000 -> 2.5494422 | AH7: =AH17*$AC$39*0.022/1.1/100000000 -> 2.6656754 | AI7: =AI17*$AC$39*0.022/1.1/100000000 -> 2.7819085 | AJ7: =AJ17*$AC$39*0.022/1.1/100000000 -> 2.8981417 | AK7: =AK17*$AC$39*0.022/1.1/100000000 -> 3.0143748 | AL7: =AL17*$AC$39*0.022/1.1/100000000 -> 3.1306079 | ... AP7: =AP17*$AC$39*0.022/1.1/100000000 -> 3.5955405 | AR7: =AR17*$AC$39*0.022/1.1/100000000 -> 3.6730293 | AS7: =AS17*$AC$39*0.022/1.1/100000000 -> 3.750518 | AT7: =AT17*$AC$39*0.022/1.1/100000000 -> 3.8280068 | AU7: =AU17*$AC$39*0.022/1.1/100000000 -> 3.9054956 | AV7: =AV17*$AC$39*0.022/1.1/100000000 -> 3.9829843 | AW7: =AW17*$AC$39*0.022/1.1/100000000 -> 4.0604731 | AX7: =AX17*$AC$39*0.022/1.1/100000000 -> 4.1379618 | AY7: =AY17*$AC$39*0.022/1.1/100000000 -> 4.2154506 | ... BC7: =BC17*$AC$39*0.022/1.1/100000000 -> 4.5254056
B8: 구분 | E8: 2401 | F8: 2402 | G8: 2403 | H8: 2404 | I8: 2405 | J8: 2406 | K8: 2407 | L8: 2408 | M8: 2409 | N8: 2410 | O8: 2411 | P8: 2412 | R8: 2501 | S8: 2502 | T8: 2503 | U8: 2504 | V8: 2505 | W8: 2506 | X8: 2507 | Y8: 2508 | Z8: 2509 | AA8: 2510 | AB8: 2511 | AC8: 2512 | AE8: 2601 | AF8: 2602 | AG8: 2603 | AH8: 2604 | AI8: 2605 | AJ8: 2606 | AK8: 2607 | AL8: 2608 | AM8: 2609 | AN8: 2610 | AO8: 2611 | AP8: 2612 | AR8: 2701 | AS8: 2702 | AT8: 2703 | AU8: 2704 | AV8: 2705 | AW8: 2706 | AX8: 2707 | AY8: 2708 | AZ8: 2709 | BA8: 2710 | BB8: 2711 | BC8: 2712
B9: 디지털 관리수수료 | D9: 계 | E9: 6 | F9: 5.7 | G9: 5.9 | H9: 5.8 | I9: 5.8 | J9: 5.7 | K9: 5.8 | L9: 5.7 | M9: 5.7 | N9: 5.7 | O9: 5.6 | P9: 5.5 | R9: 5.2 | S9: 5.3671954 | T9: 5.1954726 | U9: 5.066248 | V9: 4.9718197 | W9: 5.0249524 | X9: 5.0028644 | Y9: 5.0574361 | Z9: 4.9543201 | AA9: 4.8782752 | AB9: 4.6832918 | AC9: 4.6386205 | AE9: =AE10+AE11+AE12 -> 4.5531202 | AF9: =AF10+AF11+AF12 -> 4.4843256 | AG9: =AG10+AG11+AG12 -> 4.4308524 | AH9: =AH10+AH11+AH12 -> 4.3914311 | AI9: =AI10+AI11+AI12 -> 4.3648973 | AJ9: =AJ10+AJ11+AJ12 -> 4.3501832 | AK9: =AK10+AK11+AK12 -> 4.3463097 | AL9: =AL10+AL11+AL12 -> 4.3523786 | ... AP9: =AP10+AP11+AP12 -> 4.4605971 | AR9: =AR10+AR11+AR12 -> 4.4665629 | AS9: =AS10+AS11+AS12 -> 4.4784471 | AT9: =AT10+AT11+AT12 -> 4.4957595 | AU9: =AU10+AU11+AU12 -> 4.5180508 | AV9: =AV10+AV11+AV12 -> 4.5449086 | AW9: =AW10+AW11+AW12 -> 4.5759549 | AX9: =AX10+AX11+AX12 -> 4.6108429 | AY9: =AY10+AY11+AY12 -> 4.6492546 | ... BC9: =BC10+BC11+BC12 -> 4.8326549
D10: 무선 | E10: 5.433244 | F10: 5.1382724 | G10: 4.9912975 | H10: 4.8656638 | I10: 4.8242472 | J10: 4.704188 | K10: 4.7789876 | L10: 4.6154407 | M10: 4.5852237 | N10: 4.4370475 | O10: 4.2612272 | P10: 4.11623 | R10: 3.8250436 | S10: =S9-S11-S12 -> 3.8708857 | T10: =T9-T11-T12 -> 3.6310316 | U10: =U9-U11-U12 -> 3.4754358 | V10: =V9-V11-V12 -> 3.3329248 | W10: =W9-W11-W12 -> 3.2261074 | X10: =X9-X11-X12 -> 3.0953714 | Y10: =Y9-Y11-Y12 -> 2.9918249 | Z10: =Z9-Z11-Z12 -> 2.7994639 | ... AC10: =AC9-AC11-AC12 -> 2.2750477 | AE10: =AC10*(1-AVERAGE($R34:$AC34)+0.11) -> 2.0854177 | AF10: =AE10*(1-AVERAGE($R34:$AC34)+0.11) -> 1.9115938 | AG10: =AF10*(1-AVERAGE($R34:$AC34)+0.11) -> 1.7522584 | AH10: =AG10*(1-AVERAGE($R34:$AC34)+0.11) -> 1.606204 | AI10: =AH10*(1-AVERAGE($R34:$AC34)+0.11) -> 1.4723235 | AJ10: =AI10*(1-AVERAGE($R34:$AC34)+0.11) -> 1.3496023 | AK10: =AJ10*(1-AVERAGE($R34:$AC34)+0.11) -> 1.2371101 | AL10: =AK10*(1-AVERAGE($R34:$AC34)+0.11) -> 1.1339944 | AM10: =AL10*(1-AVERAGE($R34:$AC34)+0.11) -> 1.0394736 | ... AP10: =AO10*(1-AVERAGE($R34:$AC34)+0.11) -> 0.80061015 | AR10: =AP10*(1-AVERAGE($R34:$AC34)+0.11) -> 0.73387761 | AS10: =AR10*(1-AVERAGE($R34:$AC34)+0.11) -> 0.67270737 | AT10: =AS10*(1-AVERAGE($R34:$AC34)+0.11) -> 0.6166358 | AU10: =AT10*(1-AVERAGE($R34:$AC34)+0.11) -> 0.56523791 | AV10: =AU10*(1-AVERAGE($R34:$AC34)+0.11) -> 0.51812415 | AW10: =AV10*(1-AVERAGE($R34:$AC34)+0.11) -> 0.47493741 | AX10: =AW10*(1-AVERAGE($R34:$AC34)+0.11) -> 0.43535038 | AY10: =AX10*(1-AVERAGE($R34:$AC34)+0.11) -> 0.39906301 | AZ10: =AY10*(1-AVERAGE($R34:$AC34)+0.11) -> 0.36580027 | ... BC10: =BB10*(1-AVERAGE($R34:$AC34)+0.11) -> 0.28174205
D11: 유선 | E11: 0.566756 | F11: 0.56172764 | G11: 0.54870245 | H11: 0.52433618 | I11: 0.50575282 | J11: 0.485812 | K11: 0.47101236 | L11: 0.45455927 | M11: 0.43477627 | N11: 0.42295245 | O11: 0.39877282 | P11: 0.38377 | R11: 0.35495636 | S11: 0.3863097 | T11: 0.36444095 | U11: 0.3341122 | V11: 0.3144253 | W11: 0.27255491 | X11: 0.25416227 | Y11: 0.237305 | Z11: 0.22229145 | AA11: 0.19918073 | AB11: 0.17625509 | AC11: 0.16282991 | AE11: =AC11*(1-AVERAGE($R35:$AC35)) -> 0.15072648 | AF11: =AE11*(1-AVERAGE($R35:$AC35)) -> 0.13952272 | AG11: =AF11*(1-AVERAGE($R35:$AC35)) -> 0.12915176 | AH11: =AG11*(1-AVERAGE($R35:$AC35)) -> 0.11955169 | AI11: =AH11*(1-AVERAGE($R35:$AC35)) -> 0.11066521 | AJ11: =AI11*(1-AVERAGE($R35:$AC35)) -> 0.10243927 | AK11: =AJ11*(1-AVERAGE($R35:$AC35)) -> 0.094824784 | AL11: =AK11*(1-AVERAGE($R35:$AC35)) -> 0.087776295 | AM11: =AL11*(1-AVERAGE($R35:$AC35)) -> 0.081251732 | ... AP11: =AO11*(1-AVERAGE($R35:$AC35)) -> 0.064446417 | AR11: =AP11*(1-AVERAGE($R35:$AC35)) -> 0.059656004 | AS11: =AR11*(1-AVERAGE($R35:$AC35)) -> 0.055221671 | AT11: =AS11*(1-AVERAGE($R35:$AC35)) -> 0.051116949 | AU11: =AT11*(1-AVERAGE($R35:$AC35)) -> 0.047317339 | AV11: =AU11*(1-AVERAGE($R35:$AC35)) -> 0.04380016 | AW11: =AV11*(1-AVERAGE($R35:$AC35)) -> 0.040544418 | AX11: =AW11*(1-AVERAGE($R35:$AC35)) -> 0.037530682 | AY11: =AX11*(1-AVERAGE($R35:$AC35)) -> 0.034740962 | AZ11: =AY11*(1-AVERAGE($R35:$AC35)) -> 0.032158607 | ... BC11: =BB11*(1-AVERAGE($R35:$AC35)) -> 0.025507234
D12: H.C | G12: 0.36 | H12: 0.41 | I12: 0.47 | J12: 0.51 | K12: 0.55 | L12: 0.63 | M12: 0.68 | N12: 0.84 | O12: 0.94 | P12: 1 | R12: 1.02 | S12: 1.11 | T12: 1.2 | U12: 1.2567 | V12: 1.3244696 | W12: 1.5262901 | X12: 1.6533307 | Y12: 1.8283062 | Z12: 1.9325647 | AA12: 2.0785967 | AB12: 2.1329946 | AC12: 2.2007428 | AE12: 2.316976 | AF12: 2.4332091 | AG12: 2.5494422 | AH12: 2.6656754 | AI12: 2.7819085 | AJ12: 2.8981417 | AK12: 3.0143748 | AL12: 3.1306079 | AM12: 3.2468411 | AN12: 3.3630742 | AO12: 3.4793074 | AP12: 3.5955405 | AR12: 3.6730293 | AS12: 3.750518 | AT12: 3.8280068 | AU12: 3.9054956 | AV12: 3.9829843 | AW12: 4.0604731 | AX12: 4.1379618 | AY12: 4.2154506 | AZ12: 4.2929394 | BA12: 4.3704281 | BB12: 4.4479169 | BC12: 4.5254056
B13: 디지털 가입자 | D13: 계 | R13: =R14+R15+R16+R17 -> 267542 | S13: =S14+S15+S16+S17 -> 278856 | T13: =T14+T15+T16+T17 -> 283053 | U13: =U14+U15+U16+U17 -> 291541 | V13: =V14+V15+V16+V17 -> 315316 | W13: =W14+W15+W16+W17 -> 324282 | X13: =X14+X15+X16+X17 -> 343557 | Y13: =Y14+Y15+Y16+Y17 -> 347475 | ... AC13: =AC14+AC15+AC16+AC17 -> 364758
D14: 무선 | R14: 107127 | S14: 102207 | T14: 99447 | U14: 96649 | V14: 93912 | W14: 91452 | X14: 87993 | Y14: 84372 | Z14: 79564 | AA14: 75358 | AB14: 71471 | AC14: 68147 | AE14: =AC14*(1-AVERAGE($R34:$AC34)) -> 54970.634 | AF14: =AE14*(1-AVERAGE($R34:$AC34)) -> 44341.947 | AG14: =AF14*(1-AVERAGE($R34:$AC34)) -> 35768.338 | AH14: =AG14*(1-AVERAGE($R34:$AC34)) -> 28852.455 | AI14: =AH14*(1-AVERAGE($R34:$AC34)) -> 23273.772 | AJ14: =AI14*(1-AVERAGE($R34:$AC34)) -> 18773.74 | AK14: =AJ14*(1-AVERAGE($R34:$AC34)) -> 15143.798 | AL14: =AK14*(1-AVERAGE($R34:$AC34)) -> 12215.713 | AM14: =AL14*(1-AVERAGE($R34:$AC34)) -> 9853.7789 | ... AP14: =AO14*(1-AVERAGE($R34:$AC34)) -> 5171.9562 | AR14: =AP14*(1-AVERAGE($R34:$AC34)) -> 4171.9476 | AS14: =AR14*(1-AVERAGE($R34:$AC34)) -> 3365.2928 | AT14: =AR14*(1-AVERAGE($R34:$AC34)) -> 3365.2928 | AU14: =AT14*(1-AVERAGE($R34:$AC34)) -> 2714.6063 | AV14: =AT14*(1-AVERAGE($R34:$AC34)) -> 2714.6063 | AW14: =AV14*(1-AVERAGE($R34:$AC34)) -> 2189.7315 | AX14: =AV14*(1-AVERAGE($R34:$AC34)) -> 2189.7315 | AY14: =AX14*(1-AVERAGE($R34:$AC34)) -> 1766.3423 | AZ14: =AX14*(1-AVERAGE($R34:$AC34)) -> 1766.3423 | BA14: =AZ14*(1-AVERAGE($R34:$AC34)) -> 1424.8163 | BB14: =AZ14*(1-AVERAGE($R34:$AC34)) -> 1424.8163 | BC14: =BB14*(1-AVERAGE($R34:$AC34)) -> 1149.3251
D15: 유선(I) | R15: 13244 | S15: 12547 | T15: 11891 | U15: 11321 | V15: 10724 | W15: 10289 | X15: 10026 | Y15: 9479 | Z15: 8937 | AA15: 8398 | AB15: 7766 | AC15: 7193 | AE15: =AC15*(1-AVERAGE($R35:$AC35)) -> 6658.332 | AF15: =AE15*(1-AVERAGE($R35:$AC35)) -> 6163.4067 | AG15: =AF15*(1-AVERAGE($R35:$AC35)) -> 5705.2701 | AH15: =AG15*(1-AVERAGE($R35:$AC35)) -> 5281.1876 | AI15: =AH15*(1-AVERAGE($R35:$AC35)) -> 4888.6278 | AJ15: =AI15*(1-AVERAGE($R35:$AC35)) -> 4525.2477 | AK15: =AJ15*(1-AVERAGE($R35:$AC35)) -> 4188.8783 | AL15: =AK15*(1-AVERAGE($R35:$AC35)) -> 3877.5118 | AM15: =AL15*(1-AVERAGE($R35:$AC35)) -> 3589.2897 | ... AP15: =AO15*(1-AVERAGE($R35:$AC35)) -> 2846.916 | AR15: =AP15*(1-AVERAGE($R35:$AC35)) -> 2635.2999 | AS15: =AR15*(1-AVERAGE($R35:$AC35)) -> 2439.4135 | AT15: =AR15*(1-AVERAGE($R35:$AC35)) -> 2439.4135 | AU15: =AT15*(1-AVERAGE($R35:$AC35)) -> 2258.0877 | AV15: =AT15*(1-AVERAGE($R35:$AC35)) -> 2258.0877 | AW15: =AV15*(1-AVERAGE($R35:$AC35)) -> 2090.2402 | AX15: =AV15*(1-AVERAGE($R35:$AC35)) -> 2090.2402 | AY15: =AX15*(1-AVERAGE($R35:$AC35)) -> 1934.869 | AZ15: =AX15*(1-AVERAGE($R35:$AC35)) -> 1934.869 | BA15: =AZ15*(1-AVERAGE($R35:$AC35)) -> 1791.0469 | BB15: =AZ15*(1-AVERAGE($R35:$AC35)) -> 1791.0469 | BC15: =BB15*(1-AVERAGE($R35:$AC35)) -> 1657.9153
D16: 유선(TV) | R16: 7709 | S16: 7346 | T16: 7020 | U16: 6762 | V16: 6636 | W16: 6497 | X16: 6442 | Y16: 6286 | Z16: 6142 | AA16: 5889 | AB16: 5639 | AC16: 5410 | AE16: =AC16*(1-AVERAGE($R36:$AC36)) -> 5106.7743 | AF16: =AE16*(1-AVERAGE($R36:$AC36)) -> 4820.5441 | AG16: =AF16*(1-AVERAGE($R36:$AC36)) -> 4550.3569 | AH16: =AG16*(1-AVERAGE($R36:$AC36)) -> 4295.3134 | AI16: =AH16*(1-AVERAGE($R36:$AC36)) -> 4054.5649 | AJ16: =AI16*(1-AVERAGE($R36:$AC36)) -> 3827.3101 | AK16: =AJ16*(1-AVERAGE($R36:$AC36)) -> 3612.7927 | AL16: =AK16*(1-AVERAGE($R36:$AC36)) -> 3410.2989 | AM16: =AL16*(1-AVERAGE($R36:$AC36)) -> 3219.1547 | ... AP16: =AO16*(1-AVERAGE($R36:$AC36)) -> 2707.6345 | AR16: =AP16*(1-AVERAGE($R36:$AC36)) -> 2555.874 | AS16: =AR16*(1-AVERAGE($R36:$AC36)) -> 2412.6195 | AT16: =AR16*(1-AVERAGE($R36:$AC36)) -> 2412.6195 | AU16: =AT16*(1-AVERAGE($R36:$AC36)) -> 2277.3943 | AV16: =AT16*(1-AVERAGE($R36:$AC36)) -> 2277.3943 | AW16: =AV16*(1-AVERAGE($R36:$AC36)) -> 2149.7484 | AX16: =AV16*(1-AVERAGE($R36:$AC36)) -> 2149.7484 | AY16: =AX16*(1-AVERAGE($R36:$AC36)) -> 2029.2569 | AZ16: =AX16*(1-AVERAGE($R36:$AC36)) -> 2029.2569 | BA16: =AZ16*(1-AVERAGE($R36:$AC36)) -> 1915.5188 | BB16: =AZ16*(1-AVERAGE($R36:$AC36)) -> 1915.5188 | BC16: =BB16*(1-AVERAGE($R36:$AC36)) -> 1808.1557
D17: H.C | E17: 39059 | F17: 47012 | G17: 54324 | H17: 60817 | I17: 67721 | J17: 72406 | K17: 81886 | L17: 88491 | M17: 107576 | N17: 122261 | O17: 128262 | P17: 133929 | R17: 139462 | S17: 156756 | T17: 164695 | U17: 176809 | V17: 204044 | W17: 216044 | X17: 239096 | Y17: 247338 | Z17: 262998 | AA17: 272105 | AB17: 277956 | AC17: 284008 | AE17: =AC17+15000 -> 299008 | AF17: =AE17+15000 -> 314008 | AG17: =AF17+15000 -> 329008 | AH17: =AG17+15000 -> 344008 | AI17: =AH17+15000 -> 359008 | AJ17: =AI17+15000 -> 374008 | AK17: =AJ17+15000 -> 389008 | AL17: =AK17+15000 -> 404008 | AM17: =AL17+15000 -> 419008 | ... AP17: =AO17+15000 -> 464008 | AR17: =AP17+10000 -> 474008 | AS17: =AR17+10000 -> 484008 | AT17: =AS17+10000 -> 494008 | AU17: =AT17+10000 -> 504008 | AV17: =AU17+10000 -> 514008 | AW17: =AV17+10000 -> 524008 | AX17: =AW17+10000 -> 534008 | AY17: =AX17+10000 -> 544008 | AZ17: =AY17+10000 -> 554008 | ... BC17: =BB17+10000 -> 584008
B18: 디지털 CAPA | D18: 계 | R18: =R20+R21+R22 -> 7635 | S18: =S20+S21+S22 -> 20716 | T18: =T20+T21+T22 -> 10715 | U18: =U20+U21+U22 -> 14873 | V18: =V20+V21+V22 -> 30759 | W18: =W20+W21+W22 -> 15342 | X18: =X20+X21+X22 -> 29017 | Y18: =Y20+Y21+Y22 -> 13774 | ... AC18: =AC20+AC21+AC22 -> 12420
D19: 무선
D20: 유선(I) | R20: 27 | S20: 19 | T20: 81 | U20: 124 | V20: 311 | W20: 197 | X20: 293 | Y20: 294 | Z20: 295 | AA20: 112 | AB20: 145 | AC20: 130
D21: 유선(TV) | R21: 20 | S21: 15 | T21: 43 | U21: 62 | V21: 213 | W21: 119 | X21: 223 | Y21: 224 | Z21: 225 | AA21: 78 | AB21: 125 | AC21: 112
D22: H.C | R22: 7588 | S22: 20682 | T22: 10591 | U22: 14687 | V22: 30235 | W22: 15026 | X22: 28501 | Y22: 13256 | Z22: 23139 | AA22: 14766 | AB22: 11138 | AC22: 12178 | AE22: 20000 | AF22: 20000 | AG22: 20000 | AH22: 20000 | AI22: 20000 | AJ22: 20000 | AK22: 20000 | AL22: 20000 | AM22: 20000 | AN22: 20000 | AO22: 20000 | AP22: 20000 | AR22: 20000 | AS22: 20000 | AT22: 20000 | AU22: 20000 | AV22: 20000 | AW22: 20000 | AX22: 20000 | AY22: 20000 | AZ22: 20000 | BA22: 20000 | BB22: 20000 | BC22: 20000
B23: 디지털 해지 | D23: 계 | R23: =R24+R25+R26+R27 -> 10842 | S23: =S24+S25+S26+S27 -> 25288 | T23: =T24+T25+T26+T27 -> 14356 | U23: =U24+U25+U26+U27 -> 18275 | V23: =V24+V25+V26+V27 -> 34486 | W23: =W24+W25+W26+W27 -> 18945 | X23: =X24+X25+X26+X27 -> 34784 | Y23: =Y24+Y25+Y26+Y27 -> 19491 | ... AC23: =AC24+AC25+AC26+AC27 -> 19348
D24: 무선 | R24: 7588 | S24: 20682 | T24: 10591 | U24: 14687 | V24: 30235 | W24: 15026 | X24: 28501 | Y24: 13256 | Z24: 23139 | AA24: 14766 | AB24: 11138 | AC24: 12178
D25: 유선(I) | R25: 694 | S25: 716 | T25: 737 | U25: 694 | V25: 908 | W25: 632 | X25: 556 | Y25: 841 | Z25: 837 | AA25: 651 | AB25: 777 | AC25: 703
D26: 유선(TV) | R26: 505 | S26: 492 | T26: 369 | U26: 320 | V26: 339 | W26: 258 | X26: 278 | Y26: 380 | Z26: 369 | AA26: 331 | AB26: 375 | AC26: 341
D27: H.C | R27: 2055 | S27: 3398 | T27: 2659 | U27: 2574 | V27: 3004 | W27: 3029 | X27: 5449 | Y27: 5014 | Z27: 7479 | AA27: 5659 | AB27: 5287 | AC27: 6126
B28: 디지털 순증 | D28: 계 | R28: =R29+R30+R31+R32 -> 2019 | S28: =S29+S30+S31+S32 -> 11192 | T28: =T29+T30+T31+T32 -> 4197 | U28: =U29+U30+U31+U32 -> 8488 | V28: =V29+V30+V31+V32 -> 23775 | W28: =W29+W30+W31+W32 -> 8966 | X28: =X29+X30+X31+X32 -> 19275 | Y28: =Y29+Y30+Y31+Y32 -> 3918 | ... AC28: =AC29+AC30+AC31+AC32 -> 1926
D29: 무선 | R29: -2362 | S29: -4920 | T29: -2760 | U29: -2798 | V29: -2737 | W29: -2460 | X29: -3459 | Y29: -3621 | Z29: -4808 | AA29: -4206 | AB29: -3887 | AC29: -3324
D30: 유선(I) | R30: -667 | S30: -697 | T30: -656 | U30: -570 | V30: -597 | W30: -435 | X30: -263 | Y30: -547 | Z30: -542 | AA30: -539 | AB30: -632 | AC30: -573
D31: 유선(TV) | R31: -485 | S31: -485 | T31: -326 | U31: -258 | V31: -126 | W31: -139 | X31: -55 | Y31: -156 | Z31: -144 | AA31: -253 | AB31: -250 | AC31: -229
D32: H.C | R32: 5533 | S32: 17294 | T32: 7939 | U32: 12114 | V32: 27235 | W32: 12000 | X32: 23052 | Y32: 8242 | Z32: 15660 | AA32: 9107 | AB32: 5851 | AC32: 6052
B33: 디지털 해지율 | D33: 계 | R33: =AVERAGE(R34:R37) -> 0.050868987 | S33: =AVERAGE(S34:S37) -> 0.087017926 | T33: =AVERAGE(T34:T37) -> 0.059296921 | U33: =AVERAGE(U34:U37) -> 0.068786405 | V33: =AVERAGE(V34:V37) -> 0.11810689 | W33: =AVERAGE(W34:W37) -> 0.069865131 | X33: =AVERAGE(X34:X37) -> 0.11132522 | Y33: =AVERAGE(Y34:Y37) -> 0.081639956 | ... AC33: =AVERAGE(AC34:AC37) -> 0.090259267
D34: 무선 | R34: =R24/R14 -> 0.070831816 | S34: =S24/S14 -> 0.20235405 | T34: =T24/T14 -> 0.10649894 | U34: =U24/U14 -> 0.15196226 | V34: =V24/V14 -> 0.32195034 | W34: =W24/W14 -> 0.16430477 | X34: =X24/X14 -> 0.32390076 | Y34: =Y24/Y14 -> 0.15711373 | ... AC34: =AC24/AC14 -> 0.17870192
D35: 유선(I) | R35: =R25/R15 -> 0.052401087 | S35: =S25/S15 -> 0.057065434 | T35: =T25/T15 -> 0.061979648 | U35: =U25/U15 -> 0.061302005 | V35: =V25/V15 -> 0.084669899 | W35: =W25/W15 -> 0.061424823 | X35: =X25/X15 -> 0.055455815 | Y35: =Y25/Y15 -> 0.088722439 | ... AC35: =AC25/AC15 -> 0.097733908
D36: 유선(TV) | R36: =R26/R16 -> 0.065507848 | S36: =S26/S16 -> 0.066975225 | T36: =T26/T16 -> 0.052564103 | U36: =U26/U16 -> 0.047323277 | V36: =V26/V16 -> 0.051084991 | W36: =W26/W16 -> 0.039710636 | X36: =X26/X16 -> 0.0431543 | Y36: =Y26/Y16 -> 0.060451798 | ... AC36: =AC26/AC16 -> 0.063031423
D37: H.C | R37: =R27/R17 -> 0.014735197 | S37: =S27/S17 -> 0.021677001 | T37: =T27/T17 -> 0.016144995 | U37: =U27/U17 -> 0.014558082 | V37: =V27/V17 -> 0.014722315 | W37: =W27/W17 -> 0.014020292 | X37: =X27/X17 -> 0.022790009 | Y37: =Y27/Y17 -> 0.020271855 | ... AC37: =AC27/AC17 -> 0.021569815
B38: ARPU | D38: 계 | R38: 0 | S38: 0 | T38: 0 | U38: 0 | V38: 0
D39: 무선 | R39: =R12*100000000/R17/0.022*1.1 -> 36569.101 | S39: =S12*100000000/S17/0.022*1.1 -> 35405.343 | T39: =T12*100000000/T17/0.022*1.1 -> 36430.978 | U39: =U12*100000000/U17/0.022*1.1 -> 35538.349 | V39: =V12*100000000/V17/0.022*1.1 -> 32455.49 | W39: =W12*100000000/W17/0.022*1.1 -> 35323.594 | X39: =X12*100000000/X17/0.022*1.1 -> 34574.62 | Y39: =Y12*100000000/Y17/0.022*1.1 -> 36959.67 | ... AC39: =AC12*100000000/AC17/0.022*1.1 -> 38744.381

Sheet 디지털 보고서
B2: □ 디지털영업팀 연도별 관리수수료 현황
B4: 구분 | C4: 무선 월평균 CAPA | D4: 영업이익 | E4: 무선 ⓐ | F4: 유선 ⓑ | G4: h/c ⓒ | H4: 관리수수료합계 ⓐ+ⓑ+ⓒ | I4: 전년대비 GAP
B5: '22년 | C5: 6809.75 | D5: 12.935202 | E5: =H5-F5 -> 53.610863 | F5: 5.7225391 | H5: =SUM('관리수수료 트렌드 정리'!E51:E62) -> 59.333402
B6: '23년 | C6: 6941.8333 | D6: 11.982974 | E6: =H6-F6 -> 63.488064 | F6: 6.4427523 | H6: =SUM('관리수수료 트렌드 정리'!E63:E74) -> 69.930816 | I6: 10.597414
B7: '24년 | C7: 11501.833 | D7: 29.884391 | E7: 56.75107 | F7: 5.7589303 | G7: 6.39 | H7: 68.9 | I7: =H7-H6 -> -1.0308161 | J7: ※ '24년 하반기 kt닷컴 100% 위탁채널 운영
B8: '25년 | C8: 16814.099 | D8: 67.52742 | E8: 37.497677 | F8: 3.2788239 | G8: 19.263995 | H8: 60.040496 | I8: =H8-H7 -> -8.8595038
B9: '26년 (E) | C9: - | D9: - | E9: 16.21483 | F9: 1.22519 | G9: 35.475099 | H9: =G9+E9+F9 -> 52.915119 | I9: =H9-H8 -> -7.1253774 | J9: ※ 월 1.5만명 순증 가정 ('25년은 월 1.3만명 순증)
B10: '27년 (E) | C10: - | D10: - | E10: 5.7061473 | F10: 0.48491771 | G10: 40.344925 | H10: =G10+E10+F10 -> 46.53599 | I10: =H10-H9 -> -6.379129

Sheet B2B
B28: 구분 | E28: 2501 | F28: 2502 | G28: 2503 | H28: 2504 | I28: 2505 | J28: 2506 | K28: 2507 | L28: 2508 | M28: 2509 | N28: 2510 | O28: 2511 | P28: 2512 | Q28: 25년 누적 | R28: 25년 월평균
B29: B2B 관리수수료 | D29: 계 | E29: 4.45 | F29: 4.7350947 | G29: 4.4937317 | H29: 4.546 | I29: 4.511971 | J29: =J30+J31+J32 -> 4.5228446 | K29: =K30+K31+K32 -> 4.5591553 | L29: =L30+L31+L32 -> 4.5047222 | M29: =M30+M31+M32 -> 4.4754844 | N29: =N30+N31+N32 -> 4.4497158 | Q29: 18.224826 | R29: 4.5473595
D30: 무선(기업) | E30: 0.73734386 | F30: 0.76166844 | G30: 0.78473401 | H30: 0.75961358 | I30: 0.7778761 | J30: ='관리수수료 트렌드 정리'!K92 -> 0.78612916 | K30: 0.79226199 | L30: 0.75600208 | M30: 0.82172073 | N30: 0.79567099 | Q30: 7.9797515 | R30: 2.0236441
D31: 무선(IOT) | E31: 1.2326561 | F31: 1.2538874 | G31: 1.1794617 | H31: 1.2703864 | I31: 1.3605929 | J31: 1.2250515 | K31: 1.3466218 | L31: 1.3913802 | M31: 1.2333118 | N31: 1.4005094
D32: 무선(Biz) | E32: 2.48 | F32: 2.7195389 | G32: 2.529536 | H32: 2.516 | I32: 2.373502 | J32: ='관리수수료 트렌드 정리'!M92 -> 2.5116639 | K32: 2.4202715 | L32: 2.3573399 | M32: 2.4204519 | N32: 2.2535354 | Q32: 10.245075 | R32: 2.5237154
B33: B2B 가입자 | D33: 계 | E33: 486653 | F33: 482010 | G33: 477062 | H33: 481234 | I33: 482509 | J33: =J34+J35 -> 476942 | K33: =K34+K35 -> 478557 | L33: =L34+L35 -> 474878 | M33: =M34+M35 -> 478399 | N33: =N34+N35 -> 473394 | Q33: 1926959
D34: 무선(IOT) | E34: 357535 | F34: 354197 | G34: 348912 | H34: 353944 | I34: 355534 | J34: 351173 | K34: 351748 | L34: 350150 | M34: 354955 | N34: 352521 | Q34: 1414588
D35: 무선(Biz) | E35: 129118 | F35: 127813 | G35: 128150 | H35: 127290 | I35: 126975 | J35: 125769 | K35: 126809 | L35: 124728 | M35: 123444 | N35: 120873 | Q35: 512371
B36: B2B CAPA | D36: 계 | E36: =E37+E38 -> 7461 | F36: =F37+F38 -> 5864 | G36: =G37+G38 -> 6401 | H36: =H37+H38 -> 13910 | I36: =I37+I38 -> 10271 | J36: =J37+J38 -> 9666 | K36: =K37+K38 -> 11848 | L36: =L37+L38 -> 7080 | ... N36: =N37+N38 -> 8388 | Q36: =SUM(D36:H36) -> 33636
D37: 무선(IOT) | E37: 5549 | F37: 3086 | G37: 2916 | H37: 11432 | I37: 7680 | J37: 7724 | K37: 6988 | L37: 5537 | M37: 8871 | N37: 3123 | Q37: =SUM(D37:H37) -> 22983
D38: 무선(Biz) | E38: 1912 | F38: 2778 | G38: 3485 | H38: 2478 | I38: 2591 | J38: 1942 | K38: 4860 | L38: 1543 | M38: 2494 | N38: 5265 | Q38: =SUM(D38:H38) -> 10653
B39: B2B 해지 | D39: 계 | E39: =(E40+E41)+699 -> 3156 | F39: =(F40+F41)+829 -> 4152 | G39: =(G40+G41)+626 -> 3774 | H39: =(H40+H41)+609 -> 3947 | I39: =(I40+I41)+631 -> 3537 | Q39: =(SUM(D39:H39))+2763 -> 17792
D40: 무선 | E40: 2457 | F40: 3323 | G40: 3148 | H40: 3338 | I40: 2906 | J40: -1206 | Q40: =(SUM(D40:H40))+2763 -> 15029
D41: 유선 | Q41: =(SUM(D41:H41))+0 -> 0
B42: B2B 순증 | D42: 계 | E42: =E43+E44 -> -1724 | F42: =F43+F44 -> -3883 | G42: =G43+G44 -> -4948 | H42: =H43+H44 -> 4172 | I42: =I43+I44 -> 1275 | J42: =J43+J44 -> -5567 | K42: =K43+K44 -> 1656 | L42: =L43+L44 -> -3679 | ... N42: =N43+N44 -> -5005 | Q42: =(SUM(D42:H42))+2763 -> -3620
D43: 무선(IOT) | E43: -1179 | F43: -3338 | G43: -5285 | H43: 5032 | I43: 1590 | J43: -4361 | K43: 616 | L43: -1598 | M43: 4805 | N43: -2434 | Q43: =(SUM(D43:H43))+2763 -> -2007
D44: 무선(Biz) | E44: -545 | F44: -545 | G44: 337 | H44: -860 | I44: -315 | J44: -1206 | K44: 1040 | L44: -2081 | M44: -1284 | N44: -2571 | Q44: =(SUM(D44:H44))+0 -> -1613
B45: B2B ARPU | D45: 계 | E45: =(E46+E47)+699 -> 699 | F45: =(F46+F47)+829 -> 829 | G45: =(G46+G47)+626 -> 626 | H45: =(H46+H47)+609 -> 609 | I45: =(I46+I47)+631 -> 631 | Q45: =(SUM(D45:H45))+2763 -> 5526
D46: 무선(IOT) | Q46: =(SUM(D46:H46))+2763 -> 2763
D47: 무선(Biz) | Q47: =(SUM(D47:H47))+0 -> 0

Sheet B2B(E)
S2: =S11/R11-1 -> -0.0093372196 | T2: =T11/S11-1 -> -0.014922802 | U2: =U11/T11-1 -> 0.014420803 | V2: =V11/U11-1 -> 0.0044927692 | W2: =W11/V11-1 -> -0.012264692
S3: =S12/R12-1 -> -0.005325613 | T3: =T12/S12-1 -> 0.0049085486 | U3: =U12/T12-1 -> -0.0033255142 | V3: =V12/U12-1 -> -0.0033653122 | W3: =W12/V12-1 -> -0.0050974124
B4: 구분 | E4: 2401 | F4: 2402 | G4: 2403 | H4: 2404 | I4: 2405 | J4: 2406 | K4: 2407 | L4: 2408 | M4: 2409 | N4: 2410 | O4: 2411 | P4: 2412 | R4: 2501 | S4: 2502 | T4: 2503 | U4: 2504 | V4: 2505 | W4: 2506 | X4: 2507 | Y4: 2508 | Z4: 2509 | AA4: 2510 | AB4: 2511 | AC4: 2512 | AE4: 2601 | AF4: 2602 | AG4: 2603 | AH4: 2604 | AI4: 2605 | AJ4: 2606 | AK4: 2607 | AL4: 2608 | AM4: 2609 | AN4: 2610 | AO4: 2611 | AP4: 2612 | AQ4: 25년 누적 | AR4: 25년 월평균
B5: B2B 관리수수료 | D5: 계 | E5: =E6+E7+E8 -> 5.3595323 | F5: =F6+F7+F8 -> 5.0397463 | G5: =G6+G7+G8 -> 4.9948352 | H5: =H6+H7+H8 -> 5.5564696 | I5: =I6+I7+I8 -> 5.0182843 | J5: =J6+J7+J8 -> 4.693901 | K5: =K6+K7+K8 -> 5.1975374 | L5: =L6+L7+L8 -> 4.7080901 | ... P5: =P6+P7+P8 -> 4.9328843 | R5: =R6+R7+R8 -> 4.4528654 | S5: =S6+S7+S8 -> 4.735097 | T5: =T6+T7+T8 -> 4.4937317 | U5: =U6+U7+U8 -> 4.5521414 | V5: =V6+V7+V8 -> 4.511971 | W5: =W6+W7+W8 -> 4.5228446 | X5: =X6+X7+X8 -> 4.5591553 | Y5: =Y6+Y7+Y8 -> 4.5047222 | ... AC5: =AC6+AC7+AC8 -> 4.5471746 | AQ5: =SUM(R5:AC5) -> 54.121058 | AR5: 4.5473595
D6: 무선(기업) | E6: 0.84672805 | F6: 0.86403094 | G6: 0.86587024 | H6: 0.87979508 | I6: 0.83742289 | J6: 0.8045058 | K6: 0.87871839 | L6: 0.81494535 | M6: 0.86559211 | N6: 0.77988013 | O6: 0.72571922 | P6: 0.8796414 | R6: 0.74020927 | S6: 0.76167078 | T6: 0.78473401 | U6: 0.765755 | V6: 0.7778761 | W6: 0.78612916 | X6: 0.79226199 | Y6: 0.75600208 | Z6: 0.82172073 | AA6: 0.79567099 | AB6: 0.74581199 | AC6: 0.83801901 | AQ6: 7.9797515 | AR6: 2.0236441
D7: 무선(IOT) | E7: 1.3854033 | F7: 1.3506255 | G7: 1.2836512 | H7: 1.6030569 | I7: 1.38215 | J7: 1.2479197 | K7: 1.4467061 | L7: 1.2666399 | M7: 1.4003467 | N7: 1.5316972 | O7: 1.1048997 | P7: 1.3993429 | R7: 1.2326561 | S7: 1.2538874 | T7: 1.1794617 | U7: 1.2703864 | V7: 1.3605929 | W7: 1.2250515 | X7: 1.3466218 | Y7: 1.3913802 | Z7: 1.2333118 | AA7: 1.4005094 | AB7: 1.3080167 | AC7: 1.3864106
D8: 무선(Biz) | E8: 3.127401 | F8: 2.8250899 | G8: 2.8453138 | H8: 3.0736176 | I8: 2.7987114 | J8: 2.6414755 | K8: 2.872113 | L8: 2.6265048 | M8: 2.7846919 | N8: 2.7036336 | O8: 2.60638 | P8: 2.6539 | R8: 2.48 | S8: 2.7195389 | T8: 2.529536 | U8: 2.516 | V8: 2.373502 | W8: 2.5116639 | X8: 2.4202715 | Y8: 2.3573399 | Z8: 2.4204519 | AA8: 2.2535354 | AB8: 2.2623261 | AC8: 2.3227449 | AQ8: 10.245075 | AR8: 2.5237154
B9: B2B 가입자 | D9: 계 | R9: =R11+R12 -> 497384 | S9: =S11+S12 -> 493301 | T9: =T11+T12 -> 488699 | U9: =U11+U12 -> 493265 | V9: =V11+V12 -> 494386 | W9: =W11+W12 -> 489318 | X9: =X11+X12 -> 491342 | Y9: =Y11+Y12 -> 487495 | ... AC9: =AC11+AC12 -> 487383 | AQ9: 1926959
D10: 무선(기업) | E10: 69819 | F10: 70497 | G10: 69604 | H10: 70496 | I10: 70512 | J10: 71019 | K10: 71931 | L10: 73614 | M10: 73927 | N10: 72831 | O10: 69375 | P10: 69557 | R10: 69440 | S10: 71785 | T10: 72489 | U10: 72901 | V10: 73636 | W10: 74477 | X10: 74324 | Y10: 73533 | Z10: 73726 | AA10: 71553 | AB10: 73743 | AC10: 72195
D11: 무선(IOT) | E11: 423833 | F11: 407264 | G11: 406670 | H11: 387181 | I11: 374888 | J11: 374994 | K11: 370613 | L11: 362922 | M11: 360866 | N11: 360052 | O11: 354868 | P11: 356356 | R11: 357494 | S11: 354156 | T11: 348871 | U11: 353902 | V11: 355492 | W11: 351132 | X11: 351748 | Y11: 350150 | Z11: 354955 | AA11: 352521 | AB11: 351881 | AC11: 352210 | AQ11: 1414588
D12: 무선(Biz) | E12: 142699 | F12: 142186 | G12: 141903 | H12: 142212 | I12: 141078 | J12: 141383 | K12: 141716 | L12: 141717 | M12: 141678 | N12: 141024 | O12: 140800 | P12: 140257 | R12: 139890 | S12: 139145 | T12: 139828 | U12: 139363 | V12: 138894 | W12: 138186 | X12: 139594 | Y12: 137345 | Z12: 136452 | AA12: 135631 | AB12: 134831 | AC12: 135173 | AQ12: 512371
B13: B2B CAPA | D13: 계 | R13: =R15+R16 -> 7269 | S13: =S15+S16 -> 4773 | T13: =T15+T16 -> 5397 | U13: =U15+U16 -> 13975 | V13: =V15+V16 -> 10079 | W13: =W15+W16 -> 9931 | X13: =X15+X16 -> 11731 | Y13: =Y15+Y16 -> 7708 | ... AC13: =AC15+AC16 -> 8470 | AQ13: =SUM(D13:U13) -> 31414
D14: 무선(기업) | E14: 1302 | F14: 1187 | G14: 1136 | H14: 907 | I14: 373 | J14: 911 | K14: 1337 | L14: 2104 | M14: 736 | N14: 998 | O14: 954 | P14: 905 | R14: 1063 | S14: 2930 | T14: 2445 | U14: 1082 | V14: 1587 | W14: 1327 | X14: 1343 | Y14: 1008 | Z14: 1327 | AA14: 733 | AB14: 4076 | AC14: 1621
D15: 무선(IOT) | E15: 10975 | F15: 3910 | G15: 5347 | H15: 2829 | I15: 5359 | J15: 4278 | K15: 5171 | L15: 5224 | M15: 3683 | N15: 4845 | O15: 5666 | P15: 6485 | R15: 5549 | S15: 3086 | T15: 2916 | U15: 11432 | V15: 7680 | W15: 7724 | X15: 6988 | Y15: 5537 | Z15: 8871 | AA15: 3123 | AB15: 4673 | AC15: 4972 | AQ15: =SUM(D15:U15) -> 86755
D16: 무선(Biz) | E16: 1414 | F16: 2049 | G16: 1651 | H16: 2327 | I16: 1669 | J16: 2010 | K16: 1965 | L16: 1339 | M16: 1920 | N16: 1181 | O16: 1504 | P16: 1726 | R16: 1720 | S16: 1687 | T16: 2481 | U16: 2543 | V16: 2399 | W16: 2207 | X16: 4743 | Y16: 2171 | Z16: 2229 | AA16: 1830 | AB16: 1890 | AC16: 3498 | AQ16: =SUM(D16:U16) -> 29186
B17: B2B 해지 | D17: 계 | R17: 3156 | S17: 4152 | T17: 3774 | U17: 3947 | V17: 3537 | AQ17: =(SUM(D17:U17))+2763 -> 17792
D18: 무선 | R18: 2457 | S18: 3323 | T18: 3148 | U18: 3338 | V18: 2906 | W18: -1206 | AQ18: =(SUM(D18:U18))+2763 -> 15029
D19: 유선 | AQ19: =(SUM(D19:U19))+0 -> 0
B20: B2B 순증 | D20: 계 | R20: =R22+R23 -> 771 | S20: =S22+S23 -> -4083 | T20: =T22+T23 -> -4602 | U20: =U22+U23 -> 4566 | V20: =V22+V23 -> 1121 | W20: =W22+W23 -> -5068 | X20: =X22+X23 -> 2024 | Y20: =Y22+Y23 -> -3847 | ... AC20: =AC22+AC23 -> 671 | AQ20: =(SUM(D20:U20))+2763 -> -585
D21: 무선(기업) | F21: =F10-E10 -> 678 | G21: =G10-F10 -> -893 | H21: =H10-G10 -> 892 | I21: =I10-H10 -> 16 | J21: =J10-I10 -> 507 | K21: =K10-J10 -> 912 | L21: =L10-K10 -> 1683 | M21: =M10-L10 -> 313 | ... P21: =P10-O10 -> 182 | R21: =R10-P10 -> -117 | S21: =S10-R10 -> 2345 | T21: =T10-S10 -> 704 | U21: =U10-T10 -> 412 | V21: =V10-U10 -> 735 | W21: =W10-V10 -> 841 | X21: =X10-W10 -> -153 | Y21: =Y10-X10 -> -791 | Z21: =Z10-Y10 -> 193 | ... AC21: =AC10-AB10 -> -1548
D22: 무선(IOT) | F22: =F11-E11 -> -16569 | G22: =G11-F11 -> -594 | H22: =H11-G11 -> -19489 | I22: =I11-H11 -> -12293 | J22: =J11-I11 -> 106 | K22: =K11-J11 -> -4381 | L22: =L11-K11 -> -7691 | M22: =M11-L11 -> -2056 | ... P22: =P11-O11 -> 1488 | R22: =R11-P11 -> 1138 | S22: =S11-R11 -> -3338 | T22: =T11-S11 -> -5285 | U22: =U11-T11 -> 5031 | V22: =V11-U11 -> 1590 | W22: =W11-V11 -> -4360 | X22: =X11-W11 -> 616 | Y22: =Y11-X11 -> -1598 | Z22: =Z11-Y11 -> 4805 | ... AC22: =AC11-AB11 -> 329 | AQ22: =(SUM(D22:U22))+2763 -> -67168
D23: 무선(Biz) | F23: =F12-E12 -> -513 | G23: =G12-F12 -> -283 | H23: =H12-G12 -> 309 | I23: =I12-H12 -> -1134 | J23: =J12-I12 -> 305 | K23: =K12-J12 -> 333 | L23: =L12-K12 -> 1 | M23: =M12-L12 -> -39 | ... P23: =P12-O12 -> -543 | R23: =R12-P12 -> -367 | S23: =S12-R12 -> -745 | T23: =T12-S12 -> 683 | U23: =U12-T12 -> -465 | V23: =V12-U12 -> -469 | W23: =W12-V12 -> -708 | X23: =X12-W12 -> 1408 | Y23: =Y12-X12 -> -2249 | Z23: =Z12-Y12 -> -893 | ... AC23: =AC12-AB12 -> 342 | AQ23: =(SUM(D23:U23))+0 -> -3336
B24: B2B ARPU | D24: 계 | R24: =AVERAGE(R26:R27) -> 13702.287 | S24: =AVERAGE(S26:S27) -> 14937.44 | T24: =AVERAGE(T26:T27) -> 13893.088 | U24: =AVERAGE(U26:U27) -> 14004.442 | V24: =AVERAGE(V26:V27) -> 13533.842 | W24: =AVERAGE(W26:W27) -> 14018.418 | X24: =AVERAGE(X26:X27) -> 13695.844 | Y24: =AVERAGE(Y26:Y27) -> 13677.081 | ... AC24: =AVERAGE(AC26:AC27) -> 13665.763 | AQ24: =(SUM(D24:U24))+2763 -> 59300.256
D25: 무선(기업) | F25: =(F6)*100000000/F10/0.085*1.1 -> 15861.068 | G25: =(G6)*100000000/G10/0.085*1.1 -> 16098.758 | H25: =(H6)*100000000/H10/0.085*1.1 -> 16150.68 | I25: =(I6)*100000000/I10/0.085*1.1 -> 15369.352 | J25: =(J6)*100000000/J10/0.085*1.1 -> 14659.812 | K25: =(K6)*100000000/K10/0.085*1.1 -> 15809.108 | L25: =(L6)*100000000/L10/0.085*1.1 -> 14326.557 | M25: =(M6)*100000000/M10/0.085*1.1 -> 15152.489 | ... P25: =(P6)*100000000/P10/0.085*1.1 -> 16365.85 | R25: =(R6)*100000000/R10/0.085*1.1 -> 13794.9 | S25: =(S6)*100000000/S10/0.085*1.1 -> 13731.164 | T25: =(T6)*100000000/T10/0.085*1.1 -> 14009.548 | U25: =(U6)*100000000/U10/0.085*1.1 -> 13593.463 | V25: =(V6)*100000000/V10/0.085*1.1 -> 13670.802 | W25: =(W6)*100000000/W10/0.085*1.1 -> 13659.836 | X25: =(X6)*100000000/X10/0.085*1.1 -> 13794.74 | Y25: =(Y6)*100000000/Y10/0.085*1.1 -> 13304.987 | ... AC25: =(AC6)*100000000/AC10/0.085*1.1 -> 15021.749
D26: 무선(IOT) | F26: =(F7)*100000000/F11/0.085*1.1 -> 4291.7329 | G26: =(G7)*100000000/G11/0.085*1.1 -> 4084.8739 | H26: =(H7)*100000000/H11/0.085*1.1 -> 5358.0735 | I26: =(I7)*100000000/I11/0.085*1.1 -> 4771.1975 | J26: =(J7)*100000000/J11/0.085*1.1 -> 4306.6154 | K26: =(K7)*100000000/K11/0.085*1.1 -> 5051.6519 | L26: =(L7)*100000000/L11/0.085*1.1 -> 4516.6209 | M26: =(M7)*100000000/M11/0.085*1.1 -> 5021.8458 | ... P26: =(P7)*100000000/P11/0.085*1.1 -> 5081.7563 | R26: =(R7)*100000000/R11/0.085*1.1 -> 4462.1786 | S26: =(S7)*100000000/S11/0.085*1.1 -> 4581.8164 | T26: =(T7)*100000000/T11/0.085*1.1 -> 4375.1479 | U26: =(U7)*100000000/U11/0.085*1.1 -> 4645.4371 | V26: =(V7)*100000000/V11/0.085*1.1 -> 4953.0434 | W26: =(W7)*100000000/W11/0.085*1.1 -> 4514.9994 | X26: =(X7)*100000000/X11/0.085*1.1 -> 4954.3624 | Y26: =(Y7)*100000000/Y11/0.085*1.1 -> 5142.3951 | ... AC26: =(AC7)*100000000/AC11/0.085*1.1 -> 5094.0588 | AQ26: =(SUM(D26:U26))+2763 -> 72846.556
D27: 무선(Biz) | F27: =(F8)*100000000/F12/0.085*1.1 -> 25712.789 | G27: =(G8)*100000000/G12/0.085*1.1 -> 25948.506 | H27: =(H8)*100000000/H12/0.085*1.1 -> 27969.671 | I27: =(I8)*100000000/I12/0.085*1.1 -> 25672.762 | J27: =(J8)*100000000/J12/0.085*1.1 -> 24178.155 | K27: =(K8)*100000000/K12/0.085*1.1 -> 26227.469 | L27: =(L8)*100000000/L12/0.085*1.1 -> 23984.463 | M27: =(M8)*100000000/M12/0.085*1.1 -> 25435.981 | ... P27: =(P8)*100000000/P12/0.085*1.1 -> 24486.898 | R27: =(R8)*100000000/R12/0.085*1.1 -> 22942.396 | S27: =(S8)*100000000/S12/0.085*1.1 -> 25293.063 | T27: =(T8)*100000000/T12/0.085*1.1 -> 23411.028 | U27: =(U8)*100000000/U12/0.085*1.1 -> 23363.447 | V27: =(V8)*100000000/V12/0.085*1.1 -> 22114.64 | W27: =(W8)*100000000/W12/0.085*1.1 -> 23521.837 | X27: =(X8)*100000000/X12/0.085*1.1 -> 22437.326 | Y27: =(Y8)*100000000/Y12/0.085*1.1 -> 22211.767 | ... AC27: =(AC8)*100000000/AC12/0.085*1.1 -> 22237.467 | AQ27: =(SUM(D27:U27))+0 -> 373392.43
A31: 구분 | C31: 2401 | D31: 2402 | E31: 2403 | F31: 2404 | G31: 2405 | H31: 2406 | I31: 2407 | J31: 2408 | K31: 2409 | L31: 2410 | M31: 2411 | N31: 2412 | O31: 2501 | P31: 2502 | Q31: 2503 | R31: 2504 | S31: 2505 | T31: 2506 | U31: 2507 | V31: 2508 | W31: 2509 | X31: 2510 | Y31: 2511 | Z31: 2512
A32: 가입자 | B32: 기업 | C32: 410269 | D32: 394972 | E32: 394521 | F32: 385372 | G32: 384226 | H32: 386352 | I32: 384369 | J32: 380085 | K32: 379911 | L32: 380237 | M32: 374182 | N32: 377421 | O32: 378925 | P32: 378643 | Q32: 374600 | R32: 380744 | S32: 384484 | T32: 381649 | U32: 382463 | V32: 382832 | W32: 388377 | X32: 384285 | Y32: 386173 | Z32: 385476
B33: 공공 | C33: 226039 | D33: 224932 | E33: 223613 | F33: 214474 | G33: 202209 | H33: 201002 | I33: 199849 | J33: 198126 | K33: 196518 | L33: 193627 | M33: 190819 | N33: 188707 | O33: 187899 | P33: 186443 | Q33: 186588 | R33: 185422 | S33: 183538 | T33: 182146 | U33: 183162 | V33: 178170 | W33: 176730 | X33: 175393 | Y33: 174255 | Z33: 174075
B34: 계 | C34: =C32+C33 -> 636308 | D34: =D32+D33 -> 619904 | E34: =E32+E33 -> 618134 | F34: =F32+F33 -> 599846 | G34: =G32+G33 -> 586435 | H34: =H32+H33 -> 587354 | I34: =I32+I33 -> 584218 | J34: =J32+J33 -> 578211 | ... Z34: =Z32+Z33 -> 559551
B35: iot | C35: 340450 | D35: 324475 | E35: 324917 | F35: 314876 | G35: 313714 | H35: 315333 | I35: 312438 | J35: 306471 | K35: 305984 | L35: 307406 | M35: 304807 | N35: 307864 | O35: 309485 | P35: 306858 | Q35: 302111 | R35: 307843 | S35: 310848 | T35: 307172 | U35: 308139 | V35: 309299 | W35: 314651 | X35: 312732 | Y35: 312430 | Z35: 313281
C36: 83340 | D36: 82746 | E36: 81710 | F36: 72262 | G36: 61131 | H36: 59619 | I36: 58133 | J36: 56409 | K36: 54840 | L36: 52603 | M36: 50019 | N36: 48450 | O36: 48009 | P36: 47298 | Q36: 46760 | R36: 46059 | S36: 44644 | T36: 43960 | U36: 43568 | V36: 40825 | W36: 40278 | X36: 39762 | Y36: 39424 | Z36: 38902
B37: 계 | C37: =C35+C36 -> 423790 | D37: =D35+D36 -> 407221 | E37: =E35+E36 -> 406627 | F37: =F35+F36 -> 387138 | G37: =G35+G36 -> 374845 | H37: =H35+H36 -> 374952 | I37: =I35+I36 -> 370571 | J37: =J35+J36 -> 362880 | ... Z37: =Z35+Z36 -> 352183
B38: 기업 | C38: =C32-C35 -> 69819 | D38: =D32-D35 -> 70497 | E38: =E32-E35 -> 69604 | F38: =F32-F35 -> 70496 | G38: =G32-G35 -> 70512 | H38: =H32-H35 -> 71019 | I38: =I32-I35 -> 71931 | J38: =J32-J35 -> 73614 | ... Z38: =Z32-Z35 -> 72195
B39: 공공 | C39: =C33-C36 -> 142699 | D39: =D33-D36 -> 142186 | E39: =E33-E36 -> 141903 | F39: =F33-F36 -> 142212 | G39: =G33-G36 -> 141078 | H39: =H33-H36 -> 141383 | I39: =I33-I36 -> 141716 | J39: =J33-J36 -> 141717 | ... Z39: =Z33-Z36 -> 135173
A40: 신규 | B40: 기업 | C40: 11956 | D40: 4629 | E40: 6114 | F40: 3599 | G40: 5579 | H40: 5070 | I40: 6405 | J40: 7236 | K40: 4315 | L40: 5762 | M40: 6542 | N40: 7366 | O40: 6605 | P40: 5979 | Q40: 5312 | R40: 12478 | S40: 9266 | T40: 9012 | U40: 8296 | V40: 6529 | W40: 10189 | X40: 3821 | Y40: 8697 | Z40: 6553
B41: 공공 | C41: 1735 | D41: 2517 | E41: 2020 | F41: 2464 | G41: 1822 | H41: 2129 | I41: 2068 | J41: 1431 | K41: 2024 | L41: 1262 | M41: 1582 | N41: 1750 | O41: 1727 | P41: 1724 | Q41: 2530 | R41: 2579 | S41: 2400 | T41: 2246 | U41: 4778 | V41: 2187 | W41: 2238 | X41: 1865 | Y41: 1942 | Z41: 3538
B42: 계 | C42: =C40+C41 -> 13691 | D42: =D40+D41 -> 7146 | E42: =E40+E41 -> 8134 | F42: =F40+F41 -> 6063 | G42: =G40+G41 -> 7401 | H42: =H40+H41 -> 7199 | I42: =I40+I41 -> 8473 | J42: =J40+J41 -> 8667 | ... Z42: =Z40+Z41 -> 10091
B43: iot | C43: 10654 | D43: 3442 | E43: 4978 | F43: 2692 | G43: 5206 | H43: 4159 | I43: 5068 | J43: 5132 | K43: 3579 | L43: 4764 | M43: 5588 | N43: 6461 | O43: 5542 | P43: 3049 | Q43: 2867 | R43: 11396 | S43: 7679 | T43: 7685 | U43: 6953 | V43: 5521 | W43: 8862 | X43: 3088 | Y43: 4621 | Z43: 4932
C44: 321 | D44: 468 | E44: 369 | F44: 137 | G44: 153 | H44: 119 | I44: 103 | J44: 92 | K44: 104 | L44: 81 | M44: 78 | N44: 24 | O44: 7 | P44: 37 | Q44: 49 | R44: 36 | S44: 1 | T44: 39 | U44: 35 | V44: 16 | W44: 9 | X44: 35 | Y44: 52 | Z44: 40
B45: 계 | C45: =C43+C44 -> 10975 | D45: =D43+D44 -> 3910 | E45: =E43+E44 -> 5347 | F45: =F43+F44 -> 2829 | G45: =G43+G44 -> 5359 | H45: =H43+H44 -> 4278 | I45: =I43+I44 -> 5171 | J45: =J43+J44 -> 5224 | ... Z45: =Z43+Z44 -> 4972
B46: 기업 | C46: =C40-C43 -> 1302 | D46: =D40-D43 -> 1187 | E46: =E40-E43 -> 1136 | F46: =F40-F43 -> 907 | G46: =G40-G43 -> 373 | H46: =H40-H43 -> 911 | I46: =I40-I43 -> 1337 | J46: =J40-J43 -> 2104 | ... Z46: =Z40-Z43 -> 1621
B47: 공공 | C47: =C41-C44 -> 1414 | D47: =D41-D44 -> 2049 | E47: =E41-E44 -> 1651 | F47: =F41-F44 -> 2327 | G47: =G41-G44 -> 1669 | H47: =H41-H44 -> 2010 | I47: =I41-I44 -> 1965 | J47: =J41-J44 -> 1339 | ... Z47: =Z41-Z44 -> 3498
A48: 순증 | B48: 기업
B49: 공공
B50: 계
B51: iot
B53: 계
B54: 기업
B55: 공공

Sheet 소상공인
B3: 구분 | E3: 2501 | F3: 2502 | G3: 2503 | H3: 2504 | I3: 2505 | J3: 2506 | K3: 2507 | L3: 2508 | M3: 2509 | N3: 2510 | O3: 2511 | P3: 2512 | Q3: 25년 누적 | R3: 25년 월평균
B4: 소상공인 관리수수료 | D4: 계 | E4: 1.2 | F4: 1.364172 | G4: 1.272375 | H4: 1.2368362 | I4: 1.2193462 | J4: 1.2089338 | K4: =K5+K6 -> 1.2039957 | L4: =L5+L6 -> 1.1871304 | M4: =M5+M6 -> 1.1975352 | Q4: 5.0733832 | R4: 1.2585459
D5: 무선 | E5: 0.46284236 | F5: 0.48559425 | G5: 0.45793264 | H5: 0.44099933 | I5: 0.42470559 | J5: 0.41768436 | K5: 0.40429445 | L5: 0.39196682 | M5: 0.378551 | Q5: 1.8473686 | R5: 0.45441484
D6: 유선 | E6: 0.73715764 | F6: 0.87857773 | G6: 0.81444236 | H6: 0.79583691 | I6: 0.79464064 | J6: 0.79124945 | K6: 0.79970127 | L6: 0.79516355 | M6: 0.81898418 | Q6: 3.2260146 | R6: 0.80413105
B7: 소상공인 가입자 | D7: 계 | E7: 80635 | F7: 80298 | G7: 79701 | H7: 79619 | I7: 78486 | J7: =J8+J9+J10 -> 78347 | K7: =K8+K9+K10 -> 79049 | L7: =L8+L9+L10 -> 79471 | M7: =M8+M9+M10 -> 79740 | Q7: 320253
D8: 무선 | E8: 26924 | F8: 26456 | G8: 25615 | H8: 25136 | I8: 24622 | J8: 24074 | K8: 23853 | L8: 23189 | M8: 22536 | Q8: 104131
D9: 유선(I) | E9: 25805 | F9: 25697 | G9: 25826 | H9: 25962 | I9: 25659 | J9: 25621 | K9: 25844 | L9: 25880 | M9: 26013 | Q9: 103290
D10: 유선(TV) | E10: 27906 | F10: 28145 | G10: 28260 | H10: 28521 | I10: 28205 | J10: 28652 | K10: 29352 | L10: 30402 | M10: 31191 | Q10: 112832
B11: 소상공인 CAPA | D11: 계 | E11: 981 | F11: 1210 | G11: 1288 | H11: 1481 | I11: 1905 | J11: =J12+J13+J14 -> 1354 | K11: =K12+K13+K14 -> 2330 | L11: =L12+L13+L14 -> 1368 | M11: =M12+M13+M14 -> 1567 | Q11: 4960
D12: 무선 | E12: 154 | F12: 399 | G12: 169 | H12: 287 | I12: 430 | J12: 191 | K12: 616 | L12: 192 | M12: 307 | Q12: 1009
D13: 유선(I) | E13: 551 | F13: 529 | G13: 772 | H13: 791 | I13: 948 | J13: 807 | K13: 1069 | L13: 828 | M13: 887 | Q13: 2643
D14: 유선(TV) | E14: 276 | F14: 282 | G14: 347 | H14: 403 | I14: 527 | J14: 356 | K14: 645 | L14: 348 | M14: 373 | Q14: 1308
B15: 소상공인 해지 | D15: 계 | E15: 1708 | F15: 1953 | G15: 1885 | H15: 1563 | I15: 3038 | Q15: 7109
D16: 무선 | E16: 668 | F16: 867 | G16: 1010 | H16: 766 | I16: 944 | Q16: 3311
D17: 유선(I) | E17: 591 | F17: 637 | G17: 643 | H17: 655 | I17: 1251 | Q17: 2526
D18: 유선(TV) | E18: 449 | F18: 449 | G18: 232 | H18: 142 | I18: 843 | Q18: 1272
B19: 소상공인 순증 | D19: 계 | E19: =E20+E21+E22 -> -453 | F19: =F20+F21+F22 -> -236 | G19: =G20+G21+G22 -> -597 | H19: =H20+H21+H22 -> -82 | I19: =I20+I21+I22 -> -1133 | J19: =J20+J21+J22 -> -139 | K19: =K20+K21+K22 -> 702 | L19: =L20+L21+L22 -> 422 | M19: =M20+M21+M22 -> 269 | Q19: 7109
D20: 무선 | E20: -514 | F20: -468 | G20: -841 | H20: -479 | I20: -514 | J20: -548 | K20: -221 | L20: -664 | M20: -653 | Q20: 3311
D21: 유선(I) | E21: -40 | F21: -108 | G21: 129 | H21: 136 | I21: -303 | J21: -38 | K21: 223 | L21: 36 | M21: 133 | Q21: 2526
D22: 유선(TV) | E22: 101 | F22: 340 | G22: 115 | H22: 261 | I22: -316 | J22: 447 | K22: 700 | L22: 1050 | M22: 789 | Q22: 1272
B23: 소상공인 ARPU | D23: 계
D24: 무선 | E24: 40073.341 | F24: 54677.152 | G24: 51619.863 | H24: 49902.088 | I24: 48089.844 | J24: 46705.977 | K24: 40076.814 | L24: 47476.69 | M24: 47375.719 | N24: 47797.843
D25: 유선(I)
D26: 유선(TV)

Sheet 소상공인(E)
B2: 구분 | C2: 소상공인 | D2: 무선 | E2: 유선
B3: 24년 | C3: =SUM(E10:P10) -> 16.325662 | D3: =SUM(E11:P11) -> 6.981905 | E3: =SUM(E12:P12) -> 9.3437575
B4: 25년 (E) | C4: =SUM(R10:AC10) -> 14.47016 | D4: =SUM(R11:AC11) -> 5.0643076 | E4: =SUM(R12:AC12) -> 9.4168484
B5: 26년 (E) | D5: =SUM(AD54:AO54) -> 0 | E5: =SUM(AD55:AO55) -> 0
B6: 27년 (E) | R6: =1-R13/S13 -> -0.0041968667 | S6: =1-S13/T13 -> -0.0074904957 | T6: =1-T13/U13 -> -0.0010299049 | U6: =1-U13/V13 -> -0.014435696 | V6: =AVERAGE(R6:U6) -> -0.0067882407 | W6: =AVERAGE(S6:V6) -> -0.0074360842 | X6: =AVERAGE(T6:W6) -> -0.0074224814 | Y6: =AVERAGE(U6:X6) -> -0.0090206255 | Z6: =AVERAGE(V6:Y6) -> -0.0076668579 | AA6: =AVERAGE(W6:Z6) -> -0.0078865122
B9: 구분 | E9: 2401 | F9: 2402 | G9: 2403 | H9: 2404 | I9: 2405 | J9: 2406 | K9: 2407 | L9: 2408 | M9: 2409 | N9: 2410 | O9: 2411 | P9: 2412 | R9: 2501 | S9: 2502 | T9: 2503 | U9: 2504 | V9: 2505 | W9: 2506 | X9: 2507 | Y9: 2508 | Z9: 2509 | AA9: 2510 | AB9: 2511 | AC9: 2512
B10: 소상공인 관리수수료 | D10: 계 | E10: =E11+E12 -> 1.4204934 | F10: =F11+F12 -> 1.3998651 | G10: =G11+G12 -> 1.4023072 | H10: =H11+H12 -> 1.402022 | I10: =I11+I12 -> 1.3686675 | J10: =J11+J12 -> 1.3566464 | K10: =K11+K12 -> 1.3554648 | L10: =L11+L12 -> 1.3223841 | ... P10: =P11+P12 -> 1.3005228 | R10: 1.2 | S10: 1.364172 | T10: 1.272375 | U10: 1.2368362 | V10: 1.2193462 | W10: =W11+W12 -> 1.2089338 | X10: =X11+X12 -> 1.1953573 | Y10: =Y11+Y12 -> 1.1817809 | Z10: =Z11+Z12 -> 1.1682044 | AA10: =AA11+AA12 -> 1.1546279 | AB10: =AB11+AB12 -> 1.1410514 | AC10: =AC11+AC12 -> 1.1274749
D11: 무선 | E11: 0.66643582 | F11: 0.64377964 | G11: 0.62717264 | H11: 0.61142545 | I11: 0.59513264 | J11: 0.58082009 | K11: 0.581672 | L11: 0.55947882 | M11: 0.55822291 | N11: 0.53837718 | O11: 0.52224727 | P11: 0.49714055 | R11: 0.47383373 | S11: 0.48559427 | T11: 0.45793709 | U11: 0.44099936 | V11: 0.42470564 | W11: 0.41768436 | X11: =W11*1+$V$6 -> 0.41089612 | Y11: =X11*1+$V$6 -> 0.40410788 | Z11: =Y11*1+$V$6 -> 0.39731964 | AA11: =Z11*1+$V$6 -> 0.3905314 | AB11: =AA11*1+$V$6 -> 0.38374316 | AC11: =AB11*1+$V$6 -> 0.37695492
D12: 유선 | E12: 0.75405755 | F12: 0.75608545 | G12: 0.77513455 | H12: 0.79059655 | I12: 0.77353491 | J12: 0.77582627 | K12: 0.77379282 | L12: 0.76290527 | M12: 0.79137018 | N12: 0.79211718 | O12: 0.79495445 | P12: 0.80338227 | R12: 0.73715764 | S12: 0.87857773 | T12: 0.81444236 | U12: 0.79583691 | V12: 0.79464064 | W12: 0.79124945 | X12: =W12*1+$V$6 -> 0.78446121 | Y12: =X12*1+$V$6 -> 0.77767297 | Z12: =Y12*1+$V$6 -> 0.77088473 | AA12: =Z12*1+$V$6 -> 0.76409649 | AB12: =AA12*1+$V$6 -> 0.75730825 | AC12: =AB12*1+$V$6 -> 0.75052001
B13: 소상공인 가입자 | D13: 계 | R13: 80635 | S13: 80298 | T13: 79701 | U13: 79619 | V13: 78486
D14: 무선 | R14: 26924 | S14: 26456 | T14: 25615 | U14: 25136 | V14: 24622 | W14: 24074 | X14: 23853 | Y14: 23189 | Z14: 22536 | AA14: 21871
D15: 유선(I) | R15: 25805 | S15: 25697 | T15: 25826 | U15: 25962 | V15: 25659
D16: 유선(TV) | R16: 27906 | S16: 28145 | T16: 28260 | U16: 28521 | V16: 28205
B17: 소상공인 CAPA | D17: 계 | R17: 981 | S17: 1210 | T17: 1288 | U17: 1481 | V17: 1905
D18: 무선 | R18: 154 | S18: 399 | T18: 169 | U18: 287 | V18: 430
D19: 유선(I) | R19: 551 | S19: 529 | T19: 772 | U19: 791 | V19: 948
D20: 유선(TV) | R20: 276 | S20: 282 | T20: 347 | U20: 403 | V20: 527
B21: 소상공인 해지 | D21: 계 | R21: 1708 | S21: 1953 | T21: 1885 | U21: 1563 | V21: 3038
D22: 무선 | R22: 668 | S22: 867 | T22: 1010 | U22: 766 | V22: 944
D23: 유선(I) | R23: 591 | S23: 637 | T23: 643 | U23: 655 | V23: 1251
D24: 유선(TV) | R24: 449 | S24: 449 | T24: 232 | U24: 142 | V24: 843
B25: 소상공인 ARPU | D25: 계
D26: 무선 | R26: 40073.341 | S26: 54677.152 | T26: 51619.863 | U26: 49902.088 | V26: 48089.844
D27: 유선(I)
D28: 유선(TV)

Sheet 관리수수료 트렌드 정리
B1: 1 | C1: 2 | D1: 3 | E1: 4 | F1: 5 | G1: 6 | H1: 7 | I1: 8 | J1: 9 | K1: 100000000 | M1: 10 | N1: 11 | O1: 12 | P1: 13 | Q1: 14 | R1: 15 | S1: 1.1 | T1: 16 | U1: 17 | V1: 18 | W1: 19 | X1: 20 | Y1: 21 | Z1: 22 | AA1: 23 | AB1: 24 | AC1: 25 | AD1: 26 | AE1: 29 | AF1: 30 | AG1: 31 | AI1: 33 | AJ1: 34 | AK1: 35 | AL1: 36 | AM1: 37
B2: 구분 | C2: 도매 (h.c포함) | D2: 소매 | E2: 디지털 | F2: 소상공인 | G2: 팩트북 기타 | H2: 홈쇼핑 | I2: 대형마트 | J2: 기업 | K2: 기업공공 | L2: IOT | M2: 법인 | N2: 기타 | O2: 대표코드 | P2: 기타공통비 | Q2: P3.0 | R2: 매장성수수료 | S2: 소상공인 무선수수료 | T2: 소상공인유선관리수수료 | U2: 소매유선관리수수료 | V2: 소매점프업 | W2: 관리수수료 합계 | Y2: 만기환수 재위탁 | Z2: 점프업 시즌1 | AA2: 점프업 시즌2 | AB2: 점프업 시즌3 | AC2: 점프업 합계 | AE2: 도매 유선관리수수료 | AG2: 도매 H/C | AI2: 도매 윈윈 수수료 | AK2: 디지털 유선 관리수수료 | AM2: kt닷컴 H/C
B3: 18.1월 | C3: 31.485235 | D3: 14.838321 | E3: 3.708202 | H3: 2.1614917 | I3: 1.3827863 | J3: 2.2588701 | M3: 5.215183 | N3: 0.0007622 | O3: 0.0224975
B4: 2월 | C4: 29.751261 | D4: 14.292141 | E4: 3.6312122 | H4: 2.0266621 | I4: 1.370235 | J4: 2.2071755 | M4: 4.9685851 | N4: 0.0008159 | O4: 0.0192795
B5: 3월 | C5: 30.343168 | D5: 14.723431 | E5: 3.7668662 | H5: 2.0951565 | I5: 1.4411004 | J5: 2.3485016 | M5: 4.8667117 | N5: 0.0009268 | O5: 0.0182102
B6: 4월 | C6: 27.632313 | D6: 13.642145 | E6: 3.6138591 | H6: 1.896541 | I6: 1.3282776 | J6: 2.317968 | M6: 4.7903674 | N6: 0.0005392 | O6: 0.016655
B7: 5월 | C7: 27.022558 | D7: 13.387296 | E7: 3.5906453 | H7: 1.8370496 | I7: 1.3107145 | J7: 2.401729 | M7: 4.7042467 | N7: 0.0004462 | O7: 0.016488
B8: 6월 | C8: 25.23217 | D8: 12.915758 | E8: 3.5023988 | H8: 1.7389956 | I8: 1.2638911 | J8: 2.2693243 | M8: 4.4928908 | N8: 0.0001861 | O8: 0.0220433
B9: 7월 | C9: 24.063337 | D9: 12.749297 | E9: 3.4623782 | H9: 1.6434394 | I9: 1.2202176 | J9: 2.5565679 | M9: 4.4381396 | N9: 0.0003845 | O9: 0.0125775
B10: 8월 | C10: 22.840443 | D10: 12.37128 | E10: 3.3966045 | H10: 1.5609575 | I10: 1.175673 | J10: 2.3643909 | M10: 4.2347237 | N10: 0.0005332 | O10: 0.0101365
B11: 9월 | C11: 21.031409 | D11: 11.726481 | E11: 3.2831903 | H11: 1.4385056 | I11: 1.0989678 | J11: 2.1190077 | M11: 3.901927 | N11: 0.0005597 | O11: 0.0082191
B12: 10월 | C12: 21.031409 | D12: 11.726481 | E12: 3.2831903 | H12: 1.4385056 | I12: 1.0989678 | J12: 2.1190077 | M12: 3.901927 | N12: 0.0005597 | O12: 0.0082191
B13: 11월 | C13: 19.438289 | D13: 11.213928 | E13: 3.2086216 | H13: 1.3195945 | I13: 1.0246346 | J13: 2.2144765 | M13: 3.778802 | N13: 2.2e-06 | O13: 0.0053614
B14: 12월 | C14: 18.827223 | D14: 11.044972 | E14: 3.153888 | H14: 1.25923 | I14: 0.9811335 | J14: 2.0531892 | M14: 3.7155811 | N14: 0 | O14: 0.0048272
... B23: 9월 | C23: 13.53247 | D23: 11.334841 | E23: 2.7871127 | H23: 0.63951158 | I23: 0.60161836 | J23: 1.6073462 | M23: 3.6063525 | N23: 0 | O23: 0.00077411
B24: 10월 | C24: 12.901334 | D24: 11.664942 | E24: 2.859796 | H24: 0.59115621 | I24: 0.5734998 | J24: 1.6376225 | M24: 3.5856648 | N24: 0.0001092 | O24: 0.00051623 | Y24: 0.53765131 | AC24: 0.53765131
B25: 11월 | C25: 12.208202 | D25: 12.09979 | E25: 3.2005629 | H25: 0.5609202 | I25: 0.57210275 | J25: 1.5229423 | M25: 3.5467103 | N25: 0.0002533 | O25: 0.00054798 | Y25: 1.32699 | AC25: 1.32699
B26: 12월 | C26: 11.78655 | D26: 13.432813 | E26: 3.2895494 | H26: 0.52695448 | I26: 0.55708117 | J26: 1.7767014 | M26: 3.6789954 | N26: 0.0003324 | O26: 0.00028128 | Y26: 1.5351779 | AC26: 1.5351779
B27: 20.1월 | C27: 10.284451 | D27: 12.697699 | E27: 3.043922 | H27: 0.45222988 | I27: 0.48802219 | J27: 1.6201219 | M27: 3.2268212 | N27: 0.00039981818 | O27: 0.0002131 | Y27: 1.8648048 | AC27: 1.8648048
B28: 2월 | C28: 9.8480152 | D28: 13.062978 | E28: 3.0245812 | H28: 0.41795805 | I28: 0.46826837 | J28: 1.5866497 | M28: 3.1057906 | N28: 0.00044490909 | O28: 0.00019853636 | Y28: 2.2940722 | AC28: 2.2940722
B29: 3월 | C29: 9.52286 | D29: 13.652726 | E29: 3.1375122 | H29: 0.4219857 | I29: 0.45992617 | J29: 1.7189274 | M29: 3.2579386 | N29: 0.00059472727 | O29: 0.00017831818 | Y29: 2.6761637 | AC29: 2.6761637
B30: 4월 | C30: 9.12518 | D30: 13.79376 | E30: 3.1429831 | H30: 0.39557273 | I30: 0.44462303 | J30: 1.6198462 | M30: 3.0801097 | N30: 0.00056372727 | O30: 0.00016785 | Y30: 2.5557363 | AC30: 2.5557363
B31: 5월 | C31: 8.5034542 | D31: 14.14825 | E31: 3.1008789 | H31: 0.37042708 | I31: 0.41962777 | J31: 1.6051662 | M31: 3.0629312 | N31: 0 | O31: 0.00011274545 | Y31: 2.4407282 | Z31: 0.29346165 | AC31: 2.7341898
B32: 6월 | C32: 7.9270118 | D32: 14.180195 | E32: 3.1585367 | H32: 0.34679373 | I32: 0.38653139 | J32: 1.6728104 | M32: 3.0462473 | N32: 0.0007 | O32: 0.00010450909 | Y32: 2.3308954 | Z32: 0.29869086 | AC32: 2.6295863
B33: 7월 | C33: 7.3836652 | D33: 14.515097 | E33: 3.1360238 | H33: 0.32126954 | I33: 0.35898455 | J33: 1.5634356 | M33: 2.9656514 | N33: 0.00070209091 | O33: 0.00015401 | Y33: 2.2260051 | Z33: 0.58438815 | AC33: 2.8103933
B34: 8월 | C34: 6.8041983 | D34: 15.068155 | E34: 3.1211717 | H34: 0.29596189 | I34: 0.32656641 | J34: 1.4974417 | M34: 2.8945403 | N34: 0.00066136364 | O34: 0.00016016364 | Y34: 2.1258349 | Z34: 1.1205676 | AC34: 3.2464025
B35: 9월 | C35: 6.2286813 | D35: 15.320476 | E35: 3.203399 | H35: 0.27714117 | I35: 0.29732136 | J35: 1.6854248 | M35: 2.7539267 | N35: 0.00066963636 | O35: 6.2263636e-05 | Y35: 2.0301723 | Z35: 1.3477627 | AC35: 3.377935
B36: 10월 | C36: 5.8876174 | D36: 16.08531 | E36: 3.2963103 | H36: 0.26330909 | I36: 0.27746832 | J36: 1.5924609 | M36: 2.8258062 | N36: 0.00073463636 | O36: 5.6545455e-05 | Y36: 1.9388146 | Z36: 1.6169737 | AC36: 3.5557883
B37: 11월 | C37: 5.203615 | D37: 15.81941 | E37: 3.2314584 | H37: 0.24291271 | I37: 0.24748063 | J37: 1.6436982 | M37: 2.7437254 | N37: 0.00061290909 | O37: 7.56e-05 | Y37: 1.8515679 | Z37: 1.7704771 | AC37: 3.622045
B38: 12월 | C38: 4.7421781 | D38: 16.2875 | E38: 3.3966171 | H38: 0.22852005 | I38: 0.22139978 | J38: 1.6993587 | M38: 2.594707 | N38: 0.00059663636 | O38: 4.6154545e-05 | Y38: 1.7682473 | Z38: 1.9037408 | AC38: 3.6719881
B39: 21.1월 | C39: 6.9230001 | D39: 18.734848 | E39: 3.9425336 | G39: 0.15149448 | H39: 0.21434252 | I39: 0.19805086 | J39: 1.5125139 | M39: 2.5341626 | N39: 0.00061854545 | O39: 3.8345455e-05 | Y39: 1.6886762 | Z39: 1.872654 | AA39: 0.20995807 | AC39: 3.7712883
B40: 2월 | C40: 10.212613 | D40: 18.226744 | E40: 3.8469729 | G40: 2.7989333 | H40: 0.19007205 | I40: 0.17230864 | J40: 1.4576529 | M40: 2.4260519 | N40: 0 | O40: 0.00032063636 | Y40: 1.6126858 | Z40: 1.839053 | AA40: 0.54608794 | AC40: 3.9978267 | AG40: 3.988969
B41: 3월 | C41: 6.2751579 | D41: 20.242713 | E41: 4.1418293 | G41: 0.37807842 | H41: 0.17893035 | I41: 0.15768834 | J41: 1.9485923 | M41: 2.707049 | N41: 0.00061127273 | O41: 2.7545455e-05 | Y41: 1.5159246 | Z41: 1.8079801 | AA41: 0.99870082 | AC41: 4.3226055 | AG41: 4.0320566
B42: 4월 | C42: 15.189788 | D42: 18.756742 | E42: 4.0317355 | G42: 2.9613868 | H42: 0.15577029 | I42: 0.13480997 | J42: 1.5446165 | M42: 2.4586209 | N42: 0.0004 | O42: 7.28e-05 | Y42: 1.4249692 | Z42: 1.7693351 | AA42: 1.3694308 | AC42: 4.5637351 | AG42: 4.0320566
B43: 5월 | C43: 11.278501 | D43: 18.659815 | E43: 4.0891007 | G43: 0.72322992 | H43: 0.14209236 | I43: 0.12214696 | J43: 1.7285707 | M43: 2.4870685 | N43: 0.00032545455 | O43: 0 | Y43: 1.339471 | Z43: 1.7270846 | AA43: 1.8473517 | AC43: 4.9139073 | AG43: 4.2531084
B44: 6월 | C44: 11.637508 | D44: 18.895284 | E44: 4.0738471 | G44: 1.0698683 | H44: 0.12753071 | I44: 0.10968926 | J44: 1.6844097 | M44: 2.5071957 | N44: 0.00042581818 | O44: 3.1090909e-05 | Y44: 1.2591028 | Z44: 1.6867419 | AA44: 2.1934965 | AC44: 5.1393412 | AG44: 4.3830917
B45: 7월 | C45: 11.608409 | D45: 18.968208 | E45: 4.1031911 | G45: 0.32066524 | H45: 0.11307383 | I45: 0.097640682 | J45: 1.6056528 | M45: 2.40675 | N45: 0.000372 | O45: 2.4545455e-05 | Y45: 1.1835566 | Z45: 1.6457404 | AA45: 2.5604231 | AC45: 5.3897201 | AG45: 4.395525
B46: 8월 | C46: 11.866554 | D46: 19.659853 | E46: 4.1352641 | G46: 1.8176717 | H46: 0.10434664 | I46: 0.085807464 | J46: 1.7565512 | M46: 2.4784467 | N46: 0.00035972727 | O46: 2.4545455e-05 | Y46: 1.1125432 | Z46: 1.6013866 | AA46: 3.0262359 | AC46: 5.7401657 | AG46: 4.5657913
B47: 9월 | C47: 11.465695 | D47: 19.373905 | E47: 4.1652866 | G47: -0.51979677 | H47: 0.0988016 | I47: 0.074332464 | J47: 1.8124689 | M47: 2.378847 | N47: 0.00028481818 | O47: 2.4545455e-05 | Y47: 1.0457906 | Z47: 1.5600713 | AA47: 3.3432313 | AC47: 5.9490933 | AG47: 4.5922959
B48: 10월 | C48: 11.575019 | D48: 20.386801 | E48: 4.2870325 | G48: 1.5222706 | H48: 0.092825136 | I48: 0.061888591 | J48: 1.6142127 | M48: 2.3525915 | N48: 0.00024409091 | O48: 2.4545455e-05 | Y48: 0.81947753 | Z48: 1.5174959 | AA48: 3.8405492 | AC48: 6.1775226 | AG48: 4.745926
B49: 11월 | C49: 11.990974 | D49: 21.717838 | E49: 4.5704139 | G49: 1.3125603 | H49: 0.077894248 | I49: 0.04542311 | J49: 1.8493619 | M49: 2.3397723 | N49: 0.00025472727 | O49: -7.2e-06 | Y49: 0.5300022 | Z49: 1.4723868 | AA49: 4.0830873 | AC49: 6.0854763 | AG49: 4.8850614
B50: 12월 | C50: 7.8549289 | D50: 24.40035 | E50: 4.5105689 | G50: -0.01660319 | H50: 0.0707135 | I50: 0.032076936 | J50: 1.679515 | M50: 2.3537189 | N50: 9.4e-05 | O50: 0.00013215455 | Y50: 0.42362393 | Z50: 1.4303133 | AA50: 4.454526 | AC50: 6.3084632 | AG50: 4.8625408
B51: 22.1월 | C51: 12.142245 | D51: 20.761962 | E51: 4.6084543 | G51: -0.01660319 | H51: 0.066342809 | I51: 0.022232773 | J51: 1.4913022 | M51: 2.3810456 | N51: 0.00011436364 | O51: 2.9290909e-05 | Y51: 0.28886999 | Z51: 1.3281937 | AA51: 4.5989139 | AC51: 6.2159776 | AG51: 4.956098
... B53: 3월 | C53: 13.034041 | D53: 20.973242 | E53: 4.7774018 | G53: 0.62536223 | H53: 0.052716445 | I53: 0.014327564 | J53: 1.7639063 | M53: 2.5565039 | N53: 0.00014854545 | O53: 2.8636364e-05 | Y53: 0 | Z53: 1.1846797 | AA53: 4.4776458 | AC53: 5.6623255 | AG53: 5.1387977
B54: 4월 | C54: 12.932736 | D54: 20.40359 | E54: 4.7181457 | G54: -1.0544659 | H54: 0.048665455 | I54: 0.012999055 | J54: 1.5704324 | M54: 2.526273 | N54: 0.00013690909 | O54: 2.8636364e-05 | Z54: 1.0343583 | AA54: 4.2964524 | AC54: 5.3308106 | AG54: 5.1145864
B55: 5월 | C55: 12.876388 | D55: 20.741163 | E55: 4.7841497 | G55: 0.85921219 | H55: 0.044736909 | I55: 0.012523718 | J55: 1.8324532 | M55: 2.6480642 | N55: 0.00019336364 | O55: 3.3e-05 | Z55: 0.94511812 | AA55: 4.1005664 | AC55: 5.0456845 | AG55: 5.2206736
B56: 6월 | C56: 12.533927 | D56: 21.434036 | E56: 4.8613484 | G56: 0.53640623 | H56: 0.0429199 | I56: 0.012226209 | J56: 1.7868953 | M56: 2.6463169 | N56: 7.7090909e-05 | O56: 3.2818182e-05 | Z56: 0.84603031 | AA56: 3.8970002 | AC56: 4.7430305 | AG56: 5.3154866
B57: 7월 | C57: 13.55428 | D57: 21.742965 | E57: 4.8679692 | G57: 1.3860983 | H57: 0.039261464 | I57: 0.012222955 | J57: 1.651919 | M57: 2.625036 | N57: 0.000145 | O57: 3.1454545e-05 | Z57: 0.76954843 | AA57: 3.7165199 | AB57: 1.111443 | AC57: 5.5975113 | AG57: 5.3802333
B58: 8월 | C58: 12.566156 | D58: 23.258556 | E58: 4.9457192 | G58: 1.0183785
B59: 9월 | C59: 13.051219 | D59: 22.60243 | E59: 4.9946488 | G59: -0.23270067
B60: 10월 | C60: 14.218836 | D60: 23.218151 | E60: 5.0903508 | G60: -11.352991
B61: 11월 | C61: 14.203224 | D61: 24.518612 | E61: 5.5160735 | G61: -0.33299109
B62: 12월 | C62: 13.932076 | D62: 23.7303 | E62: 5.445995 | G62: -8.7839952
B63: 23.1월 | C63: 14.614718 | D63: 23.465024 | E63: 5.6955382 | G63: 9.9440959 | J63: 6.4560686 | M63: -1.2379263
B64: 2월 | C64: 14.209056 | D64: 24.833183 | E64: 5.7369084 | G64: -6.985577 | J64: 2.0145698 | M64: 2.9722234
B65: 3월 | C65: 14.780466 | D65: 25.754234 | E65: 5.8093555 | G65: 0.02442178 | J65: 2.147027 | M65: 3.0290198
B66: 4월 | C66: 14.649513 | D66: 25.226629 | E66: 5.7492291 | G66: -2.9718303 | J66: 2.0985463 | M66: 2.9570605
B67: 5월 | C67: 14.581836 | D67: 25.718614 | E67: 5.7717099 | G67: -0.98523282 | J67: 2.3030532 | M67: 3.1740857
B68: 6월 | C68: 14.243939 | D68: 24.953589 | E68: 5.5515951 | G68: -1.9732719 | J68: 2.118601 | M68: 2.908129
B69: 7월 | C69: 14.415164 | D69: 26.164739 | E69: 5.8749356 | G69: 0.9079482 | J69: 2.2689461 | M69: 3.1047772
B70: 8월 | C70: 14.217451 | D70: 26.688882 | E70: 5.9016946 | G70: -1.3697244 | J70: 2.1875554 | M70: 3.1578755
B71: 9월 | C71: 13.834609 | D71: 26.486992 | E71: 5.8767807 | G71: -5.2479605 | J71: 2.1749885 | M71: 3.0590253
B72: 10월 | C72: 13.867734 | D72: 27.279526 | E72: 5.976064 | G72: -0.51637066 | J72: 2.3878802 | M72: 3.3865656
B73: 11월 | C73: 13.545669 | D73: 27.114232 | E73: 5.9762604 | G73: -3.5364466 | J73: 2.3106358 | M73: 3.0878924
B74: 12월 | C74: 13.416322 | D74: 27.376673 | E74: 6.0107448 | G74: 1.3289656 | J74: 2.3014106 | M74: 3.1399576
B75: '24.1월 | C75: 13.1 | D75: 27 | E75: 6 | F75: =S75+T75 -> 1.4204934 | G75: =SUM(H75:R75)-K75-L75 -> 13.77409 | H75: 0.039261464 | I75: 0.012222955 | J75: 2.2321313 | K75: 0.84672805 | L75: 1.3854033 | M75: 3.127401 | N75: 1.45e-12 | O75: 3.1454545e-13 | P75: 0.77245242 | Q75: 6.9 | R75: 0.69062104 | S75: 0.66643582 | T75: 0.75405755 | U75: 3.7674583 | W75: =SUM(C75:G75)+AI75 -> 61.294584 | Z75: 0.18591711 | AA75: 1.3299137 | AB75: 3.039753 | AC75: =SUM(Z75:AB75) -> 4.5555838 | AE75: 2.775657 | AG75: 5.5675732 | AK75: 0.566756
B76: 2월 | C76: 12.6 | D76: 27.4 | E76: 5.6 | F76: =S76+T76 -> 1.3998651 | G76: =SUM(H76:R76)-K76-L76 -> 12.552549 | H76: 0.039261464 | I76: 0.012222955 | J76: 2.2146565 | K76: 0.86403094 | L76: 1.3506255 | M76: 2.8250899 | N76: 1.45e-12 | O76: 3.1454545e-13 | P76: -0.51343305 | Q76: 7.3 | R76: 0.67475181 | S76: 0.64377964 | T76: 0.75608545 | U76: 3.7617237 | W76: =SUM(C76:G76)+AI76 -> 59.561211 | Z76: 0.17202621 | AA76: 1.2242758 | AB76: 2.8835018 | AC76: =SUM(Z76:AB76) -> 4.2798038 | AE76: 2.7472658 | AF76: =AG76/AG75-1 -> -0.010594526 | AG76: 5.5085874 | AI76: 0.0087965286 | AK76: 0.56172764
B77: 3월 | C77: 12.4 | D77: 26.9 | E77: 5.8 | F77: =S77+T77 -> 1.4023072 | G77: =SUM(H77:R77)-K77-L77 -> 12.636273 | H77: 0.039261464 | I77: 0.012222955 | J77: 2.1495214 | K77: 0.86587024 | L77: 1.2836512 | M77: 2.8453138 | N77: 1.45e-12 | O77: 3.1454545e-13 | P77: -0.36601364 | Q77: 7.3 | R77: 0.65596743 | S77: 0.62717264 | T77: 0.77513455 | U77: 3.8191253 | W77: =SUM(C77:G77)+AI77 -> 59.17538 | Z77: 0.1581353 | AA77: 1.1224548 | AB77: 2.6704671 | AC77: =SUM(Z77:AB77) -> 3.9510572 | AE77: 2.7423491 | AF77: =AG77/AG76-1 -> -0.010073033 | AG77: 5.4530992 | AI77: 0.036799681 | AK77: 0.54870245 | AM77: 0.36
B78: 4월 | C78: 12.1 | D78: 27.1 | E78: 5.8 | F78: =S78+T78 -> 1.402022 | G78: =SUM(H78:R78)-K78-L78 -> 10.450551 | H78: 0.039261464 | I78: 0.012222955 | J78: 2.482852 | K78: 0.87979508 | L78: 1.6030569 | M78: 3.0736176 | N78: 1.45e-12 | O78: 3.1454545e-13 | P78: -3.1684718 | Q78: 7.35 | R78: 0.66106861 | S78: 0.61142545 | T78: 0.79059655 | U78: 3.8458707 | W78: =SUM(C78:G78)+AI78 -> 56.964081 | Z78: 0.1442444 | AA78: 1.0293812 | AB78: 2.5010859 | AC78: =SUM(Z78:AB78) -> 3.6747115 | AE78: 2.697131 | AF78: =AG78/AG77-1 -> -0.015628756 | AG78: 5.367874 | AI78: 0.11150798 | AK78: 0.52433618 | AL78: =AM78/AM77-1 -> 0.13888889 | AM78: 0.41
B79: 5월 | C79: 11.6 | D79: 26.8 | E79: 5.8 | F79: =S79+T79 -> 1.3686675 | G79: =SUM(H79:R79)-K79-L79 -> 11.187283 | H79: 0.039261464 | I79: 0.012222955 | J79: 2.2195729 | K79: 0.83742289 | L79: 1.38215 | M79: 2.7987114 | N79: 1.45e-12 | O79: 3.1454545e-13 | P79: -1.9369211 | Q79: 7.3868889 | R79: 0.66754688 | S79: 0.59513264 | T79: 0.77353491 | U79: 3.7675159 | W79: =SUM(C79:G79)+AI79 -> 56.94861 | Z79: 0.13035349 | AA79: 0.93992314 | AB79: 2.34842 | AC79: =SUM(Z79:AB79) -> 3.4186966 | AE79: 2.6393608 | AF79: =AG79/AG78-1 -> -0.015592664 | AG79: 5.2841746 | AI79: 0.19265921 | AK79: 0.50575282 | AL79: =AM79/AM78-1 -> 0.14634146 | AM79: 0.47
B80: 6월 | C80: 11.3 | D80: 27.1 | E80: 5.7 | F80: =S80+T80 -> 1.3566464 | G80: =SUM(H80:R80)-K80-L80 -> 11.118717 | H80: 0.039261464 | I80: 0.012222955 | J80: 2.0524255 | K80: 0.8045058 | L80: 1.2479197 | M80: 2.6414755 | N80: 1.45e-12 | O80: 3.1454545e-13 | P80: -1.5859057 | Q80: 7.3146808 | R80: 0.64455618 | S80: 0.58082009 | T80: 0.77582627 | U80: 3.7675454 | W80: =SUM(C80:G80)+AI80 -> 56.853447 | Z80: 0.10619143 | AA80: 0.85675521 | AB80: 2.2526343 | AC80: =SUM(Z80:AB80) -> 3.2155809 | AE80: 2.5545065 | AF80: =AG80/AG79-1 -> -0.02112743 | AG80: 5.1725335 | AI80: 0.27808436 | AK80: 0.485812 | AL80: =AM80/AM79-1 -> 0.085106383 | AM80: 0.51
B81: 7월 | C81: 11.1 | D81: 27 | E81: 5.8 | F81: =S81+T81 -> 1.3554648 | G81: =SUM(H81:R81)-K81-L81 -> 13.248403 | H81: 0.039261464 | I81: 0.012222955 | J81: 2.3254245 | K81: 0.87871839 | L81: 1.4467061 | M81: 2.872113 | N81: 1.45e-12 | O81: 3.1454545e-13 | P81: -0.34555639 | Q81: 7.6354255 | R81: 0.709512 | S81: 0.581672 | T81: 0.77379282 | U81: 3.7571025 | W81: =SUM(C81:G81)+AI81 -> 58.865243 | Z81: 0.094069018 | AA81: 0.77650171 | AB81: 2.162808 | AC81: =SUM(Z81:AB81) -> 3.0333787 | AE81: 2.5248521 | AF81: =AG81/AG80-1 -> -0.010130657 | AG81: 5.1201324 | AI81: 0.36137504 | AK81: 0.47101236 | AL81: =AM81/AM80-1 -> 0.078431373 | AM81: 0.55
B82: 8월 | C82: 10.8 | D82: 26.8 | E82: 5.7 | F82: =S82+T82 -> 1.3223841 | G82: =SUM(H82:R82)-K82-L82 -> 11.950355 | H82: 0.039261464 | I82: 0.012222955 | J82: 2.0815853 | K82: 0.81494535 | L82: 1.2666399 | M82: 2.6265048 | N82: 1.45e-12 | O82: 3.1454545e-13 | P82: -0.91438691 | Q82: 7.4 | R82: 0.7051672 | S82: 0.55947882 | T82: 0.76290527 | U82: 3.6937402 | W82: =SUM(C82:G82)+AI82 -> 57.032531 | Z82: 0.072184516 | AA82: 0.70736293 | AB82: 2.0631706 | AC82: =SUM(Z82:AB82) -> 2.842718 | AE82: 2.4420311 | AF82: =AG82/AG81-1 -> -0.022900915 | AG82: 5.0028767 | AI82: 0.45979166 | AK82: 0.45455927 | AL82: =AM82/AM81-1 -> 0.14545455 | AM82: 0.63
B83: 9월 | C83: 10.6 | D83: 26.9 | E83: 5.7 | F83: =S83+T83 -> 1.3495931 | G83: =SUM(H83:R83)-K83-L83 -> 10.635017 | H83: 0.039261464 | I83: 0.012222955 | J83: 2.2659388 | K83: 0.86559211 | L83: 1.4003467 | M83: 2.7846919 | N83: 1.45e-12 | O83: 3.1454545e-13 | P83: -2.7508403 | Q83: 7.6538857 | R83: 0.62985633 | S83: 0.55822291 | T83: 0.79137018 | U83: 3.7093376 | W83: =SUM(C83:G83)+AI83 -> 55.750597 | Z83: 0.043453085 | AA83: 0.64740409 | AB83: 1.979231 | AC83: =SUM(Z83:AB83) -> 2.6700881 | AE83: 2.3737327 | AF83: =AG83/AG82-1 -> -0.027009982 | AG83: 4.867749 | AI83: 0.56598657 | AK83: 0.43477627 | AL83: =AM83/AM82-1 -> 0.079365079 | AM83: 0.68
B84: 10월 | C84: 10.4 | D84: 26.6 | E84: 5.7 | F84: =S84+T84 -> 1.3304944 | G84: =SUM(H84:R84)-K84-L84 -> 17.8011 | H84: 0.039261464 | I84: 0.012222955 | J84: 2.3115774 | K84: 0.77988013 | L84: 1.5316972 | M84: 2.7036336 | N84: 1.45e-12 | O84: 3.1454545e-13 | P84: 4.2134669 | Q84: 7.8686388 | R84: 0.65229932 | S84: 0.53837718 | T84: 0.79211718 | U84: 3.7197939 | W84: =SUM(C84:G84)+AI84 -> 62.547075 | Z84: 0.029140955 | AA84: 0.58705039 | AB84: 1.8822098 | AC84: =SUM(Z84:AB84) -> 2.4984012 | AE84: 2.3304191 | AF84: =AG84/AG83-1 -> -0.026190015 | AG84: 4.7402626 | AI84: 0.71547984 | AK84: 0.42295245 | AL84: =AM84/AM83-1 -> 0.23529412 | AM84: 0.84
B85: 11월 | C85: 9.9 | D85: 26.4 | E85: 5.6 | F85: =S85+T85 -> 1.3172017 | G85: =SUM(H85:R85)-K85-L85 -> 8.4394858 | H85: 0.039261464 | I85: 0.012222955 | J85: 1.830619 | K85: 0.72571922 | L85: 1.1048997 | M85: 2.60638 | N85: 0.000145 | O85: 3.1454545e-05 | P85: =-430282732/100000000 -> -4.3028273 | Q85: 7.6142395 | R85: 0.63941378 | S85: 0.52224727 | T85: 0.79495445 | U85: 3.6780862 | W85: =SUM(C85:G85)+AI85 -> 52.528524 | Z85: 0.014841713 | AA85: 0.54895164 | AB85: 1.7823544 | AC85: =SUM(Z85:AB85) -> 2.3461477 | AE85: 2.2147525 | AF85: =AG85/AG84-1 -> -0.040137571 | AG85: 4.55 | AI85: 0.87183651 | AK85: 0.39877282 | AL85: =AM85/AM84-1 -> 0.11904762 | AM85: 0.94
B86: 12월 | C86: 9.6 | D86: 26 | E86: 5.5 | F86: =S86+T86 -> 1.3005228 | G86: =SUM(H86:R86)-K86-L86 -> 26.043687 | H86: 0.039261464 | I86: 0.012222955 | J86: 2.278 | K86: 0.8796414 | L86: 1.3993429 | M86: 2.6539 | N86: 0.000145 | O86: 3.1454545e-05 | P86: =1250590047/100000000 -> 12.5059 | Q86: 7.94 | R86: 0.61422585 | S86: 0.49714055 | T86: 0.80338227 | U86: 3.6861434 | W86: =SUM(C86:G86)+AI86 -> 69.487856 | Z86: 0.0064903135 | AA86: 0.5108529 | AB86: 1.6938362 | AC86: =SUM(Z86:AB86) -> 2.2111794 | AE86: 2.1650585 | AF86: =AG86/AG85-1 -> -0.030769231 | AG86: 4.41 | AI86: 1.0436457 | AK86: 0.38377 | AL86: =AM86/AM85-1 -> 0.063829787 | AM86: 1
B87: '25.1월 | C87: 9.1 | D87: 23.890354 | E87: 5.2 | F87: =S87+T87 -> 1.2109914 | G87: =SUM(H87:R87) -> 12.531394 | H87: 0.039261464 | I87: 0.012222955 | J87: =K87+L87 -> 1.9728654 | K87: 0.74020927 | L87: 1.2326561 | M87: 2.48 | N87: 0.000145 | O87: 3.1454545e-05 | P87: =-245195623/100000000 -> -2.4519562 | Q87: 7.9 | R87: 0.60595882 | S87: 0.47383373 | T87: 0.73715764 | U87: 3.4875361 | W87: =SUM(C87:G87) -> 51.932739 | AA87: 0.47275415 | AB87: 1.5913645 | AC87: 1.2637932 | AE87: 1.9975339 | AF87: =AG87/AG86-1 -> -0.06122449 | AG87: 4.14 | AI87: 1.1684938 | AK87: 0.35495636 | AL87: =AM87/AM86-1 -> 0.02 | AM87: 1.02
B88: 2월 | C88: 9.0830929 | D88: 24.701307 | E88: 5.3671954 | F88: =S88+T88 -> 1.364172 | G88: =SUM(H88:R88) -> 14.538004 | H88: 0.039261464 | I88: 0.012222955 | J88: =K88+L88 -> 2.0155581 | K88: 0.76167078 | L88: 1.2538874 | M88: 2.7195389 | N88: 0.000145 | O88: 3.1454545e-05 | P88: -0.90196034 | Q88: 7.9716096 | R88: 0.66603878 | S88: 0.48559427 | T88: 0.87857773 | U88: 3.8872114 | W88: =SUM(C88:G88) -> 55.053772 | AA88: 0.42730687 | AB88: 1.4723228 | AC88: 1.1657934 | AE88: 2.0294241 | AG88: 4.1403388 | AI88: 1.3666145 | AK88: 0.3863097 | AM88: 1.11
B89: 3월 | C89: 8.5529126 | D89: 25.050896 | E89: 5.1954726 | F89: =S89+T89 -> 1.2723795 | G89: =SUM(H89:R89)-K89-L89 -> 9.2671106 | H89: 0.039261464 | I89: 0.012222955 | J89: =K89+L89 -> 1.9641957 | K89: 0.78473401 | L89: 1.1794617 | M89: 2.529536 | N89: 0.000145 | O89: 3.1454545e-05 | P89: -3.3363801 | Q89: 7.4216384 | R89: 0.63645968 | S89: 0.45793709 | T89: 0.81444236 | U89: 4.1244591 | W89: =SUM(C89:G89) -> 49.338772 | AA89: 0.3788398 | AB89: 1.3748657 | AC89: 1.0448888 | AE89: 2.2323665 | AG89: 3.8632196 | AI89: 1.5696575 | AK89: 0.36444095 | AM89: 1.2
B90: 4월 | C90: 8.0079655 | D90: =24.3832817445251-R90 -> 23.809409 | E90: 5.066248 | F90: =S90+T90 -> 1.2368363 | G90: =SUM(H90:R90)-K90-L90 -> 18.499901 | H90: 0.039261464 | I90: 0.012222955 | J90: =K90+L90 -> 2.0361414 | K90: 0.765755 | L90: 1.2703864 | M90: 2.516 | N90: 0.000145 | O90: 3.1454545e-05 | P90: 5.7083132 | Q90: 7.6139128 | R90: 0.57387266 | S90: 0.44099936 | T90: 0.79583691 | U90: 3.6559634 | W90: =SUM(C90:G90) -> 56.62036 | AA90: 0.32854505 | AB90: 1.2774085 | AC90: 0.95432054 | AE90: 1.8044475 | AG90: 3.6772409 | AI90: 1.7213212 | AK90: 0.3341122 | AM90: 1.2567
B91: 5월 | C91: 7.6013216 | D91: 23.57592 | E91: 4.9718197 | F91: =S91+T91 -> 1.2193463 | G91: 8.8556934 | H91: 0 | I91: 0 | J91: =K91+L91 -> 2.138469 | K91: 0.7778761 | L91: 1.3605929 | M91: 2.373502 | N91: 0.000145 | O91: 3.1454545e-05 | P91: -3.9448768 | Q91: 7.622857 | R91: 0.69777633 | S91: 0.42470564 | T91: 0.79464064 | U91: 3.6748937 | W91: =SUM(C91:G91) -> 46.224101 | AA91: 0.28416254 | AB91: 1.1551934 | AC91: 0.86088327 | AE91: 1.7026086 | AG91: 3.5184741 | AI91: 1.8914007 | AK91: 0.3144253 | AM91: 1.3244696
B92: 6월 | C92: 11.278029 | D92: 24.228225 | E92: 5.0249524 | F92: =S92+T92 -> 1.2089338 | G92: =SUM(H92:R92)-K92-L92 -> 17.52354 | H92: 0 | I92: 0 | J92: =K92+L92 -> 2.0111807 | K92: 0.78612916 | L92: 1.2250515 | M92: 2.5116639 | N92: 0 | O92: 0 | P92: 4.4689971 | Q92: 7.772182 | R92: 0.75951674 | S92: 0.41768436 | T92: 0.79124945 | U92: 3.717443 | W92: =SUM(C92:G92) -> 59.263681 | AA92: 0.23856061 | AB92: 1.0700182 | AC92: 0.7662568 | AE92: 1.5949692 | AG92: 3.3729352 | AI92: 2.1825411 | AK92: 0.27255491 | AM92: 1.5262901
B93: 7월 | C93: =8.80479540919403+AC93 -> 9.470221 | D93: =26.236722190806-AC93 -> 25.571297 | E93: 5.0028644 | F93: 1.2039957 | G93: =SUM(H93:R93)-K93-L93 -> 12.028201 | H93: 0 | I93: 0 | J93: =K93+L93 -> 2.1388838 | K93: 0.79226199 | L93: 1.3466218 | M93: 2.4202715 | N93: 0 | O93: 0 | P93: -0.7118838 | Q93: 7.4912717 | R93: 0.68965745 | S93: 0.40429445 | T93: 0.79970127 | U93: 3.7437236 | W93: =SUM(C93:G93) -> 53.276578 | AA93: 0.20076777 | AB93: 0.98862225 | AC93: 0.66542558 | AE93: 1.4921995 | AG93: 3.2175035 | AI93: 2.4986998 | AK93: 0.25416227 | AM93: 1.6533307
B94: 8월 | C94: 9.1583625 | D94: 23.97615 | E94: 5.0574361 | F94: 1.1871303 | G94: =SUM(H94:R94)-K94-L94 -> 10.97069 | H94: 0 | I94: 0 | J94: =K94+L94 -> 2.1473823 | K94: 0.75600208 | L94: 1.3913802 | M94: 2.3573399 | N94: 0 | O94: 0 | P94: -0.84738071 | Q94: 6.6766701 | R94: 0.63667796 | S94: 0.39196682 | T94: 0.79516355 | U94: 3.8042217 | W94: =SUM(C94:G94) -> 50.349768 | AA94: 0.16456996 | AB94: 0.8919645 | AC94: 0.58167732 | AE94: 1.4055083 | AG94: 3.0304162 | AI94: 2.7531537 | AK94: 0.237305 | AM94: 1.8283062
B95: 9월 | C95: 9.0471217 | D95: 24.059738 | E95: 4.9543201 | F95: 1.1975352 | G95: =SUM(H95:R95)-K95-L95 -> 12.544361 | H95: 0 | I95: 0 | J95: =K95+L95 -> 2.0550325 | K95: 0.82172073 | L95: 1.2333118 | M95: 2.4204519 | N95: 0 | O95: 0 | P95: 0.53671021 | Q95: 6.9000007 | R95: 0.63216598 | S95: 0.378551 | T95: 0.81898418 | U95: =4.20351083/1.1 -> 3.8213735 | W95: =SUM(C95:G95) -> 51.803077 | AA95: 0.12745016 | AB95: 0.82583025 | AC95: 0.50999542 | AE95: =1.4415274/1.1 -> 1.3104795 | AG95: 2.8506906 | AI95: 3.0264253 | AK95: =0.2445206/1.1 -> 0.22229145 | AM95: 1.9325647
B96: 10월 | C96: 8.8861889 | D96: 23.890146 | E96: 4.8782752 | F96: =S96+T96 -> 1.1971049 | G96: =SUM(H96:R96)-K96-L96 -> 11.746961 | H96: 0 | I96: 0 | J96: =K96+L96 -> 2.1961804 | K96: 0.79567099 | L96: 1.4005094 | M96: 2.2535354 | N96: 0 | O96: 0 | P96: -0.1575418 | Q96: 6.872728 | R96: 0.58205908 | S96: 0.36592236 | T96: 0.83118255 | U96: 3.8420484 | W96: =SUM(C96:G96) -> 50.598676 | AA96: 0.0987768 | AB96: 0.759696 | AC96: 0.42652902 | AE96: 1.2273193 | AG96: 2.6879537 | AI96: 3.2688833 | AK96: 0.19918073 | AM96: 2.0785967
B97: 11월 | C97: 8.8098992 | D97: 23.781975 | E97: 4.6832918 | F97: =S97+T97 -> 1.1588698 | G97: =SUM(H97:R97)-K97-L97 -> 11.776543 | H97: 0 | I97: 0 | J97: =K97+L97 -> 2.0538287 | K97: 0.74581199 | L97: 1.3080167 | M97: 2.2623261 | P97: -0.1968948 | Q97: 6.8454552 | R97: 0.81182807 | S97: 0.34711745 | T97: 0.81175236 | U97: 3.7919169 | W97: =SUM(C97:G97) -> 50.210579 | AA97: 0.065975139 | AB97: 0.67914787 | AC97: 0.37134652 | AE97: 1.1457579 | AF97: =AG97/AG96-1 -> -0.065491834 | AG97: 2.5119147 | AI97: 3.5191714 | AK97: 0.17625509 | AM97: 2.1329946
B98: 2512 | C98: 8.7081341 | D98: 23.735033 | E98: 4.6386205 | F98: 1.1689899 | G98: =SUM(H98:R98)-K98-L98 -> 12.774471 | J98: =K98+L98 -> 2.2244296 | K98: 0.83801901 | L98: 1.3864106 | M98: 2.3227449 | P98: 0.47842386 | Q98: 6.8454552 | R98: 0.90341731 | S98: 0.33448809 | T98: 0.83450182 | U98: 3.8357851 | W98: =SUM(C98:G98) -> 51.025249 | AA98: 0.044509907 | AB98: 0.62573175 | AC98: 0.37134652 | AE98: 1.0902025 | AG98: 2.4026395 | AI98: 3.7652388 | AK98: 0.16282991 | AM98: 2.2007428
B99: '26.1월 | AB99: 0.57485925 | AC99: 0.28409094
B100: 2월 | AB100: 0.51720375
B101: 3월 | AB101: 0.47735363
B102: 4월 | AB102: 0.44513438
B103: 5월 | AB103: 0.41291512
B104: 6월 | AB104: 0.38069588
B105: 7월 | AB105: 0.34847662
B106: 8월 | AB106: 0.278103
B107: 9월 | AB107: 0.25351462
B108: 10월 | AB108: 0.22892625
B109: 11월 | AB109: 0.1661835
...

Sheet 최근 5개년 관리수수료 트렌드
D2: 관리수수료 분류 (21~25년)
C5: *단위 : 원 | D5: '2021년 | Q5: '2022년 | AD5: '2023년 | AQ5: '2024년 | BD5: '2025년
B6: 관리 수수료 | C6: 구분 | D6: '21년 전체 | E6: '21년 1월 | F6: '21년 2월 | G6: '21년 3월 | H6: '21년 4월 | I6: '21년 5월 | J6: '21년 6월 | K6: '21년 7월 | L6: '21년 8월 | M6: '21년 9월 | N6: '21년 10월 | O6: '21년 11월 | P6: '21년 12월 | Q6: '22년 전체 | R6: '22년 1월 | S6: '22년 2월 | T6: '22년 3월 | U6: '22년 4월 | V6: '22년 5월 | W6: '22년 6월 | X6: '22년 7월 | Y6: '22년 8월 | Z6: '22년 9월 | AA6: '22년 10월 | AB6: '22년 11월 | AC6: '22년 12월 | AD6: '23년 전체 | AE6: '23년 1월 | AF6: '23년 2월 | AG6: '23년 3월 | AH6: '23년 4월 | AI6: '23년 5월 | AJ6: '23년 6월 | AK6: '23년 7월 | AL6: '23년 8월 | AM6: '23년 9월 | AN6: '23년 10월 | AO6: '23년 11월 | AP6: '23년 12월 | AQ6: '24년 전체 | AR6: '24년 1월 | AS6: '24년 2월 | AT6: '24년 3월 | AU6: '24년 4월 | AV6: '24년 5월 | AW6: '24년 6월 | AX6: '24년 7월 | AY6: '24년 8월 | AZ6: '24년 9월 | BA6: '24년 10월 | BB6: '24년 11월 | BC6: '24년 12월 | BD6: '25년 전체 | BE6: '25년 1월 | BF6: '25년 2월 | BG6: '25년 3월 | BH6: '25년 4월 | BI6: '25년 5월
C7: 합계 | D7: =[1]손익계산서!B17 -> 56204422950 | E7: =[1]손익계산서!C17 -> 4054254674 | F7: =[1]손익계산서!D17 -> 4548254601 | G7: =[1]손익계산서!E17 -> 4288776467 | H7: =[1]손익계산서!F17 -> 5195904932 | I7: =[1]손익계산서!G17 -> 4597475090 | J7: =[1]손익계산서!H17 -> 4694987053 | K7: =[1]손익계산서!I17 -> 4611151304 | ... P7: =[1]손익계산서!N17 -> 4832219795 | Q7: =[1]손익계산서!B23 -> 61676006681 | R7: =[1]손익계산서!C23 -> 4986030017 | S7: =[1]손익계산서!D23 -> 5176059132 | T7: =[1]손익계산서!E23 -> 5174200894 | U7: =[1]손익계산서!F23 -> 4900519090 | V7: =[1]손익계산서!G23 -> 5177504349 | W7: =[1]손익계산서!H23 -> 5186761245 | X7: =[1]손익계산서!I23 -> 5416033352 | ... AC7: =[1]손익계산서!N23 -> 4783468308 | AD7: =[1]손익계산서!B29 -> 69199350703 | AE7: =[1]손익계산서!C29 -> 6634190128 | AF7: =[1]손익계산서!D29 -> 5012756010 | AG7: =[1]손익계산서!E29 -> 5897066709 | AH7: =[1]손익계산서!F29 -> 5491495600 | AI7: =[1]손익계산서!G29 -> 5803118945 | AJ7: =[1]손익계산서!H29 -> 5720644810 | AK7: =[1]손익계산서!I29 -> 5984157935 | ... AP7: =[1]손익계산서!N29 -> 6053672347 | AQ7: =[1]손익계산서!B35 -> 67737826929 | AR7: =[1]손익계산서!C35 -> 5913471713 | AS7: =[1]손익계산서!D35 -> 5752953347 | AT7: =[1]손익계산서!E35 -> 5709985367 | AU7: =[1]손익계산서!F35 -> 5478431581 | AV7: =[1]손익계산서!G35 -> 5469048973 | AW7: =[1]손익계산서!H35 -> 5448339080 | AX7: =[1]손익계산서!I35 -> 5629957338 | ... BC7: =[1]손익계산서!N35 -> 6647636303 | BD7: =[1]손익계산서!B41 -> 25180692273 | BE7: =[1]손익계산서!C41 -> 4934385229 | BF7: =[1]손익계산서!D41 -> 5230421881 | BG7: =[1]손익계산서!E41 -> 4862825487 | BH7: =[1]손익계산서!F41 -> 5600427254 | BI7: =[1]손익계산서!G41 -> 4552632422
C8: 기본 | D8: =D7-D9-D10 -> 35004019196 | E8: =E7-E9-E10 -> 2688047265 | F8: =F7-F9-F10 -> 3228578196 | G8: =G7-G9-G10 -> 2831042576 | H8: =H7-H9-H10 -> 3794420676 | I8: =I7-I9-I10 -> 2709040747 | J8: =J7-J9-J10 -> 2777513829 | K8: =K7-K9-K10 -> 2688651194 | ... BI8: =BI7-BI9-BI10 -> 2449584765
C9: 추가 (전체 H/C) | D9: =SUM(E9:P9) -> 12826031032 | E9: 693128300 | F9: 669521313 | G9: 739563069 | H9: 711025554 | I9: 1188561783 | J9: 1210338454 | K9: 1213562583 | L9: 1255339113 | M9: 1240617478 | N9: 1276507405 | O9: 1318840935 | P9: 1309025045 | Q9: =SUM(R9:AC9) -> 17102485092 | R9: 1325748963 | S9: 1330283104 | T9: 1367087601 | U9: 1357875014 | V9: 1384287882 | W9: 1400569690 | X9: 1436190511 | Y9: 1462948620 | Z9: 1461578677 | AA9: 1512881870 | AB9: 1528464021 | AC9: 1534569139 | AD9: =SUM(AE9:AP9) -> 18815403448 | AE9: 1552742603 | AF9: 1559440938 | AG9: 1572401003 | AH9: 1547722942 | AI9: 1566484738 | AJ9: 1570847685 | AK9: 1577392926 | AL9: 1581969712 | AM9: 1557601241 | AN9: 1601414995 | AO9: 1567847090 | AP9: 1559537575 | AQ9: =SUM(AR9:AY9) -> 12362676165 | AR9: 1557039045 | AS9: 1545274212 | AT9: 1559902372 | AU9: 1567999428 | AV9: 1545639384 | AW9: 1529052893 | AX9: 1542209015 | AY9: 1515559816 | AZ9: 1516427739 | BA9: 1515080189 | BB9: 1477018845 | BC9: 1472615996 | BD9: =SUM(BE9:BI9) -> 6957179693 | BE9: 1406769744 | BF9: 1450544101 | BG9: 1394746599 | BH9: 1364357292 | BI9: 1340761957
C10: 플라자 (부가세 제외) | D10: =[1]손익계산서!B16 -> 8374372722 | E10: =[1]손익계산서!C16 -> 673079109 | F10: =[1]손익계산서!D16 -> 650155092 | G10: =[1]손익계산서!E16 -> 718170822 | H10: =[1]손익계산서!F16 -> 690458702 | I10: =[1]손익계산서!G16 -> 699872560 | J10: =[1]손익계산서!H16 -> 707134770 | K10: =[1]손익계산서!I16 -> 708937527 | ... P10: =[1]손익계산서!N16 -> 751752966 | Q10: =[1]손익계산서!B22 -> 9600478849 | R10: =[1]손익계산서!C22 -> 757999542 | S10: =[1]손익계산서!D22 -> 757223675 | T10: =[1]손익계산서!E22 -> 778626703 | U10: =[1]손익계산서!F22 -> 772266817 | V10: =[1]손익계산서!G22 -> 786583717 | W10: =[1]손익계산서!H22 -> 792266771 | X10: =[1]손익계산서!I22 -> 819940989 | ... AC10: =[1]손익계산서!N22 -> 883209833 | AD10: =[1]손익계산서!B28 -> 8850034918 | AE10: =[1]손익계산서!C28 -> 750214980 | AF10: =[1]손익계산서!D28 -> 733660398 | AG10: =[1]손익계산서!E28 -> 741525423 | AH10: =[1]손익계산서!F28 -> 719588227 | AI10: =[1]손익계산서!G28 -> 745714929 | AJ10: =[1]손익계산서!H28 -> 939419449 | AK10: =[1]손익계산서!I28 -> 709494839 | ... AP10: =[1]손익계산서!N28 -> 695974716 | AQ10: =[1]손익계산서!B34 -> 8981382404 | AR10: =[1]손익계산서!C34 -> 694241202 | AS10: =[1]손익계산서!D34 -> 732899950 | AT10: =[1]손익계산서!E34 -> 734906949 | AU10: =[1]손익계산서!F34 -> 739181765 | AV10: =[1]손익계산서!G34 -> 738688892 | AW10: =[1]손익계산서!H34 -> 731468078 | AX10: =[1]손익계산서!I34 -> 763542549 | ... BC10: =[1]손익계산서!N34 -> 793712605 | BD10: =[1]손익계산서!B40 -> 3859465572 | BE10: =[1]손익계산서!C40 -> 793712605 | BF10: =[1]손익계산서!D40 -> 797160958 | BG10: =[1]손익계산서!E40 -> 742163842 | BH10: =[1]손익계산서!F40 -> 764142467 | BI10: =[1]손익계산서!G40 -> 762285700
E12: 740387110 | F12: 715170558 | G12: 789987892 | H12: 759504594 | I12: 769859884 | J12: 777848293 | K12: 779831331 | L12: 804449996 | M12: 785610358 | N12: 805895738 | O12: 834767222 | P12: 826928237 | R12: 833799465 | S12: 832945994 | T12: 856489430 | U12: 849493517 | V12: 865242051 | W12: 871493437 | X12: 901935190 | Y12: 917566566 | Z12: 912584870 | AA12: 957785316 | AB12: 970432035 | AC12: 971530838 | AE12: 994260834 | AF12: 995865080 | AG12: 1005352128 | AH12: 1003761833 | AI12: 1029375304 | AJ12: 1033358181 | AK12: 1022968495 | AL12: 1028398120 | AM12: 1013250494 | AN12: 1046723285 | AO12: 1016997720 | AP12: 1010930908 | AR12: 1009016610 | AS12: 1003375041 | AT12: 983474016 | AU12: 995855122 | AV12: 975349943 | AW12: 965329031 | AX12: 980609194 | AY12: 957445404
D13: =SUM(E13:P13) -> 8.5365829e+09 | E13: =E12/1.1 -> 6.7307919e+08 | F13: =F12/1.1 -> 6.5015505e+08 | G13: =G12/1.1 -> 7.1817081e+08 | H13: =H12/1.1 -> 6.9045872e+08 | I13: =I12/1.1 -> 6.9987262e+08 | J13: =J12/1.1 -> 7.0713481e+08 | K13: =K12/1.1 -> 7.0893757e+08 | L13: =L12/1.1 -> 7.3131818e+08 | ... P13: =P12/1.1 -> 7.5175294e+08 | Q13: =SUM(R13:AC13) -> 9.764817e+09 | R13: =R12/1.1 -> 7.5799951e+08 | S13: =S12/1.1 -> 7.5722363e+08 | T13: =T12/1.1 -> 7.7862675e+08 | U13: =U12/1.1 -> 7.7226683e+08 | V13: =V12/1.1 -> 7.8658368e+08 | W13: =W12/1.1 -> 7.9226676e+08 | X13: =X12/1.1 -> 8.1994108e+08 | Y13: =Y12/1.1 -> 8.3415142e+08 | ... AC13: =AC12/1.1 -> 8.8320985e+08 | AD13: =SUM(AE13:AP13) -> 1.1092039e+10 | AE13: =AE12/1.1 -> 9.0387349e+08 | AF13: =AF12/1.1 -> 9.0533189e+08 | AG13: =AG12/1.1 -> 9.1395648e+08 | AH13: =AH12/1.1 -> 9.1251076e+08 | AI13: =AI12/1.1 -> 9.3579573e+08 | AJ13: =AJ12/1.1 -> 9.3941653e+08 | AK13: =AK12/1.1 -> 9.2997136e+08 | AL13: =AL12/1.1 -> 9.3490738e+08 | ... AP13: =AP12/1.1 -> 9.190281e+08 | AQ13: =SUM(AR13:AY13) -> 7.1549585e+09 | AR13: =AR12/1.1 -> 9.1728783e+08 | AS13: =AS12/1.1 -> 9.1215913e+08 | AT13: =AT12/1.1 -> 8.9406729e+08 | AU13: =AU12/1.1 -> 9.0532284e+08 | AV13: =AV12/1.1 -> 8.8668177e+08 | AW13: =AW12/1.1 -> 8.7757185e+08 | AX13: =AX12/1.1 -> 8.914629e+08 | AY13: =AY12/1.1 -> 8.7040491e+08
C15: *단위 : 억 원 | D15: '2021년 | Q15: '2022년 | AD15: '2023년 | AQ15: '2024년 | BD15: '2025년
C16: 구분 | D16: '21년 전체 | E16: '21년 1월 | F16: '21년 2월 | G16: '21년 3월 | H16: '21년 4월 | I16: '21년 5월 | J16: '21년 6월 | K16: '21년 7월 | L16: '21년 8월 | M16: '21년 9월 | N16: '21년 10월 | O16: '21년 11월 | P16: '21년 12월 | Q16: '22년 전체 | R16: '22년 1월 | S16: '22년 2월 | T16: '22년 3월 | U16: '22년 4월 | V16: '22년 5월 | W16: '22년 6월 | X16: '22년 7월 | Y16: '22년 8월 | Z16: '22년 9월 | AA16: '22년 10월 | AB16: '22년 11월 | AC16: '22년 12월 | AD16: '23년 전체 | AE16: '23년 1월 | AF16: '23년 2월 | AG16: '23년 3월 | AH16: '23년 4월 | AI16: '23년 5월 | AJ16: '23년 6월 | AK16: '23년 7월 | AL16: '23년 8월 | AM16: '23년 9월 | AN16: '23년 10월 | AO16: '23년 11월 | AP16: '23년 12월 | AQ16: '24년 전체 | AR16: '24년 1월 | AS16: '24년 2월 | AT16: '24년 3월 | AU16: '24년 4월 | AV16: '24년 5월 | AW16: '24년 6월 | AX16: '24년 7월 | AY16: '24년 8월 | AZ16: '24년 9월 | BA16: '24년 10월 | BB16: '24년 11월 | BC16: '24년 12월 | BD16: '25년 1월~5월 | BE16: '25년 1월 | BF16: '25년 2월 | BG16: '25년 3월 | BH16: '25년 4월 | BI16: '25년 5월
C17: 합계 | D17: =D7/100000000*1.1 -> 618.24865 | E17: =E7/100000000*1.1 -> 44.596801 | F17: =F7/100000000*1.1 -> 50.030801 | G17: =G7/100000000*1.1 -> 47.176541 | H17: =H7/100000000*1.1 -> 57.154954 | I17: =I7/100000000*1.1 -> 50.572226 | J17: =J7/100000000*1.1 -> 51.644858 | K17: =K7/100000000*1.1 -> 50.722664 | ... BI17: =BI7/100000000*1.1 -> 50.078957
C18: 기본 | D18: =D17-D20-D19 -> 397.87024 | E18: =E17-E20-E19 -> 30.261648 | F18: =F17-F20-F19 -> 36.183881 | G18: =G17-G20-G19 -> 31.881031 | H18: =H17-H20-H19 -> 42.449653 | I18: =I17-I20-I19 -> 30.98801 | J18: =J17-J20-J19 -> 31.762991 | K18: =K17-K20-K19 -> 30.788726 | ... BI18: =BI17-BI20-BI19 -> 28.286194
C19: 추가 (전체 H/C) | D19: =D9/100000000 -> 128.26031 | E19: =E9/100000000 -> 6.931283 | F19: =F9/100000000 -> 6.6952131 | G19: =G9/100000000 -> 7.3956307 | H19: =H9/100000000 -> 7.1102555 | I19: =I9/100000000 -> 11.885618 | J19: =J9/100000000 -> 12.103385 | K19: =K9/100000000 -> 12.135626 | ... BI19: =BI9/100000000 -> 13.40762
C20: 플라자 위탁 대가 | D20: =D10/100000000*1.1 -> 92.1181 | E20: =E10/100000000*1.1 -> 7.4038702 | F20: =F10/100000000*1.1 -> 7.151706 | G20: =G10/100000000*1.1 -> 7.899879 | H20: =H10/100000000*1.1 -> 7.5950457 | I20: =I10/100000000*1.1 -> 7.6985982 | J20: =J10/100000000*1.1 -> 7.7784825 | K20: =K10/100000000*1.1 -> 7.7983128 | ... BI20: =BI10/100000000*1.1 -> 8.3851427
F24: 4.0320566e+08 | G24: 4.0320566e+08 | I24: 12998335 | J24: 1243330.8 | K24: 17026628 | L24: 2650456.7 | M24: 15363016 | N24: 13913532 | O24: -2252056.1 | AR24: 1557039045 | AS24: 1545274212 | AT24: 1559902372 | AU24: 1567999428 | AV24: 1545639384 | AW24: 1529052893 | AX24: 1542209015 | AY24: 1515559816 | AZ24: 1516427739 | BA24: 1515080189 | BB24: 1477018845 | BC24: 1472615996 | BE24: 1406769744 | BF24: 1450544101 | BG24: 1394746599 | BH24: 1364357292 | BI24: 1340761957
E25: vat포함 | F25: 438786591 | G25: 906088888 | H25: -19036442 | I25: 4.6784192e+08 | J25: 4.8214009e+08 | K25: 4.8350775e+08 | L25: 5.0223704e+08 | M25: 5.0515255e+08 | N25: 5.2205187e+08 | O25: 5.3735675e+08 | P25: 5.3487949e+08
G26: =(G25+H25)/2 -> 443526223 | H26: =G26 -> 443526223

Sheet (참고) 연결용
F1: 15 | G1: 16
C2: ※ 참고. 관리수수료 예측 파일에서 본 아래 형식으로 수식 연결 참고용
C3: 무선 | F3: 25.1월 | G3: 2월 | H3: 3월 | I3: 4월 | J3: 5월 | K3: 6월 | L3: 7월 | M3: 8월 | N3: 9월 | O3: 10월 | P3: 11월 | Q3: 12월
C4: 관리수수료 (백만원) | E4: 관리수수료 계 | F4: =SUM(F5:F13) -> 29.66507 | G4: =SUM(G5:G13) -> 31.917043 | H4: =SUM(H5:H13) -> 28.630084 | I4: =SUM(I5:I13) -> 36.856613 | J4: =SUM(J5:J13) -> 26.605989 | K4: =SUM(K5:K13) -> 0 | L4: =SUM(L5:L13) -> 0 | M4: =SUM(M5:M13) -> 0 | ... Q4: =SUM(Q5:Q13) -> 0
E5: 도매 | F5: ='관리수수료 트렌드 정리'!$C87-'관리수수료 트렌드 정리'!$AE87-'관리수수료 트렌드 정리'!$AG87 -> 2.9624661 | G5: ='관리수수료 트렌드 정리'!$C88-'관리수수료 트렌드 정리'!$AE88-'관리수수료 트렌드 정리'!$AG88 -> 2.91333 | H5: ='관리수수료 트렌드 정리'!$C89-'관리수수료 트렌드 정리'!$AE89-'관리수수료 트렌드 정리'!$AG89 -> 2.4573264 | I5: ='관리수수료 트렌드 정리'!$C90-'관리수수료 트렌드 정리'!$AE90-'관리수수료 트렌드 정리'!$AG90 -> 2.526277 | J5: ='관리수수료 트렌드 정리'!$C91-'관리수수료 트렌드 정리'!$AE91-'관리수수료 트렌드 정리'!$AG91 -> 2.3802389 | S5: 도매 전체(점프업 포함) - 유선관리 - HC + 도매 윈윈 추가
E6: 소매 | F6: ='관리수수료 트렌드 정리'!$D87-'관리수수료 트렌드 정리'!$U87 -> 20.402818 | G6: ='관리수수료 트렌드 정리'!$D88-'관리수수료 트렌드 정리'!$U88 -> 20.814096 | H6: ='관리수수료 트렌드 정리'!$D89-'관리수수료 트렌드 정리'!$U89 -> 20.926437 | I6: ='관리수수료 트렌드 정리'!$D90-'관리수수료 트렌드 정리'!$U90 -> 20.153446 | J6: ='관리수수료 트렌드 정리'!$D91-'관리수수료 트렌드 정리'!$U91 -> 19.901026 | S6: 소매 전체 - 소매 유선
E7: 소상공인 | F7: ='관리수수료 트렌드 정리'!$F87-'관리수수료 트렌드 정리'!$T87 -> 0.47383373 | G7: ='관리수수료 트렌드 정리'!$F88-'관리수수료 트렌드 정리'!$T88 -> 0.48559427 | H7: ='관리수수료 트렌드 정리'!$F89-'관리수수료 트렌드 정리'!$T89 -> 0.45793709 | I7: ='관리수수료 트렌드 정리'!$F90-'관리수수료 트렌드 정리'!$T90 -> 0.44099936 | J7: ='관리수수료 트렌드 정리'!$F91-'관리수수료 트렌드 정리'!$T91 -> 0.42470564
E8: 대형마트
E9: kt shop/제휴 | F9: ='관리수수료 트렌드 정리'!$E87-'관리수수료 트렌드 정리'!$AK87-'관리수수료 트렌드 정리'!$AM87 -> 3.8250436 | G9: ='관리수수료 트렌드 정리'!$E88-'관리수수료 트렌드 정리'!$AK88-'관리수수료 트렌드 정리'!$AM88 -> 3.8708857 | H9: ='관리수수료 트렌드 정리'!$E89-'관리수수료 트렌드 정리'!$AK89-'관리수수료 트렌드 정리'!$AM89 -> 3.6310316 | I9: ='관리수수료 트렌드 정리'!$E90-'관리수수료 트렌드 정리'!$AK90-'관리수수료 트렌드 정리'!$AM90 -> 3.4754358 | J9: ='관리수수료 트렌드 정리'!$E91-'관리수수료 트렌드 정리'!$AK91-'관리수수료 트렌드 정리'!$AM91 -> 3.3329248 | S9: 디지털 전체 - 디지털 유선-디지털HC
E10: 전략
E11: 기업/미8군/IoT | F11: ='관리수수료 트렌드 정리'!$J87 -> 1.9728654 | G11: ='관리수수료 트렌드 정리'!$J88 -> 2.0155581 | H11: ='관리수수료 트렌드 정리'!$J89 -> 1.9641957 | I11: ='관리수수료 트렌드 정리'!$J90 -> 2.0361414 | J11: ='관리수수료 트렌드 정리'!$J91 -> 2.138469 | S11: 기업 퉁
E12: Biz (25년 법인영업) | F12: ='관리수수료 트렌드 정리'!$M87 -> 2.48 | G12: ='관리수수료 트렌드 정리'!$M88 -> 2.7195389 | H12: ='관리수수료 트렌드 정리'!$M89 -> 2.529536 | I12: ='관리수수료 트렌드 정리'!$M90 -> 2.516 | J12: ='관리수수료 트렌드 정리'!$M91 -> 2.373502 | S12: 법인 퉁
E13: 본사공통(도매 윈윈 포함) | F13: ='관리수수료 트렌드 정리'!$P87 -> -2.4519562 | G13: ='관리수수료 트렌드 정리'!$P88 -> -0.90196034 | H13: ='관리수수료 트렌드 정리'!$P89 -> -3.3363801 | I13: ='관리수수료 트렌드 정리'!$P90 -> 5.7083132 | J13: ='관리수수료 트렌드 정리'!$P91 -> -3.9448768 | S13: 기타 퉁
C14: 도매 H/C (`18년 위탁 이후 가입자 수납요금의 2%) | F14: ='관리수수료 트렌드 정리'!$AG87 -> 4.14 | G14: ='관리수수료 트렌드 정리'!$AG88 -> 4.1403388 | H14: ='관리수수료 트렌드 정리'!$AG89 -> 3.8632196 | I14: ='관리수수료 트렌드 정리'!$AG90 -> 3.6772409 | J14: ='관리수수료 트렌드 정리'!$AG91 -> 3.5184741 | S14: HC
C15: kt닷컴 H/C (`24년 위탁 이후 가입자 수납요금의 2%) | F15: ='관리수수료 트렌드 정리'!$AM87 -> 1.02 | G15: ='관리수수료 트렌드 정리'!$AM88 -> 1.11 | H15: ='관리수수료 트렌드 정리'!$AM89 -> 1.2 | I15: ='관리수수료 트렌드 정리'!$AM90 -> 1.2567 | J15: ='관리수수료 트렌드 정리'!$AM91 -> 1.3244696 | S15: HC
C16: 플라자 대가 P3.0 | F16: ='관리수수료 트렌드 정리'!$Q87 -> 7.9 | G16: ='관리수수료 트렌드 정리'!$Q88 -> 7.9716096 | H16: ='관리수수료 트렌드 정리'!$Q89 -> 7.4216384 | I16: ='관리수수료 트렌드 정리'!$Q90 -> 7.6139128 | J16: ='관리수수료 트렌드 정리'!$Q91 -> 7.622857 | S16: P3.0
C17: 매장성 수수료 | F17: ='관리수수료 트렌드 정리'!$R87 -> 0.60595882 | G17: ='관리수수료 트렌드 정리'!$R88 -> 0.66603878 | H17: ='관리수수료 트렌드 정리'!$R89 -> 0.63645968 | I17: ='관리수수료 트렌드 정리'!$R90 -> 0.57387266 | J17: ='관리수수료 트렌드 정리'!$R91 -> 0.69777633 | S17: 매장성
C19: 유선 | F19: 25.1월 | G19: 2월 | H19: 3월 | I19: 4월 | J19: 5월 | K19: 6월 | L19: 7월 | M19: 8월 | N19: 9월 | O19: 10월 | P19: 11월 | Q19: 12월
C20: 관리수수료 (백만원) | E20: 전사 | F20: =SUM(F21:F29) -> 6.577184 | G20: =SUM(G21:G29) -> 7.1815229 | H20: =SUM(H21:H29) -> 7.5357089 | I20: =SUM(I21:I29) -> 6.59036 | J20: =SUM(J21:J29) -> 6.4865683 | K20: =SUM(K21:K29) -> 0 | L20: =SUM(L21:L29) -> 0 | M20: =SUM(M21:M29) -> 0 | ... Q20: =SUM(Q21:Q29) -> 0
E21: 도매 | F21: ='관리수수료 트렌드 정리'!$AE87 -> 1.9975339 | G21: ='관리수수료 트렌드 정리'!$AE88 -> 2.0294241 | H21: ='관리수수료 트렌드 정리'!$AE89 -> 2.2323665 | I21: ='관리수수료 트렌드 정리'!$AE90 -> 1.8044475 | J21: ='관리수수료 트렌드 정리'!$AE91 -> 1.7026086 | S21: 도매 유선
E22: 소매 | F22: ='관리수수료 트렌드 정리'!$U87 -> 3.4875361 | G22: ='관리수수료 트렌드 정리'!$U88 -> 3.8872114 | H22: ='관리수수료 트렌드 정리'!$U89 -> 4.1244591 | I22: ='관리수수료 트렌드 정리'!$U90 -> 3.6559634 | J22: ='관리수수료 트렌드 정리'!$U91 -> 3.6748937 | S22: 소매 유선
E23: 소상공인 | F23: ='관리수수료 트렌드 정리'!$T87 -> 0.73715764 | G23: ='관리수수료 트렌드 정리'!$T88 -> 0.87857773 | H23: ='관리수수료 트렌드 정리'!$T89 -> 0.81444236 | I23: ='관리수수료 트렌드 정리'!$T90 -> 0.79583691 | J23: ='관리수수료 트렌드 정리'!$T91 -> 0.79464064 | S23: 소상공인 유선 가정
E24: 대형마트
E25: kt shop/제휴 | F25: ='관리수수료 트렌드 정리'!$AK87 -> 0.35495636 | G25: ='관리수수료 트렌드 정리'!$AK88 -> 0.3863097 | H25: ='관리수수료 트렌드 정리'!$AK89 -> 0.36444095 | I25: ='관리수수료 트렌드 정리'!$AK90 -> 0.3341122 | J25: ='관리수수료 트렌드 정리'!$AK91 -> 0.3144253 | S25: 디지털 유선
E26: 전략
E27: 기업/공공
E28: Biz (25년 법인영업)
E29: 본사공통
F31: =F4+F20+F14+F15+F16+F17 -> 49.908213 | G31: =G4+G20+G14+G15+G16+G17 -> 52.986553 | H31: =H4+H20+H14+H15+H16+H17 -> 49.287111 | I31: =I4+I20+I14+I15+I16+I17 -> 56.568699 | J31: =J4+J20+J14+J15+J16+J17 -> 46.256135 | K31: =K4+K20+K14+K15+K16+K17 -> 0 | L31: =L4+L20+L14+L15+L16+L17 -> 0 | M31: =M4+M20+M14+M15+M16+M17 -> 0 | ... Q31: =Q4+Q20+Q14+Q15+Q16+Q17 -> 0

Sheet (참고) 연결용 (가입자 무선)
F1: 15 | G1: 16
C2: ※ 참고. 관리수수료 예측 파일에서 본 아래 형식으로 수식 연결 참고용
C3: 무선 관리수수료 | F3: 25.1월 | G3: 2월 | H3: 3월 | I3: 4월 | J3: 5월 | K3: 6월 | L3: 7월 | M3: 8월 | N3: 9월 | O3: 10월 | P3: 11월 | Q3: 12월
C4: 관리수수료 (억원) | E4: 관리수수료 계 | F4: =SUM(F5:F13) -> 29.66507 | G4: =SUM(G5:G13) -> 31.917043 | H4: =SUM(H5:H13) -> 28.630084 | I4: =SUM(I5:I13) -> 36.856613 | J4: =SUM(J5:J13) -> 26.605989 | K4: =SUM(K5:K13) -> 0 | L4: =SUM(L5:L13) -> 0 | M4: =SUM(M5:M13) -> 0 | ... Q4: =SUM(Q5:Q13) -> 0
E5: 도매 | F5: ='관리수수료 트렌드 정리'!$C87-'관리수수료 트렌드 정리'!$AE87-'관리수수료 트렌드 정리'!$AG87 -> 2.9624661 | G5: ='관리수수료 트렌드 정리'!$C88-'관리수수료 트렌드 정리'!$AE88-'관리수수료 트렌드 정리'!$AG88 -> 2.91333 | H5: ='관리수수료 트렌드 정리'!$C89-'관리수수료 트렌드 정리'!$AE89-'관리수수료 트렌드 정리'!$AG89 -> 2.4573264 | I5: ='관리수수료 트렌드 정리'!$C90-'관리수수료 트렌드 정리'!$AE90-'관리수수료 트렌드 정리'!$AG90 -> 2.526277 | J5: ='관리수수료 트렌드 정리'!$C91-'관리수수료 트렌드 정리'!$AE91-'관리수수료 트렌드 정리'!$AG91 -> 2.3802389 | S5: 도매 전체(점프업 포함) - 유선관리 - HC + 도매 윈윈 추가
E6: 소매 | F6: ='관리수수료 트렌드 정리'!$D87-'관리수수료 트렌드 정리'!$U87 -> 20.402818 | G6: ='관리수수료 트렌드 정리'!$D88-'관리수수료 트렌드 정리'!$U88 -> 20.814096 | H6: ='관리수수료 트렌드 정리'!$D89-'관리수수료 트렌드 정리'!$U89 -> 20.926437 | I6: ='관리수수료 트렌드 정리'!$D90-'관리수수료 트렌드 정리'!$U90 -> 20.153446 | J6: ='관리수수료 트렌드 정리'!$D91-'관리수수료 트렌드 정리'!$U91 -> 19.901026 | S6: 소매 전체 - 소매 유선
E7: 소상공인 | F7: ='관리수수료 트렌드 정리'!$F87-'관리수수료 트렌드 정리'!$T87 -> 0.47383373 | G7: ='관리수수료 트렌드 정리'!$F88-'관리수수료 트렌드 정리'!$T88 -> 0.48559427 | H7: ='관리수수료 트렌드 정리'!$F89-'관리수수료 트렌드 정리'!$T89 -> 0.45793709 | I7: ='관리수수료 트렌드 정리'!$F90-'관리수수료 트렌드 정리'!$T90 -> 0.44099936 | J7: ='관리수수료 트렌드 정리'!$F91-'관리수수료 트렌드 정리'!$T91 -> 0.42470564
E8: 대형마트
E9: kt shop/제휴 | F9: ='관리수수료 트렌드 정리'!$E87-'관리수수료 트렌드 정리'!$AK87-'관리수수료 트렌드 정리'!$AM87 -> 3.8250436 | G9: ='관리수수료 트렌드 정리'!$E88-'관리수수료 트렌드 정리'!$AK88-'관리수수료 트렌드 정리'!$AM88 -> 3.8708857 | H9: ='관리수수료 트렌드 정리'!$E89-'관리수수료 트렌드 정리'!$AK89-'관리수수료 트렌드 정리'!$AM89 -> 3.6310316 | I9: ='관리수수료 트렌드 정리'!$E90-'관리수수료 트렌드 정리'!$AK90-'관리수수료 트렌드 정리'!$AM90 -> 3.4754358 | J9: ='관리수수료 트렌드 정리'!$E91-'관리수수료 트렌드 정리'!$AK91-'관리수수료 트렌드 정리'!$AM91 -> 3.3329248 | S9: 디지털 전체 - 디지털 유선-디지털HC
E10: 전략
E11: 기업/미8군/IoT | F11: ='관리수수료 트렌드 정리'!$J87 -> 1.9728654 | G11: ='관리수수료 트렌드 정리'!$J88 -> 2.0155581 | H11: ='관리수수료 트렌드 정리'!$J89 -> 1.9641957 | I11: ='관리수수료 트렌드 정리'!$J90 -> 2.0361414 | J11: ='관리수수료 트렌드 정리'!$J91 -> 2.138469 | S11: 기업 퉁
E12: Biz (25년 법인영업) | F12: ='관리수수료 트렌드 정리'!$M87 -> 2.48 | G12: ='관리수수료 트렌드 정리'!$M88 -> 2.7195389 | H12: ='관리수수료 트렌드 정리'!$M89 -> 2.529536 | I12: ='관리수수료 트렌드 정리'!$M90 -> 2.516 | J12: ='관리수수료 트렌드 정리'!$M91 -> 2.373502 | S12: 법인 퉁
E13: 본사공통(도매 윈윈 포함) | F13: ='관리수수료 트렌드 정리'!$P87 -> -2.4519562 | G13: ='관리수수료 트렌드 정리'!$P88 -> -0.90196034 | H13: ='관리수수료 트렌드 정리'!$P89 -> -3.3363801 | I13: ='관리수수료 트렌드 정리'!$P90 -> 5.7083132 | J13: ='관리수수료 트렌드 정리'!$P91 -> -3.9448768 | S13: 기타 퉁
C14: 도매 H/C (`18년 위탁 이후 가입자 수납요금의 2%) | F14: ='관리수수료 트렌드 정리'!$AG87 -> 4.14 | G14: ='관리수수료 트렌드 정리'!$AG88 -> 4.1403388 | H14: ='관리수수료 트렌드 정리'!$AG89 -> 3.8632196 | I14: ='관리수수료 트렌드 정리'!$AG90 -> 3.6772409 | J14: ='관리수수료 트렌드 정리'!$AG91 -> 3.5184741 | S14: HC
C15: kt닷컴 H/C (`24년 위탁 이후 가입자 수납요금의 2%) | F15: ='관리수수료 트렌드 정리'!$AM87 -> 1.02 | G15: ='관리수수료 트렌드 정리'!$AM88 -> 1.11 | H15: ='관리수수료 트렌드 정리'!$AM89 -> 1.2 | I15: ='관리수수료 트렌드 정리'!$AM90 -> 1.2567 | J15: ='관리수수료 트렌드 정리'!$AM91 -> 1.3244696 | S15: HC
C16: 플라자 대가 P3.0 | F16: ='관리수수료 트렌드 정리'!$Q87 -> 7.9 | G16: ='관리수수료 트렌드 정리'!$Q88 -> 7.9716096 | H16: ='관리수수료 트렌드 정리'!$Q89 -> 7.4216384 | I16: ='관리수수료 트렌드 정리'!$Q90 -> 7.6139128 | J16: ='관리수수료 트렌드 정리'!$Q91 -> 7.622857 | S16: P3.0
C17: 매장성 수수료 | F17: ='관리수수료 트렌드 정리'!$R87 -> 0.60595882 | G17: ='관리수수료 트렌드 정리'!$R88 -> 0.66603878 | H17: ='관리수수료 트렌드 정리'!$R89 -> 0.63645968 | I17: ='관리수수료 트렌드 정리'!$R90 -> 0.57387266 | J17: ='관리수수료 트렌드 정리'!$R91 -> 0.69777633 | S17: 매장성
C19: 무선 가입자 | F19: 25.1월 | G19: 2월 | H19: 3월 | I19: 4월 | J19: 5월 | K19: 6월 | L19: 7월 | M19: 8월 | N19: 9월 | O19: 10월 | P19: 11월 | Q19: 12월
C20: 가입자 (명) | E20: 관리수수료 계 | F20: =SUM(F21:F29) -> 1438997 | G20: =SUM(G21:G29) -> 1428238 | H20: =SUM(H21:H29) -> 1417929 | I20: =SUM(I21:I29) -> 1419139 | J20: =SUM(J21:J29) -> 1428753 | K20: =SUM(K21:K29) -> 1417111 | L20: =SUM(L21:L29) -> 0 | M20: =SUM(M21:M29) -> 0 | ... Q20: =SUM(Q21:Q29) -> 0
E21: 도매 | F21: 66322 | G21: 64615 | H21: 63539 | I21: 62009 | J21: 61102 | K21: 59733 | S21: 도매 전체(점프업 포함) - 유선관리 - HC + 도매 윈윈 추가
E22: 소매 | F22: 751971 | G22: 752950 | H22: 752266 | I22: 754111 | J22: 766608 | K22: 764910 | S22: 소매 전체 - 소매 유선
E23: 소상공인 | F23: 26924 | G23: 26456 | H23: 25615 | I23: 25136 | J23: 24622 | K23: 24074
E24: 대형마트
E25: kt shop/제휴 | F25: 107127 | G25: 102207 | H25: 99447 | I25: 96649 | J25: 93912 | K25: 91452 | S25: 디지털 전체 - 디지털 유선-디지털HC
E26: 전략
E27: 기업/미8군/IoT | F27: 357535 | G27: 354197 | H27: 348912 | I27: 353944 | J27: 355534 | K27: 351173 | S27: 기업 퉁
E28: Biz (25년 법인영업) | F28: 129118 | G28: 127813 | H28: 128150 | I28: 127290 | J28: 126975 | K28: 125769 | S28: 법인 퉁
E29: 본사공통(도매 윈윈 포함) | F29: ='관리수수료 트렌드 정리'!$P103 -> 0 | G29: ='관리수수료 트렌드 정리'!$P104 -> 0 | H29: ='관리수수료 트렌드 정리'!$P105 -> 0 | I29: ='관리수수료 트렌드 정리'!$P106 -> 0 | J29: ='관리수수료 트렌드 정리'!$P107 -> 0 | S29: 기타 퉁
C30: 도매 H/C (`18년 위탁 이후 가입자 수납요금의 2%) | F30: 582656 | G30: 559407 | H30: 541478 | I30: 523578 | J30: 505468 | K30: 486487 | S30: HC
C31: kt닷컴 H/C (`24년 위탁 이후 가입자 수납요금의 2%) | F31: 139462 | G31: 156756 | H31: 164695 | I31: 176809 | J31: 204044 | K31: 216044 | S31: HC
C32: 플라자 대가 P3.0 | F32: ='관리수수료 트렌드 정리'!$Q103 -> 0 | G32: ='관리수수료 트렌드 정리'!$Q104 -> 0 | H32: ='관리수수료 트렌드 정리'!$Q105 -> 0 | I32: ='관리수수료 트렌드 정리'!$Q106 -> 0 | J32: ='관리수수료 트렌드 정리'!$Q107 -> 0 | S32: P3.0
C33: 매장성 수수료 | F33: ='관리수수료 트렌드 정리'!$R103 -> 0 | G33: ='관리수수료 트렌드 정리'!$R104 -> 0 | H33: ='관리수수료 트렌드 정리'!$R105 -> 0 | I33: ='관리수수료 트렌드 정리'!$R106 -> 0 | J33: ='관리수수료 트렌드 정리'!$R107 -> 0 | S33: 매장성
C35: 무선 가입자 증감율 | F35: 25.1월 | G35: 2월 | H35: 3월 | I35: 4월 | J35: 5월 | K35: 6월 | L35: 7월 | M35: 8월 | N35: 9월 | O35: 10월 | P35: 11월 | Q35: 12월
C36: 인당 수수료 (원) | E36: 관리수수료 계 | L36: =SUM(L37:L45) -> 0 | M36: =SUM(M37:M45) -> 0 | N36: =SUM(N37:N45) -> 0 | O36: =SUM(O37:O45) -> 0 | P36: =SUM(P37:P45) -> 0 | Q36: =SUM(Q37:Q45) -> 0
E37: 도매 | F37: =IFERROR(#REF!/F5*100000000,0) -> 0 | G37: =IFERROR(G21/F21-1,0) -> -0.025738066 | H37: =IFERROR(H21/G21-1,0) -> -0.01665248 | I37: =IFERROR(I21/H21-1,0) -> -0.024079699 | J37: =IFERROR(J21/I21-1,0) -> -0.014626909 | K37: =IFERROR(K21/J21-1,0) -> -0.022405159 | S37: 도매 전체(점프업 포함) - 유선관리 - HC + 도매 윈윈 추가
E38: 소매 | F38: =IFERROR(#REF!/F6*100000000,0) -> 0 | G38: =IFERROR(G22/F22-1,0) -> 0.0013019119 | H38: =IFERROR(H22/G22-1,0) -> -0.00090842685 | I38: =IFERROR(I22/H22-1,0) -> 0.0024525899 | J38: =IFERROR(J22/I22-1,0) -> 0.016571831 | K38: =IFERROR(K22/J22-1,0) -> -0.0022149521 | S38: 소매 전체 - 소매 유선
E39: 소상공인 | F39: =IFERROR(#REF!/F7*100000000,0) -> 0 | G39: =IFERROR(G23/F23-1,0) -> -0.017382261 | H39: =IFERROR(H23/G23-1,0) -> -0.03178863 | I39: =IFERROR(I23/H23-1,0) -> -0.01869998 | J39: =IFERROR(J23/I23-1,0) -> -0.020448759 | K39: =IFERROR(K23/J23-1,0) -> -0.022256519
E40: 대형마트 | F40: =IFERROR(#REF!/F8*100000000,0) -> 0 | G40: =IFERROR(G24/F24-1,0) -> 0 | H40: =IFERROR(H24/G24-1,0) -> 0 | I40: =IFERROR(I24/H24-1,0) -> 0 | J40: =IFERROR(J24/I24-1,0) -> 0 | K40: =IFERROR(K24/J24-1,0) -> 0
E41: kt shop/제휴 | F41: =IFERROR(#REF!/F9*100000000,0) -> 0 | G41: =IFERROR(G25/F25-1,0) -> -0.045926797 | H41: =IFERROR(H25/G25-1,0) -> -0.027004021 | I41: =IFERROR(I25/H25-1,0) -> -0.02813559 | J41: =IFERROR(J25/I25-1,0) -> -0.028318969 | K41: =IFERROR(K25/J25-1,0) -> -0.026194735 | S41: 디지털 전체 - 디지털 유선-디지털HC
E42: 전략 | F42: =IFERROR(#REF!/F10*100000000,0) -> 0 | G42: =IFERROR(G26/F26-1,0) -> 0 | H42: =IFERROR(H26/G26-1,0) -> 0 | I42: =IFERROR(I26/H26-1,0) -> 0 | J42: =IFERROR(J26/I26-1,0) -> 0 | K42: =IFERROR(K26/J26-1,0) -> 0
E43: 기업/미8군/IoT | F43: =IFERROR(#REF!/F11*100000000,0) -> 0 | G43: =IFERROR(G27/F27-1,0) -> -0.0093361489 | H43: =IFERROR(H27/G27-1,0) -> -0.014921075 | I43: =IFERROR(I27/H27-1,0) -> 0.014421975 | J43: =IFERROR(J27/I27-1,0) -> 0.0044922361 | K43: =IFERROR(K27/J27-1,0) -> -0.012266056 | S43: 기업 퉁
E44: Biz (25년 법인영업) | F44: =IFERROR(#REF!/F12*100000000,0) -> 0 | G44: =IFERROR(G28/F28-1,0) -> -0.010107034 | H44: =IFERROR(H28/G28-1,0) -> 0.0026366645 | I44: =IFERROR(I28/H28-1,0) -> -0.0067108857 | J44: =IFERROR(J28/I28-1,0) -> -0.0024746642 | K44: =IFERROR(K28/J28-1,0) -> -0.0094979327 | S44: 법인 퉁
E45: 본사공통(도매 윈윈 포함) | F45: =IFERROR(#REF!/F13*100000000,0) -> 0 | G45: =IFERROR(G29/F29-1,0) -> 0 | H45: =IFERROR(H29/G29-1,0) -> 0 | I45: =IFERROR(I29/H29-1,0) -> 0 | J45: =IFERROR(J29/I29-1,0) -> 0 | K45: =IFERROR(K29/J29-1,0) -> 0 | S45: 기타 퉁
C46: 도매 H/C (`18년 위탁 이후 가입자 수납요금의 2%) | F46: =IFERROR(#REF!/F14*100000000,0) -> 0 | G46: =IFERROR(G30/F30-1,0) -> -0.03990176 | H46: =IFERROR(H30/G30-1,0) -> -0.03205001 | I46: =IFERROR(I30/H30-1,0) -> -0.033057668 | J46: =IFERROR(J30/I30-1,0) -> -0.034588925 | K46: =IFERROR(K30/J30-1,0) -> -0.037551339 | S46: HC
C47: kt닷컴 H/C (`24년 위탁 이후 가입자 수납요금의 2%) | F47: =IFERROR(#REF!/F15*100000000,0) -> 0 | G47: =IFERROR(G31/F31-1,0) -> 0.12400511 | H47: =IFERROR(H31/G31-1,0) -> 0.050645589 | I47: =IFERROR(I31/H31-1,0) -> 0.073554146 | J47: =IFERROR(J31/I31-1,0) -> 0.15403628 | K47: =IFERROR(K31/J31-1,0) -> 0.058810845 | S47: HC
C48: 플라자 대가 P3.0 | F48: =IFERROR(#REF!/F16*100000000,0) -> 0 | G48: =IFERROR(G32/F32-1,0) -> 0 | H48: =IFERROR(H32/G32-1,0) -> 0 | I48: =IFERROR(I32/H32-1,0) -> 0 | J48: =IFERROR(J32/I32-1,0) -> 0 | K48: =IFERROR(K32/J32-1,0) -> 0 | S48: P3.0
C49: 매장성 수수료 | F49: =IFERROR(F1/F17*100000000,0) -> 2.4754157e+09 | G49: =IFERROR(G33/F33-1,0) -> 0 | H49: =IFERROR(H33/G33-1,0) -> 0 | I49: =IFERROR(I33/H33-1,0) -> 0 | J49: =IFERROR(J33/I33-1,0) -> 0 | K49: =IFERROR(K33/J33-1,0) -> 0 | S49: 매장성
C51: 무선 인당 수수료 | F51: 25.1월 | G51: 2월 | H51: 3월 | I51: 4월 | J51: 5월 | K51: 6월 | L51: 7월 | M51: 8월 | N51: 9월 | O51: 10월 | P51: 11월 | Q51: 12월
C52: 인당 수수료 (원) | E52: 관리수수료 계 | L52: =SUM(L53:L61) -> 0 | M52: =SUM(M53:M61) -> 0 | N52: =SUM(N53:N61) -> 0 | O52: =SUM(O53:O61) -> 0 | P52: =SUM(P53:P61) -> 0 | Q52: =SUM(Q53:Q61) -> 0
E53: 도매 | F53: =IFERROR(F5/F21*100000000,0) -> 4466.7925 | G53: =IFERROR(G5/G21*100000000,0) -> 4508.7518 | H53: =IFERROR(H5/H21*100000000,0) -> 3867.4301 | I53: =IFERROR(I5/I21*100000000,0) -> 4074.049 | J53: =IFERROR(J5/J21*100000000,0) -> 3895.5172 | K53: =IFERROR(K5/K21*100000000,0) -> 0 | S53: 도매 전체(점프업 포함) - 유선관리 - HC + 도매 윈윈 추가
E54: 소매 | F54: =IFERROR(F6/F22*100000000,0) -> 2713.2453 | G54: =IFERROR(G6/G22*100000000,0) -> 2764.3397 | H54: =IFERROR(H6/H22*100000000,0) -> 2781.7869 | I54: =IFERROR(I6/I22*100000000,0) -> 2672.4774 | J54: =IFERROR(J6/J22*100000000,0) -> 2595.9846 | K54: =IFERROR(K6/K22*100000000,0) -> 0 | S54: 소매 전체 - 소매 유선
E55: 소상공인 | F55: =IFERROR(F7/F23*100000000,0) -> 1759.8935 | G55: =IFERROR(G7/G23*100000000,0) -> 1835.4788 | H55: =IFERROR(H7/H23*100000000,0) -> 1787.7692 | I55: =IFERROR(I7/I23*100000000,0) -> 1754.4532 | J55: =IFERROR(J7/J23*100000000,0) -> 1724.9031 | K55: =IFERROR(K7/K23*100000000,0) -> 0
E56: 대형마트 | F56: =IFERROR(F8/F24*100000000,0) -> 0 | G56: =IFERROR(G8/G24*100000000,0) -> 0 | H56: =IFERROR(H8/H24*100000000,0) -> 0 | I56: =IFERROR(I8/I24*100000000,0) -> 0 | J56: =IFERROR(J8/J24*100000000,0) -> 0 | K56: =IFERROR(K8/K24*100000000,0) -> 0
E57: kt shop/제휴 | F57: =IFERROR(F9/F25*100000000,0) -> 3570.5692 | G57: =IFERROR(G9/G25*100000000,0) -> 3787.3 | H57: =IFERROR(H9/H25*100000000,0) -> 3651.2229 | I57: =IFERROR(I9/I25*100000000,0) -> 3595.9357 | J57: =IFERROR(J9/J25*100000000,0) -> 3548.9871 | K57: =IFERROR(K9/K25*100000000,0) -> 0 | S57: 디지털 전체 - 디지털 유선-디지털HC
E58: 전략 | F58: =IFERROR(F10/F26*100000000,0) -> 0 | G58: =IFERROR(G10/G26*100000000,0) -> 0 | H58: =IFERROR(H10/H26*100000000,0) -> 0 | I58: =IFERROR(I10/I26*100000000,0) -> 0 | J58: =IFERROR(J10/J26*100000000,0) -> 0 | K58: =IFERROR(K10/K26*100000000,0) -> 0
E59: 기업/미8군/IoT | F59: =IFERROR(F11/F27*100000000,0) -> 551.79644 | G59: =IFERROR(G11/G27*100000000,0) -> 569.05003 | H59: =IFERROR(H11/H27*100000000,0) -> 562.94874 | I59: =IFERROR(I11/I27*100000000,0) -> 575.2722 | J59: =IFERROR(J11/J27*100000000,0) -> 601.48087 | K59: =IFERROR(K11/K27*100000000,0) -> 0 | S59: 기업 퉁
E60: Biz (25년 법인영업) | F60: =IFERROR(F12/F28*100000000,0) -> 1920.7237 | G60: =IFERROR(G12/G28*100000000,0) -> 2127.7482 | H60: =IFERROR(H12/H28*100000000,0) -> 1973.8869 | I60: =IFERROR(I12/I28*100000000,0) -> 1976.5889 | J60: =IFERROR(J12/J28*100000000,0) -> 1869.2671 | K60: =IFERROR(K12/K28*100000000,0) -> 0 | S60: 법인 퉁
E61: 본사공통(도매 윈윈 포함) | F61: =IFERROR(F13/F29*100000000,0) -> 0 | G61: =IFERROR(G13/G29*100000000,0) -> 0 | H61: =IFERROR(H13/H29*100000000,0) -> 0 | I61: =IFERROR(I13/I29*100000000,0) -> 0 | J61: =IFERROR(J13/J29*100000000,0) -> 0 | K61: =IFERROR(K13/K29*100000000,0) -> 0 | S61: 기타 퉁
C62: 도매 H/C (`18년 위탁 이후 가입자 수납요금의 2%) | F62: =IFERROR(F14/F30*100000000,0) -> 710.53932 | G62: =IFERROR(G14/G30*100000000,0) -> 740.12997 | H62: =IFERROR(H14/H30*100000000,0) -> 713.45828 | I62: =IFERROR(I14/I30*100000000,0) -> 702.32915 | J62: =IFERROR(J14/J30*100000000,0) -> 696.08245 | K62: =IFERROR(K14/K30*100000000,0) -> 0 | S62: HC
C63: kt닷컴 H/C (`24년 위탁 이후 가입자 수납요금의 2%) | F63: =IFERROR(F15/F31*100000000,0) -> 731.38203 | G63: =IFERROR(G15/G31*100000000,0) -> 708.10687 | H63: =IFERROR(H15/H31*100000000,0) -> 728.61957 | I63: =IFERROR(I15/I31*100000000,0) -> 710.76698 | J63: =IFERROR(J15/J31*100000000,0) -> 649.1098 | K63: =IFERROR(K15/K31*100000000,0) -> 0 | S63: HC
C64: 플라자 대가 P3.0 | F64: =IFERROR(F16/F32*100000000,0) -> 0 | G64: =IFERROR(G16/G32*100000000,0) -> 0 | H64: =IFERROR(H16/H32*100000000,0) -> 0 | I64: =IFERROR(I16/I32*100000000,0) -> 0 | J64: =IFERROR(J16/J32*100000000,0) -> 0 | K64: =IFERROR(K16/K32*100000000,0) -> 0 | S64: P3.0
C65: 매장성 수수료 | F65: =IFERROR(F17/F33*100000000,0) -> 0 | G65: =IFERROR(G17/G33*100000000,0) -> 0 | H65: =IFERROR(H17/H33*100000000,0) -> 0 | I65: =IFERROR(I17/I33*100000000,0) -> 0 | J65: =IFERROR(J17/J33*100000000,0) -> 0 | K65: =IFERROR(K17/K33*100000000,0) -> 0 | S65: 매장성
C67: 유선 | F67: 25.1월 | G67: 2월 | H67: 3월 | I67: 4월 | J67: 5월 | K67: 6월 | L67: 7월 | M67: 8월 | N67: 9월 | O67: 10월 | P67: 11월 | Q67: 12월
C68: 관리수수료 (백만원) | E68: 전사 | F68: =SUM(F69:F77) -> 6.577184 | G68: =SUM(G69:G77) -> 7.1815229 | H68: =SUM(H69:H77) -> 7.5357089 | I68: =SUM(I69:I77) -> 6.59036 | J68: =SUM(J69:J77) -> 6.4865683 | K68: =SUM(K69:K77) -> 0 | L68: =SUM(L69:L77) -> 0 | M68: =SUM(M69:M77) -> 0 | ... Q68: =SUM(Q69:Q77) -> 0
E69: 도매 | F69: ='관리수수료 트렌드 정리'!$AE87 -> 1.9975339 | G69: ='관리수수료 트렌드 정리'!$AE88 -> 2.0294241 | H69: ='관리수수료 트렌드 정리'!$AE89 -> 2.2323665 | I69: ='관리수수료 트렌드 정리'!$AE90 -> 1.8044475 | J69: ='관리수수료 트렌드 정리'!$AE91 -> 1.7026086 | S69: 도매 유선
E70: 소매 | F70: ='관리수수료 트렌드 정리'!$U87 -> 3.4875361 | G70: ='관리수수료 트렌드 정리'!$U88 -> 3.8872114 | H70: ='관리수수료 트렌드 정리'!$U89 -> 4.1244591 | I70: ='관리수수료 트렌드 정리'!$U90 -> 3.6559634 | J70: ='관리수수료 트렌드 정리'!$U91 -> 3.6748937 | S70: 소매 유선
E71: 소상공인 | F71: ='관리수수료 트렌드 정리'!$T87 -> 0.73715764 | G71: ='관리수수료 트렌드 정리'!$T88 -> 0.87857773 | H71: ='관리수수료 트렌드 정리'!$T89 -> 0.81444236 | I71: ='관리수수료 트렌드 정리'!$T90 -> 0.79583691 | J71: ='관리수수료 트렌드 정리'!$T91 -> 0.79464064 | S71: 소상공인 유선 가정
E72: 대형마트
E73: kt shop/제휴 | F73: ='관리수수료 트렌드 정리'!$AK87 -> 0.35495636 | G73: ='관리수수료 트렌드 정리'!$AK88 -> 0.3863097 | H73: ='관리수수료 트렌드 정리'!$AK89 -> 0.36444095 | I73: ='관리수수료 트렌드 정리'!$AK90 -> 0.3341122 | J73: ='관리수수료 트렌드 정리'!$AK91 -> 0.3144253 | S73: 디지털 유선
E74: 전략
E75: 기업/공공
E76: Biz (25년 법인영업)
E77: 본사공통
F79: =F4+F68+F14+F15+F16+F17 -> 49.908213 | G79: =G4+G68+G14+G15+G16+G17 -> 52.986553 | H79: =H4+H68+H14+H15+H16+H17 -> 49.287111 | I79: =I4+I68+I14+I15+I16+I17 -> 56.568699 | J79: =J4+J68+J14+J15+J16+J17 -> 46.256135 | K79: =K4+K68+K14+K15+K16+K17 -> 0 | L79: =L4+L68+L14+L15+L16+L17 -> 0 | M79: =M4+M68+M14+M15+M16+M17 -> 0 | ... Q79: =Q4+Q68+Q14+Q15+Q16+Q17 -> 0

Sheet (참고) 연결용 (가입자 포함) (2)
F1: 15 | G1: 16
C2: ※ 참고. 관리수수료 예측 파일에서 본 아래 형식으로 수식 연결 참고용
C3: 무선 관리수수료 | F3: 25.1월 | G3: 2월 | H3: 3월 | I3: 4월 | J3: 5월 | K3: 6월 | L3: 7월 | M3: 8월 | N3: 9월 | O3: 10월 | P3: 11월 | Q3: 12월
C4: 관리수수료 (억원) | E4: 관리수수료 계 | F4: =SUM(F5:F13) -> 29.66507 | G4: =SUM(G5:G13) -> 31.917043 | H4: =SUM(H5:H13) -> 28.630084 | I4: =SUM(I5:I13) -> 36.856613 | J4: =SUM(J5:J13) -> 26.605989 | K4: =SUM(K5:K13) -> 0 | L4: =SUM(L5:L13) -> 0 | M4: =SUM(M5:M13) -> 0 | ... Q4: =SUM(Q5:Q13) -> 0
E5: 도매 | F5: ='관리수수료 트렌드 정리'!$C87-'관리수수료 트렌드 정리'!$AE87-'관리수수료 트렌드 정리'!$AG87 -> 2.9624661 | G5: ='관리수수료 트렌드 정리'!$C88-'관리수수료 트렌드 정리'!$AE88-'관리수수료 트렌드 정리'!$AG88 -> 2.91333 | H5: ='관리수수료 트렌드 정리'!$C89-'관리수수료 트렌드 정리'!$AE89-'관리수수료 트렌드 정리'!$AG89 -> 2.4573264 | I5: ='관리수수료 트렌드 정리'!$C90-'관리수수료 트렌드 정리'!$AE90-'관리수수료 트렌드 정리'!$AG90 -> 2.526277 | J5: ='관리수수료 트렌드 정리'!$C91-'관리수수료 트렌드 정리'!$AE91-'관리수수료 트렌드 정리'!$AG91 -> 2.3802389 | S5: 도매 전체(점프업 포함) - 유선관리 - HC + 도매 윈윈 추가
E6: 소매 | F6: ='관리수수료 트렌드 정리'!$D87-'관리수수료 트렌드 정리'!$U87 -> 20.402818 | G6: ='관리수수료 트렌드 정리'!$D88-'관리수수료 트렌드 정리'!$U88 -> 20.814096 | H6: ='관리수수료 트렌드 정리'!$D89-'관리수수료 트렌드 정리'!$U89 -> 20.926437 | I6: ='관리수수료 트렌드 정리'!$D90-'관리수수료 트렌드 정리'!$U90 -> 20.153446 | J6: ='관리수수료 트렌드 정리'!$D91-'관리수수료 트렌드 정리'!$U91 -> 19.901026 | S6: 소매 전체 - 소매 유선
E7: 소상공인 | F7: ='관리수수료 트렌드 정리'!$F87-'관리수수료 트렌드 정리'!$T87 -> 0.47383373 | G7: ='관리수수료 트렌드 정리'!$F88-'관리수수료 트렌드 정리'!$T88 -> 0.48559427 | H7: ='관리수수료 트렌드 정리'!$F89-'관리수수료 트렌드 정리'!$T89 -> 0.45793709 | I7: ='관리수수료 트렌드 정리'!$F90-'관리수수료 트렌드 정리'!$T90 -> 0.44099936 | J7: ='관리수수료 트렌드 정리'!$F91-'관리수수료 트렌드 정리'!$T91 -> 0.42470564
E8: 대형마트
E9: kt shop/제휴 | F9: ='관리수수료 트렌드 정리'!$E87-'관리수수료 트렌드 정리'!$AK87-'관리수수료 트렌드 정리'!$AM87 -> 3.8250436 | G9: ='관리수수료 트렌드 정리'!$E88-'관리수수료 트렌드 정리'!$AK88-'관리수수료 트렌드 정리'!$AM88 -> 3.8708857 | H9: ='관리수수료 트렌드 정리'!$E89-'관리수수료 트렌드 정리'!$AK89-'관리수수료 트렌드 정리'!$AM89 -> 3.6310316 | I9: ='관리수수료 트렌드 정리'!$E90-'관리수수료 트렌드 정리'!$AK90-'관리수수료 트렌드 정리'!$AM90 -> 3.4754358 | J9: ='관리수수료 트렌드 정리'!$E91-'관리수수료 트렌드 정리'!$AK91-'관리수수료 트렌드 정리'!$AM91 -> 3.3329248 | S9: 디지털 전체 - 디지털 유선-디지털HC
E10: 전략
E11: 기업/미8군/IoT | F11: ='관리수수료 트렌드 정리'!$J87 -> 1.9728654 | G11: ='관리수수료 트렌드 정리'!$J88 -> 2.0155581 | H11: ='관리수수료 트렌드 정리'!$J89 -> 1.9641957 | I11: ='관리수수료 트렌드 정리'!$J90 -> 2.0361414 | J11: ='관리수수료 트렌드 정리'!$J91 -> 2.138469 | S11: 기업 퉁
E12: Biz (25년 법인영업) | F12: ='관리수수료 트렌드 정리'!$M87 -> 2.48 | G12: ='관리수수료 트렌드 정리'!$M88 -> 2.7195389 | H12: ='관리수수료 트렌드 정리'!$M89 -> 2.529536 | I12: ='관리수수료 트렌드 정리'!$M90 -> 2.516 | J12: ='관리수수료 트렌드 정리'!$M91 -> 2.373502 | S12: 법인 퉁
E13: 본사공통(도매 윈윈 포함) | F13: ='관리수수료 트렌드 정리'!$P87 -> -2.4519562 | G13: ='관리수수료 트렌드 정리'!$P88 -> -0.90196034 | H13: ='관리수수료 트렌드 정리'!$P89 -> -3.3363801 | I13: ='관리수수료 트렌드 정리'!$P90 -> 5.7083132 | J13: ='관리수수료 트렌드 정리'!$P91 -> -3.9448768 | S13: 기타 퉁
C14: 도매 H/C (`18년 위탁 이후 가입자 수납요금의 2%) | F14: ='관리수수료 트렌드 정리'!$AG87 -> 4.14 | G14: ='관리수수료 트렌드 정리'!$AG88 -> 4.1403388 | H14: ='관리수수료 트렌드 정리'!$AG89 -> 3.8632196 | I14: ='관리수수료 트렌드 정리'!$AG90 -> 3.6772409 | J14: ='관리수수료 트렌드 정리'!$AG91 -> 3.5184741 | S14: HC
C15: kt닷컴 H/C (`24년 위탁 이후 가입자 수납요금의 2%) | F15: ='관리수수료 트렌드 정리'!$AM87 -> 1.02 | G15: ='관리수수료 트렌드 정리'!$AM88 -> 1.11 | H15: ='관리수수료 트렌드 정리'!$AM89 -> 1.2 | I15: ='관리수수료 트렌드 정리'!$AM90 -> 1.2567 | J15: ='관리수수료 트렌드 정리'!$AM91 -> 1.3244696 | S15: HC
C16: 플라자 대가 P3.0 | F16: ='관리수수료 트렌드 정리'!$Q87 -> 7.9 | G16: ='관리수수료 트렌드 정리'!$Q88 -> 7.9716096 | H16: ='관리수수료 트렌드 정리'!$Q89 -> 7.4216384 | I16: ='관리수수료 트렌드 정리'!$Q90 -> 7.6139128 | J16: ='관리수수료 트렌드 정리'!$Q91 -> 7.622857 | S16: P3.0
C17: 매장성 수수료 | F17: ='관리수수료 트렌드 정리'!$R87 -> 0.60595882 | G17: ='관리수수료 트렌드 정리'!$R88 -> 0.66603878 | H17: ='관리수수료 트렌드 정리'!$R89 -> 0.63645968 | I17: ='관리수수료 트렌드 정리'!$R90 -> 0.57387266 | J17: ='관리수수료 트렌드 정리'!$R91 -> 0.69777633 | S17: 매장성
C19: 무선 가입자 | F19: 25.1월 | G19: 2월 | H19: 3월 | I19: 4월 | J19: 5월 | K19: 6월 | L19: 7월 | M19: 8월 | N19: 9월 | O19: 10월 | P19: 11월 | Q19: 12월
C20: 가입자 (명) | E20: 관리수수료 계 | F20: =SUM(F21:F29) -> 1438997 | G20: =SUM(G21:G29) -> 1428238 | H20: =SUM(H21:H29) -> 1417929 | I20: =SUM(I21:I29) -> 1419139 | J20: =SUM(J21:J29) -> 1428753 | K20: =SUM(K21:K29) -> 1417111 | L20: =SUM(L21:L29) -> 0 | M20: =SUM(M21:M29) -> 0 | ... Q20: =SUM(Q21:Q29) -> 0
E21: 도매 | F21: 66322 | G21: 64615 | H21: 63539 | I21: 62009 | J21: 61102 | K21: 59733 | S21: 도매 전체(점프업 포함) - 유선관리 - HC + 도매 윈윈 추가
E22: 소매 | F22: 751971 | G22: 752950 | H22: 752266 | I22: 754111 | J22: 766608 | K22: 764910 | S22: 소매 전체 - 소매 유선
E23: 소상공인 | F23: 26924 | G23: 26456 | H23: 25615 | I23: 25136 | J23: 24622 | K23: 24074
E24: 대형마트
E25: kt shop/제휴 | F25: 107127 | G25: 102207 | H25: 99447 | I25: 96649 | J25: 93912 | K25: 91452 | S25: 디지털 전체 - 디지털 유선-디지털HC
E26: 전략
E27: 기업/미8군/IoT | F27: 357535 | G27: 354197 | H27: 348912 | I27: 353944 | J27: 355534 | K27: 351173 | S27: 기업 퉁
E28: Biz (25년 법인영업) | F28: 129118 | G28: 127813 | H28: 128150 | I28: 127290 | J28: 126975 | K28: 125769 | S28: 법인 퉁
E29: 본사공통(도매 윈윈 포함) | F29: ='관리수수료 트렌드 정리'!$P103 -> 0 | G29: ='관리수수료 트렌드 정리'!$P104 -> 0 | H29: ='관리수수료 트렌드 정리'!$P105 -> 0 | I29: ='관리수수료 트렌드 정리'!$P106 -> 0 | J29: ='관리수수료 트렌드 정리'!$P107 -> 0 | S29: 기타 퉁
C30: 도매 H/C (`18년 위탁 이후 가입자 수납요금의 2%) | F30: 582656 | G30: 559407 | H30: 541478 | I30: 523578 | J30: 505468 | K30: 486487 | S30: HC
C31: kt닷컴 H/C (`24년 위탁 이후 가입자 수납요금의 2%) | F31: 139462 | G31: 156756 | H31: 164695 | I31: 176809 | J31: 204044 | K31: 216044 | S31: HC
C32: 플라자 대가 P3.0 | F32: ='관리수수료 트렌드 정리'!$Q103 -> 0 | G32: ='관리수수료 트렌드 정리'!$Q104 -> 0 | H32: ='관리수수료 트렌드 정리'!$Q105 -> 0 | I32: ='관리수수료 트렌드 정리'!$Q106 -> 0 | J32: ='관리수수료 트렌드 정리'!$Q107 -> 0 | S32: P3.0
C33: 매장성 수수료 | F33: ='관리수수료 트렌드 정리'!$R103 -> 0 | G33: ='관리수수료 트렌드 정리'!$R104 -> 0 | H33: ='관리수수료 트렌드 정리'!$R105 -> 0 | I33: ='관리수수료 트렌드 정리'!$R106 -> 0 | J33: ='관리수수료 트렌드 정리'!$R107 -> 0 | S33: 매장성
C35: 무선 가입자 증감율 | F35: 25.1월 | G35: 2월 | H35: 3월 | I35: 4월 | J35: 5월 | K35: 6월 | L35: 7월 | M35: 8월 | N35: 9월 | O35: 10월 | P35: 11월 | Q35: 12월
C36: 인당 수수료 (원) | E36: 관리수수료 계 | L36: =SUM(L37:L45) -> 0 | M36: =SUM(M37:M45) -> 0 | N36: =SUM(N37:N45) -> 0 | O36: =SUM(O37:O45) -> 0 | P36: =SUM(P37:P45) -> 0 | Q36: =SUM(Q37:Q45) -> 0
E37: 도매 | F37: =IFERROR(#REF!/F5*100000000,0) -> 0 | G37: =IFERROR(G21/F21-1,0) -> -0.025738066 | H37: =IFERROR(H21/G21-1,0) -> -0.01665248 | I37: =IFERROR(I21/H21-1,0) -> -0.024079699 | J37: =IFERROR(J21/I21-1,0) -> -0.014626909 | K37: =IFERROR(K21/J21-1,0) -> -0.022405159 | S37: 도매 전체(점프업 포함) - 유선관리 - HC + 도매 윈윈 추가
E38: 소매 | F38: =IFERROR(#REF!/F6*100000000,0) -> 0 | G38: =IFERROR(G22/F22-1,0) -> 0.0013019119 | H38: =IFERROR(H22/G22-1,0) -> -0.00090842685 | I38: =IFERROR(I22/H22-1,0) -> 0.0024525899 | J38: =IFERROR(J22/I22-1,0) -> 0.016571831 | K38: =IFERROR(K22/J22-1,0) -> -0.0022149521 | S38: 소매 전체 - 소매 유선
E39: 소상공인 | F39: =IFERROR(#REF!/F7*100000000,0) -> 0 | G39: =IFERROR(G23/F23-1,0) -> -0.017382261 | H39: =IFERROR(H23/G23-1,0) -> -0.03178863 | I39: =IFERROR(I23/H23-1,0) -> -0.01869998 | J39: =IFERROR(J23/I23-1,0) -> -0.020448759 | K39: =IFERROR(K23/J23-1,0) -> -0.022256519
