Workbook

Sheet 0. 목차
A2: '25년 전사 경영 FactBook
A4: 0. 목차
A6: 순번 | C6: 구분 | F6: 상세 내용 | P6: 마감일시 | Z6: 페이지
A7: 1 | C7: 재무 | F7: ① 매출 (통신매출, 유통플랫폼사업매출) | K7: ② 판매비와 일반관리비 | P7: 21일 ~ 26일 (회계 결산 마감 이후 반영) | T7: • • • • • • • • • • • • • • • • • • • • • • • • • • • • • • • • • • | Z7: 1 ~ 3
F8: ③ 채널별 영업이익 | K8: ④ 주요 채널 상세 재무지표 요약
A9: 2 | C9: 무선가입자 | F9: ① 일반 후불 (전체) 가입자(CAPA) | K9: ② 운영 후불 (전체) 가입자(CAPA) | P9: ~ 16일 | T9: • • • • • • • • • • • • • • • • • • • • • • • • • • • • • • • • • • | Z9: 4 ~ 5
F10: ③ 도소매 조직별 가입자(CAPA) | K10: ④ 채널별 판매 ARPU / 무선 증분 매출
A11: 2-(1) | C11: 무선가입자 (상세) | F11: ① 관리수수료 8.5% 대상 가입자(CAPA) | K11: ② 위탁 H/C 2.2% 대상 가입자(CAPA) | P11: ~ 16일 | T11: • • • • • • • • • • • • • • • • • • • • • • • • • • • • • • • • • • | Z11: 6 ~ 7
F12: ③ 채널별 일반 후불 (전체) 가입자(CAPA) | K12: ④ 채널별 무선 관리수수료
A13: 3 | C13: 유선가입자 | F13: ① 유선 전체 (I+TV) 가입자 | K13: ② 유선 순신규 (I+TV) 가입자 | P13: ~ 16일 | T13: • • • • • • • • • • • • • • • • • • • • • • • • • • • • • • • • • • | Z13: 8 ~ 9
F14: ③ 도소매 조직별 (I+TV) 가입자 | K14: ④ 유선 Quality 채널별 비중
A15: 3-(1) | C15: 유선가입자(상세) | F15: ① 채널별 인터넷 (I) 가입자 상세 | K15: ② 채널별 TV 가입자 상세 | P15: ~ 16일 | T15: • • • • • • • • • • • • • • • • • • • • • • • • • • • • • • • • • • | Z15: 10 ~ 11
F16: ③ 채널별 유선 관리수수료
A17: 4 | C17: 디지털 | F17: ① KT닷컴 운영 후불/ 유선 순신규 가입자 | K17: ② KT닷컴 전용 요고 요금제 실적 | P17: ~ 13일 (전월 가입자 / 인력 마감 이후) | T17: • • • • • • • • • • • • • • • • • • • • • • • • • • • • • • • • • • | Z17: 12
F18: ③ 라이브 방송 실적 | K18: ④ 영업센터 파트별 인력 현황
A19: 5 | C19: 소상공인 | F19: ① 전체 무선 후불 / 유선 순신규 가입자 | K19: ② 본부별 무선 후불 / 유선 순신규 가입자 | P19: ~ 13일 (전월 가입자 / 인력 마감 이후) | T19: • • • • • • • • • • • • • • • • • • • • • • • • • • • • • • • • • • | Z19: 13 ~ 14
F20: ③ 소상공인 전체 인력 현황 | K20: ④ 본부별 인력 충원 / 등급 / 포인트
A21: 6 | C21: B2B | F21: ① B2B 전체 유무선 가입자 실적 | K21: ② 기업영업 / 법인 영업 유무선 가입자 실적 | P21: ~ 13일 | T21: • • • • • • • • • • • • • • • • • • • • • • • • • • • • • • • • • • | Z21: 15
A22: 7 | C22: 유통플랫폼사업 | F22: ① 시연폰 사업 매입 / 매각 현황 | K22: ② 중고폰 사업 매입 / 매각 현황 | P22: 13일 ~ 18일 (전월 가입자 / 매출액 마감 이후) | T22: • • • • • • • • • • • • • • • • • • • • • • • • • • • • • • • • • • | Z22: 16
F23: ③ 코코넛 허브 가입 및 출고 현황 | K23: ④ 코코넛 Mall 이용자 및 매출액
A24: 8 | C24: 인프라 | F24: ① 소매 매장 조직별 인프라 현황 | K24: ② 매장 생산성 (후불 + 유선 순신규) | P24: ~ 16일 | T24: • • • • • • • • • • • • • • • • • • • • • • • • • • • • • • • • • • | Z24: 17
F25: ③ 도매센터 조직별 인프라 현황
A26: 9 | C26: 인력 | F26: ① 전사 인력 현황 | K26: ② 직급별 인력 현황 | P26: ~ 16일 | T26: • • • • • • • • • • • • • • • • • • • • • • • • • • • • • • • • • • | Z26: 18 ~ 20
F27: ③ 도소매 조직별 인력 현황
A28: 10 | C28: 영업품질 | F28: ① 도소매 R-VOC 인입 현황 | K28: ② 도소매 대외 민원 접수 / 귀책 건수 | P28: ~ 16일 (대외 민원 / 음성적 재가입은 익익월 산출) | T28: • • • • • • • • • • • • • • • • • • • • • • • • • • • • • • • • • • | Z28: 21 ~ 22
F29: ③ 도소매 불완전 판매 현황 | K29: ④ 도소매 음성적 재가입 현황
A30: 11 | C30: 재고 | F30: ① 단말 / 유선 재고 현황 | K30: ② 제조사별 직매입 현황 | P30: ~ 16일 | T30: • • • • • • • • • • • • • • • • • • • • • • • • • • • • • • • • • • | Z30: 23
F31: ③ 제조사별 판매 현황 (KT 내 비중) | K31: ④ 엣지프로젝트 수량 및 마진 현황
A32: 12 | C32: 기타지표 | F32: ① 지사별 TCSI 점수 현황 | K32: ② 전략 상품 판매 현황 | P32: ~ 16일 | T32: • • • • • • • • • • • • • • • • • • • • • • • • • • • • • • • • • • | Z32: 24

Sheet 1.재무
F1: BC | G1: BP | H1: BQ | I1: BR | J1: BS | K1: BT | L1: BU | M1: BV | N1: BW | O1: BX | P1: BY | Q1: Bz | R1: CA | S1: CB | T1: CX | U1: CC | V1: CD | W1: CE | X1: CF | Y1: CG | Z1: CH | AA1: CI | AB1: CJ | AC1: CK | AD1: 실적 | BG1: AQ | BH1: BC | BI1: AW | BJ1: BI | BK1: AY
A2: 1. 재무 | BG2: 프리미엄 모델 출시년월
E4: ※ 내부 도전목표 | H4: '25년 실적 | Z4: 연간누적실적 | AE4: 전년 | AS4: 내부목표 | BG4: 갤럭시s | BI4: 폴더블 | BK4: 아이폰
A5: 구분 | E5: 설명 | F5: '23년 계 | G5: '24년 계 | H5: {=INDIRECT("'※ 재무_세부시트'!"&H$1&$AD5, TRUE)} -> '25.1월 | I5: {=INDIRECT("'※ 재무_세부시트'!"&I$1&$AD5, TRUE)} -> '25.2월 | J5: {=INDIRECT("'※ 재무_세부시트'!"&J$1&$AD5, TRUE)} -> '25.3월 | K5: {=INDIRECT("'※ 재무_세부시트'!"&K$1&$AD5, TRUE)} -> '25.4월 | L5: {=INDIRECT("'※ 재무_세부시트'!"&L$1&$AD5, TRUE)} -> '25.5월 | M5: {=INDIRECT("'※ 재무_세부시트'!"&M$1&$AD5, TRUE)} -> '25.6월 | N5: {=INDIRECT("'※ 재무_세부시트'!"&N$1&$AD5, TRUE)} -> '25.7월 | O5: {=INDIRECT("'※ 재무_세부시트'!"&O$1&$AD5, TRUE)} -> '25.8월 | ... S5: {=INDIRECT("'※ 재무_세부시트'!"&S$1&$AD5, TRUE)} -> '25.12월 | T5: 목표 | U5: 목표대비 | V5: 달성률 | W5: 전월대비 | X5: 전년 동월대비 | Y5: 전작 출시대비 | Z5: 누적 | AA5: 목표대비 | AB5: 달성률 | AC5: 전년 동기대비 | AD5: 4 | AE5: 23.1월 | AF5: 23.2월 | AG5: 23.3월 | AH5: 23.4월 | AI5: 23.5월 | AJ5: 23.6월 | AK5: 23.7월 | AL5: 23.8월 | AM5: 23.9월 | AN5: 23.10월 | AO5: 23.11월 | AP5: 23.12월 | AQ5: 계 | AS5: 24.1월 | AT5: 24.2월 | AU5: 24.3월 | AV5: 24.4월 | AW5: 24.5월 | AX5: 24.6월 | AY5: 24.7월 | AZ5: 24.8월 | BA5: 24.9월 | BB5: 24.10월 | BC5: 24.11월 | BD5: 24.12월 | BE5: 계 | BG5: 23.02 | BH5: 24.01 | BI5: 23.08 | BJ5: 24.07 | BK5: 23.1
A6: 총매출 (ⓐ+ⓑ+ⓒ+ⓓ) | F6: {=INDIRECT("'※ 재무_세부시트'!"&F$1&$AD6, TRUE)} -> 6951.3447 | G6: {=INDIRECT("'※ 재무_세부시트'!"&G$1&$AD6, TRUE)} -> 8073.0711 | H6: {=INDIRECT("'※ 재무_세부시트'!"&H$1&$AD6, TRUE)} -> 560.63833 | I6: {=INDIRECT("'※ 재무_세부시트'!"&I$1&$AD6, TRUE)} -> 1003.2939 | J6: {=INDIRECT("'※ 재무_세부시트'!"&J$1&$AD6, TRUE)} -> 569.23055 | K6: {=INDIRECT("'※ 재무_세부시트'!"&K$1&$AD6, TRUE)} -> 449.51814 | L6: {=INDIRECT("'※ 재무_세부시트'!"&L$1&$AD6, TRUE)} -> 517.36254 | M6: {=INDIRECT("'※ 재무_세부시트'!"&M$1&$AD6, TRUE)} -> 544.95947 | ... AC6: {=INDIRECT("'※ 재무_세부시트'!"&AC$1&$AD6, TRUE)} -> -538.49012 | AD6: 5 | AE6: =AE7+AE13+AE51 -> 474.37248 | AF6: =AF7+AF13+AF51 -> 736.97131 | AG6: =AG7+AG13+AG51 -> 520.49606 | AH6: =AH7+AH13+AH51 -> 489.87118 | AI6: =AI7+AI13+AI51 -> 510.89928 | AJ6: =AJ7+AJ13+AJ51 -> 472.27082 | AK6: =AK7+AK13+AK51 -> 412.06067 | AL6: =AL7+AL13+AL51 -> 845.34421 | ... AP6: =AP7+AP13+AP51 -> 488.55515 | AQ6: =SUM(AE6:AP6) -> 6951.3447 | AS6: =AS7+AS13+AS51 -> 1002.2017 | AT6: =AT7+AT13+AT51 -> 838.15168 | AU6: =AU7+AU13+AU51 -> 667.59223 | AV6: =AV7+AV13+AV51 -> 652.13202 | AW6: =AW7+AW13+AW51 -> 699.40269 | AX6: =AX7+AX13+AX51 -> 605.97812 | AY6: =AY7+AY13+AY51 -> 1040.6455 | AZ6: =AZ7+AZ13+AZ51 -> 585.97321 | ... BD6: =BD7+BD13+BD51 -> 733.89434 | BE6: =SUM(AS6:BD6) -> 9335.0967 | BG6: {=INDIRECT("'※ 재무_세부시트'!"&BG$1&$AD6, TRUE)} -> 474.37248 | BH6: {=INDIRECT("'※ 재무_세부시트'!"&BH$1&$AD6, TRUE)} -> 6951.3447 | BI6: {=INDIRECT("'※ 재무_세부시트'!"&BI$1&$AD6, TRUE)} -> 412.06067 | BJ6: {=INDIRECT("'※ 재무_세부시트'!"&BJ$1&$AD6, TRUE)} -> 619.57999 | BK6: {=INDIRECT("'※ 재무_세부시트'!"&BK$1&$AD6, TRUE)} -> 469.75417
B7: 상품매출 (ⓐ+ⓓ) | F7: {=INDIRECT("'※ 재무_세부시트'!"&F$1&$AD7, TRUE)} -> 4527.9375 | G7: {=INDIRECT("'※ 재무_세부시트'!"&G$1&$AD7, TRUE)} -> 5452.5105 | H7: {=INDIRECT("'※ 재무_세부시트'!"&H$1&$AD7, TRUE)} -> 377.4824 | I7: {=INDIRECT("'※ 재무_세부시트'!"&I$1&$AD7, TRUE)} -> 737.1983 | J7: {=INDIRECT("'※ 재무_세부시트'!"&J$1&$AD7, TRUE)} -> 368.49675 | K7: {=INDIRECT("'※ 재무_세부시트'!"&K$1&$AD7, TRUE)} -> 243.45807 | L7: {=INDIRECT("'※ 재무_세부시트'!"&L$1&$AD7, TRUE)} -> 287.03542 | M7: {=INDIRECT("'※ 재무_세부시트'!"&M$1&$AD7, TRUE)} -> 319.55447 | ... AC7: {=INDIRECT("'※ 재무_세부시트'!"&AC$1&$AD7, TRUE)} -> -775.54985 | AD7: 6 | AE7: =AE12+AE54 -> 326.19489 | AF7: =AF12+AF54 -> 526.58673 | AG7: =AG12+AG54 -> 341.83856 | AH7: =AH12+AH54 -> 294.56878 | AI7: =AI12+AI54 -> 312.07731 | AJ7: =AJ12+AJ54 -> 247.27282 | AK7: =AK12+AK54 -> 221.5312 | AL7: =AL12+AL54 -> 575.99764 | ... AP7: =AP12+AP54 -> 287.62393 | AQ7: =SUM(AE7:AP7) -> 4527.9375 | AS7: =AS12+AS54 -> 740.33425 | AT7: =AT12+AT54 -> 600.43881 | AU7: =AU12+AU54 -> 454.58784 | AV7: =AV12+AV54 -> 422.73289 | AW7: =AW12+AW54 -> 481.46189 | AX7: =AX12+AX54 -> 367.77918 | AY7: =AY12+AY54 -> 772.91137 | AZ7: =AZ12+AZ54 -> 379.60552 | ... BD7: =BD12+BD54 -> 499.73869 | BE7: =SUM(AS7:BD7) -> 6471.4818 | BG7: {=INDIRECT("'※ 재무_세부시트'!"&BG$1&$AD7, TRUE)} -> 326.19489 | BH7: {=INDIRECT("'※ 재무_세부시트'!"&BH$1&$AD7, TRUE)} -> 4527.9375 | BI7: {=INDIRECT("'※ 재무_세부시트'!"&BI$1&$AD7, TRUE)} -> 221.5312 | BJ7: {=INDIRECT("'※ 재무_세부시트'!"&BJ$1&$AD7, TRUE)} -> 431.33398 | BK7: {=INDIRECT("'※ 재무_세부시트'!"&BK$1&$AD7, TRUE)} -> 273.79615
B8: 상품원가 | F8: {=INDIRECT("'※ 재무_세부시트'!"&F$1&$AD8, TRUE)} -> 4694.0465 | G8: {=INDIRECT("'※ 재무_세부시트'!"&G$1&$AD8, TRUE)} -> 5825.5334 | H8: {=INDIRECT("'※ 재무_세부시트'!"&H$1&$AD8, TRUE)} -> 388.7483 | I8: {=INDIRECT("'※ 재무_세부시트'!"&I$1&$AD8, TRUE)} -> 790.57614 | J8: {=INDIRECT("'※ 재무_세부시트'!"&J$1&$AD8, TRUE)} -> 385.18887 | K8: {=INDIRECT("'※ 재무_세부시트'!"&K$1&$AD8, TRUE)} -> 256.63171 | L8: {=INDIRECT("'※ 재무_세부시트'!"&L$1&$AD8, TRUE)} -> 307.72262 | M8: {=INDIRECT("'※ 재무_세부시트'!"&M$1&$AD8, TRUE)} -> 324.79942 | ... AC8: {=INDIRECT("'※ 재무_세부시트'!"&AC$1&$AD8, TRUE)} -> -812.82185 | AD8: 7 | AE8: 332.61489 | AF8: 563.94445 | AG8: 347.8352 | AH8: 318.36152 | AI8: 338.16961 | AJ8: 266.59199 | AK8: 230.31367 | AL8: 636.29756 | AM8: 264.79659 | AN8: 768.34303 | AO8: 341.94122 | AP8: 284.83683 | AQ8: =SUM(AE8:AP8) -> 4694.0465 | AS8: 806.87567 | AT8: 636.89747 | AU8: 474.21819 | AV8: 449.32354 | AW8: 496.44002 | AX8: 388.97768 | AY8: 825.31508 | AZ8: 384.25014 | BA8: 530.89775 | BB8: 801.35745 | BC8: 477.91503 | BD8: 509.01538 | BE8: =SUM(AS8:BD8) -> 6781.4834 | BG8: {=INDIRECT("'※ 재무_세부시트'!"&BG$1&$AD8, TRUE)} -> 332.61489 | BH8: {=INDIRECT("'※ 재무_세부시트'!"&BH$1&$AD8, TRUE)} -> 4694.0465 | BI8: {=INDIRECT("'※ 재무_세부시트'!"&BI$1&$AD8, TRUE)} -> 230.31367 | BJ8: {=INDIRECT("'※ 재무_세부시트'!"&BJ$1&$AD8, TRUE)} -> 461.67626 | BK8: {=INDIRECT("'※ 재무_세부시트'!"&BK$1&$AD8, TRUE)} -> 264.79659
B9: 상품이익 | F9: {=INDIRECT("'※ 재무_세부시트'!"&F$1&$AD9, TRUE)} -> -166.10904 | G9: {=INDIRECT("'※ 재무_세부시트'!"&G$1&$AD9, TRUE)} -> -373.02286 | H9: {=INDIRECT("'※ 재무_세부시트'!"&H$1&$AD9, TRUE)} -> -11.265901 | I9: {=INDIRECT("'※ 재무_세부시트'!"&I$1&$AD9, TRUE)} -> -53.377835 | J9: {=INDIRECT("'※ 재무_세부시트'!"&J$1&$AD9, TRUE)} -> -16.692117 | K9: {=INDIRECT("'※ 재무_세부시트'!"&K$1&$AD9, TRUE)} -> -13.173643 | L9: {=INDIRECT("'※ 재무_세부시트'!"&L$1&$AD9, TRUE)} -> -20.6872 | M9: {=INDIRECT("'※ 재무_세부시트'!"&M$1&$AD9, TRUE)} -> -5.2449434 | ... AC9: {=INDIRECT("'※ 재무_세부시트'!"&AC$1&$AD9, TRUE)} -> 37.272008 | AD9: 8 | AE9: =AE7-AE8 -> -6.419994 | AF9: =AF7-AF8 -> -37.357717 | AG9: =AG7-AG8 -> -5.9966427 | AH9: =AH7-AH8 -> -23.792732 | AI9: =AI7-AI8 -> -26.092303 | AJ9: =AJ7-AJ8 -> -19.319165 | AK9: =AK7-AK8 -> -8.782463 | AL9: =AL7-AL8 -> -60.299919 | ... AP9: =AP7-AP8 -> 2.7870985 | AQ9: =SUM(AE9:AP9) -> -166.10904 | AS9: =AS7-AS8 -> -66.541423 | AT9: =AT7-AT8 -> -36.458657 | AU9: =AU7-AU8 -> -19.630349 | AV9: =AV7-AV8 -> -26.590648 | AW9: =AW7-AW8 -> -14.978129 | AX9: =AX7-AX8 -> -21.198494 | AY9: =AY7-AY8 -> -52.403708 | AZ9: =AZ7-AZ8 -> -4.6446264 | ... BD9: =BD7-BD8 -> -9.2766903 | BE9: =SUM(AS9:BD9) -> -310.00157 | BG9: {=INDIRECT("'※ 재무_세부시트'!"&BG$1&$AD9, TRUE)} -> -6.419994 | BH9: {=INDIRECT("'※ 재무_세부시트'!"&BH$1&$AD9, TRUE)} -> -166.10904 | BI9: {=INDIRECT("'※ 재무_세부시트'!"&BI$1&$AD9, TRUE)} -> -8.782463 | BJ9: {=INDIRECT("'※ 재무_세부시트'!"&BJ$1&$AD9, TRUE)} -> -30.342279 | BK9: {=INDIRECT("'※ 재무_세부시트'!"&BK$1&$AD9, TRUE)} -> 8.9995535
B10: * 프리할부 | F10: {=INDIRECT("'※ 재무_세부시트'!"&F$1&$AD10, TRUE)} -> 190.22446 | G10: {=INDIRECT("'※ 재무_세부시트'!"&G$1&$AD10, TRUE)} -> 353.16111 | H10: {=INDIRECT("'※ 재무_세부시트'!"&H$1&$AD10, TRUE)} -> 15.730997 | I10: {=INDIRECT("'※ 재무_세부시트'!"&I$1&$AD10, TRUE)} -> 40.752403 | J10: {=INDIRECT("'※ 재무_세부시트'!"&J$1&$AD10, TRUE)} -> 0 | K10: {=INDIRECT("'※ 재무_세부시트'!"&K$1&$AD10, TRUE)} -> 0 | L10: {=INDIRECT("'※ 재무_세부시트'!"&L$1&$AD10, TRUE)} -> 0 | M10: {=INDIRECT("'※ 재무_세부시트'!"&M$1&$AD10, TRUE)} -> 0 | ... AC10: {=INDIRECT("'※ 재무_세부시트'!"&AC$1&$AD10, TRUE)} -> -296.67771 | AD10: 9 | AE10: 8.9098142 | AF10: 21.689249 | AG10: 14.507444 | AH10: 17.838919 | AI10: 17.41659 | AJ10: 16.89778 | AK10: 11.35646 | AL10: 35.958989 | AM10: 8.879484 | AN10: 21.659157 | AO10: 9.1784308 | AP10: 5.9321402 | AQ10: =SUM(AE10:AP10) -> 190.22446 | AS10: 29.926518 | AT10: 28.159416 | AU10: 28.937265 | AV10: 28.281398 | AW10: 29.218948 | AX10: 29.443765 | AY10: 27.124195 | AZ10: 33.515021 | BA10: 27.846221 | BB10: 33.355319 | BC10: 28.624115 | BD10: 27.745943 | BE10: =SUM(AS10:BD10) -> 352.17813 | BG10: {=INDIRECT("'※ 재무_세부시트'!"&BG$1&$AD10, TRUE)} -> 8.9098142 | BH10: {=INDIRECT("'※ 재무_세부시트'!"&BH$1&$AD10, TRUE)} -> 190.22446 | BI10: {=INDIRECT("'※ 재무_세부시트'!"&BI$1&$AD10, TRUE)} -> 11.35646 | BJ10: {=INDIRECT("'※ 재무_세부시트'!"&BJ$1&$AD10, TRUE)} -> 25.559514 | BK10: {=INDIRECT("'※ 재무_세부시트'!"&BK$1&$AD10, TRUE)} -> 8.879484
B11: 통신 매출 | F11: {=INDIRECT("'※ 재무_세부시트'!"&F$1&$AD11, TRUE)} -> 6683.9912 | G11: {=INDIRECT("'※ 재무_세부시트'!"&G$1&$AD11, TRUE)} -> 7673.4989 | H11: {=INDIRECT("'※ 재무_세부시트'!"&H$1&$AD11, TRUE)} -> 533.56526 | I11: {=INDIRECT("'※ 재무_세부시트'!"&I$1&$AD11, TRUE)} -> 937.0369 | J11: {=INDIRECT("'※ 재무_세부시트'!"&J$1&$AD11, TRUE)} -> 520.82451 | K11: {=INDIRECT("'※ 재무_세부시트'!"&K$1&$AD11, TRUE)} -> 413.50723 | L11: {=INDIRECT("'※ 재무_세부시트'!"&L$1&$AD11, TRUE)} -> 474.81409 | M11: {=INDIRECT("'※ 재무_세부시트'!"&M$1&$AD11, TRUE)} -> 497.40316 | ... AC11: {=INDIRECT("'※ 재무_세부시트'!"&AC$1&$AD11, TRUE)} -> -695.50214 | AD11: 10 | AE11: =AE12+AE13 -> 455.44412 | AF11: =AF12+AF13 -> 716.63619 | AG11: =AG12+AG13 -> 514.1281 | AH11: =AH12+AH13 -> 465.41111 | AI11: =AI12+AI13 -> 466.02965 | AJ11: =AJ12+AJ13 -> 463.61065 | AK11: =AK12+AK13 -> 405.6814 | AL11: =AL12+AL13 -> 822.26186 | ... AP11: =AP12+AP13 -> 449.86678 | AQ11: =SUM(AE11:AP11) -> 6683.9912 | AS11: =AS12+AS13 -> 977.3729 | AT11: =AT12+AT13 -> 818.86189 | AU11: =AU12+AU13 -> 644.77683 | AV11: =AV12+AV13 -> 632.84223 | AW11: =AW12+AW13 -> 600.00672 | AX11: =AX12+AX13 -> 579.57717 | AY11: =AY12+AY13 -> 995.06612 | AZ11: =AZ12+AZ13 -> 561.06468 | ... BD11: =BD12+BD13 -> 669.93256 | BE11: =SUM(AS11:BD11) -> 8929.7607 | BG11: {=INDIRECT("'※ 재무_세부시트'!"&BG$1&$AD11, TRUE)} -> 455.44412 | BH11: {=INDIRECT("'※ 재무_세부시트'!"&BH$1&$AD11, TRUE)} -> 6683.9912 | BI11: {=INDIRECT("'※ 재무_세부시트'!"&BI$1&$AD11, TRUE)} -> 405.6814 | BJ11: {=INDIRECT("'※ 재무_세부시트'!"&BJ$1&$AD11, TRUE)} -> 611.33347 | BK11: {=INDIRECT("'※ 재무_세부시트'!"&BK$1&$AD11, TRUE)} -> 434.32383
B12: 상품매출(통신) ⓐ | F12: {=INDIRECT("'※ 재무_세부시트'!"&F$1&$AD12, TRUE)} -> 4264.0504 | G12: {=INDIRECT("'※ 재무_세부시트'!"&G$1&$AD12, TRUE)} -> 5103.3962 | H12: {=INDIRECT("'※ 재무_세부시트'!"&H$1&$AD12, TRUE)} -> 355.07525 | I12: {=INDIRECT("'※ 재무_세부시트'!"&I$1&$AD12, TRUE)} -> 679.23028 | J12: {=INDIRECT("'※ 재무_세부시트'!"&J$1&$AD12, TRUE)} -> 321.5338 | K12: {=INDIRECT("'※ 재무_세부시트'!"&K$1&$AD12, TRUE)} -> 213.07458 | L12: {=INDIRECT("'※ 재무_세부시트'!"&L$1&$AD12, TRUE)} -> 246.36239 | M12: {=INDIRECT("'※ 재무_세부시트'!"&M$1&$AD12, TRUE)} -> 274.80847 | ... AC12: {=INDIRECT("'※ 재무_세부시트'!"&AC$1&$AD12, TRUE)} -> -936.59388 | AD12: 11 | AE12: 307.5619 | AF12: 506.3474 | AG12: 335.51971 | AH12: 270.10871 | AI12: 267.22187 | AJ12: 238.84648 | AK12: 215.1817 | AL12: 553.17258 | AM12: 238.47596 | AN12: 746.45886 | AO12: 333.94233 | AP12: 251.21295 | AQ12: =SUM(AE12:AP12) -> 4264.0504 | AS12: 716.82329 | AT12: 582.79606 | AU12: 433.41947 | AV12: 405.09013 | AW12: 383.71296 | AX12: 343.02526 | AY12: 728.97902 | AZ12: 356.34402 | BA12: 490.0464 | BB12: 767.62525 | BC12: 440.29521 | BD12: 437.42395 | BE12: =SUM(AS12:BD12) -> 6085.581 | BG12: {=INDIRECT("'※ 재무_세부시트'!"&BG$1&$AD12, TRUE)} -> 307.5619 | BH12: {=INDIRECT("'※ 재무_세부시트'!"&BH$1&$AD12, TRUE)} -> 4264.0504 | BI12: {=INDIRECT("'※ 재무_세부시트'!"&BI$1&$AD12, TRUE)} -> 215.1817 | BJ12: {=INDIRECT("'※ 재무_세부시트'!"&BJ$1&$AD12, TRUE)} -> 424.33744 | BK12: {=INDIRECT("'※ 재무_세부시트'!"&BK$1&$AD12, TRUE)} -> 238.47596
B13: 수수료매출(통신) ⓑ | F13: {=INDIRECT("'※ 재무_세부시트'!"&F$1&$AD13, TRUE)} -> 2419.9408 | G13: {=INDIRECT("'※ 재무_세부시트'!"&G$1&$AD13, TRUE)} -> 2570.1027 | H13: {=INDIRECT("'※ 재무_세부시트'!"&H$1&$AD13, TRUE)} -> 178.49001 | I13: {=INDIRECT("'※ 재무_세부시트'!"&I$1&$AD13, TRUE)} -> 257.80661 | J13: {=INDIRECT("'※ 재무_세부시트'!"&J$1&$AD13, TRUE)} -> 199.29071 | K13: {=INDIRECT("'※ 재무_세부시트'!"&K$1&$AD13, TRUE)} -> 200.43265 | L13: {=INDIRECT("'※ 재무_세부시트'!"&L$1&$AD13, TRUE)} -> 228.4517 | M13: {=INDIRECT("'※ 재무_세부시트'!"&M$1&$AD13, TRUE)} -> 222.5947 | ... AC13: {=INDIRECT("'※ 재무_세부시트'!"&AC$1&$AD13, TRUE)} -> 241.09175 | AD13: 12 | AE13: =AE14+AE22+AE39 -> 147.88222 | AF13: =AF14+AF22+AF39 -> 210.2888 | AG13: =AG14+AG22+AG39 -> 178.60839 | AH13: =AH14+AH22+AH39 -> 195.3024 | AI13: =AI14+AI22+AI39 -> 198.80779 | AJ13: =AJ14+AJ22+AJ39 -> 224.76417 | AK13: =AK14+AK22+AK39 -> 190.4997 | AL13: =AL14+AL22+AL39 -> 269.08928 | ... AP13: =AP14+AP22+AP39 -> 198.65383 | AQ13: =SUM(AE13:AP13) -> 2419.9408 | AS13: =AS14+AS22+AS39 -> 260.54961 | AT13: =AT14+AT22+AT39 -> 236.06583 | AU13: =AU14+AU22+AU39 -> 211.35736 | AV13: =AV14+AV22+AV39 -> 227.75209 | AW13: =AW14+AW22+AW39 -> 216.29376 | AX13: =AX14+AX22+AX39 -> 236.5519 | AY13: =AY14+AY22+AY39 -> 266.0871 | AZ13: =AZ14+AZ22+AZ39 -> 204.72066 | ... BD13: =BD14+BD22+BD39 -> 232.50862 | BE13: =SUM(AS13:BD13) -> 2844.1797 | BG13: {=INDIRECT("'※ 재무_세부시트'!"&BG$1&$AD13, TRUE)} -> 147.88222 | BH13: {=INDIRECT("'※ 재무_세부시트'!"&BH$1&$AD13, TRUE)} -> 2419.9408 | BI13: {=INDIRECT("'※ 재무_세부시트'!"&BI$1&$AD13, TRUE)} -> 190.4997 | BJ13: {=INDIRECT("'※ 재무_세부시트'!"&BJ$1&$AD13, TRUE)} -> 186.99602 | BK13: {=INDIRECT("'※ 재무_세부시트'!"&BK$1&$AD13, TRUE)} -> 195.84787 | BP13: =SUM(H80:K80)/SUM(H13:K13,H51:K51) -> 0.10223774
C14: 정책수수료 | F14: {=INDIRECT("'※ 재무_세부시트'!"&F$1&$AD14, TRUE)} -> 1287.4455 | G14: {=INDIRECT("'※ 재무_세부시트'!"&G$1&$AD14, TRUE)} -> 1379.1252 | H14: {=INDIRECT("'※ 재무_세부시트'!"&H$1&$AD14, TRUE)} -> 95.784424 | I14: {=INDIRECT("'※ 재무_세부시트'!"&I$1&$AD14, TRUE)} -> 166.62482 | J14: {=INDIRECT("'※ 재무_세부시트'!"&J$1&$AD14, TRUE)} -> 110.26219 | K14: {=INDIRECT("'※ 재무_세부시트'!"&K$1&$AD14, TRUE)} -> 103.99978 | L14: {=INDIRECT("'※ 재무_세부시트'!"&L$1&$AD14, TRUE)} -> 141.27507 | M14: {=INDIRECT("'※ 재무_세부시트'!"&M$1&$AD14, TRUE)} -> 121.71604 | ... AC14: {=INDIRECT("'※ 재무_세부시트'!"&AC$1&$AD14, TRUE)} -> 349.90693 | AD14: 13 | AE14: =AE15+AE16 -> 39.929752 | AF14: =AF15+AF16 -> 126.18733 | AG14: =AG15+AG16 -> 78.487283 | AH14: =AH15+AH16 -> 106.54675 | AI14: =AI15+AI16 -> 107.44778 | AJ14: =AJ15+AJ16 -> 126.97077 | AK14: =AK15+AK16 -> 94.720605 | AL14: =AL15+AL16 -> 176.59734 | ... AP14: =AP15+AP16 -> 105.05089 | AQ14: =SUM(AE14:AP14) -> 1287.4455 | AS14: =AS15+AS16 -> 168.44609 | AT14: =AT15+AT16 -> 144.24672 | AU14: =AU15+AU16 -> 116.38592 | AV14: =AV15+AV16 -> 135.67492 | AW14: =AW15+AW16 -> 124.43375 | AX14: =AX15+AX16 -> 141.2762 | AY14: =AY15+AY16 -> 171.33586 | AZ14: =AZ15+AZ16 -> 112.74322 | ... BD14: =BD15+BD16 -> 135.06085 | BE14: =SUM(AS14:BD14) -> 1722.6336 | BG14: {=INDIRECT("'※ 재무_세부시트'!"&BG$1&$AD14, TRUE)} -> 39.929752 | BH14: {=INDIRECT("'※ 재무_세부시트'!"&BH$1&$AD14, TRUE)} -> 1287.4455 | BI14: {=INDIRECT("'※ 재무_세부시트'!"&BI$1&$AD14, TRUE)} -> 94.720605 | BJ14: {=INDIRECT("'※ 재무_세부시트'!"&BJ$1&$AD14, TRUE)} -> 90.230886 | BK14: {=INDIRECT("'※ 재무_세부시트'!"&BK$1&$AD14, TRUE)} -> 99.013855
C15: 유무선 | D15: 무선 | E15: 무선 판매관련 수수료 | F15: {=INDIRECT("'※ 재무_세부시트'!"&F$1&$AD15, TRUE)} -> 1276.91 | G15: {=INDIRECT("'※ 재무_세부시트'!"&G$1&$AD15, TRUE)} -> 1282.1047 | H15: {=INDIRECT("'※ 재무_세부시트'!"&H$1&$AD15, TRUE)} -> 90.1286 | I15: {=INDIRECT("'※ 재무_세부시트'!"&I$1&$AD15, TRUE)} -> 143.86298 | J15: {=INDIRECT("'※ 재무_세부시트'!"&J$1&$AD15, TRUE)} -> 101.90002 | K15: {=INDIRECT("'※ 재무_세부시트'!"&K$1&$AD15, TRUE)} -> 94.597902 | L15: {=INDIRECT("'※ 재무_세부시트'!"&L$1&$AD15, TRUE)} -> 123.0866 | M15: {=INDIRECT("'※ 재무_세부시트'!"&M$1&$AD15, TRUE)} -> 121.90912 | ... AC15: {=INDIRECT("'※ 재무_세부시트'!"&AC$1&$AD15, TRUE)} -> 306.86015 | AD15: 14 | AE15: =(3960.788967/100)-AE52 -> 39.60789 | AF15: =(12151.035847/100)-AF52 -> 121.51036 | AG15: =(7705.783112/100)-AG52 -> 77.057831 | AH15: =(10243.475541/100)-AH52 -> 102.43476 | AI15: =(10480.835253/100)-AI52 -> 104.80835 | AJ15: =(12702.525719/100)-AJ52 -> 127.02526 | AK15: =(9774.77105/100)-AK52 -> 97.74771 | AL15: =(17064.927391/100)-AL52 -> 170.64927 | AM15: =(10400.48971/100)-AM52 -> 104.0049 | AN15: =(14586.148137/100)-AN52 -> 145.86148 | AO15: =(8100.090309/100)-AO52 -> 81.000903 | AP15: =(10520.128683/100)-AP52 -> 105.20129 | AQ15: =SUM(AE15:AP15) -> 1276.91 | AS15: =(16674.6085308013/100)-AS52 -> 166.74609 | AT15: =(14254.6721993936/100)-AT52 -> 142.54672 | AU15: =(11468.5922982605/100)-AU52 -> 114.68592 | AV15: =(13397.4924400059/100)-AV52 -> 133.97492 | AW15: =(12273.3751631938/100)-AW52 -> 122.73375 | AX15: =(13957.6200301388/100)-AX52 -> 139.5762 | AY15: =(16963.5861593154/100)-AY52 -> 169.63586 | AZ15: =(11104.3223704168/100)-AZ52 -> 111.04322 | BA15: =(13405.5657507891/100)-BA52 -> 134.05566 | BB15: =(18571.7734130848/100)-BB52 -> 185.71773 | BC15: =(14815.6665454465/100)-BC52 -> 148.15667 | BD15: =(13336.0847840614/100)-BD52 -> 133.36085 | BE15: =SUM(AS15:BD15) -> 1702.2336 | BG15: {=INDIRECT("'※ 재무_세부시트'!"&BG$1&$AD15, TRUE)} -> 39.60789 | BH15: {=INDIRECT("'※ 재무_세부시트'!"&BH$1&$AD15, TRUE)} -> 1276.91 | BI15: {=INDIRECT("'※ 재무_세부시트'!"&BI$1&$AD15, TRUE)} -> 97.74771 | BJ15: {=INDIRECT("'※ 재무_세부시트'!"&BJ$1&$AD15, TRUE)} -> 77.151313 | BK15: {=INDIRECT("'※ 재무_세부시트'!"&BK$1&$AD15, TRUE)} -> 104.0049
D16: 유선 | E16: 유선 판매관련 수수료 | F16: {=INDIRECT("'※ 재무_세부시트'!"&F$1&$AD16, TRUE)} -> 10.535542 | G16: {=INDIRECT("'※ 재무_세부시트'!"&G$1&$AD16, TRUE)} -> 97.020432 | H16: {=INDIRECT("'※ 재무_세부시트'!"&H$1&$AD16, TRUE)} -> 5.6558239 | I16: {=INDIRECT("'※ 재무_세부시트'!"&I$1&$AD16, TRUE)} -> 22.761839 | J16: {=INDIRECT("'※ 재무_세부시트'!"&J$1&$AD16, TRUE)} -> 8.3621768 | K16: {=INDIRECT("'※ 재무_세부시트'!"&K$1&$AD16, TRUE)} -> 9.4018754 | L16: {=INDIRECT("'※ 재무_세부시트'!"&L$1&$AD16, TRUE)} -> 18.188465 | M16: {=INDIRECT("'※ 재무_세부시트'!"&M$1&$AD16, TRUE)} -> -0.19308902 | ... AC16: {=INDIRECT("'※ 재무_세부시트'!"&AC$1&$AD16, TRUE)} -> 43.046779 | AD16: 15 | AE16: 0.32186282 | AF16: 4.6769718 | AG16: 1.4294523 | AH16: 4.1119909 | AI16: 2.6394275 | AJ16: -0.05449167 | AK16: -3.0271059 | AL16: 5.9480626 | AM16: -4.9910422 | AN16: 0.14376036 | AO16: -0.51294951 | AP16: -0.15039681 | AQ16: =SUM(AE16:AP16) -> 10.535542 | AS16: 1.7 | AT16: 1.7 | AU16: 1.7 | AV16: 1.7 | AW16: 1.7 | AX16: 1.7 | AY16: 1.7 | AZ16: 1.7 | BA16: 1.7 | BB16: 1.7 | BC16: 1.7 | BD16: 1.7 | BE16: =SUM(AS16:BD16) -> 20.4 | BG16: {=INDIRECT("'※ 재무_세부시트'!"&BG$1&$AD16, TRUE)} -> 0.32186282 | BH16: {=INDIRECT("'※ 재무_세부시트'!"&BH$1&$AD16, TRUE)} -> 10.535542 | BI16: {=INDIRECT("'※ 재무_세부시트'!"&BI$1&$AD16, TRUE)} -> -3.0271059 | BJ16: {=INDIRECT("'※ 재무_세부시트'!"&BJ$1&$AD16, TRUE)} -> 13.079573 | BK16: {=INDIRECT("'※ 재무_세부시트'!"&BK$1&$AD16, TRUE)} -> -4.9910422
C17: 채널 | D17: 소매 | F17: {=INDIRECT("'※ 재무_세부시트'!"&F$1&$AD17, TRUE)} -> 983.66137 | G17: {=INDIRECT("'※ 재무_세부시트'!"&G$1&$AD17, TRUE)} -> 1062.1937 | H17: {=INDIRECT("'※ 재무_세부시트'!"&H$1&$AD17, TRUE)} -> 49.550632 | I17: {=INDIRECT("'※ 재무_세부시트'!"&I$1&$AD17, TRUE)} -> 135.13312 | J17: {=INDIRECT("'※ 재무_세부시트'!"&J$1&$AD17, TRUE)} -> 97.077539 | K17: {=INDIRECT("'※ 재무_세부시트'!"&K$1&$AD17, TRUE)} -> 93.319228 | L17: {=INDIRECT("'※ 재무_세부시트'!"&L$1&$AD17, TRUE)} -> 120.71904 | M17: {=INDIRECT("'※ 재무_세부시트'!"&M$1&$AD17, TRUE)} -> 87.744517 | ... S17: {=INDIRECT("'※ 재무_세부시트'!"&S$1&$AD17, TRUE)} -> 63.352057 | W17: {=INDIRECT("'※ 재무_세부시트'!"&W$1&$AD17, TRUE)} -> -2.8737742 | X17: {=INDIRECT("'※ 재무_세부시트'!"&X$1&$AD17, TRUE)} -> -1.3613092 | Y17: {=INDIRECT("'※ 재무_세부시트'!"&Y$1&$AD17, TRUE)} -> 0 | Z17: {=INDIRECT("'※ 재무_세부시트'!"&Z$1&$AD17, TRUE)} -> 1174.2224 | AC17: {=INDIRECT("'※ 재무_세부시트'!"&AC$1&$AD17, TRUE)} -> 112.02868 | AD17: 16 | AE17: =AE93 -> 65.196455 | AF17: =AF93 -> 101.14363 | AG17: =AG93 -> 83.760335 | AH17: =AH93 -> 86.435155 | AI17: =AI93 -> 88.062806 | AJ17: =AJ93 -> 86.666751 | AK17: =AK93 -> 68.686928 | AL17: =AL93 -> 136.5872 | ... AP17: =AP93 -> 50.376419 | AQ17: =SUM(AE17:AP17) -> 983.66137 | BG17: {=INDIRECT("'※ 재무_세부시트'!"&BG$1&$AD17, TRUE)} -> 65.196455 | BH17: {=INDIRECT("'※ 재무_세부시트'!"&BH$1&$AD17, TRUE)} -> 983.66137 | BI17: {=INDIRECT("'※ 재무_세부시트'!"&BI$1&$AD17, TRUE)} -> 68.686928 | BJ17: {=INDIRECT("'※ 재무_세부시트'!"&BJ$1&$AD17, TRUE)} -> 74.807018 | BK17: {=INDIRECT("'※ 재무_세부시트'!"&BK$1&$AD17, TRUE)} -> 53.766598
D18: 도매 | F18: {=INDIRECT("'※ 재무_세부시트'!"&F$1&$AD18, TRUE)} -> 1016.2215 | G18: {=INDIRECT("'※ 재무_세부시트'!"&G$1&$AD18, TRUE)} -> 475.92214 | H18: {=INDIRECT("'※ 재무_세부시트'!"&H$1&$AD18, TRUE)} -> 1.8922512 | I18: {=INDIRECT("'※ 재무_세부시트'!"&I$1&$AD18, TRUE)} -> 2.4818942 | J18: {=INDIRECT("'※ 재무_세부시트'!"&J$1&$AD18, TRUE)} -> 0.70588278 | K18: {=INDIRECT("'※ 재무_세부시트'!"&K$1&$AD18, TRUE)} -> 3.8676704 | L18: {=INDIRECT("'※ 재무_세부시트'!"&L$1&$AD18, TRUE)} -> 0.20809046 | M18: {=INDIRECT("'※ 재무_세부시트'!"&M$1&$AD18, TRUE)} -> 0.95145149 | ... S18: {=INDIRECT("'※ 재무_세부시트'!"&S$1&$AD18, TRUE)} -> 0.80422348 | W18: {=INDIRECT("'※ 재무_세부시트'!"&W$1&$AD18, TRUE)} -> 0.24795065 | X18: {=INDIRECT("'※ 재무_세부시트'!"&X$1&$AD18, TRUE)} -> -6.4082354 | Y18: {=INDIRECT("'※ 재무_세부시트'!"&Y$1&$AD18, TRUE)} -> 0 | Z18: {=INDIRECT("'※ 재무_세부시트'!"&Z$1&$AD18, TRUE)} -> 14.56284 | AC18: {=INDIRECT("'※ 재무_세부시트'!"&AC$1&$AD18, TRUE)} -> -461.3593 | AD18: 17 | AE18: =AE114 -> 79.726588 | AF18: =AF114 -> 101.15129 | AG18: =AG114 -> 75.106436 | AH18: =AH114 -> 81.720367 | AI18: =AI114 -> 74.699835 | AJ18: =AJ114 -> 71.695196 | AK18: =AK114 -> 88.783247 | AL18: =AL114 -> 121.17301 | ... AP18: =AP114 -> 64.490088 | AQ18: =SUM(AE18:AP18) -> 1016.2215 | BG18: {=INDIRECT("'※ 재무_세부시트'!"&BG$1&$AD18, TRUE)} -> 79.726588 | BH18: {=INDIRECT("'※ 재무_세부시트'!"&BH$1&$AD18, TRUE)} -> 1016.2215 | BI18: {=INDIRECT("'※ 재무_세부시트'!"&BI$1&$AD18, TRUE)} -> 88.783247 | BJ18: {=INDIRECT("'※ 재무_세부시트'!"&BJ$1&$AD18, TRUE)} -> 47.880171 | BK18: {=INDIRECT("'※ 재무_세부시트'!"&BK$1&$AD18, TRUE)} -> 87.086654
D19: 디지털 | F19: {=INDIRECT("'※ 재무_세부시트'!"&F$1&$AD19, TRUE)} -> 133.80859 | G19: {=INDIRECT("'※ 재무_세부시트'!"&G$1&$AD19, TRUE)} -> 188.32789 | H19: {=INDIRECT("'※ 재무_세부시트'!"&H$1&$AD19, TRUE)} -> 24.53915 | I19: {=INDIRECT("'※ 재무_세부시트'!"&I$1&$AD19, TRUE)} -> 24.976993 | J19: {=INDIRECT("'※ 재무_세부시트'!"&J$1&$AD19, TRUE)} -> 8.5582728 | K19: {=INDIRECT("'※ 재무_세부시트'!"&K$1&$AD19, TRUE)} -> 10.236852 | L19: {=INDIRECT("'※ 재무_세부시트'!"&L$1&$AD19, TRUE)} -> 13.668366 | M19: {=INDIRECT("'※ 재무_세부시트'!"&M$1&$AD19, TRUE)} -> 22.241117 | ... S19: {=INDIRECT("'※ 재무_세부시트'!"&S$1&$AD19, TRUE)} -> 42.187589 | W19: {=INDIRECT("'※ 재무_세부시트'!"&W$1&$AD19, TRUE)} -> 5.0991459 | X19: {=INDIRECT("'※ 재무_세부시트'!"&X$1&$AD19, TRUE)} -> 30.260298 | Y19: {=INDIRECT("'※ 재무_세부시트'!"&Y$1&$AD19, TRUE)} -> 0 | Z19: {=INDIRECT("'※ 재무_세부시트'!"&Z$1&$AD19, TRUE)} -> 364.0574 | AC19: {=INDIRECT("'※ 재무_세부시트'!"&AC$1&$AD19, TRUE)} -> 175.72951 | AD19: 18 | AE19: =AE136 -> 2.2492078 | AF19: =AF136 -> 15.326399 | AG19: =AG136 -> 9.9789229 | AH19: =AH136 -> 8.0602549 | AI19: =AI136 -> 10.574179 | AJ19: =AJ136 -> 11.279598 | AK19: =AK136 -> 9.417566 | AL19: =AL136 -> 22.97286 | ... AP19: =AP136 -> 10.036641 | AQ19: =SUM(AE19:AP19) -> 133.80859 | BG19: {=INDIRECT("'※ 재무_세부시트'!"&BG$1&$AD19, TRUE)} -> 2.2492078 | BH19: {=INDIRECT("'※ 재무_세부시트'!"&BH$1&$AD19, TRUE)} -> 133.80859 | BI19: {=INDIRECT("'※ 재무_세부시트'!"&BI$1&$AD19, TRUE)} -> 9.417566 | BJ19: {=INDIRECT("'※ 재무_세부시트'!"&BJ$1&$AD19, TRUE)} -> 11.711347 | BK19: {=INDIRECT("'※ 재무_세부시트'!"&BK$1&$AD19, TRUE)} -> 2.5173947
C20: 신사업 제외 | D20: 기타 | E20: B2B, 대형마트, 소상공인(25년~) 등 | F20: {=INDIRECT("'※ 재무_세부시트'!"&F$1&$AD20, TRUE)} -> 362.70517 | G20: {=INDIRECT("'※ 재무_세부시트'!"&G$1&$AD20, TRUE)} -> 212.84063 | H20: {=INDIRECT("'※ 재무_세부시트'!"&H$1&$AD20, TRUE)} -> 18.417866 | I20: {=INDIRECT("'※ 재무_세부시트'!"&I$1&$AD20, TRUE)} -> 28.322453 | J20: {=INDIRECT("'※ 재무_세부시트'!"&J$1&$AD20, TRUE)} -> 23.0726 | K20: {=INDIRECT("'※ 재무_세부시트'!"&K$1&$AD20, TRUE)} -> 21.997285 | L20: {=INDIRECT("'※ 재무_세부시트'!"&L$1&$AD20, TRUE)} -> 29.546987 | M20: {=INDIRECT("'※ 재무_세부시트'!"&M$1&$AD20, TRUE)} -> 48.038093 | ... S20: {=INDIRECT("'※ 재무_세부시트'!"&S$1&$AD20, TRUE)} -> 35.002715 | W20: {=INDIRECT("'※ 재무_세부시트'!"&W$1&$AD20, TRUE)} -> -16.908011 | X20: {=INDIRECT("'※ 재무_세부시트'!"&X$1&$AD20, TRUE)} -> 14.734211 | Y20: {=INDIRECT("'※ 재무_세부시트'!"&Y$1&$AD20, TRUE)} -> 0 | Z20: {=INDIRECT("'※ 재무_세부시트'!"&Z$1&$AD20, TRUE)} -> 394.21894 | AC20: {=INDIRECT("'※ 재무_세부시트'!"&AC$1&$AD20, TRUE)} -> 181.37831 | AD20: 19 | AE20: =AE14-AE17-AE18-AE19-AE21 -> -14.95239 | AF20: =AF14-AF17-AF18-AF19-AF21 -> 20.654254 | AG20: =AG14-AG17-AG18-AG19-AG21 -> 6.5305215 | AH20: =AH14-AH17-AH18-AH19-AH21 -> 23.230123 | AI20: =AI14-AI17-AI18-AI19-AI21 -> 26.516638 | AJ20: =AJ14-AJ17-AJ18-AJ19-AJ21 -> 49.049275 | AK20: =AK14-AK17-AK18-AK19-AK21 -> 29.098264 | AL20: =AL14-AL17-AL18-AL19-AL21 -> 40.529453 | ... AP20: =AP14-AP17-AP18-AP19-AP21 -> 58.175623 | AQ20: =SUM(AE20:AP20) -> 362.70517 | BG20: {=INDIRECT("'※ 재무_세부시트'!"&BG$1&$AD20, TRUE)} -> -14.95239 | BH20: {=INDIRECT("'※ 재무_세부시트'!"&BH$1&$AD20, TRUE)} -> 362.70517 | BI20: {=INDIRECT("'※ 재무_세부시트'!"&BI$1&$AD20, TRUE)} -> 29.098264 | BJ20: {=INDIRECT("'※ 재무_세부시트'!"&BJ$1&$AD20, TRUE)} -> 10.078795 | BK20: {=INDIRECT("'※ 재무_세부시트'!"&BK$1&$AD20, TRUE)} -> 51.771138
D21: 순액처리 | F21: {=INDIRECT("'※ 재무_세부시트'!"&F$1&$AD21, TRUE)} -> -1208.9511 | G21: {=INDIRECT("'※ 재무_세부시트'!"&G$1&$AD21, TRUE)} -> -560.1592 | H21: {=INDIRECT("'※ 재무_세부시트'!"&H$1&$AD21, TRUE)} -> 1.3845247 | I21: {=INDIRECT("'※ 재무_세부시트'!"&I$1&$AD21, TRUE)} -> -24.289645 | J21: {=INDIRECT("'※ 재무_세부시트'!"&J$1&$AD21, TRUE)} -> -19.1521 | K21: {=INDIRECT("'※ 재무_세부시트'!"&K$1&$AD21, TRUE)} -> -25.421259 | L21: {=INDIRECT("'※ 재무_세부시트'!"&L$1&$AD21, TRUE)} -> -22.867412 | M21: {=INDIRECT("'※ 재무_세부시트'!"&M$1&$AD21, TRUE)} -> -37.259143 | ... S21: {=INDIRECT("'※ 재무_세부시트'!"&S$1&$AD21, TRUE)} -> 42.385013 | W21: {=INDIRECT("'※ 재무_세부시트'!"&W$1&$AD21, TRUE)} -> 54.935215 | X21: {=INDIRECT("'※ 재무_세부시트'!"&X$1&$AD21, TRUE)} -> 33.456988 | Y21: {=INDIRECT("'※ 재무_세부시트'!"&Y$1&$AD21, TRUE)} -> 0 | Z21: {=INDIRECT("'※ 재무_세부시트'!"&Z$1&$AD21, TRUE)} -> -218.02947 | AC21: {=INDIRECT("'※ 재무_세부시트'!"&AC$1&$AD21, TRUE)} -> 342.12973 | AD21: 20 | AE21: -92.290107 | AF21: -112.08824 | AG21: -96.888933 | AH21: -92.899153 | AI21: -92.405679 | AJ21: -91.720055 | AK21: -101.2654 | AL21: -144.66518 | AM21: -96.127929 | AN21: -113.53647 | AO21: -97.03606 | AP21: -78.02788 | AQ21: =SUM(AE21:AP21) -> -1208.9511 | BG21: {=INDIRECT("'※ 재무_세부시트'!"&BG$1&$AD21, TRUE)} -> -92.290107 | BH21: {=INDIRECT("'※ 재무_세부시트'!"&BH$1&$AD21, TRUE)} -> -1208.9511 | BI21: {=INDIRECT("'※ 재무_세부시트'!"&BI$1&$AD21, TRUE)} -> -101.2654 | BJ21: {=INDIRECT("'※ 재무_세부시트'!"&BJ$1&$AD21, TRUE)} -> -54.246445 | BK21: {=INDIRECT("'※ 재무_세부시트'!"&BK$1&$AD21, TRUE)} -> -96.127929
C22: 관리수수료 | F22: {=INDIRECT("'※ 재무_세부시트'!"&F$1&$AD22, TRUE)} -> 700.35096 | G22: {=INDIRECT("'※ 재무_세부시트'!"&G$1&$AD22, TRUE)} -> 685.32327 | H22: {=INDIRECT("'※ 재무_세부시트'!"&H$1&$AD22, TRUE)} -> 49.926384 | I22: {=INDIRECT("'※ 재무_세부시트'!"&I$1&$AD22, TRUE)} -> 52.970258 | J22: {=INDIRECT("'※ 재무_세부시트'!"&J$1&$AD22, TRUE)} -> 49.264715 | K22: {=INDIRECT("'※ 재무_세부시트'!"&K$1&$AD22, TRUE)} -> 56.60334 | L22: {=INDIRECT("'※ 재무_세부시트'!"&L$1&$AD22, TRUE)} -> 46.224101 | M22: {=INDIRECT("'※ 재무_세부시트'!"&M$1&$AD22, TRUE)} -> 59.260522 | ... AC22: {=INDIRECT("'※ 재무_세부시트'!"&AC$1&$AD22, TRUE)} -> -69.680725 | AD22: 21 | AE22: 67.035032 | AF22: 50.863376 | AG22: 59.716036 | AH22: 55.567621 | AI22: 58.716059 | AJ22: 57.914679 | AK22: 60.555175 | AL22: 58.62319 | AM22: 53.750966 | AN22: 60.481486 | AO22: 55.964691 | AP22: 61.162647 | AQ22: =SUM(AE22:AP22) -> 700.35096 | AS22: 56.980025 | AT22: 56.856113 | AU22: 56.714148 | AV22: 56.60267 | AW22: 56.499211 | AX22: 56.573814 | AY22: 56.308742 | AZ22: 56.195438 | BA22: 56.070906 | BB22: 55.951718 | BC22: 55.737249 | BD22: 55.52048 | BE22: =SUM(AS22:BD22) -> 676.01051 | BG22: {=INDIRECT("'※ 재무_세부시트'!"&BG$1&$AD22, TRUE)} -> 67.035032 | BH22: {=INDIRECT("'※ 재무_세부시트'!"&BH$1&$AD22, TRUE)} -> 700.35096 | BI22: {=INDIRECT("'※ 재무_세부시트'!"&BI$1&$AD22, TRUE)} -> 60.555175 | BJ22: {=INDIRECT("'※ 재무_세부시트'!"&BJ$1&$AD22, TRUE)} -> 55.127947 | BK22: {=INDIRECT("'※ 재무_세부시트'!"&BK$1&$AD22, TRUE)} -> 53.750966
C23: 유무선 | D23: 무선 | E23: 도매 HC 포함 | F23: {=INDIRECT("'※ 재무_세부시트'!"&F$1&$AD23, TRUE)} -> 515.2506 | G23: {=INDIRECT("'※ 재무_세부시트'!"&G$1&$AD23, TRUE)} -> 504.9822 | H23: {=INDIRECT("'※ 재무_세부시트'!"&H$1&$AD23, TRUE)} -> 35.549797 | I23: {=INDIRECT("'※ 재무_세부시트'!"&I$1&$AD23, TRUE)} -> 38.023935 | J23: {=INDIRECT("'※ 재무_세부시트'!"&J$1&$AD23, TRUE)} -> 34.712852 | K23: {=INDIRECT("'※ 재무_세부시트'!"&K$1&$AD23, TRUE)} -> 42.590158 | L23: {=INDIRECT("'※ 재무_세부시트'!"&L$1&$AD23, TRUE)} -> 32.231392 | M23: {=INDIRECT("'※ 재무_세부시트'!"&M$1&$AD23, TRUE)} -> 45.135692 | ... S23: {=INDIRECT("'※ 재무_세부시트'!"&S$1&$AD23, TRUE)} -> 38.150327 | W23: {=INDIRECT("'※ 재무_세부시트'!"&W$1&$AD23, TRUE)} -> 0.7862773 | X23: {=INDIRECT("'※ 재무_세부시트'!"&X$1&$AD23, TRUE)} -> -13.807365 | Y23: {=INDIRECT("'※ 재무_세부시트'!"&Y$1&$AD23, TRUE)} -> 0 | Z23: {=INDIRECT("'※ 재무_세부시트'!"&Z$1&$AD23, TRUE)} -> 456.77828 | AC23: {=INDIRECT("'※ 재무_세부시트'!"&AC$1&$AD23, TRUE)} -> -48.203912 | AD23: 22 | AE23: =AE26+AE27+AE28 -> 45.289262 | AF23: =AF26+AF27+AF28 -> 30.587527 | AG23: =AG26+AG27+AG28 -> 37.89504 | AH23: =AH26+AH27+AH28 -> 34.921305 | AI23: =AI26+AI27+AI28 -> 37.807271 | AJ23: =AJ26+AJ27+AJ28 -> 36.979842 | AK23: =AK26+AK27+AK28 -> 39.29655 | AL23: =AL26+AL27+AL28 -> 37.691539 | ... AP23: =AP26+AP27+AP28 -> 39.85872 | AQ23: =SUM(AE23:AP23) -> 448.04183 | BG23: {=INDIRECT("'※ 재무_세부시트'!"&BG$1&$AD23, TRUE)} -> 50.94331 | BH23: {=INDIRECT("'※ 재무_세부시트'!"&BH$1&$AD23, TRUE)} -> 515.2506 | BI23: {=INDIRECT("'※ 재무_세부시트'!"&BI$1&$AD23, TRUE)} -> 44.930372 | BJ23: {=INDIRECT("'※ 재무_세부시트'!"&BJ$1&$AD23, TRUE)} -> 40.355937 | BK23: {=INDIRECT("'※ 재무_세부시트'!"&BK$1&$AD23, TRUE)} -> 38.834797
D24: 유선 | F24: {=INDIRECT("'※ 재무_세부시트'!"&F$1&$AD24, TRUE)} -> 90.192255 | G24: {=INDIRECT("'※ 재무_세부시트'!"&G$1&$AD24, TRUE)} -> 82.572907 | H24: {=INDIRECT("'※ 재무_세부시트'!"&H$1&$AD24, TRUE)} -> 5.8569293 | I24: {=INDIRECT("'※ 재무_세부시트'!"&I$1&$AD24, TRUE)} -> 6.3086738 | J24: {=INDIRECT("'※ 재무_세부시트'!"&J$1&$AD24, TRUE)} -> 6.4937648 | K24: {=INDIRECT("'※ 재무_세부시트'!"&K$1&$AD24, TRUE)} -> 5.7726904 | L24: {=INDIRECT("'※ 재무_세부시트'!"&L$1&$AD24, TRUE)} -> 5.6720753 | M24: {=INDIRECT("'※ 재무_세부시트'!"&M$1&$AD24, TRUE)} -> 5.5931315 | ... S24: {=INDIRECT("'※ 재무_세부시트'!"&S$1&$AD24, TRUE)} -> 5.1079653 | W24: {=INDIRECT("'※ 재무_세부시트'!"&W$1&$AD24, TRUE)} -> -0.023605809 | X24: {=INDIRECT("'※ 재무_세부시트'!"&X$1&$AD24, TRUE)} -> -1.4735796 | Y24: {=INDIRECT("'※ 재무_세부시트'!"&Y$1&$AD24, TRUE)} -> 0 | Z24: {=INDIRECT("'※ 재무_세부시트'!"&Z$1&$AD24, TRUE)} -> 68.278925 | AC24: {=INDIRECT("'※ 재무_세부시트'!"&AC$1&$AD24, TRUE)} -> -14.293982 | AD24: 23 | AE24: =AE30+AE31+AE32 -> 7.897109 | AF24: =AF30+AF31+AF32 -> 6.5027426 | AG24: =AG30+AG31+AG32 -> 7.9257181 | AH24: =AH30+AH31+AH32 -> 7.273413 | AI24: =AI30+AI31+AI32 -> 7.2877746 | AJ24: =AJ30+AJ31+AJ32 -> 7.2841512 | AK24: =AK30+AK31+AK32 -> 7.8168192 | AL24: =AL30+AL31+AL32 -> 7.473016 | ... AP24: =AP30+AP31+AP32 -> 8.1445389 | AQ24: =SUM(AE24:AP24) -> 90.192255 | BG24: {=INDIRECT("'※ 재무_세부시트'!"&BG$1&$AD24, TRUE)} -> 7.897109 | BH24: {=INDIRECT("'※ 재무_세부시트'!"&BH$1&$AD24, TRUE)} -> 90.192255 | BI24: {=INDIRECT("'※ 재무_세부시트'!"&BI$1&$AD24, TRUE)} -> 7.8168192 | BJ24: {=INDIRECT("'※ 재무_세부시트'!"&BJ$1&$AD24, TRUE)} -> 6.8127735 | BK24: {=INDIRECT("'※ 재무_세부시트'!"&BK$1&$AD24, TRUE)} -> 7.3596236
D25: 기타 | F25: {=INDIRECT("'※ 재무_세부시트'!"&F$1&$AD25, TRUE)} -> 94.908103 | G25: {=INDIRECT("'※ 재무_세부시트'!"&G$1&$AD25, TRUE)} -> 97.76817 | H25: {=INDIRECT("'※ 재무_세부시트'!"&H$1&$AD25, TRUE)} -> 8.5196579 | I25: {=INDIRECT("'※ 재무_세부시트'!"&I$1&$AD25, TRUE)} -> 8.6376484 | J25: {=INDIRECT("'※ 재무_세부시트'!"&J$1&$AD25, TRUE)} -> 8.0580981 | K25: {=INDIRECT("'※ 재무_세부시트'!"&K$1&$AD25, TRUE)} -> 8.2404921 | L25: {=INDIRECT("'※ 재무_세부시트'!"&L$1&$AD25, TRUE)} -> 8.3206333 | M25: {=INDIRECT("'※ 재무_세부시트'!"&M$1&$AD25, TRUE)} -> 8.5316987 | ... S25: {=INDIRECT("'※ 재무_세부시트'!"&S$1&$AD25, TRUE)} -> 7.7488725 | W25: {=INDIRECT("'※ 재무_세부시트'!"&W$1&$AD25, TRUE)} -> -0.00961416 | X25: {=INDIRECT("'※ 재무_세부시트'!"&X$1&$AD25, TRUE)} -> -0.80247936 | Y25: {=INDIRECT("'※ 재무_세부시트'!"&Y$1&$AD25, TRUE)} -> 0 | Z25: {=INDIRECT("'※ 재무_세부시트'!"&Z$1&$AD25, TRUE)} -> 90.585339 | AC25: {=INDIRECT("'※ 재무_세부시트'!"&AC$1&$AD25, TRUE)} -> -7.1828316 | AD25: 24 | AE25: =AE22-AE23-AE24 -> 13.848661 | AF25: =AF22-AF23-AF24 -> 13.773106 | AG25: =AG22-AG23-AG24 -> 13.895278 | AH25: =AH22-AH23-AH24 -> 13.372903 | AI25: =AI22-AI23-AI24 -> 13.621014 | AJ25: =AJ22-AJ23-AJ24 -> 13.650687 | AK25: =AK22-AK23-AK24 -> 13.441806 | AL25: =AL22-AL23-AL24 -> 13.458636 | ... AP25: =AP22-AP23-AP24 -> 13.159388 | AQ25: =SUM(AE25:AP25) -> 162.11687 | BG25: {=INDIRECT("'※ 재무_세부시트'!"&BG$1&$AD25, TRUE)} -> 8.1946132 | BH25: {=INDIRECT("'※ 재무_세부시트'!"&BH$1&$AD25, TRUE)} -> 94.908103 | BI25: {=INDIRECT("'※ 재무_세부시트'!"&BI$1&$AD25, TRUE)} -> 7.8079841 | BJ25: {=INDIRECT("'※ 재무_세부시트'!"&BJ$1&$AD25, TRUE)} -> 7.959237 | BK25: {=INDIRECT("'※ 재무_세부시트'!"&BK$1&$AD25, TRUE)} -> 7.5565453
C26: 수수료 항목 | D26: 무선후불 | E26: 관리수수료(6.5%)+H/C(2%) | F26: {=INDIRECT("'※ 재무_세부시트'!"&F$1&$AD26, TRUE)} -> 410.81618 | G26: {=INDIRECT("'※ 재무_세부시트'!"&G$1&$AD26, TRUE)} -> 405.4862 | H26: {=INDIRECT("'※ 재무_세부시트'!"&H$1&$AD26, TRUE)} -> 28.244298 | I26: {=INDIRECT("'※ 재무_세부시트'!"&I$1&$AD26, TRUE)} -> 30.704433 | J26: {=INDIRECT("'※ 재무_세부시트'!"&J$1&$AD26, TRUE)} -> 27.694782 | K26: {=INDIRECT("'※ 재무_세부시트'!"&K$1&$AD26, TRUE)} -> 35.633831 | L26: {=INDIRECT("'※ 재무_세부시트'!"&L$1&$AD26, TRUE)} -> 25.39898 | M26: {=INDIRECT("'※ 재무_세부시트'!"&M$1&$AD26, TRUE)} -> 38.599851 | ... S26: {=INDIRECT("'※ 재무_세부시트'!"&S$1&$AD26, TRUE)} -> 32.494026 | W26: {=INDIRECT("'※ 재무_세부시트'!"&W$1&$AD26, TRUE)} -> 0.88334037 | X26: {=INDIRECT("'※ 재무_세부시트'!"&X$1&$AD26, TRUE)} -> -11.906723 | Y26: {=INDIRECT("'※ 재무_세부시트'!"&Y$1&$AD26, TRUE)} -> 0 | Z26: {=INDIRECT("'※ 재무_세부시트'!"&Z$1&$AD26, TRUE)} -> 378.57008 | AC26: {=INDIRECT("'※ 재무_세부시트'!"&AC$1&$AD26, TRUE)} -> -26.916119 | AD26: 25 | AE26: =AE22-AE28-AE29-AE30-AE31-AE32-AE33-AE34-AE27 -> 42.066385 | AF26: =AF22-AF28-AF29-AF30-AF31-AF32-AF33-AF34-AF27 -> 27.371089 | AG26: =AG22-AG28-AG29-AG30-AG31-AG32-AG33-AG34-AG27 -> 34.751477 | AH26: =AH22-AH28-AH29-AH30-AH31-AH32-AH33-AH34-AH27 -> 31.781033 | AI26: =AI22-AI28-AI29-AI30-AI31-AI32-AI33-AI34-AI27 -> 34.715692 | AJ26: =AJ22-AJ28-AJ29-AJ30-AJ31-AJ32-AJ33-AJ34-AJ27 -> 33.89568 | AK26: =AK22-AK28-AK29-AK30-AK31-AK32-AK33-AK34-AK27 -> 36.221803 | AL26: =AL22-AL28-AL29-AL30-AL31-AL32-AL33-AL34-AL27 -> 34.629332 | ... AP26: =AP22-AP28-AP29-AP30-AP31-AP32-AP33-AP34-AP27 -> 36.82078 | AQ26: =SUM(AE26:AP26) -> 410.81618 | BE26: =SUM(AS26:BD26) -> 0 | BG26: {=INDIRECT("'※ 재무_세부시트'!"&BG$1&$AD26, TRUE)} -> 42.066385 | BH26: {=INDIRECT("'※ 재무_세부시트'!"&BH$1&$AD26, TRUE)} -> 410.81618 | BI26: {=INDIRECT("'※ 재무_세부시트'!"&BI$1&$AD26, TRUE)} -> 36.221803 | BJ26: {=INDIRECT("'※ 재무_세부시트'!"&BJ$1&$AD26, TRUE)} -> 31.993703 | BK26: {=INDIRECT("'※ 재무_세부시트'!"&BK$1&$AD26, TRUE)} -> 30.246924
D27: 2nd 등 기타단말 | E27: PAD, wearable 등 | F27: {=INDIRECT("'※ 재무_세부시트'!"&F$1&$AD27, TRUE)} -> 19.314572 | G27: {=INDIRECT("'※ 재무_세부시트'!"&G$1&$AD27, TRUE)} -> 17.795332 | H27: {=INDIRECT("'※ 재무_세부시트'!"&H$1&$AD27, TRUE)} -> 1.4180424 | I27: {=INDIRECT("'※ 재무_세부시트'!"&I$1&$AD27, TRUE)} -> 1.4337838 | J27: {=INDIRECT("'※ 재무_세부시트'!"&J$1&$AD27, TRUE)} -> 1.4274744 | K27: {=INDIRECT("'※ 재무_세부시트'!"&K$1&$AD27, TRUE)} -> 1.5287669 | L27: {=INDIRECT("'※ 재무_세부시트'!"&L$1&$AD27, TRUE)} -> 1.5329222 | M27: {=INDIRECT("'※ 재무_세부시트'!"&M$1&$AD27, TRUE)} -> 1.4180424 | ... S27: {=INDIRECT("'※ 재무_세부시트'!"&S$1&$AD27, TRUE)} -> 1.5105706 | W27: {=INDIRECT("'※ 재무_세부시트'!"&W$1&$AD27, TRUE)} -> 0.012212134 | X27: {=INDIRECT("'※ 재무_세부시트'!"&X$1&$AD27, TRUE)} -> 0.090124659 | Y27: {=INDIRECT("'※ 재무_세부시트'!"&Y$1&$AD27, TRUE)} -> 0 | Z27: {=INDIRECT("'※ 재무_세부시트'!"&Z$1&$AD27, TRUE)} -> 17.832613 | AC27: {=INDIRECT("'※ 재무_세부시트'!"&AC$1&$AD27, TRUE)} -> 0.037280938 | AD27: 26 | AE27: 1.7 | AF27: 1.683 | AG27: 1.66617 | AH27: 1.6495083 | AI27: 1.6330132 | AJ27: 1.6166831 | AK27: 1.6005163 | AL27: 1.5845111 | AM27: 1.568666 | AN27: 1.5529793 | AO27: 1.5374495 | AP27: 1.522075 | AQ27: =SUM(AE27:AP27) -> 19.314572 | BE27: =SUM(AS27:BD27) -> 0 | BG27: {=INDIRECT("'※ 재무_세부시트'!"&BG$1&$AD27, TRUE)} -> 1.7 | BH27: {=INDIRECT("'※ 재무_세부시트'!"&BH$1&$AD27, TRUE)} -> 19.314572 | BI27: {=INDIRECT("'※ 재무_세부시트'!"&BI$1&$AD27, TRUE)} -> 1.6005163 | BJ27: {=INDIRECT("'※ 재무_세부시트'!"&BJ$1&$AD27, TRUE)} -> 1.4897 | BK27: {=INDIRECT("'※ 재무_세부시트'!"&BK$1&$AD27, TRUE)} -> 1.568666
D28: IoT | E28: M2M 가입자 | F28: {=INDIRECT("'※ 재무_세부시트'!"&F$1&$AD28, TRUE)} -> 17.911081 | G28: {=INDIRECT("'※ 재무_세부시트'!"&G$1&$AD28, TRUE)} -> 20.661178 | H28: {=INDIRECT("'※ 재무_세부시트'!"&H$1&$AD28, TRUE)} -> 1.7448628 | I28: {=INDIRECT("'※ 재무_세부시트'!"&I$1&$AD28, TRUE)} -> 1.7453801 | J28: {=INDIRECT("'※ 재무_세부시트'!"&J$1&$AD28, TRUE)} -> 1.7273761 | K28: {=INDIRECT("'※ 재무_세부시트'!"&K$1&$AD28, TRUE)} -> 1.7503189 | L28: {=INDIRECT("'※ 재무_세부시트'!"&L$1&$AD28, TRUE)} -> 1.781016 | M28: {=INDIRECT("'※ 재무_세부시트'!"&M$1&$AD28, TRUE)} -> 1.7448628 | ... S28: {=INDIRECT("'※ 재무_세부시트'!"&S$1&$AD28, TRUE)} -> 1.7430904 | W28: {=INDIRECT("'※ 재무_세부시트'!"&W$1&$AD28, TRUE)} -> 0 | X28: {=INDIRECT("'※ 재무_세부시트'!"&X$1&$AD28, TRUE)} -> 0.015631056 | Y28: {=INDIRECT("'※ 재무_세부시트'!"&Y$1&$AD28, TRUE)} -> 0 | Z28: {=INDIRECT("'※ 재무_세부시트'!"&Z$1&$AD28, TRUE)} -> 20.959672 | AC28: {=INDIRECT("'※ 재무_세부시트'!"&AC$1&$AD28, TRUE)} -> 0.29849395 | AD28: 27 | AE28: 1.522877 | AF28: 1.5334383 | AG28: 1.4773935 | AH28: 1.490764 | AI28: 1.458566 | AJ28: 1.4674783 | AK28: 1.4742315 | AL28: 1.4776952 | AM28: 1.482604 | AN28: 1.4977765 | AO28: 1.5123922 | AP28: 1.5158645 | AQ28: =SUM(AE28:AP28) -> 17.911081 | BE28: =SUM(AS28:BD28) -> 0 | BG28: {=INDIRECT("'※ 재무_세부시트'!"&BG$1&$AD28, TRUE)} -> 1.522877 | BH28: {=INDIRECT("'※ 재무_세부시트'!"&BH$1&$AD28, TRUE)} -> 17.911081 | BI28: {=INDIRECT("'※ 재무_세부시트'!"&BI$1&$AD28, TRUE)} -> 1.4742315 | BJ28: {=INDIRECT("'※ 재무_세부시트'!"&BJ$1&$AD28, TRUE)} -> 1.7 | BK28: {=INDIRECT("'※ 재무_세부시트'!"&BK$1&$AD28, TRUE)} -> 1.482604
D29: 도매 H/C | E29: '21년2월이후 도매위탁 가입자 2% (무선) | F29: {=INDIRECT("'※ 재무_세부시트'!"&F$1&$AD29, TRUE)} -> 67.208766 | G29: {=INDIRECT("'※ 재무_세부시트'!"&G$1&$AD29, TRUE)} -> 61.039488 | H29: {=INDIRECT("'※ 재무_세부시트'!"&H$1&$AD29, TRUE)} -> 4.1425932 | I29: {=INDIRECT("'※ 재무_세부시트'!"&I$1&$AD29, TRUE)} -> 4.1403388 | J29: {=INDIRECT("'※ 재무_세부시트'!"&J$1&$AD29, TRUE)} -> 3.8632196 | K29: {=INDIRECT("'※ 재무_세부시트'!"&K$1&$AD29, TRUE)} -> 3.6772409 | L29: {=INDIRECT("'※ 재무_세부시트'!"&L$1&$AD29, TRUE)} -> 3.5184741 | M29: {=INDIRECT("'※ 재무_세부시트'!"&M$1&$AD29, TRUE)} -> 3.3729352 | ... S29: {=INDIRECT("'※ 재무_세부시트'!"&S$1&$AD29, TRUE)} -> 2.4026395 | W29: {=INDIRECT("'※ 재무_세부시트'!"&W$1&$AD29, TRUE)} -> -0.1092752 | X29: {=INDIRECT("'※ 재무_세부시트'!"&X$1&$AD29, TRUE)} -> -2.0063984 | Y29: {=INDIRECT("'※ 재무_세부시트'!"&Y$1&$AD29, TRUE)} -> 0 | Z29: {=INDIRECT("'※ 재무_세부시트'!"&Z$1&$AD29, TRUE)} -> 39.41592 | AC29: {=INDIRECT("'※ 재무_세부시트'!"&AC$1&$AD29, TRUE)} -> -21.623568 | AD29: 28 | AE29: 5.6540479 | AF29: 5.7012886 | AG29: 5.7383666 | AH29: 5.5275549 | AI29: 5.4801296 | AJ29: 5.4858961 | AK29: 5.6338215 | AL29: 5.6292191 | AM29: 5.5366031 | AN29: 5.6500354 | AO29: 5.5978559 | AP29: 5.5739475 | AQ29: =SUM(AE29:AP29) -> 67.208766 | BE29: =SUM(AS29:BD29) -> 0 | BG29: {=INDIRECT("'※ 재무_세부시트'!"&BG$1&$AD29, TRUE)} -> 5.6540479 | BH29: {=INDIRECT("'※ 재무_세부시트'!"&BH$1&$AD29, TRUE)} -> 67.208766 | BI29: {=INDIRECT("'※ 재무_세부시트'!"&BI$1&$AD29, TRUE)} -> 5.6338215 | BJ29: {=INDIRECT("'※ 재무_세부시트'!"&BJ$1&$AD29, TRUE)} -> 5.1725335 | BK29: {=INDIRECT("'※ 재무_세부시트'!"&BK$1&$AD29, TRUE)} -> 5.5366031
D30: 인터넷 | F30: {=INDIRECT("'※ 재무_세부시트'!"&F$1&$AD30, TRUE)} -> 56.691541 | G30: {=INDIRECT("'※ 재무_세부시트'!"&G$1&$AD30, TRUE)} -> 54.931285 | H30: {=INDIRECT("'※ 재무_세부시트'!"&H$1&$AD30, TRUE)} -> 3.8039285 | I30: {=INDIRECT("'※ 재무_세부시트'!"&I$1&$AD30, TRUE)} -> 4.1171956 | J30: {=INDIRECT("'※ 재무_세부시트'!"&J$1&$AD30, TRUE)} -> 4.3993616 | K30: {=INDIRECT("'※ 재무_세부시트'!"&K$1&$AD30, TRUE)} -> 3.7391066 | L30: {=INDIRECT("'※ 재무_세부시트'!"&L$1&$AD30, TRUE)} -> 3.6557821 | M30: {=INDIRECT("'※ 재무_세부시트'!"&M$1&$AD30, TRUE)} -> 3.5924523 | ... S30: {=INDIRECT("'※ 재무_세부시트'!"&S$1&$AD30, TRUE)} -> 3.1645737 | W30: {=INDIRECT("'※ 재무_세부시트'!"&W$1&$AD30, TRUE)} -> -0.026528455 | X30: {=INDIRECT("'※ 재무_세부시트'!"&X$1&$AD30, TRUE)} -> -1.1168895 | Y30: {=INDIRECT("'※ 재무_세부시트'!"&Y$1&$AD30, TRUE)} -> 0 | Z30: {=INDIRECT("'※ 재무_세부시트'!"&Z$1&$AD30, TRUE)} -> 43.773921 | AC30: {=INDIRECT("'※ 재무_세부시트'!"&AC$1&$AD30, TRUE)} -> -11.157363 | AD30: 29 | AE30: 5.034111 | AF30: 4.2332796 | AG30: 4.9166244 | AH30: 4.5693362 | AI30: 4.5908375 | AJ30: 4.5822825 | AK30: 4.9184787 | AL30: 4.6786445 | AM30: 4.6044434 | AN30: 4.7734635 | AO30: 4.7316571 | AP30: 5.0583823 | AQ30: =SUM(AE30:AP30) -> 56.691541 | BE30: =SUM(AS30:BD30) -> 0 | BG30: {=INDIRECT("'※ 재무_세부시트'!"&BG$1&$AD30, TRUE)} -> 5.034111 | BH30: {=INDIRECT("'※ 재무_세부시트'!"&BH$1&$AD30, TRUE)} -> 56.691541 | BI30: {=INDIRECT("'※ 재무_세부시트'!"&BI$1&$AD30, TRUE)} -> 4.9184787 | BJ30: {=INDIRECT("'※ 재무_세부시트'!"&BJ$1&$AD30, TRUE)} -> 4.5738334 | BK30: {=INDIRECT("'※ 재무_세부시트'!"&BK$1&$AD30, TRUE)} -> 4.6044434
D31: TV | F31: {=INDIRECT("'※ 재무_세부시트'!"&F$1&$AD31, TRUE)} -> 25.285031 | G31: {=INDIRECT("'※ 재무_세부시트'!"&G$1&$AD31, TRUE)} -> 26.890152 | H31: {=INDIRECT("'※ 재무_세부시트'!"&H$1&$AD31, TRUE)} -> 1.9646245 | I31: {=INDIRECT("'※ 재무_세부시트'!"&I$1&$AD31, TRUE)} -> 2.1139593 | J31: {=INDIRECT("'※ 재무_세부시트'!"&J$1&$AD31, TRUE)} -> 2.0006825 | K31: {=INDIRECT("'※ 재무_세부시트'!"&K$1&$AD31, TRUE)} -> 1.944559 | L31: {=INDIRECT("'※ 재무_세부시트'!"&L$1&$AD31, TRUE)} -> 1.9207854 | M31: {=INDIRECT("'※ 재무_세부시트'!"&M$1&$AD31, TRUE)} -> 1.9006985 | ... S31: {=INDIRECT("'※ 재무_세부시트'!"&S$1&$AD31, TRUE)} -> 1.7909318 | W31: {=INDIRECT("'※ 재무_세부시트'!"&W$1&$AD31, TRUE)} -> -0.0048486364 | X31: {=INDIRECT("'※ 재무_세부시트'!"&X$1&$AD31, TRUE)} -> -0.41620182 | Y31: {=INDIRECT("'※ 재무_세부시트'!"&Y$1&$AD31, TRUE)} -> 0 | Z31: {=INDIRECT("'※ 재무_세부시트'!"&Z$1&$AD31, TRUE)} -> 23.132791 | AC31: {=INDIRECT("'※ 재무_세부시트'!"&AC$1&$AD31, TRUE)} -> -3.7573612 | AD31: 30 | AE31: 1.9871371 | AF31: 2.190501 | AG31: 1.6563014 | AH31: 2.3826345 | AI31: 2.0444983 | AJ31: 2.0659987 | AK31: 2.0694204 | AL31: 2.2355181 | AM31: 2.1392998 | AN31: 2.1141679 | AO31: 2.1989009 | AP31: 2.2006524 | AQ31: =SUM(AE31:AP31) -> 25.285031 | BE31: =SUM(AS31:BD31) -> 0 | BG31: {=INDIRECT("'※ 재무_세부시트'!"&BG$1&$AD31, TRUE)} -> 1.9871371 | BH31: {=INDIRECT("'※ 재무_세부시트'!"&BH$1&$AD31, TRUE)} -> 25.285031 | BI31: {=INDIRECT("'※ 재무_세부시트'!"&BI$1&$AD31, TRUE)} -> 2.0694204 | BJ31: {=INDIRECT("'※ 재무_세부시트'!"&BJ$1&$AD31, TRUE)} -> 2.1981428 | BK31: {=INDIRECT("'※ 재무_세부시트'!"&BK$1&$AD31, TRUE)} -> 2.1392998
D32: 유선기타 | E32: SOIP, 기가아이즈, PSTN 등 | F32: {=INDIRECT("'※ 재무_세부시트'!"&F$1&$AD32, TRUE)} -> 8.2156837 | G32: {=INDIRECT("'※ 재무_세부시트'!"&G$1&$AD32, TRUE)} -> 0.75146973 | H32: {=INDIRECT("'※ 재무_세부시트'!"&H$1&$AD32, TRUE)} -> 0.08837641 | I32: {=INDIRECT("'※ 재무_세부시트'!"&I$1&$AD32, TRUE)} -> 0.0775189 | J32: {=INDIRECT("'※ 재무_세부시트'!"&J$1&$AD32, TRUE)} -> 0.093720582 | K32: {=INDIRECT("'※ 재무_세부시트'!"&K$1&$AD32, TRUE)} -> 0.089024718 | L32: {=INDIRECT("'※ 재무_세부시트'!"&L$1&$AD32, TRUE)} -> 0.095507827 | M32: {=INDIRECT("'※ 재무_세부시트'!"&M$1&$AD32, TRUE)} -> 0.099980718 | ... S32: {=INDIRECT("'※ 재무_세부시트'!"&S$1&$AD32, TRUE)} -> 0.15245973 | W32: {=INDIRECT("'※ 재무_세부시트'!"&W$1&$AD32, TRUE)} -> 0.0077712818 | X32: {=INDIRECT("'※ 재무_세부시트'!"&X$1&$AD32, TRUE)} -> 0.059511727 | Y32: {=INDIRECT("'※ 재무_세부시트'!"&Y$1&$AD32, TRUE)} -> 0 | Z32: {=INDIRECT("'※ 재무_세부시트'!"&Z$1&$AD32, TRUE)} -> 1.3722128 | AC32: {=INDIRECT("'※ 재무_세부시트'!"&AC$1&$AD32, TRUE)} -> 0.62074303 | AD32: 31 | AE32: 0.87586089 | AF32: 0.078961967 | AG32: 1.3527922 | AH32: 0.32144223 | AI32: 0.6524388 | AJ32: 0.63587 | AK32: 0.82892014 | AL32: 0.55885345 | AM32: 0.61588037 | AN32: 0.74195955 | AO32: 0.66719982 | AP32: 0.88550425 | AQ32: =SUM(AE32:AP32) -> 8.2156837 | BE32: =SUM(AS32:BD32) -> 0 | BG32: {=INDIRECT("'※ 재무_세부시트'!"&BG$1&$AD32, TRUE)} -> 0.87586089 | BH32: {=INDIRECT("'※ 재무_세부시트'!"&BH$1&$AD32, TRUE)} -> 8.2156837 | BI32: {=INDIRECT("'※ 재무_세부시트'!"&BI$1&$AD32, TRUE)} -> 0.82892014 | BJ32: {=INDIRECT("'※ 재무_세부시트'!"&BJ$1&$AD32, TRUE)} -> 0.040797309 | BK32: {=INDIRECT("'※ 재무_세부시트'!"&BK$1&$AD32, TRUE)} -> 0.61588037
D33: 매장성수수료 | E33: CS업무처리 수수료 | F33: {=INDIRECT("'※ 재무_세부시트'!"&F$1&$AD33, TRUE)} -> 8.3447991 | G33: {=INDIRECT("'※ 재무_세부시트'!"&G$1&$AD33, TRUE)} -> 7.9449864 | H33: {=INDIRECT("'※ 재무_세부시트'!"&H$1&$AD33, TRUE)} -> 0.58253187 | I33: {=INDIRECT("'※ 재무_세부시트'!"&I$1&$AD33, TRUE)} -> 0.66603878 | J33: {=INDIRECT("'※ 재무_세부시트'!"&J$1&$AD33, TRUE)} -> 0.63645968 | K33: {=INDIRECT("'※ 재무_세부시트'!"&K$1&$AD33, TRUE)} -> 0.59906741 | L33: {=INDIRECT("'※ 재무_세부시트'!"&L$1&$AD33, TRUE)} -> 0.69777633 | M33: {=INDIRECT("'※ 재무_세부시트'!"&M$1&$AD33, TRUE)} -> 0.75951674 | ... S33: {=INDIRECT("'※ 재무_세부시트'!"&S$1&$AD33, TRUE)} -> 0.90341731 | W33: {=INDIRECT("'※ 재무_세부시트'!"&W$1&$AD33, TRUE)} -> 0.01765857 | X33: {=INDIRECT("'※ 재무_세부시트'!"&X$1&$AD33, TRUE)} -> 0.28919146 | Y33: {=INDIRECT("'※ 재무_세부시트'!"&Y$1&$AD33, TRUE)} -> 0 | Z33: {=INDIRECT("'※ 재무_세부시트'!"&Z$1&$AD33, TRUE)} -> 9.1817721 | AC33: {=INDIRECT("'※ 재무_세부시트'!"&AC$1&$AD33, TRUE)} -> 1.2367857 | AD33: 32 | AE33: 0.69246336 | AF33: 0.73521294 | AG33: 0.74165735 | AH33: 0.6494656 | AI33: 0.6837346 | AJ33: 0.70764137 | AK33: 0.71303571 | AL33: 0.75867725 | AM33: 0.63747106 | AN33: 0.7163787 | AO33: 0.68336764 | AP33: 0.62569349 | AQ33: =SUM(AE33:AP33) -> 8.3447991 | AS33: 0.75867725 | AT33: 0.75867725 | AU33: 0.75867725 | AV33: 0.75867725 | AW33: 0.75867725 | AX33: 0.75867725 | AY33: 0.75867725 | AZ33: 0.75867725 | BA33: 0.75867725 | BB33: 0.75867725 | BC33: 0.75867725 | BD33: 0.75867725 | BE33: =SUM(AS33:BD33) -> 9.104127 | BG33: {=INDIRECT("'※ 재무_세부시트'!"&BG$1&$AD33, TRUE)} -> 0.69246336 | BH33: {=INDIRECT("'※ 재무_세부시트'!"&BH$1&$AD33, TRUE)} -> 8.3447991 | BI33: {=INDIRECT("'※ 재무_세부시트'!"&BI$1&$AD33, TRUE)} -> 0.71303571 | BJ33: {=INDIRECT("'※ 재무_세부시트'!"&BJ$1&$AD33, TRUE)} -> 0.64455618 | BK33: {=INDIRECT("'※ 재무_세부시트'!"&BK$1&$AD33, TRUE)} -> 0.63747106 | BO33: =I80/(I13+I51) -> 0.17528381 | BP33: =J80/(J13+J51) -> 0.10039511 | BQ33: =K80/(K13+K51) -> 0.11980746
D34: 프라자3.0 | E34: 플라자 인건비 지원 | F34: {=INDIRECT("'※ 재무_세부시트'!"&F$1&$AD34, TRUE)} -> 86.563304 | G34: {=INDIRECT("'※ 재무_세부시트'!"&G$1&$AD34, TRUE)} -> 89.823184 | H34: {=INDIRECT("'※ 재무_세부시트'!"&H$1&$AD34, TRUE)} -> 7.937126 | I34: {=INDIRECT("'※ 재무_세부시트'!"&I$1&$AD34, TRUE)} -> 7.9716096 | J34: {=INDIRECT("'※ 재무_세부시트'!"&J$1&$AD34, TRUE)} -> 7.4216384 | K34: {=INDIRECT("'※ 재무_세부시트'!"&K$1&$AD34, TRUE)} -> 7.6414247 | L34: {=INDIRECT("'※ 재무_세부시트'!"&L$1&$AD34, TRUE)} -> 7.622857 | M34: {=INDIRECT("'※ 재무_세부시트'!"&M$1&$AD34, TRUE)} -> 7.772182 | ... S34: {=INDIRECT("'※ 재무_세부시트'!"&S$1&$AD34, TRUE)} -> 6.8454552 | W34: {=INDIRECT("'※ 재무_세부시트'!"&W$1&$AD34, TRUE)} -> -0.02727273 | X34: {=INDIRECT("'※ 재무_세부시트'!"&X$1&$AD34, TRUE)} -> -1.0916708 | Y34: {=INDIRECT("'※ 재무_세부시트'!"&Y$1&$AD34, TRUE)} -> 0 | Z34: {=INDIRECT("'※ 재무_세부시트'!"&Z$1&$AD34, TRUE)} -> 81.403567 | AC34: {=INDIRECT("'※ 재무_세부시트'!"&AC$1&$AD34, TRUE)} -> -8.4196173 | AD34: 33 | AE34: 7.5021498 | AF34: 7.336604 | AG34: 7.4152542 | AH34: 7.1958823 | AI34: 7.4571493 | AJ34: 7.4571493 | AK34: 7.0949484 | AL34: 7.0707396 | AM34: 6.9190743 | AN34: 7.3750379 | AO34: 6.7795678 | AP34: 6.9597472 | AQ34: =SUM(AE34:AP34) -> 86.563304 | AS34: 7.030605 | AT34: 7.085747 | AU34: 7.113318 | AV34: 7.140889 | AW34: 7.196031 | AX34: 7.251173 | AY34: 7.306315 | AZ34: 7.361457 | BA34: 7.416599 | BB34: 7.526883 | BC34: 7.582025 | BD34: 7.664738 | BE34: =SUM(AS34:BD34) -> 87.67578 | BG34: {=INDIRECT("'※ 재무_세부시트'!"&BG$1&$AD34, TRUE)} -> 7.5021498 | BH34: {=INDIRECT("'※ 재무_세부시트'!"&BH$1&$AD34, TRUE)} -> 86.563304 | BI34: {=INDIRECT("'※ 재무_세부시트'!"&BI$1&$AD34, TRUE)} -> 7.0949484 | BJ34: {=INDIRECT("'※ 재무_세부시트'!"&BJ$1&$AD34, TRUE)} -> 7.3146808 | BK34: {=INDIRECT("'※ 재무_세부시트'!"&BK$1&$AD34, TRUE)} -> 6.9190743
C35: 채널 | D35: 소매 | E35: 관리수수료(점프업 제외), 매장성 수수료 | F35: {=INDIRECT("'※ 재무_세부시트'!"&F$1&$AD35, TRUE)} -> 318.78142 | G35: {=INDIRECT("'※ 재무_세부시트'!"&G$1&$AD35, TRUE)} -> 322.02978 | H35: {=INDIRECT("'※ 재무_세부시트'!"&H$1&$AD35, TRUE)} -> 24.447654 | I35: {=INDIRECT("'※ 재무_세부시트'!"&I$1&$AD35, TRUE)} -> 25.343579 | J35: {=INDIRECT("'※ 재무_세부시트'!"&J$1&$AD35, TRUE)} -> 25.657675 | K35: {=INDIRECT("'※ 재무_세부시트'!"&K$1&$AD35, TRUE)} -> 24.383282 | L35: {=INDIRECT("'※ 재무_세부시트'!"&L$1&$AD35, TRUE)} -> 24.2331 | M35: {=INDIRECT("'※ 재무_세부시트'!"&M$1&$AD35, TRUE)} -> 24.855322 | ... S35: {=INDIRECT("'※ 재무_세부시트'!"&S$1&$AD35, TRUE)} -> 24.545371 | W35: {=INDIRECT("'※ 재무_세부시트'!"&W$1&$AD35, TRUE)} -> -0.048432361 | X35: {=INDIRECT("'※ 재무_세부시트'!"&X$1&$AD35, TRUE)} -> -2.0635831 | Y35: {=INDIRECT("'※ 재무_세부시트'!"&Y$1&$AD35, TRUE)} -> 0 | Z35: {=INDIRECT("'※ 재무_세부시트'!"&Z$1&$AD35, TRUE)} -> 297.96476 | AC35: {=INDIRECT("'※ 재무_세부시트'!"&AC$1&$AD35, TRUE)} -> -32.010005 | AD35: 34 | AE35: =AE110 -> 23.465024 | AF35: =AF110 -> 24.833183 | AG35: =AG110 -> 25.754234 | AH35: =AH110 -> 25.226629 | AI35: =AI110 -> 25.718614 | AJ35: =AJ110 -> 24.953589 | AK35: =AK110 -> 26.164739 | AL35: =AL110 -> 26.688882 | ... AP35: =AP110 -> 27.376673 | BG35: {=INDIRECT("'※ 재무_세부시트'!"&BG$1&$AD35, TRUE)} -> 24.157487 | BH35: {=INDIRECT("'※ 재무_세부시트'!"&BH$1&$AD35, TRUE)} -> 318.78142 | BI35: {=INDIRECT("'※ 재무_세부시트'!"&BI$1&$AD35, TRUE)} -> 26.877775 | BJ35: {=INDIRECT("'※ 재무_세부시트'!"&BJ$1&$AD35, TRUE)} -> 27.729111 | BK35: {=INDIRECT("'※ 재무_세부시트'!"&BK$1&$AD35, TRUE)} -> 27.124463
D36: 도매 | F36: {=INDIRECT("'※ 재무_세부시트'!"&F$1&$AD36, TRUE)} -> 170.37648 | G36: {=INDIRECT("'※ 재무_세부시트'!"&G$1&$AD36, TRUE)} -> 135.42187 | H36: {=INDIRECT("'※ 재무_세부시트'!"&H$1&$AD36, TRUE)} -> 9.0666553 | I36: {=INDIRECT("'※ 재무_세부시트'!"&I$1&$AD36, TRUE)} -> 9.0830929 | J36: {=INDIRECT("'※ 재무_세부시트'!"&J$1&$AD36, TRUE)} -> 8.5529126 | K36: {=INDIRECT("'※ 재무_세부시트'!"&K$1&$AD36, TRUE)} -> 8.0079655 | L36: {=INDIRECT("'※ 재무_세부시트'!"&L$1&$AD36, TRUE)} -> 7.6013216 | M36: {=INDIRECT("'※ 재무_세부시트'!"&M$1&$AD36, TRUE)} -> 11.278029 | ... S36: {=INDIRECT("'※ 재무_세부시트'!"&S$1&$AD36, TRUE)} -> 8.7081341 | W36: {=INDIRECT("'※ 재무_세부시트'!"&W$1&$AD36, TRUE)} -> -0.10176503 | X36: {=INDIRECT("'※ 재무_세부시트'!"&X$1&$AD36, TRUE)} -> -0.91754262 | Y36: {=INDIRECT("'※ 재무_세부시트'!"&Y$1&$AD36, TRUE)} -> 0 | Z36: {=INDIRECT("'※ 재무_세부시트'!"&Z$1&$AD36, TRUE)} -> 107.70125 | AC36: {=INDIRECT("'※ 재무_세부시트'!"&AC$1&$AD36, TRUE)} -> -27.720617 | AD36: 35 | AE36: =AE128 -> 14.614718 | AF36: =AF128 -> 14.209056 | AG36: =AG128 -> 14.780466 | AH36: =AH128 -> 14.649513 | AI36: =AI128 -> 14.581836 | AJ36: =AJ128 -> 14.243939 | AK36: =AK128 -> 14.415164 | AL36: =AL128 -> 14.217451 | ... AP36: =AP128 -> 13.416322 | BG36: {=INDIRECT("'※ 재무_세부시트'!"&BG$1&$AD36, TRUE)} -> 14.614718 | BH36: {=INDIRECT("'※ 재무_세부시트'!"&BH$1&$AD36, TRUE)} -> 170.37648 | BI36: {=INDIRECT("'※ 재무_세부시트'!"&BI$1&$AD36, TRUE)} -> 14.415164 | BJ36: {=INDIRECT("'※ 재무_세부시트'!"&BJ$1&$AD36, TRUE)} -> 11.270599 | BK36: {=INDIRECT("'※ 재무_세부시트'!"&BK$1&$AD36, TRUE)} -> 13.834609
D37: 디지털 | F37: {=INDIRECT("'※ 재무_세부시트'!"&F$1&$AD37, TRUE)} -> 70.076979 | G37: {=INDIRECT("'※ 재무_세부시트'!"&G$1&$AD37, TRUE)} -> 68.735845 | H37: {=INDIRECT("'※ 재무_세부시트'!"&H$1&$AD37, TRUE)} -> 5.2481266 | I37: {=INDIRECT("'※ 재무_세부시트'!"&I$1&$AD37, TRUE)} -> 5.3671954 | J37: {=INDIRECT("'※ 재무_세부시트'!"&J$1&$AD37, TRUE)} -> 5.1954726 | K37: {=INDIRECT("'※ 재무_세부시트'!"&K$1&$AD37, TRUE)} -> 5.066248 | L37: {=INDIRECT("'※ 재무_세부시트'!"&L$1&$AD37, TRUE)} -> 4.9718197 | M37: {=INDIRECT("'※ 재무_세부시트'!"&M$1&$AD37, TRUE)} -> 5.0249524 | ... S37: {=INDIRECT("'※ 재무_세부시트'!"&S$1&$AD37, TRUE)} -> 4.6386205 | W37: {=INDIRECT("'※ 재무_세부시트'!"&W$1&$AD37, TRUE)} -> -0.04467136 | X37: {=INDIRECT("'※ 재무_세부시트'!"&X$1&$AD37, TRUE)} -> -0.85855673 | Y37: {=INDIRECT("'※ 재무_세부시트'!"&Y$1&$AD37, TRUE)} -> 0 | Z37: {=INDIRECT("'※ 재무_세부시트'!"&Z$1&$AD37, TRUE)} -> 60.125982 | AC37: {=INDIRECT("'※ 재무_세부시트'!"&AC$1&$AD37, TRUE)} -> -8.6098629 | AD37: 36 | AE37: =AE137 -> 5.7071177 | AF37: =AF137 -> 5.7489088 | AG37: =AG137 -> 5.8226918 | AH37: =AH137 -> 5.7612518 | AI37: =AI137 -> 5.7821658 | AJ37: =AJ137 -> 5.5630937 | AK37: =AK137 -> 5.8880174 | AL37: =AL137 -> 5.9146264 | ... AP37: =AP137 -> 6.0235368 | BG37: {=INDIRECT("'※ 재무_세부시트'!"&BG$1&$AD37, TRUE)} -> 5.7071177 | BH37: {=INDIRECT("'※ 재무_세부시트'!"&BH$1&$AD37, TRUE)} -> 70.076979 | BI37: {=INDIRECT("'※ 재무_세부시트'!"&BI$1&$AD37, TRUE)} -> 5.8880174 | BJ37: {=INDIRECT("'※ 재무_세부시트'!"&BJ$1&$AD37, TRUE)} -> 5.7274192 | BK37: {=INDIRECT("'※ 재무_세부시트'!"&BK$1&$AD37, TRUE)} -> 5.889442
D38: 기타 | E38: B2B, 대형마트, 지원성 관리수수료, P3.0 등 | F38: {=INDIRECT("'※ 재무_세부시트'!"&F$1&$AD38, TRUE)} -> 148.83519 | G38: {=INDIRECT("'※ 재무_세부시트'!"&G$1&$AD38, TRUE)} -> 159.13578 | H38: {=INDIRECT("'※ 재무_세부시트'!"&H$1&$AD38, TRUE)} -> 11.163948 | I38: {=INDIRECT("'※ 재무_세부시트'!"&I$1&$AD38, TRUE)} -> 13.17639 | J38: {=INDIRECT("'※ 재무_세부시트'!"&J$1&$AD38, TRUE)} -> 9.8586543 | K38: {=INDIRECT("'※ 재무_세부시트'!"&K$1&$AD38, TRUE)} -> 19.145845 | L38: {=INDIRECT("'※ 재무_세부시트'!"&L$1&$AD38, TRUE)} -> 9.4178594 | M38: {=INDIRECT("'※ 재무_세부시트'!"&M$1&$AD38, TRUE)} -> 18.102218 | ... S38: {=INDIRECT("'※ 재무_세부시트'!"&S$1&$AD38, TRUE)} -> 13.115039 | W38: {=INDIRECT("'※ 재무_세부시트'!"&W$1&$AD38, TRUE)} -> 0.94792608 | X38: {=INDIRECT("'※ 재무_세부시트'!"&X$1&$AD38, TRUE)} -> -12.243742 | Y38: {=INDIRECT("'※ 재무_세부시트'!"&Y$1&$AD38, TRUE)} -> 0 | Z38: {=INDIRECT("'※ 재무_세부시트'!"&Z$1&$AD38, TRUE)} -> 149.85056 | AC38: {=INDIRECT("'※ 재무_세부시트'!"&AC$1&$AD38, TRUE)} -> -1.34024 | AD38: 37 | AE38: =AE22-AE35-AE36-AE37 -> 23.248172 | AF38: =AF22-AF35-AF36-AF37 -> 6.0722279 | AG38: =AG22-AG35-AG36-AG37 -> 13.358644 | AH38: =AH22-AH35-AH36-AH37 -> 9.9302275 | AI38: =AI22-AI35-AI36-AI37 -> 12.633443 | AJ38: =AJ22-AJ35-AJ36-AJ37 -> 13.154058 | AK38: =AK22-AK35-AK36-AK37 -> 14.087254 | AL38: =AL22-AL35-AL36-AL37 -> 11.802231 | ... AP38: =AP22-AP35-AP36-AP37 -> 14.346115 | BG38: {=INDIRECT("'※ 재무_세부시트'!"&BG$1&$AD38, TRUE)} -> 23.248172 | BH38: {=INDIRECT("'※ 재무_세부시트'!"&BH$1&$AD38, TRUE)} -> 148.83519 | BI38: {=INDIRECT("'※ 재무_세부시트'!"&BI$1&$AD38, TRUE)} -> 14.087254 | BJ38: {=INDIRECT("'※ 재무_세부시트'!"&BJ$1&$AD38, TRUE)} -> 10.400818 | BK38: {=INDIRECT("'※ 재무_세부시트'!"&BK$1&$AD38, TRUE)} -> 7.5399231
C39: 기타수수료 | F39: {=INDIRECT("'※ 재무_세부시트'!"&F$1&$AD39, TRUE)} -> 432.1443 | G39: {=INDIRECT("'※ 재무_세부시트'!"&G$1&$AD39, TRUE)} -> 505.65747 | H39: {=INDIRECT("'※ 재무_세부시트'!"&H$1&$AD39, TRUE)} -> 32.779204 | I39: {=INDIRECT("'※ 재무_세부시트'!"&I$1&$AD39, TRUE)} -> 38.21154 | J39: {=INDIRECT("'※ 재무_세부시트'!"&J$1&$AD39, TRUE)} -> 39.763803 | K39: {=INDIRECT("'※ 재무_세부시트'!"&K$1&$AD39, TRUE)} -> 39.829534 | L39: {=INDIRECT("'※ 재무_세부시트'!"&L$1&$AD39, TRUE)} -> 40.952531 | M39: {=INDIRECT("'※ 재무_세부시트'!"&M$1&$AD39, TRUE)} -> 41.618138 | ... AC39: {=INDIRECT("'※ 재무_세부시트'!"&AC$1&$AD39, TRUE)} -> -39.137635 | AD39: 38 | AE39: =(4121.280242/100)-AE53 -> 40.917431 | AF39: =(3333.387753/100)-AF53 -> 33.238089 | AG39: =(4045.418139/100)-AG53 -> 40.405073 | AH39: =(3318.803182/100)-AH53 -> 33.188032 | AI39: =(3265.812945/100)-AI53 -> 32.643948 | AJ39: =(4011.255579/100)-AJ53 -> 39.878725 | AK39: =(3525.368812/100)-AK53 -> 35.223917 | AL39: =(3412.604221/100)-AL53 -> 33.868752 | AM39: =(4319.320147/100)-AM53 -> 43.083047 | AN39: =(3387.433582/100)-AN53 -> 33.805491 | AO39: =(3348.615816/100)-AO53 -> 33.4515 | AP39: =(3471.768056/100)-AP53 -> 32.440292 | AQ39: =SUM(AE39:AP39) -> 432.1443 | AS39: =(3644.13527339002/100)-AS53 -> 35.1235 | AT39: =(3661.00340237424/100)-AT53 -> 34.963 | AU39: =(3990.43240237424/100)-AU53 -> 38.25729 | AV39: =(3712.15340237423/100)-AV53 -> 35.4745 | AW39: =(3700.78340237423/100)-AW53 -> 35.3608 | AX39: =(4034.89240237424/100)-AX53 -> 38.70189 | AY39: =(4008.95340237423/100)-AY53 -> 38.4425 | AZ39: =(3742.90340237423/100)-AZ53 -> 35.782 | BA39: =(4072.33240237424/100)-BA53 -> 39.07629 | BB39: =(3794.05340237423/100)-BB53 -> 36.2935 | BC39: =(3778.00340237424/100)-BC53 -> 36.133 | BD39: =(4357.43240237424/100)-BD53 -> 41.92729 | BE39: =SUM(AS39:BD39) -> 445.53556 | BG39: {=INDIRECT("'※ 재무_세부시트'!"&BG$1&$AD39, TRUE)} -> 40.917431 | BH39: {=INDIRECT("'※ 재무_세부시트'!"&BH$1&$AD39, TRUE)} -> 432.1443 | BI39: {=INDIRECT("'※ 재무_세부시트'!"&BI$1&$AD39, TRUE)} -> 35.223917 | BJ39: {=INDIRECT("'※ 재무_세부시트'!"&BJ$1&$AD39, TRUE)} -> 41.637191 | BK39: {=INDIRECT("'※ 재무_세부시트'!"&BK$1&$AD39, TRUE)} -> 43.083047
C40: 수수료 항목 | D40: 도매위탁 | E40: 도매 도급수수료 | F40: {=INDIRECT("'※ 재무_세부시트'!"&F$1&$AD40, TRUE)} -> 316.8 | G40: {=INDIRECT("'※ 재무_세부시트'!"&G$1&$AD40, TRUE)} -> 288.75688 | H40: {=INDIRECT("'※ 재무_세부시트'!"&H$1&$AD40, TRUE)} -> 26.927905 | I40: {=INDIRECT("'※ 재무_세부시트'!"&I$1&$AD40, TRUE)} -> 27.037246 | J40: {=INDIRECT("'※ 재무_세부시트'!"&J$1&$AD40, TRUE)} -> 26.95 | K40: {=INDIRECT("'※ 재무_세부시트'!"&K$1&$AD40, TRUE)} -> 25 | L40: {=INDIRECT("'※ 재무_세부시트'!"&L$1&$AD40, TRUE)} -> 25 | M40: {=INDIRECT("'※ 재무_세부시트'!"&M$1&$AD40, TRUE)} -> 25 | ... AC40: {=INDIRECT("'※ 재무_세부시트'!"&AC$1&$AD40, TRUE)} -> 27.416589 | AD40: 39 | AE40: 26.4 | AF40: 26.4 | AG40: 26.4 | AH40: 26.4 | AI40: 26.4 | AJ40: 26.4 | AK40: 26.4 | AL40: 26.4 | AM40: 26.4 | AN40: 26.4 | AO40: 26.4 | AP40: 26.4 | AQ40: =SUM(AE40:AP40) -> 316.8 | AS40: 26.4 | AT40: 26.4 | AU40: 26.4 | AV40: 26.4 | AW40: 26.4 | AX40: 26.4 | AY40: 26.4 | AZ40: 26.4 | BA40: 26.4 | BB40: 26.4 | BC40: 26.4 | BD40: 26.4 | BE40: =SUM(AS40:BD40) -> 316.8 | BG40: {=INDIRECT("'※ 재무_세부시트'!"&BG$1&$AD40, TRUE)} -> 26.4 | BH40: {=INDIRECT("'※ 재무_세부시트'!"&BH$1&$AD40, TRUE)} -> 316.8 | BI40: {=INDIRECT("'※ 재무_세부시트'!"&BI$1&$AD40, TRUE)} -> 26.4 | BJ40: {=INDIRECT("'※ 재무_세부시트'!"&BJ$1&$AD40, TRUE)} -> 27.231036 | BK40: {=INDIRECT("'※ 재무_세부시트'!"&BK$1&$AD40, TRUE)} -> 26.4
D41: KTAC 위탁 | E41: 아이폰 AS 업무위탁 | F41: {=INDIRECT("'※ 재무_세부시트'!"&F$1&$AD41, TRUE)} -> 25.3526 | G41: {=INDIRECT("'※ 재무_세부시트'!"&G$1&$AD41, TRUE)} -> 18.49933 | H41: {=INDIRECT("'※ 재무_세부시트'!"&H$1&$AD41, TRUE)} -> 1.35002 | I41: {=INDIRECT("'※ 재무_세부시트'!"&I$1&$AD41, TRUE)} -> 1.32668 | J41: {=INDIRECT("'※ 재무_세부시트'!"&J$1&$AD41, TRUE)} -> 1.35615 | K41: {=INDIRECT("'※ 재무_세부시트'!"&K$1&$AD41, TRUE)} -> 1.26417 | L41: {=INDIRECT("'※ 재무_세부시트'!"&L$1&$AD41, TRUE)} -> 1.27146 | M41: {=INDIRECT("'※ 재무_세부시트'!"&M$1&$AD41, TRUE)} -> 1.11978 | ... AC41: {=INDIRECT("'※ 재무_세부시트'!"&AC$1&$AD41, TRUE)} -> -4.88944 | AD41: 40 | AE41: 2.26332 | AF41: 2.22603 | AG41: 2.24252 | AH41: 2.27033 | AI41: 2.17922 | AJ41: 2.10995 | AK41: 2.07942 | AL41: 2.07323 | AM41: 1.98326 | AN41: 1.9454 | AO41: 1.98583 | AP41: 1.99409 | AQ41: =SUM(AE41:AP41) -> 25.3526 | AS41: 1.65 | AT41: 1.65 | AU41: 1.65 | AV41: 1.65 | AW41: 1.65 | AX41: 1.65 | AY41: 1.65 | AZ41: 1.65 | BA41: 1.65 | BB41: 1.65 | BC41: 1.65 | BD41: 1.65 | BE41: =SUM(AS41:BD41) -> 19.8 | BG41: {=INDIRECT("'※ 재무_세부시트'!"&BG$1&$AD41, TRUE)} -> 2.26332 | BH41: {=INDIRECT("'※ 재무_세부시트'!"&BH$1&$AD41, TRUE)} -> 25.3526 | BI41: {=INDIRECT("'※ 재무_세부시트'!"&BI$1&$AD41, TRUE)} -> 2.07942 | BJ41: {=INDIRECT("'※ 재무_세부시트'!"&BJ$1&$AD41, TRUE)} -> 1.43418 | BK41: {=INDIRECT("'※ 재무_세부시트'!"&BK$1&$AD41, TRUE)} -> 1.98326
D42: KT닷컴 위탁 | E42: KT SHOP 도급수수료 | F42: {=INDIRECT("'※ 재무_세부시트'!"&F$1&$AD42, TRUE)} -> 20.9243 | G42: {=INDIRECT("'※ 재무_세부시트'!"&G$1&$AD42, TRUE)} -> 103.882 | H42: {=INDIRECT("'※ 재무_세부시트'!"&H$1&$AD42, TRUE)} -> 1.7813861 | I42: {=INDIRECT("'※ 재무_세부시트'!"&I$1&$AD42, TRUE)} -> 6.49188 | J42: {=INDIRECT("'※ 재무_세부시트'!"&J$1&$AD42, TRUE)} -> 6.49594 | K42: {=INDIRECT("'※ 재무_세부시트'!"&K$1&$AD42, TRUE)} -> 6.9941842 | L42: {=INDIRECT("'※ 재무_세부시트'!"&L$1&$AD42, TRUE)} -> 6.898 | M42: {=INDIRECT("'※ 재무_세부시트'!"&M$1&$AD42, TRUE)} -> 6.89902 | ... AC42: {=INDIRECT("'※ 재무_세부시트'!"&AC$1&$AD42, TRUE)} -> -26.82945 | AD42: 41 | AE42: 6.8422 | AF42: 0 | AG42: 0 | AH42: 3.9887 | AI42: 0 | AJ42: 0 | AK42: 5.1329 | AL42: 0 | AM42: 0 | AN42: 4.9605 | AO42: 0 | AP42: 0 | AQ42: =SUM(AE42:AP42) -> 20.9243 | AS42: 3.38 | AT42: 3.38 | AU42: 5.88 | AV42: 3.38 | AW42: 3.38 | AX42: 5.88 | AY42: 3.38 | AZ42: 3.38 | BA42: 5.88 | BB42: 3.38 | BC42: 3.38 | BD42: 5.88 | BE42: =SUM(AS42:BD42) -> 50.56 | BG42: {=INDIRECT("'※ 재무_세부시트'!"&BG$1&$AD42, TRUE)} -> 6.8422 | BH42: {=INDIRECT("'※ 재무_세부시트'!"&BH$1&$AD42, TRUE)} -> 20.9243 | BI42: {=INDIRECT("'※ 재무_세부시트'!"&BI$1&$AD42, TRUE)} -> 5.1329 | BJ42: {=INDIRECT("'※ 재무_세부시트'!"&BJ$1&$AD42, TRUE)} -> 3 | BK42: {=INDIRECT("'※ 재무_세부시트'!"&BK$1&$AD42, TRUE)} -> 0
D43: 디지털 바로배송/유심 | E43: 바로배송 위탁, 바로유심 용역 수수료 | F43: {=INDIRECT("'※ 재무_세부시트'!"&F$1&$AD43, TRUE)} -> 11.772117 | G43: {=INDIRECT("'※ 재무_세부시트'!"&G$1&$AD43, TRUE)} -> 19.345231 | H43: {=INDIRECT("'※ 재무_세부시트'!"&H$1&$AD43, TRUE)} -> 1.7700148 | I43: {=INDIRECT("'※ 재무_세부시트'!"&I$1&$AD43, TRUE)} -> 1.7853179 | J43: {=INDIRECT("'※ 재무_세부시트'!"&J$1&$AD43, TRUE)} -> 1.8493655 | K43: {=INDIRECT("'※ 재무_세부시트'!"&K$1&$AD43, TRUE)} -> 1.9933751 | L43: {=INDIRECT("'※ 재무_세부시트'!"&L$1&$AD43, TRUE)} -> 3.1633886 | M43: {=INDIRECT("'※ 재무_세부시트'!"&M$1&$AD43, TRUE)} -> 2.9196508 | ... AC43: {=INDIRECT("'※ 재무_세부시트'!"&AC$1&$AD43, TRUE)} -> 7.1262613 | AD43: 42 | AE43: 0.5604365 | AF43: 0.85484 | AG43: 0.937785 | AH43: 0.7435465 | AI43: 0.9319345 | AJ43: 1.028345 | AK43: 1.1859855 | AL43: 1.263655 | AM43: 1.0388907 | AN43: 0.9438926 | AO43: 1.0354207 | AP43: 1.247385 | AQ43: =SUM(AE43:AP43) -> 11.772117 | AS43: 0.85 | AT43: 0.85 | AU43: 0.85 | AV43: 0.85 | AW43: 0.85 | AX43: 0.85 | AY43: 0.85 | AZ43: 0.85 | BA43: 0.85 | BB43: 0.85 | BC43: 0.85 | BD43: 0.85 | BG43: {=INDIRECT("'※ 재무_세부시트'!"&BG$1&$AD43, TRUE)} -> 0.5604365 | BH43: {=INDIRECT("'※ 재무_세부시트'!"&BH$1&$AD43, TRUE)} -> 11.772117 | BI43: {=INDIRECT("'※ 재무_세부시트'!"&BI$1&$AD43, TRUE)} -> 1.1859855 | BJ43: {=INDIRECT("'※ 재무_세부시트'!"&BJ$1&$AD43, TRUE)} -> 1.5104562 | BK43: {=INDIRECT("'※ 재무_세부시트'!"&BK$1&$AD43, TRUE)} -> 1.0388907
D44: B2B 도급 수수료 | E44: KT 업무지원센터, 기업무선센터 | F44: {=INDIRECT("'※ 재무_세부시트'!"&F$1&$AD44, TRUE)} -> 3.8159 | G44: {=INDIRECT("'※ 재무_세부시트'!"&G$1&$AD44, TRUE)} -> 4.78595 | H44: {=INDIRECT("'※ 재무_세부시트'!"&H$1&$AD44, TRUE)} -> 0.3311 | I44: {=INDIRECT("'※ 재무_세부시트'!"&I$1&$AD44, TRUE)} -> 0.3314 | J44: {=INDIRECT("'※ 재무_세부시트'!"&J$1&$AD44, TRUE)} -> 0.42475833 | K44: {=INDIRECT("'※ 재무_세부시트'!"&K$1&$AD44, TRUE)} -> 0.42475833 | L44: {=INDIRECT("'※ 재무_세부시트'!"&L$1&$AD44, TRUE)} -> 0.42475833 | M44: {=INDIRECT("'※ 재무_세부시트'!"&M$1&$AD44, TRUE)} -> 0.42475833 | ... AC44: {=INDIRECT("'※ 재무_세부시트'!"&AC$1&$AD44, TRUE)} -> 0.3825833 | AD44: 43 | AE44: 0.3576 | AF44: 0.3585 | AG44: 0.3275 | AH44: 0.3275 | AI44: 0.3275 | AJ44: 0.3275 | AK44: 0.1752 | AL44: 0.4798 | AM44: 0.3275 | AN44: 0.3275 | AO44: 0.3275 | AP44: 0.1523 | AQ44: =SUM(AE44:AP44) -> 3.8159 | AS44: 0.36 | AT44: 0.36 | AU44: 0.36 | AV44: 0.36 | AW44: 0.36 | AX44: 0.36 | AY44: 0.36 | AZ44: 0.36 | BA44: 0.36 | BB44: 0.36 | BC44: 0.36 | BD44: 0.36 | BG44: {=INDIRECT("'※ 재무_세부시트'!"&BG$1&$AD44, TRUE)} -> 0.3576 | BH44: {=INDIRECT("'※ 재무_세부시트'!"&BH$1&$AD44, TRUE)} -> 3.8159 | BI44: {=INDIRECT("'※ 재무_세부시트'!"&BI$1&$AD44, TRUE)} -> 0.1752 | BJ44: {=INDIRECT("'※ 재무_세부시트'!"&BJ$1&$AD44, TRUE)} -> 0.3311 | BK44: {=INDIRECT("'※ 재무_세부시트'!"&BK$1&$AD44, TRUE)} -> 0.3275
D45: 기타도급 및 지원 | E45: 소상공인 인건비, 미정산건, 계상처리 등 | F45: {=INDIRECT("'※ 재무_세부시트'!"&F$1&$AD45, TRUE)} -> 53.479379 | G45: {=INDIRECT("'※ 재무_세부시트'!"&G$1&$AD45, TRUE)} -> 70.388077 | H45: {=INDIRECT("'※ 재무_세부시트'!"&H$1&$AD45, TRUE)} -> 0.61877861 | I45: {=INDIRECT("'※ 재무_세부시트'!"&I$1&$AD45, TRUE)} -> 1.239016 | J45: {=INDIRECT("'※ 재무_세부시트'!"&J$1&$AD45, TRUE)} -> 2.6875895 | K45: {=INDIRECT("'※ 재무_세부시트'!"&K$1&$AD45, TRUE)} -> 4.1530466 | L45: {=INDIRECT("'※ 재무_세부시트'!"&L$1&$AD45, TRUE)} -> 4.1949239 | M45: {=INDIRECT("'※ 재무_세부시트'!"&M$1&$AD45, TRUE)} -> 5.2549286 | ... AC45: {=INDIRECT("'※ 재무_세부시트'!"&AC$1&$AD45, TRUE)} -> -42.344179 | AD45: 44 | AE45: =AE39-SUM(AE40:AE44) -> 4.4938748 | AF45: =AF39-SUM(AF40:AF44) -> 3.3987193 | AG45: =AG39-SUM(AG40:AG44) -> 10.497268 | AH45: =AH39-SUM(AH40:AH44) -> -0.54204468 | AI45: =AI39-SUM(AI40:AI44) -> 2.8052932 | AJ45: =AJ39-SUM(AJ40:AJ44) -> 10.01293 | AK45: =AK39-SUM(AK40:AK44) -> 0.25041162 | AL45: =AL39-SUM(AL40:AL44) -> 3.6520667 | ... AP45: =AP39-SUM(AP40:AP44) -> 2.6465169 | AQ45: =SUM(AE45:AP45) -> 53.479379 | AS45: =AS39-SUM(AS40:AS42) -> 3.6935 | AT45: =AT39-SUM(AT40:AT42) -> 3.533 | AU45: =AU39-SUM(AU40:AU42) -> 4.32729 | AV45: =AV39-SUM(AV40:AV42) -> 4.0445 | AW45: =AW39-SUM(AW40:AW42) -> 3.9308 | AX45: =AX39-SUM(AX40:AX42) -> 4.77189 | AY45: =AY39-SUM(AY40:AY42) -> 7.0125 | AZ45: =AZ39-SUM(AZ40:AZ42) -> 4.352 | ... BD45: =BD39-SUM(BD40:BD42) -> 7.99729 | BE45: =SUM(AS45:BD45) -> 58.37556 | BG45: {=INDIRECT("'※ 재무_세부시트'!"&BG$1&$AD45, TRUE)} -> 4.4938748 | BH45: {=INDIRECT("'※ 재무_세부시트'!"&BH$1&$AD45, TRUE)} -> 53.479379 | BI45: {=INDIRECT("'※ 재무_세부시트'!"&BI$1&$AD45, TRUE)} -> 0.25041162 | BJ45: {=INDIRECT("'※ 재무_세부시트'!"&BJ$1&$AD45, TRUE)} -> 8.1304186 | BK45: {=INDIRECT("'※ 재무_세부시트'!"&BK$1&$AD45, TRUE)} -> 13.333396
B46: 유통플랫폼사업 매출 | F46: {=INDIRECT("'※ 재무_세부시트'!"&F$1&$AD46, TRUE)} -> 267.35344 | G46: {=INDIRECT("'※ 재무_세부시트'!"&G$1&$AD46, TRUE)} -> 399.57222 | H46: {=INDIRECT("'※ 재무_세부시트'!"&H$1&$AD46, TRUE)} -> 27.073064 | I46: {=INDIRECT("'※ 재무_세부시트'!"&I$1&$AD46, TRUE)} -> 66.257026 | J46: {=INDIRECT("'※ 재무_세부시트'!"&J$1&$AD46, TRUE)} -> 48.406045 | K46: {=INDIRECT("'※ 재무_세부시트'!"&K$1&$AD46, TRUE)} -> 36.01091 | L46: {=INDIRECT("'※ 재무_세부시트'!"&L$1&$AD46, TRUE)} -> 42.548449 | M46: {=INDIRECT("'※ 재무_세부시트'!"&M$1&$AD46, TRUE)} -> 47.556311 | ... AC46: {=INDIRECT("'※ 재무_세부시트'!"&AC$1&$AD46, TRUE)} -> 157.01202 | AD46: 45 | AE46: =AE51+AE54 -> 18.92836 | AF46: =AF51+AF54 -> 20.335122 | AG46: =AG51+AG54 -> 6.3679559 | AH46: =AH51+AH54 -> 24.460073 | AI46: =AI51+AI54 -> 44.869622 | AJ46: =AJ51+AJ54 -> 8.6601767 | AK46: =AK51+AK54 -> 6.379273 | AL46: =AL51+AL54 -> 23.082351 | ... AP46: =AP51+AP54 -> 38.688366 | AQ46: =SUM(AE46:AP46) -> 267.35344 | AS46: =AS51+AS54 -> 24.828816 | AT46: =AT51+AT54 -> 19.289787 | AU46: =AU51+AU54 -> 22.815408 | AV46: =AV51+AV54 -> 19.289787 | AW46: =AW51+AW54 -> 99.395967 | AX46: =AX51+AX54 -> 26.400955 | AY46: =AY51+AY54 -> 45.579384 | AZ46: =AZ51+AZ54 -> 24.90853 | ... BD46: =BD51+BD54 -> 63.961776 | BE46: =SUM(AS46:BD46) -> 405.33604 | BG46: {=INDIRECT("'※ 재무_세부시트'!"&BG$1&$AD46, TRUE)} -> 18.92836 | BH46: {=INDIRECT("'※ 재무_세부시트'!"&BH$1&$AD46, TRUE)} -> 267.35344 | BI46: {=INDIRECT("'※ 재무_세부시트'!"&BI$1&$AD46, TRUE)} -> 6.379273 | BJ46: {=INDIRECT("'※ 재무_세부시트'!"&BJ$1&$AD46, TRUE)} -> 8.2465206 | BK46: {=INDIRECT("'※ 재무_세부시트'!"&BK$1&$AD46, TRUE)} -> 35.430344
C47: 시연폰 | F47: {=INDIRECT("'※ 재무_세부시트'!"&F$1&$AD47, TRUE)} -> 167.4837 | G47: {=INDIRECT("'※ 재무_세부시트'!"&G$1&$AD47, TRUE)} -> 178.24468 | H47: {=INDIRECT("'※ 재무_세부시트'!"&H$1&$AD47, TRUE)} -> 6.2247795 | I47: {=INDIRECT("'※ 재무_세부시트'!"&I$1&$AD47, TRUE)} -> 41.723454 | J47: {=INDIRECT("'※ 재무_세부시트'!"&J$1&$AD47, TRUE)} -> 33.803716 | K47: {=INDIRECT("'※ 재무_세부시트'!"&K$1&$AD47, TRUE)} -> 17.317672 | L47: {=INDIRECT("'※ 재무_세부시트'!"&L$1&$AD47, TRUE)} -> 33.886692 | M47: {=INDIRECT("'※ 재무_세부시트'!"&M$1&$AD47, TRUE)} -> 36.226487 | ... AC47: {=INDIRECT("'※ 재무_세부시트'!"&AC$1&$AD47, TRUE)} -> 191.25993 | AD47: 46 | AE47: 17.558161 | AF47: 18.645582 | AG47: 4.50616 | AH47: 22.357863 | AI47: 37.6139 | AJ47: 0 | AK47: 0 | AL47: 0 | AM47: 27.401272 | AN47: 8.6376132 | AO47: 0 | AP47: 30.76315 | AQ47: =SUM(AE47:AP47) -> 167.4837 | AS47: 5.8682095 | AT47: 0 | AU47: 3.5256204 | AV47: 0 | AW47: 80.106179 | AX47: 7.1111678 | AY47: 26.289596 | AZ47: 5.6187422 | BA47: 0 | BB47: 0 | BC47: 0.99626734 | BD47: 44.671988 | BE47: =SUM(AS47:BD47) -> 174.18777 | BG47: {=INDIRECT("'※ 재무_세부시트'!"&BG$1&$AD47, TRUE)} -> 17.558161 | BH47: {=INDIRECT("'※ 재무_세부시트'!"&BH$1&$AD47, TRUE)} -> 167.4837 | BI47: {=INDIRECT("'※ 재무_세부시트'!"&BI$1&$AD47, TRUE)} -> 0 | BJ47: {=INDIRECT("'※ 재무_세부시트'!"&BJ$1&$AD47, TRUE)} -> 3.1105545 | BK47: {=INDIRECT("'※ 재무_세부시트'!"&BK$1&$AD47, TRUE)} -> 27.401272
C48: 굿바이 | F48: {=INDIRECT("'※ 재무_세부시트'!"&F$1&$AD48, TRUE)} -> 72.819939 | G48: {=INDIRECT("'※ 재무_세부시트'!"&G$1&$AD48, TRUE)} -> 142.21025 | H48: {=INDIRECT("'※ 재무_세부시트'!"&H$1&$AD48, TRUE)} -> 5.1468545 | I48: {=INDIRECT("'※ 재무_세부시트'!"&I$1&$AD48, TRUE)} -> 7.8131886 | J48: {=INDIRECT("'※ 재무_세부시트'!"&J$1&$AD48, TRUE)} -> 4.2391668 | K48: {=INDIRECT("'※ 재무_세부시트'!"&K$1&$AD48, TRUE)} -> 9.1465707 | L48: {=INDIRECT("'※ 재무_세부시트'!"&L$1&$AD48, TRUE)} -> 2.3114345 | M48: {=INDIRECT("'※ 재무_세부시트'!"&M$1&$AD48, TRUE)} -> 5.9345118 | ... AC48: {=INDIRECT("'※ 재무_세부시트'!"&AC$1&$AD48, TRUE)} -> -42.247414 | AD48: 47 | AE48: 0.31406332 | AF48: 0.087427 | AG48: 0.0704085 | AH48: 0.01762 | AI48: 4.445897 | AJ48: 4.7673086 | AK48: 3.963363 | AL48: 18.960478 | AM48: 5.2997445 | AN48: 19.070399 | AO48: 8.6262545 | AP48: 7.1969757 | AQ48: =SUM(AE48:AP48) -> 72.819939 | AS48: 13.354887 | AT48: 13.354887 | AU48: 13.354887 | AV48: 13.354887 | AW48: 13.354887 | AX48: 13.354887 | AY48: 13.354887 | AZ48: 13.354887 | BA48: 13.354887 | BB48: 13.354887 | BC48: 13.354887 | BD48: 13.354887 | BE48: =SUM(AS48:BD48) -> 160.25864 | BG48: {=INDIRECT("'※ 재무_세부시트'!"&BG$1&$AD48, TRUE)} -> 0.31406332 | BH48: {=INDIRECT("'※ 재무_세부시트'!"&BH$1&$AD48, TRUE)} -> 72.819939 | BI48: {=INDIRECT("'※ 재무_세부시트'!"&BI$1&$AD48, TRUE)} -> 3.963363 | BJ48: {=INDIRECT("'※ 재무_세부시트'!"&BJ$1&$AD48, TRUE)} -> 3.914 | BK48: {=INDIRECT("'※ 재무_세부시트'!"&BK$1&$AD48, TRUE)} -> 5.2997445
C49: 코코넛 | F49: {=INDIRECT("'※ 재무_세부시트'!"&F$1&$AD49, TRUE)} -> 18.744022 | G49: {=INDIRECT("'※ 재무_세부시트'!"&G$1&$AD49, TRUE)} -> 75.143249 | H49: {=INDIRECT("'※ 재무_세부시트'!"&H$1&$AD49, TRUE)} -> 15.047921 | I49: {=INDIRECT("'※ 재무_세부시트'!"&I$1&$AD49, TRUE)} -> 15.968165 | J49: {=INDIRECT("'※ 재무_세부시트'!"&J$1&$AD49, TRUE)} -> 9.4010445 | K49: {=INDIRECT("'※ 재무_세부시트'!"&K$1&$AD49, TRUE)} -> 6.3480071 | L49: {=INDIRECT("'※ 재무_세부시트'!"&L$1&$AD49, TRUE)} -> 5.4892406 | M49: {=INDIRECT("'※ 재무_세부시트'!"&M$1&$AD49, TRUE)} -> 4.7302215 | ... AC49: {=INDIRECT("'※ 재무_세부시트'!"&AC$1&$AD49, TRUE)} -> -8.6328987 | AD49: 48 | AE49: 0.20109091 | AF49: 1.1016102 | AG49: 1.3176477 | AH49: 1.6469137 | AI49: 2.0255376 | AJ49: 3.0005779 | AK49: 1.6524955 | AL49: 3.2620176 | AM49: 2.2386986 | AN49: 1.1238791 | AO49: 0.81183923 | AP49: 0.36171346 | AQ49: =SUM(AE49:AP49) -> 18.744022 | AS49: 5.6057192 | AT49: 5.6057192 | AU49: 5.6057192 | AV49: 5.6057192 | AW49: 5.6057192 | AX49: 5.6057192 | AY49: 5.6057192 | AZ49: 5.6057192 | BA49: 5.6057192 | BB49: 5.6057192 | BC49: 5.6057192 | BD49: 5.6057192 | BE49: =SUM(AS49:BD49) -> 67.26863 | BG49: {=INDIRECT("'※ 재무_세부시트'!"&BG$1&$AD49, TRUE)} -> 0.20109091 | BH49: {=INDIRECT("'※ 재무_세부시트'!"&BH$1&$AD49, TRUE)} -> 18.744022 | BI49: {=INDIRECT("'※ 재무_세부시트'!"&BI$1&$AD49, TRUE)} -> 1.6524955 | BJ49: {=INDIRECT("'※ 재무_세부시트'!"&BJ$1&$AD49, TRUE)} -> 0.85896609 | BK49: {=INDIRECT("'※ 재무_세부시트'!"&BK$1&$AD49, TRUE)} -> 2.2386986
C50: 기타(A/S, 임대, 물류, 중고폰 전문매장 등) | F50: {=INDIRECT("'※ 재무_세부시트'!"&F$1&$AD50, TRUE)} -> 8.305781 | G50: {=INDIRECT("'※ 재무_세부시트'!"&G$1&$AD50, TRUE)} -> 3.9740361 | H50: {=INDIRECT("'※ 재무_세부시트'!"&H$1&$AD50, TRUE)} -> 0.65350908 | I50: {=INDIRECT("'※ 재무_세부시트'!"&I$1&$AD50, TRUE)} -> 0.7522182 | J50: {=INDIRECT("'※ 재무_세부시트'!"&J$1&$AD50, TRUE)} -> 0.96211818 | K50: {=INDIRECT("'※ 재무_세부시트'!"&K$1&$AD50, TRUE)} -> 3.1986605 | L50: {=INDIRECT("'※ 재무_세부시트'!"&L$1&$AD50, TRUE)} -> 0.86108182 | M50: {=INDIRECT("'※ 재무_세부시트'!"&M$1&$AD50, TRUE)} -> 0.66509091 | ... AC50: {=INDIRECT("'※ 재무_세부시트'!"&AC$1&$AD50, TRUE)} -> 16.632407 | AD50: 49 | AE50: 0.85504537 | AF50: 0.50050196 | AG50: 0.47373965 | AH50: 0.43767561 | AI50: 0.78428756 | AJ50: 0.89229022 | AK50: 0.76341447 | AL50: 0.85985501 | AM50: 0.49062854 | AN50: 1.1099155 | AO50: 0.77190011 | AP50: 0.366527 | AQ50: =SUM(AE50:AP50) -> 8.305781 | AS50: 0 | AT50: 0.32918129 | AU50: 0.32918129 | AV50: 0.32918129 | AW50: 0.32918129 | AX50: 0.32918129 | AY50: 0.32918129 | AZ50: 0.32918129 | BA50: 0.32918129 | BB50: 0.32918129 | BC50: 0.32918129 | BD50: 0.32918129 | BE50: =SUM(AS50:BD50) -> 3.6209942 | BG50: {=INDIRECT("'※ 재무_세부시트'!"&BG$1&$AD50, TRUE)} -> 0.85504537 | BH50: {=INDIRECT("'※ 재무_세부시트'!"&BH$1&$AD50, TRUE)} -> 8.305781 | BI50: {=INDIRECT("'※ 재무_세부시트'!"&BI$1&$AD50, TRUE)} -> 0.76341447 | BJ50: {=INDIRECT("'※ 재무_세부시트'!"&BJ$1&$AD50, TRUE)} -> 0.363 | BK50: {=INDIRECT("'※ 재무_세부시트'!"&BK$1&$AD50, TRUE)} -> 0.49062854
C51: 수수료매출 ⓒ | F51: {=INDIRECT("'※ 재무_세부시트'!"&F$1&$AD51, TRUE)} -> 3.4663885 | G51: {=INDIRECT("'※ 재무_세부시트'!"&G$1&$AD51, TRUE)} -> 50.457874 | H51: {=INDIRECT("'※ 재무_세부시트'!"&H$1&$AD51, TRUE)} -> 4.6659154 | I51: {=INDIRECT("'※ 재무_세부시트'!"&I$1&$AD51, TRUE)} -> 8.2890092 | J51: {=INDIRECT("'※ 재무_세부시트'!"&J$1&$AD51, TRUE)} -> 1.4430924 | K51: {=INDIRECT("'※ 재무_세부시트'!"&K$1&$AD51, TRUE)} -> 5.6274242 | L51: {=INDIRECT("'※ 재무_세부시트'!"&L$1&$AD51, TRUE)} -> 1.8754224 | M51: {=INDIRECT("'※ 재무_세부시트'!"&M$1&$AD51, TRUE)} -> 2.8103056 | ... AC51: {=INDIRECT("'※ 재무_세부시트'!"&AC$1&$AD51, TRUE)} -> -4.0320152 | AD51: 50 | AE51: =AE52+AE53 -> 0.29537114 | AF51: =AF52+AF53 -> 0.09578827 | AG51: =AG52+AG53 -> 0.0491085 | AH51: =AH52+AH53 -> 0 | AI51: =AI52+AI53 -> 0.01418175 | AJ51: =AJ52+AJ53 -> 0.23383115 | AK51: =AK52+AK53 -> 0.029771 | AL51: =AL52+AL53 -> 0.25729055 | ... AP51: =AP52+AP53 -> 2.2773886 | AQ51: =SUM(AE51:AP51) -> 3.4663885 | AS51: =AS52+AS53 -> 1.3178527 | AT51: =AT52+AT53 -> 1.647034 | AU51: =AU52+AU53 -> 1.647034 | AV51: =AV52+AV53 -> 1.647034 | AW51: =AW52+AW53 -> 1.647034 | AX51: =AX52+AX53 -> 1.647034 | AY51: =AY52+AY53 -> 1.647034 | AZ51: =AZ52+AZ53 -> 1.647034 | ... BD51: =BD52+BD53 -> 1.647034 | BE51: =SUM(AS51:BD51) -> 19.435227 | BG51: {=INDIRECT("'※ 재무_세부시트'!"&BG$1&$AD51, TRUE)} -> 0.29537114 | BH51: {=INDIRECT("'※ 재무_세부시트'!"&BH$1&$AD51, TRUE)} -> 3.4663885 | BI51: {=INDIRECT("'※ 재무_세부시트'!"&BI$1&$AD51, TRUE)} -> 0.029771 | BJ51: {=INDIRECT("'※ 재무_세부시트'!"&BJ$1&$AD51, TRUE)} -> 1.2499824 | BK51: {=INDIRECT("'※ 재무_세부시트'!"&BK$1&$AD51, TRUE)} -> 0.1101545
D52: 정책수수료 | F52: {=INDIRECT("'※ 재무_세부시트'!"&F$1&$AD52, TRUE)} -> 0 | G52: {=INDIRECT("'※ 재무_세부시트'!"&G$1&$AD52, TRUE)} -> 41.922759 | H52: {=INDIRECT("'※ 재무_세부시트'!"&H$1&$AD52, TRUE)} -> 4.0313889 | I52: {=INDIRECT("'※ 재무_세부시트'!"&I$1&$AD52, TRUE)} -> 7.7963337 | J52: {=INDIRECT("'※ 재무_세부시트'!"&J$1&$AD52, TRUE)} -> 0.87665235 | K52: {=INDIRECT("'※ 재무_세부시트'!"&K$1&$AD52, TRUE)} -> 2.3474601 | L52: {=INDIRECT("'※ 재무_세부시트'!"&L$1&$AD52, TRUE)} -> 1.3750335 | M52: {=INDIRECT("'※ 재무_세부시트'!"&M$1&$AD52, TRUE)} -> 2.3617353 | ... AC52: {=INDIRECT("'※ 재무_세부시트'!"&AC$1&$AD52, TRUE)} -> -8.7769808 | AD52: 51 | AE52: 0 | AF52: 0 | AG52: 0 | AH52: 0 | AI52: 0 | AJ52: 0 | AK52: 0 | AL52: 0 | AM52: 0 | AN52: 0 | AO52: 0 | AP52: 0 | AQ52: =SUM(AE52:AP52) -> 0 | AS52: 0 | AT52: 0 | AU52: 0 | AV52: 0 | AW52: 0 | AX52: 0 | AY52: 0 | AZ52: 0 | BA52: 0 | BB52: 0 | BC52: 0 | BD52: 0 | BE52: =SUM(AS52:BD52) -> 0 | BG52: {=INDIRECT("'※ 재무_세부시트'!"&BG$1&$AD52, TRUE)} -> 0 | BH52: {=INDIRECT("'※ 재무_세부시트'!"&BH$1&$AD52, TRUE)} -> 0 | BI52: {=INDIRECT("'※ 재무_세부시트'!"&BI$1&$AD52, TRUE)} -> 0 | BJ52: {=INDIRECT("'※ 재무_세부시트'!"&BJ$1&$AD52, TRUE)} -> 0.81197386 | BK52: {=INDIRECT("'※ 재무_세부시트'!"&BK$1&$AD52, TRUE)} -> 0
D53: 기타수수료 | F53: {=INDIRECT("'※ 재무_세부시트'!"&F$1&$AD53, TRUE)} -> 3.4663885 | G53: {=INDIRECT("'※ 재무_세부시트'!"&G$1&$AD53, TRUE)} -> 8.5351145 | H53: {=INDIRECT("'※ 재무_세부시트'!"&H$1&$AD53, TRUE)} -> 0.6345265 | I53: {=INDIRECT("'※ 재무_세부시트'!"&I$1&$AD53, TRUE)} -> 0.49267549 | J53: {=INDIRECT("'※ 재무_세부시트'!"&J$1&$AD53, TRUE)} -> 0.56644009 | K53: {=INDIRECT("'※ 재무_세부시트'!"&K$1&$AD53, TRUE)} -> 3.2799642 | L53: {=INDIRECT("'※ 재무_세부시트'!"&L$1&$AD53, TRUE)} -> 0.50038885 | M53: {=INDIRECT("'※ 재무_세부시트'!"&M$1&$AD53, TRUE)} -> 0.44857032 | ... AC53: {=INDIRECT("'※ 재무_세부시트'!"&AC$1&$AD53, TRUE)} -> 4.7449655 | AD53: 52 | AE53: 0.29537114 | AF53: 0.09578827 | AG53: 0.0491085 | AH53: 0 | AI53: 0.01418175 | AJ53: 0.23383115 | AK53: 0.029771 | AL53: 0.25729055 | AM53: 0.1101545 | AN53: 0.0688445 | AO53: 0.0346585 | AP53: 2.2773886 | AQ53: =SUM(AE53:AP53) -> 3.4663885 | AS53: 1.3178527 | AT53: 1.647034 | AU53: 1.647034 | AV53: 1.647034 | AW53: 1.647034 | AX53: 1.647034 | AY53: 1.647034 | AZ53: 1.647034 | BA53: 1.647034 | BB53: 1.647034 | BC53: 1.647034 | BD53: 1.647034 | BE53: =SUM(AS53:BD53) -> 19.435227 | BG53: {=INDIRECT("'※ 재무_세부시트'!"&BG$1&$AD53, TRUE)} -> 0.29537114 | BH53: {=INDIRECT("'※ 재무_세부시트'!"&BH$1&$AD53, TRUE)} -> 3.4663885 | BI53: {=INDIRECT("'※ 재무_세부시트'!"&BI$1&$AD53, TRUE)} -> 0.029771 | BJ53: {=INDIRECT("'※ 재무_세부시트'!"&BJ$1&$AD53, TRUE)} -> 0.43800855 | BK53: {=INDIRECT("'※ 재무_세부시트'!"&BK$1&$AD53, TRUE)} -> 0.1101545
C54: 상품매출 ⓓ | F54: {=INDIRECT("'※ 재무_세부시트'!"&F$1&$AD54, TRUE)} -> 263.88705 | G54: {=INDIRECT("'※ 재무_세부시트'!"&G$1&$AD54, TRUE)} -> 349.11434 | H54: {=INDIRECT("'※ 재무_세부시트'!"&H$1&$AD54, TRUE)} -> 22.407149 | I54: {=INDIRECT("'※ 재무_세부시트'!"&I$1&$AD54, TRUE)} -> 57.968017 | J54: {=INDIRECT("'※ 재무_세부시트'!"&J$1&$AD54, TRUE)} -> 46.962953 | K54: {=INDIRECT("'※ 재무_세부시트'!"&K$1&$AD54, TRUE)} -> 30.383486 | L54: {=INDIRECT("'※ 재무_세부시트'!"&L$1&$AD54, TRUE)} -> 40.673026 | M54: {=INDIRECT("'※ 재무_세부시트'!"&M$1&$AD54, TRUE)} -> 44.746006 | ... AC54: {=INDIRECT("'※ 재무_세부시트'!"&AC$1&$AD54, TRUE)} -> 161.04404 | AD54: 53 | AE54: 18.632989 | AF54: 20.239333 | AG54: 6.3188474 | AH54: 24.460073 | AI54: 44.85544 | AJ54: 8.4263455 | AK54: 6.349502 | AL54: 22.82506 | AM54: 35.320189 | AN54: 29.872962 | AO54: 10.175335 | AP54: 36.410977 | AQ54: =SUM(AE54:AP54) -> 263.88705 | AS54: 23.510963 | AT54: 17.642753 | AU54: 21.168374 | AV54: 17.642753 | AW54: 97.748933 | AX54: 24.753921 | AY54: 43.93235 | AZ54: 23.261496 | BA54: 17.642753 | BB54: 17.642753 | BC54: 18.639021 | BD54: 62.314742 | BE54: =SUM(AS54:BD54) -> 385.90081 | BG54: {=INDIRECT("'※ 재무_세부시트'!"&BG$1&$AD54, TRUE)} -> 18.632989 | BH54: {=INDIRECT("'※ 재무_세부시트'!"&BH$1&$AD54, TRUE)} -> 263.88705 | BI54: {=INDIRECT("'※ 재무_세부시트'!"&BI$1&$AD54, TRUE)} -> 6.349502 | BJ54: {=INDIRECT("'※ 재무_세부시트'!"&BJ$1&$AD54, TRUE)} -> 6.9965382 | BK54: {=INDIRECT("'※ 재무_세부시트'!"&BK$1&$AD54, TRUE)} -> 35.320189
BG55: {=INDIRECT("'※ 재무_세부시트'!"&BG$1&$AD55, TRUE)} -> #REF! | BH55: {=INDIRECT("'※ 재무_세부시트'!"&BH$1&$AD55, TRUE)} -> #REF! | BI55: {=INDIRECT("'※ 재무_세부시트'!"&BI$1&$AD55, TRUE)} -> #REF! | BJ55: {=INDIRECT("'※ 재무_세부시트'!"&BJ$1&$AD55, TRUE)} -> #REF! | BK55: {=INDIRECT("'※ 재무_세부시트'!"&BK$1&$AD55, TRUE)} -> #REF!
A56: 판매비와 일반관리비 | F56: {=INDIRECT("'※ 재무_세부시트'!"&F$1&$AD56, TRUE)} -> 2166.8313 | G56: {=INDIRECT("'※ 재무_세부시트'!"&G$1&$AD56, TRUE)} -> 2102.6965 | H56: {=INDIRECT("'※ 재무_세부시트'!"&H$1&$AD56, TRUE)} -> 175.85236 | I56: {=INDIRECT("'※ 재무_세부시트'!"&I$1&$AD56, TRUE)} -> 166.07553 | J56: {=INDIRECT("'※ 재무_세부시트'!"&J$1&$AD56, TRUE)} -> 163.88899 | K56: {=INDIRECT("'※ 재무_세부시트'!"&K$1&$AD56, TRUE)} -> 168.1989 | L56: {=INDIRECT("'※ 재무_세부시트'!"&L$1&$AD56, TRUE)} -> 175.42496 | M56: {=INDIRECT("'※ 재무_세부시트'!"&M$1&$AD56, TRUE)} -> 195.1481 | ... AC56: {=INDIRECT("'※ 재무_세부시트'!"&AC$1&$AD56, TRUE)} -> 255.74166 | AD56: 55 | AE56: =AE57+AE63+AE67+AE70+AE71 -> 139.14345 | AF56: =AF57+AF63+AF67+AF70+AF71 -> 160.65397 | AG56: =AG57+AG63+AG67+AG70+AG71 -> 161.30594 | AH56: =AH57+AH63+AH67+AH70+AH71 -> 161.14569 | AI56: =AI57+AI63+AI67+AI70+AI71 -> 156.22468 | AJ56: =AJ57+AJ63+AJ67+AJ70+AJ71 -> 192.36783 | AK56: =AK57+AK63+AK67+AK70+AK71 -> 173.88291 | AL56: =AL57+AL63+AL67+AL70+AL71 -> 174.10717 | ... AP56: =AP57+AP63+AP67+AP70+AP71 -> 218.67707 | AQ56: =SUM(AE56:AP56) -> 2166.8313 | AS56: =AS57+AS63+AS67+AS70+AS71 -> 182.56136 | AT56: =AT57+AT63+AT67+AT70+AT71 -> 189.8982 | AU56: =AU57+AU63+AU67+AU70+AU71 -> 181.6262 | AV56: =AV57+AV63+AV67+AV70+AV71 -> 191.98585 | AW56: =AW57+AW63+AW67+AW70+AW71 -> 181.27929 | AX56: =AX57+AX63+AX67+AX70+AX71 -> 201.13721 | AY56: =AY57+AY63+AY67+AY70+AY71 -> 191.55241 | AZ56: =AZ57+AZ63+AZ67+AZ70+AZ71 -> 189.22836 | ... BD56: =BD57+BD63+BD67+BD70+BD71 -> 219.74252 | BE56: =SUM(AS56:BD56) -> 2403.3664 | BG56: {=INDIRECT("'※ 재무_세부시트'!"&BG$1&$AD56, TRUE)} -> 139.14345 | BH56: {=INDIRECT("'※ 재무_세부시트'!"&BH$1&$AD56, TRUE)} -> 2166.8313 | BI56: {=INDIRECT("'※ 재무_세부시트'!"&BI$1&$AD56, TRUE)} -> 173.88291 | BJ56: {=INDIRECT("'※ 재무_세부시트'!"&BJ$1&$AD56, TRUE)} -> 156.91262 | BK56: {=INDIRECT("'※ 재무_세부시트'!"&BK$1&$AD56, TRUE)} -> 202.84507
C57: 인건비 | F57: {=INDIRECT("'※ 재무_세부시트'!"&F$1&$AD57, TRUE)} -> 1210.4068 | G57: {=INDIRECT("'※ 재무_세부시트'!"&G$1&$AD57, TRUE)} -> 1270.9808 | H57: {=INDIRECT("'※ 재무_세부시트'!"&H$1&$AD57, TRUE)} -> 103.7119 | I57: {=INDIRECT("'※ 재무_세부시트'!"&I$1&$AD57, TRUE)} -> 101.80097 | J57: {=INDIRECT("'※ 재무_세부시트'!"&J$1&$AD57, TRUE)} -> 114.76275 | K57: {=INDIRECT("'※ 재무_세부시트'!"&K$1&$AD57, TRUE)} -> 109.92785 | L57: {=INDIRECT("'※ 재무_세부시트'!"&L$1&$AD57, TRUE)} -> 108.1564 | M57: {=INDIRECT("'※ 재무_세부시트'!"&M$1&$AD57, TRUE)} -> 122.7448 | ... AC57: {=INDIRECT("'※ 재무_세부시트'!"&AC$1&$AD57, TRUE)} -> 136.86323 | AD57: 56 | AE57: 95.091648 | AF57: 94.743659 | AG57: 99.149542 | AH57: 103.62955 | AI57: 97.837382 | AJ57: 95.417563 | AK57: 98.554298 | AL57: 94.656709 | AM57: 103.30858 | AN57: 94.797286 | AO57: 133.65886 | AP57: 99.561705 | AQ57: =SUM(AE57:AP57) -> 1210.4068 | AS57: 99.661666 | AT57: 106.43702 | AU57: 107.71782 | AV57: 110.74617 | AW57: 103.7309 | AX57: 104.85003 | AY57: 109.03792 | AZ57: 106.69568 | BA57: 106.7577 | BB57: 107.34222 | BC57: 145.62586 | BD57: 104.79991 | BE57: =SUM(AS57:BD57) -> 1313.4029 | BG57: {=INDIRECT("'※ 재무_세부시트'!"&BG$1&$AD57, TRUE)} -> 95.091648 | BH57: {=INDIRECT("'※ 재무_세부시트'!"&BH$1&$AD57, TRUE)} -> 1210.4068 | BI57: {=INDIRECT("'※ 재무_세부시트'!"&BI$1&$AD57, TRUE)} -> 98.554298 | BJ57: {=INDIRECT("'※ 재무_세부시트'!"&BJ$1&$AD57, TRUE)} -> 107.07639 | BK57: {=INDIRECT("'※ 재무_세부시트'!"&BK$1&$AD57, TRUE)} -> 103.30858
D58: 임직원 급여 | F58: {=INDIRECT("'※ 재무_세부시트'!"&F$1&$AD58, TRUE)} -> 846.89524 | G58: {=INDIRECT("'※ 재무_세부시트'!"&G$1&$AD58, TRUE)} -> 879.35068 | H58: {=INDIRECT("'※ 재무_세부시트'!"&H$1&$AD58, TRUE)} -> 73.920034 | I58: {=INDIRECT("'※ 재무_세부시트'!"&I$1&$AD58, TRUE)} -> 75.645477 | J58: {=INDIRECT("'※ 재무_세부시트'!"&J$1&$AD58, TRUE)} -> 79.300362 | K58: {=INDIRECT("'※ 재무_세부시트'!"&K$1&$AD58, TRUE)} -> 76.33912 | L58: {=INDIRECT("'※ 재무_세부시트'!"&L$1&$AD58, TRUE)} -> 75.272432 | M58: {=INDIRECT("'※ 재무_세부시트'!"&M$1&$AD58, TRUE)} -> 74.957407 | ... AC58: {=INDIRECT("'※ 재무_세부시트'!"&AC$1&$AD58, TRUE)} -> 79.098347 | AD58: 57 | AE58: 66.803489 | AF58: 67.303398 | AG58: 64.43662 | AH58: 69.036024 | AI58: 67.265941 | AJ58: 66.963161 | AK58: 69.21703 | AL58: 66.97123 | AM58: 66.352939 | AN58: 66.343587 | AO58: 102.49686 | AP58: 73.704965 | AQ58: =SUM(AE58:AP58) -> 846.89524 | AS58: 70.037033 | AT58: 71.286376 | AU58: 68.823394 | AV58: 74.130806 | AW58: 72.467078 | AX58: 73.150592 | AY58: 76.038856 | AZ58: 74.013993 | BA58: 73.7347 | BB58: 74.333212 | BC58: 111.95248 | BD58: 84.012388 | BE58: =SUM(AS58:BD58) -> 923.98091 | BG58: {=INDIRECT("'※ 재무_세부시트'!"&BG$1&$AD58, TRUE)} -> 66.803489 | BH58: {=INDIRECT("'※ 재무_세부시트'!"&BH$1&$AD58, TRUE)} -> 846.89524 | BI58: {=INDIRECT("'※ 재무_세부시트'!"&BI$1&$AD58, TRUE)} -> 69.21703 | BJ58: {=INDIRECT("'※ 재무_세부시트'!"&BJ$1&$AD58, TRUE)} -> 75.960435 | BK58: {=INDIRECT("'※ 재무_세부시트'!"&BK$1&$AD58, TRUE)} -> 66.352939
D59: 포상비 | F59: {=INDIRECT("'※ 재무_세부시트'!"&F$1&$AD59, TRUE)} -> 8.0635911 | G59: {=INDIRECT("'※ 재무_세부시트'!"&G$1&$AD59, TRUE)} -> 7.0779863 | H59: {=INDIRECT("'※ 재무_세부시트'!"&H$1&$AD59, TRUE)} -> 1.1560305 | I59: {=INDIRECT("'※ 재무_세부시트'!"&I$1&$AD59, TRUE)} -> 0.11543053 | J59: {=INDIRECT("'※ 재무_세부시트'!"&J$1&$AD59, TRUE)} -> 0.09743053 | K59: {=INDIRECT("'※ 재무_세부시트'!"&K$1&$AD59, TRUE)} -> 0.30543053 | L59: {=INDIRECT("'※ 재무_세부시트'!"&L$1&$AD59, TRUE)} -> 0.08643053 | M59: {=INDIRECT("'※ 재무_세부시트'!"&M$1&$AD59, TRUE)} -> 0.21243053 | ... AC59: {=INDIRECT("'※ 재무_세부시트'!"&AC$1&$AD59, TRUE)} -> -0.0835742 | AD59: 58 | AE59: 0.09037043 | AF59: 1.3526564 | AG59: 0.11977043 | AH59: 1.3193752 | AI59: 0.10357043 | AJ59: 0.10597043 | AK59: 0.10477043 | AL59: 0.82647043 | AM59: 0.10597043 | AN59: 1.5557009 | AO59: 0.18464724 | AP59: 2.1943183 | AQ59: =SUM(AE59:AP59) -> 8.0635911 | AS59: 0.091274134 | AT59: 1.366183 | AU59: 0.12096813 | AV59: 1.3325689 | AW59: 0.10460613 | AX59: 0.10703013 | AY59: 0.10581813 | AZ59: 0.83473513 | BA59: 0.10703013 | BB59: 1.5712579 | BC59: 0.18649371 | BD59: 2.2162615 | BE59: =SUM(AS59:BD59) -> 8.144227 | BG59: {=INDIRECT("'※ 재무_세부시트'!"&BG$1&$AD59, TRUE)} -> 0.09037043 | BH59: {=INDIRECT("'※ 재무_세부시트'!"&BH$1&$AD59, TRUE)} -> 8.0635911 | BI59: {=INDIRECT("'※ 재무_세부시트'!"&BI$1&$AD59, TRUE)} -> 0.10477043 | BJ59: {=INDIRECT("'※ 재무_세부시트'!"&BJ$1&$AD59, TRUE)} -> 0.16240023 | BK59: {=INDIRECT("'※ 재무_세부시트'!"&BK$1&$AD59, TRUE)} -> 0.10597043
D60: 퇴직급여충당금 | F60: {=INDIRECT("'※ 재무_세부시트'!"&F$1&$AD60, TRUE)} -> 72.199387 | G60: {=INDIRECT("'※ 재무_세부시트'!"&G$1&$AD60, TRUE)} -> 83.64709 | H60: {=INDIRECT("'※ 재무_세부시트'!"&H$1&$AD60, TRUE)} -> 7.4362771 | I60: {=INDIRECT("'※ 재무_세부시트'!"&I$1&$AD60, TRUE)} -> 7.4362771 | J60: {=INDIRECT("'※ 재무_세부시트'!"&J$1&$AD60, TRUE)} -> 7.4362771 | K60: {=INDIRECT("'※ 재무_세부시트'!"&K$1&$AD60, TRUE)} -> 7.4362771 | L60: {=INDIRECT("'※ 재무_세부시트'!"&L$1&$AD60, TRUE)} -> 7.4362771 | M60: {=INDIRECT("'※ 재무_세부시트'!"&M$1&$AD60, TRUE)} -> 7.4362771 | ... AC60: {=INDIRECT("'※ 재무_세부시트'!"&AC$1&$AD60, TRUE)} -> 18.992894 | AD60: 59 | AE60: 6.6826682 | AF60: 6.6826682 | AG60: 6.6826682 | AH60: 6.6826682 | AI60: 6.6826682 | AJ60: 6.6826682 | AK60: 6.6826682 | AL60: 6.6826682 | AM60: 6.6826682 | AN60: 6.6826682 | AO60: 6.6826682 | AP60: -1.3099632 | AQ60: =SUM(AE60:AP60) -> 72.199387 | AS60: 6.8497349 | AT60: 6.8497349 | AU60: 6.8497349 | AV60: 6.8497349 | AW60: 6.8497349 | AX60: 6.8497349 | AY60: 6.8497349 | AZ60: 6.8497349 | BA60: 6.8497349 | BB60: 6.8497349 | BC60: 6.8497349 | BD60: -1.1099632 | BE60: =SUM(AS60:BD60) -> 74.237121 | BG60: {=INDIRECT("'※ 재무_세부시트'!"&BG$1&$AD60, TRUE)} -> 6.6826682 | BH60: {=INDIRECT("'※ 재무_세부시트'!"&BH$1&$AD60, TRUE)} -> 72.199387 | BI60: {=INDIRECT("'※ 재무_세부시트'!"&BI$1&$AD60, TRUE)} -> 6.6826682 | BJ60: {=INDIRECT("'※ 재무_세부시트'!"&BJ$1&$AD60, TRUE)} -> 6.4657752 | BK60: {=INDIRECT("'※ 재무_세부시트'!"&BK$1&$AD60, TRUE)} -> 6.6826682
D61: 복리후생비 | F61: {=INDIRECT("'※ 재무_세부시트'!"&F$1&$AD61, TRUE)} -> 283.24856 | G61: {=INDIRECT("'※ 재무_세부시트'!"&G$1&$AD61, TRUE)} -> 301.03897 | H61: {=INDIRECT("'※ 재무_세부시트'!"&H$1&$AD61, TRUE)} -> 21.199558 | I61: {=INDIRECT("'※ 재무_세부시트'!"&I$1&$AD61, TRUE)} -> 18.603786 | J61: {=INDIRECT("'※ 재무_세부시트'!"&J$1&$AD61, TRUE)} -> 27.928682 | K61: {=INDIRECT("'※ 재무_세부시트'!"&K$1&$AD61, TRUE)} -> 25.847024 | L61: {=INDIRECT("'※ 재무_세부시트'!"&L$1&$AD61, TRUE)} -> 25.361255 | M61: {=INDIRECT("'※ 재무_세부시트'!"&M$1&$AD61, TRUE)} -> 40.138688 | ... AC61: {=INDIRECT("'※ 재무_세부시트'!"&AC$1&$AD61, TRUE)} -> 38.72166 | AD61: 60 | AE61: 21.515121 | AF61: 19.404936 | AG61: 27.910483 | AH61: 26.591481 | AI61: 23.785202 | AJ61: 21.665763 | AK61: 22.54983 | AL61: 20.17634 | AM61: 30.167 | AN61: 20.21533 | AO61: 24.294685 | AP61: 24.972385 | AQ61: =SUM(AE61:AP61) -> 283.24856 | AS61: 22.683624 | AT61: 26.934723 | AU61: 31.92372 | AV61: 28.43306 | AW61: 24.309476 | AX61: 24.742673 | AY61: 26.04351 | AZ61: 24.997212 | BA61: 26.066235 | BB61: 24.588019 | BC61: 26.637145 | BD61: 19.681225 | BE61: =SUM(AS61:BD61) -> 307.04062 | BG61: {=INDIRECT("'※ 재무_세부시트'!"&BG$1&$AD61, TRUE)} -> 21.515121 | BH61: {=INDIRECT("'※ 재무_세부시트'!"&BH$1&$AD61, TRUE)} -> 283.24856 | BI61: {=INDIRECT("'※ 재무_세부시트'!"&BI$1&$AD61, TRUE)} -> 22.54983 | BJ61: {=INDIRECT("'※ 재무_세부시트'!"&BJ$1&$AD61, TRUE)} -> 24.487784 | BK61: {=INDIRECT("'※ 재무_세부시트'!"&BK$1&$AD61, TRUE)} -> 30.167
D62: └ (복리포인트) | F62: {=INDIRECT("'※ 재무_세부시트'!"&F$1&$AD62, TRUE)} -> 144.79623 | G62: {=INDIRECT("'※ 재무_세부시트'!"&G$1&$AD62, TRUE)} -> 150.29355 | H62: {=INDIRECT("'※ 재무_세부시트'!"&H$1&$AD62, TRUE)} -> 9.6499583 | I62: {=INDIRECT("'※ 재무_세부시트'!"&I$1&$AD62, TRUE)} -> 6.3796056 | J62: {=INDIRECT("'※ 재무_세부시트'!"&J$1&$AD62, TRUE)} -> 15.641191 | K62: {=INDIRECT("'※ 재무_세부시트'!"&K$1&$AD62, TRUE)} -> 12.396531 | L62: {=INDIRECT("'※ 재무_세부시트'!"&L$1&$AD62, TRUE)} -> 13.046445 | M62: {=INDIRECT("'※ 재무_세부시트'!"&M$1&$AD62, TRUE)} -> 16.806992 | ... AC62: {=INDIRECT("'※ 재무_세부시트'!"&AC$1&$AD62, TRUE)} -> 15.83903 | AD62: 61 | AE62: 12.937913 | AF62: 10.866855 | AG62: 18.280156 | AH62: 14.663401 | AI62: 10.721816 | AJ62: 11.557473 | AK62: 11.230439 | AL62: 8.3603743 | AM62: 16.228107 | AN62: 10.137635 | AO62: 13.544252 | AP62: 6.2678041 | AQ62: =SUM(AE62:AP62) -> 144.79623 | AS62: 12.276213 | AT62: 16.462959 | AU62: 21.407309 | AV62: 17.872001 | AW62: 13.674087 | AX62: 14.067874 | AY62: 15.29937 | AZ62: 14.143823 | BA62: 15.148493 | BB62: 13.566515 | BC62: 15.551288 | BD62: 8.511311 | BE62: =SUM(AS62:BD62) -> 177.98124 | BG62: {=INDIRECT("'※ 재무_세부시트'!"&BG$1&$AD62, TRUE)} -> 12.937913 | BH62: {=INDIRECT("'※ 재무_세부시트'!"&BH$1&$AD62, TRUE)} -> 144.79623 | BI62: {=INDIRECT("'※ 재무_세부시트'!"&BI$1&$AD62, TRUE)} -> 11.230439 | BJ62: {=INDIRECT("'※ 재무_세부시트'!"&BJ$1&$AD62, TRUE)} -> 12.936838 | BK62: {=INDIRECT("'※ 재무_세부시트'!"&BK$1&$AD62, TRUE)} -> 16.228107
C63: 마케팅비 | F63: {=INDIRECT("'※ 재무_세부시트'!"&F$1&$AD63, TRUE)} -> 521.96061 | G63: {=INDIRECT("'※ 재무_세부시트'!"&G$1&$AD63, TRUE)} -> 345.42213 | H63: {=INDIRECT("'※ 재무_세부시트'!"&H$1&$AD63, TRUE)} -> 34.653542 | I63: {=INDIRECT("'※ 재무_세부시트'!"&I$1&$AD63, TRUE)} -> 23.679221 | J63: {=INDIRECT("'※ 재무_세부시트'!"&J$1&$AD63, TRUE)} -> 16.000664 | K63: {=INDIRECT("'※ 재무_세부시트'!"&K$1&$AD63, TRUE)} -> 19.542286 | L63: {=INDIRECT("'※ 재무_세부시트'!"&L$1&$AD63, TRUE)} -> 28.596062 | M63: {=INDIRECT("'※ 재무_세부시트'!"&M$1&$AD63, TRUE)} -> 34.749232 | ... AC63: {=INDIRECT("'※ 재무_세부시트'!"&AC$1&$AD63, TRUE)} -> 102.90717 | AD63: 62 | AE63: 10.679466 | AF63: 31.841216 | AG63: 29.512413 | AH63: 23.364959 | AI63: 26.602807 | AJ63: 62.799808 | AK63: 39.640826 | AL63: 37.467097 | AM63: 68.505533 | AN63: 87.523076 | AO63: 27.475329 | AP63: 76.548075 | AQ63: =SUM(AE63:AP63) -> 521.96061 | AS63: 44.845593 | AT63: 45.55198 | AU63: 39.511819 | AV63: 42.550561 | AW63: 41.639203 | AX63: 60.328502 | AY63: 43.128985 | AZ63: 39.917157 | BA63: 57.203095 | BB63: 92.961052 | BC63: 39.523069 | BD63: 70.77405 | BE63: =SUM(AS63:BD63) -> 617.93507 | BG63: {=INDIRECT("'※ 재무_세부시트'!"&BG$1&$AD63, TRUE)} -> 10.679466 | BH63: {=INDIRECT("'※ 재무_세부시트'!"&BH$1&$AD63, TRUE)} -> 521.96061 | BI63: {=INDIRECT("'※ 재무_세부시트'!"&BI$1&$AD63, TRUE)} -> 39.640826 | BJ63: {=INDIRECT("'※ 재무_세부시트'!"&BJ$1&$AD63, TRUE)} -> 15.484491 | BK63: {=INDIRECT("'※ 재무_세부시트'!"&BK$1&$AD63, TRUE)} -> 68.505533
D64: 판매수수료 | F64: {=INDIRECT("'※ 재무_세부시트'!"&F$1&$AD64, TRUE)} -> 323.05885 | G64: {=INDIRECT("'※ 재무_세부시트'!"&G$1&$AD64, TRUE)} -> 167.4585 | H64: {=INDIRECT("'※ 재무_세부시트'!"&H$1&$AD64, TRUE)} -> 6.0935523 | I64: {=INDIRECT("'※ 재무_세부시트'!"&I$1&$AD64, TRUE)} -> 10.304066 | J64: {=INDIRECT("'※ 재무_세부시트'!"&J$1&$AD64, TRUE)} -> 9.0780226 | K64: {=INDIRECT("'※ 재무_세부시트'!"&K$1&$AD64, TRUE)} -> 7.6568158 | L64: {=INDIRECT("'※ 재무_세부시트'!"&L$1&$AD64, TRUE)} -> 15.846036 | M64: {=INDIRECT("'※ 재무_세부시트'!"&M$1&$AD64, TRUE)} -> 15.878933 | ... AC64: {=INDIRECT("'※ 재무_세부시트'!"&AC$1&$AD64, TRUE)} -> -13.179643 | AD64: 63 | AE64: 6.8452379 | AF64: 25.215926 | AG64: 23.329442 | AH64: 18.473232 | AI64: 21.26155 | AJ64: 36.510204 | AK64: 31.86521 | AL64: 28.146494 | AM64: 48.284568 | AN64: 36.554268 | AO64: 27.230965 | AP64: 19.341758 | AQ64: =SUM(AE64:AP64) -> 323.05885 | AS64: 33.820581 | AT64: 34.891672 | AU64: 29.902954 | AV64: 32.971642 | AW64: 31.600147 | AX64: 30.997905 | AY64: 31.08802 | AZ64: 29.592682 | BA64: 32.271376 | BB64: 36.497582 | BC64: 30.288639 | BD64: 28.67491 | BE64: =SUM(AS64:BD64) -> 382.59811 | BG64: {=INDIRECT("'※ 재무_세부시트'!"&BG$1&$AD64, TRUE)} -> 6.8452379 | BH64: {=INDIRECT("'※ 재무_세부시트'!"&BH$1&$AD64, TRUE)} -> 323.05885 | BI64: {=INDIRECT("'※ 재무_세부시트'!"&BI$1&$AD64, TRUE)} -> 31.86521 | BJ64: {=INDIRECT("'※ 재무_세부시트'!"&BJ$1&$AD64, TRUE)} -> 6.8554462 | BK64: {=INDIRECT("'※ 재무_세부시트'!"&BK$1&$AD64, TRUE)} -> 48.284568
D65: 판매촉진비 | F65: {=INDIRECT("'※ 재무_세부시트'!"&F$1&$AD65, TRUE)} -> 197.65911 | G65: {=INDIRECT("'※ 재무_세부시트'!"&G$1&$AD65, TRUE)} -> 175.47417 | H65: {=INDIRECT("'※ 재무_세부시트'!"&H$1&$AD65, TRUE)} -> 28.2784 | I65: {=INDIRECT("'※ 재무_세부시트'!"&I$1&$AD65, TRUE)} -> 12.975017 | J65: {=INDIRECT("'※ 재무_세부시트'!"&J$1&$AD65, TRUE)} -> 6.7345115 | K65: {=INDIRECT("'※ 재무_세부시트'!"&K$1&$AD65, TRUE)} -> 11.50281 | L65: {=INDIRECT("'※ 재무_세부시트'!"&L$1&$AD65, TRUE)} -> 12.477606 | M65: {=INDIRECT("'※ 재무_세부시트'!"&M$1&$AD65, TRUE)} -> 18.479929 | ... AC65: {=INDIRECT("'※ 재무_세부시트'!"&AC$1&$AD65, TRUE)} -> 112.35808 | AD65: 64 | AE65: 3.8342282 | AF65: 6.6252907 | AG65: 6.1548808 | AH65: 4.8817269 | AI65: 5.3314391 | AJ65: 26.28124 | AK65: 7.4541614 | AL65: 9.0224237 | AM65: 20.216238 | AN65: 50.534639 | AO65: 0.23881802 | AP65: 57.084023 | AQ65: =SUM(AE65:AP65) -> 197.65911 | AS65: 10.495933 | AT65: 10.131229 | AU65: 9.0516954 | AV65: 9.0398399 | AW65: 9.5001596 | AX65: 28.793154 | AY65: 11.190431 | AZ65: 9.4972163 | BA65: 24.397912 | BB65: 55.500221 | BC65: 8.6998048 | BD65: 41.447766 | BE65: =SUM(AS65:BD65) -> 227.74536 | BG65: {=INDIRECT("'※ 재무_세부시트'!"&BG$1&$AD65, TRUE)} -> 3.8342282 | BH65: {=INDIRECT("'※ 재무_세부시트'!"&BH$1&$AD65, TRUE)} -> 197.65911 | BI65: {=INDIRECT("'※ 재무_세부시트'!"&BI$1&$AD65, TRUE)} -> 7.4541614 | BJ65: {=INDIRECT("'※ 재무_세부시트'!"&BJ$1&$AD65, TRUE)} -> 8.5998171 | BK65: {=INDIRECT("'※ 재무_세부시트'!"&BK$1&$AD65, TRUE)} -> 20.216238
D66: 광고선전비 | F66: {=INDIRECT("'※ 재무_세부시트'!"&F$1&$AD66, TRUE)} -> 1.2426436 | G66: {=INDIRECT("'※ 재무_세부시트'!"&G$1&$AD66, TRUE)} -> 2.4894518 | H66: {=INDIRECT("'※ 재무_세부시트'!"&H$1&$AD66, TRUE)} -> 0.28159 | I66: {=INDIRECT("'※ 재무_세부시트'!"&I$1&$AD66, TRUE)} -> 0.40013727 | J66: {=INDIRECT("'※ 재무_세부시트'!"&J$1&$AD66, TRUE)} -> 0.18813 | K66: {=INDIRECT("'※ 재무_세부시트'!"&K$1&$AD66, TRUE)} -> 0.38266 | L66: {=INDIRECT("'※ 재무_세부시트'!"&L$1&$AD66, TRUE)} -> 0.27242 | M66: {=INDIRECT("'※ 재무_세부시트'!"&M$1&$AD66, TRUE)} -> 0.39037 | ... AC66: {=INDIRECT("'※ 재무_세부시트'!"&AC$1&$AD66, TRUE)} -> 3.7287355 | AD66: 65 | AE66: 0 | AF66: 0 | AG66: 0.02809091 | AH66: 0.01 | AI66: 0.00981818 | AJ66: 0.00836364 | AK66: 0.32145454 | AL66: 0.29818 | AM66: 0.00472727 | AN66: 0.43416909 | AO66: 0.00554545 | AP66: 0.12229454 | AQ66: =SUM(AE66:AP66) -> 1.2426436 | AS66: 0.52907911 | AT66: 0.52907911 | AU66: 0.55717002 | AV66: 0.53907911 | AW66: 0.53889729 | AX66: 0.53744275 | AY66: 0.85053365 | AZ66: 0.82725911 | BA66: 0.53380638 | BB66: 0.9632482 | BC66: 0.53462456 | BD66: 0.65137365 | BE66: =SUM(AS66:BD66) -> 7.591593 | BG66: {=INDIRECT("'※ 재무_세부시트'!"&BG$1&$AD66, TRUE)} -> 0 | BH66: {=INDIRECT("'※ 재무_세부시트'!"&BH$1&$AD66, TRUE)} -> 1.2426436 | BI66: {=INDIRECT("'※ 재무_세부시트'!"&BI$1&$AD66, TRUE)} -> 0.32145454 | BJ66: {=INDIRECT("'※ 재무_세부시트'!"&BJ$1&$AD66, TRUE)} -> 0.02922727 | BK66: {=INDIRECT("'※ 재무_세부시트'!"&BK$1&$AD66, TRUE)} -> 0.00472727
C67: 임차관리비 | F67: {=INDIRECT("'※ 재무_세부시트'!"&F$1&$AD67, TRUE)} -> 64.229032 | G67: {=INDIRECT("'※ 재무_세부시트'!"&G$1&$AD67, TRUE)} -> 60.903768 | H67: {=INDIRECT("'※ 재무_세부시트'!"&H$1&$AD67, TRUE)} -> 9.7151188 | I67: {=INDIRECT("'※ 재무_세부시트'!"&I$1&$AD67, TRUE)} -> 9.6380251 | J67: {=INDIRECT("'※ 재무_세부시트'!"&J$1&$AD67, TRUE)} -> -5.9214587 | K67: {=INDIRECT("'※ 재무_세부시트'!"&K$1&$AD67, TRUE)} -> 9.2180414 | L67: {=INDIRECT("'※ 재무_세부시트'!"&L$1&$AD67, TRUE)} -> 9.1481608 | M67: {=INDIRECT("'※ 재무_세부시트'!"&M$1&$AD67, TRUE)} -> -6.5223599 | ... AC67: {=INDIRECT("'※ 재무_세부시트'!"&AC$1&$AD67, TRUE)} -> -7.7522541 | AD67: 66 | AE67: 10.924286 | AF67: 11.02049 | AG67: -5.80464 | AH67: 10.219751 | AI67: 10.169357 | AJ67: -4.0439472 | AK67: 10.295732 | AL67: 11.114838 | AM67: -5.2930239 | AN67: 10.29651 | AO67: 10.591515 | AP67: -5.2618351 | AQ67: =SUM(AE67:AP67) -> 64.229032 | AS67: 10.825222 | AT67: 11.104188 | AU67: -4.4604033 | AV67: 10.523237 | AW67: 10.471815 | AX67: -4.6733706 | AY67: 10.537055 | AZ67: 11.07434 | BA67: -4.615814 | BB67: 10.677064 | BC67: 10.430582 | BD67: -4.5283278 | BE67: =SUM(AS67:BD67) -> 67.365588 | BG67: {=INDIRECT("'※ 재무_세부시트'!"&BG$1&$AD67, TRUE)} -> 10.924286 | BH67: {=INDIRECT("'※ 재무_세부시트'!"&BH$1&$AD67, TRUE)} -> 64.229032 | BI67: {=INDIRECT("'※ 재무_세부시트'!"&BI$1&$AD67, TRUE)} -> 10.295732 | BJ67: {=INDIRECT("'※ 재무_세부시트'!"&BJ$1&$AD67, TRUE)} -> -4.7555993 | BK67: {=INDIRECT("'※ 재무_세부시트'!"&BK$1&$AD67, TRUE)} -> -5.2930239
D68: 지급임차료 | F68: {=INDIRECT("'※ 재무_세부시트'!"&F$1&$AD68, TRUE)} -> 55.423486 | G68: {=INDIRECT("'※ 재무_세부시트'!"&G$1&$AD68, TRUE)} -> 51.909478 | H68: {=INDIRECT("'※ 재무_세부시트'!"&H$1&$AD68, TRUE)} -> 8.8945883 | I68: {=INDIRECT("'※ 재무_세부시트'!"&I$1&$AD68, TRUE)} -> 8.7579191 | J68: {=INDIRECT("'※ 재무_세부시트'!"&J$1&$AD68, TRUE)} -> -6.7442279 | K68: {=INDIRECT("'※ 재무_세부시트'!"&K$1&$AD68, TRUE)} -> 8.6368534 | L68: {=INDIRECT("'※ 재무_세부시트'!"&L$1&$AD68, TRUE)} -> 8.6179002 | M68: {=INDIRECT("'※ 재무_세부시트'!"&M$1&$AD68, TRUE)} -> -7.0925131 | ... AC68: {=INDIRECT("'※ 재무_세부시트'!"&AC$1&$AD68, TRUE)} -> -7.0240795 | AD68: 67 | AE68: 10.067227 | AF68: 10.079497 | AG68: -6.597504 | AH68: 9.6163084 | AI68: 9.6299869 | AJ68: -4.6677411 | AK68: 9.5611005 | AL68: 10.153815 | AM68: -6.1497044 | AN68: 9.6736029 | AO68: 10.018113 | AP68: -5.9612164 | AQ68: =SUM(AE68:AP68) -> 55.423486 | AS68: 10.04507 | AT68: 10.261837 | AU68: -5.2310866 | AV68: 9.8104157 | AW68: 9.7704588 | AX68: -5.3965704 | AY68: 9.821153 | AZ68: 10.238644 | BA68: -5.3518467 | BB68: 9.9299453 | BC68: 9.7384189 | BD68: -5.2838665 | BE68: =SUM(AS68:BD68) -> 58.352573 | BG68: {=INDIRECT("'※ 재무_세부시트'!"&BG$1&$AD68, TRUE)} -> 10.067227 | BH68: {=INDIRECT("'※ 재무_세부시트'!"&BH$1&$AD68, TRUE)} -> 55.423486 | BI68: {=INDIRECT("'※ 재무_세부시트'!"&BI$1&$AD68, TRUE)} -> 9.5611005 | BJ68: {=INDIRECT("'※ 재무_세부시트'!"&BJ$1&$AD68, TRUE)} -> -5.3636932 | BK68: {=INDIRECT("'※ 재무_세부시트'!"&BK$1&$AD68, TRUE)} -> -6.1497044
D69: 수도광열비 | F69: {=INDIRECT("'※ 재무_세부시트'!"&F$1&$AD69, TRUE)} -> 8.8055462 | G69: {=INDIRECT("'※ 재무_세부시트'!"&G$1&$AD69, TRUE)} -> 8.9942904 | H69: {=INDIRECT("'※ 재무_세부시트'!"&H$1&$AD69, TRUE)} -> 0.82053048 | I69: {=INDIRECT("'※ 재무_세부시트'!"&I$1&$AD69, TRUE)} -> 0.88010606 | J69: {=INDIRECT("'※ 재무_세부시트'!"&J$1&$AD69, TRUE)} -> 0.82276914 | K69: {=INDIRECT("'※ 재무_세부시트'!"&K$1&$AD69, TRUE)} -> 0.58118793 | L69: {=INDIRECT("'※ 재무_세부시트'!"&L$1&$AD69, TRUE)} -> 0.53026055 | M69: {=INDIRECT("'※ 재무_세부시트'!"&M$1&$AD69, TRUE)} -> 0.57015319 | ... AC69: {=INDIRECT("'※ 재무_세부시트'!"&AC$1&$AD69, TRUE)} -> -0.72817461 | AD69: 68 | AE69: 0.85705912 | AF69: 0.94099297 | AG69: 0.792864 | AH69: 0.60344215 | AI69: 0.53936983 | AJ69: 0.62379388 | AK69: 0.73463151 | AL69: 0.96102294 | AM69: 0.85668051 | AN69: 0.62290697 | AO69: 0.57340108 | AP69: 0.69938127 | AQ69: =SUM(AE69:AP69) -> 8.8055462 | AS69: 0.78015232 | AT69: 0.84235079 | AU69: 0.77068322 | AV69: 0.7128214 | AW69: 0.70135631 | AX69: 0.72319983 | AY69: 0.71590233 | AZ69: 0.83569594 | BA69: 0.7360327 | BB69: 0.74711885 | BC69: 0.69216289 | BD69: 0.75553871 | BE69: =SUM(AS69:BD69) -> 9.0130153 | BG69: {=INDIRECT("'※ 재무_세부시트'!"&BG$1&$AD69, TRUE)} -> 0.85705912 | BH69: {=INDIRECT("'※ 재무_세부시트'!"&BH$1&$AD69, TRUE)} -> 8.8055462 | BI69: {=INDIRECT("'※ 재무_세부시트'!"&BI$1&$AD69, TRUE)} -> 0.73463151 | BJ69: {=INDIRECT("'※ 재무_세부시트'!"&BJ$1&$AD69, TRUE)} -> 0.60809388 | BK69: {=INDIRECT("'※ 재무_세부시트'!"&BK$1&$AD69, TRUE)} -> 0.85668051
C70: 감가상각비 | F70: {=INDIRECT("'※ 재무_세부시트'!"&F$1&$AD70, TRUE)} -> 64.368374 | G70: {=INDIRECT("'※ 재무_세부시트'!"&G$1&$AD70, TRUE)} -> 63.659272 | H70: {=INDIRECT("'※ 재무_세부시트'!"&H$1&$AD70, TRUE)} -> 0.6542659 | I70: {=INDIRECT("'※ 재무_세부시트'!"&I$1&$AD70, TRUE)} -> 0.6542659 | J70: {=INDIRECT("'※ 재무_세부시트'!"&J$1&$AD70, TRUE)} -> 14.606177 | K70: {=INDIRECT("'※ 재무_세부시트'!"&K$1&$AD70, TRUE)} -> 0.64824418 | L70: {=INDIRECT("'※ 재무_세부시트'!"&L$1&$AD70, TRUE)} -> 0.64533783 | M70: {=INDIRECT("'※ 재무_세부시트'!"&M$1&$AD70, TRUE)} -> 14.500262 | ... AC70: {=INDIRECT("'※ 재무_세부시트'!"&AC$1&$AD70, TRUE)} -> 0.22234173 | AD70: 69 | AE70: 0.74262207 | AF70: 0.7744554 | AG70: 14.416924 | AH70: 0.78998683 | AI70: 0.79131074 | AJ70: 14.503236 | AK70: 0.90104267 | AL70: 0.88435212 | AM70: 14.650685 | AN70: 0.8928802 | AO70: 0.86426655 | AP70: 14.156612 | AQ70: =SUM(AE70:AP70) -> 64.368374 | AS70: 1.1865335 | AT70: 1.2477661 | AU70: 14.519892 | AV70: 1.2638147 | AW70: 1.2609634 | AX70: 14.814438 | AY70: 1.4498418 | AZ70: 1.4719041 | BA70: 15.039495 | BB70: 1.4909404 | BC70: 1.5545804 | BD70: 14.571597 | BE70: =SUM(AS70:BD70) -> 69.871766 | BG70: {=INDIRECT("'※ 재무_세부시트'!"&BG$1&$AD70, TRUE)} -> 0.74262207 | BH70: {=INDIRECT("'※ 재무_세부시트'!"&BH$1&$AD70, TRUE)} -> 64.368374 | BI70: {=INDIRECT("'※ 재무_세부시트'!"&BI$1&$AD70, TRUE)} -> 0.90104267 | BJ70: {=INDIRECT("'※ 재무_세부시트'!"&BJ$1&$AD70, TRUE)} -> 14.313232 | BK70: {=INDIRECT("'※ 재무_세부시트'!"&BK$1&$AD70, TRUE)} -> 14.650685
C71: 기타운영비 | F71: {=INDIRECT("'※ 재무_세부시트'!"&F$1&$AD71, TRUE)} -> 305.86653 | G71: {=INDIRECT("'※ 재무_세부시트'!"&G$1&$AD71, TRUE)} -> 361.73051 | H71: {=INDIRECT("'※ 재무_세부시트'!"&H$1&$AD71, TRUE)} -> 27.11753 | I71: {=INDIRECT("'※ 재무_세부시트'!"&I$1&$AD71, TRUE)} -> 30.303053 | J71: {=INDIRECT("'※ 재무_세부시트'!"&J$1&$AD71, TRUE)} -> 24.44086 | K71: {=INDIRECT("'※ 재무_세부시트'!"&K$1&$AD71, TRUE)} -> 28.862477 | L71: {=INDIRECT("'※ 재무_세부시트'!"&L$1&$AD71, TRUE)} -> 28.879 | M71: {=INDIRECT("'※ 재무_세부시트'!"&M$1&$AD71, TRUE)} -> 29.676163 | ... AC71: {=INDIRECT("'※ 재무_세부시트'!"&AC$1&$AD71, TRUE)} -> 23.501173 | AD71: 70 | AE71: 21.705429 | AF71: 22.274147 | AG71: 24.031704 | AH71: 23.141441 | AI71: 20.82382 | AJ71: 23.691169 | AK71: 24.491007 | AL71: 29.984173 | AM71: 21.673296 | AN71: 31.177397 | AO71: 29.200434 | AP71: 33.672514 | AQ71: =SUM(AE71:AP71) -> 305.86653 | AS71: 26.042346 | AT71: 25.557253 | AU71: 24.337078 | AV71: 26.902067 | AW71: 24.176409 | AX71: 25.817611 | AY71: 27.398612 | AZ71: 30.069288 | BA71: 24.761857 | BB71: 34.870909 | BC71: 30.732422 | BD71: 34.125286 | BE71: =SUM(AS71:BD71) -> 334.79114 | BG71: {=INDIRECT("'※ 재무_세부시트'!"&BG$1&$AD71, TRUE)} -> 21.705429 | BH71: {=INDIRECT("'※ 재무_세부시트'!"&BH$1&$AD71, TRUE)} -> 305.86653 | BI71: {=INDIRECT("'※ 재무_세부시트'!"&BI$1&$AD71, TRUE)} -> 24.491007 | BJ71: {=INDIRECT("'※ 재무_세부시트'!"&BJ$1&$AD71, TRUE)} -> 24.794104 | BK71: {=INDIRECT("'※ 재무_세부시트'!"&BK$1&$AD71, TRUE)} -> 21.673296
D72: 지급수수료 | E72: IT유지보수대행, 서비스이용료, 전문가자문료 등 | F72: {=INDIRECT("'※ 재무_세부시트'!"&F$1&$AD72, TRUE)} -> 139.34499 | G72: {=INDIRECT("'※ 재무_세부시트'!"&G$1&$AD72, TRUE)} -> 187.99847 | H72: {=INDIRECT("'※ 재무_세부시트'!"&H$1&$AD72, TRUE)} -> 14.259335 | I72: {=INDIRECT("'※ 재무_세부시트'!"&I$1&$AD72, TRUE)} -> 16.113742 | J72: {=INDIRECT("'※ 재무_세부시트'!"&J$1&$AD72, TRUE)} -> 13.015234 | K72: {=INDIRECT("'※ 재무_세부시트'!"&K$1&$AD72, TRUE)} -> 16.231489 | L72: {=INDIRECT("'※ 재무_세부시트'!"&L$1&$AD72, TRUE)} -> 15.242259 | M72: {=INDIRECT("'※ 재무_세부시트'!"&M$1&$AD72, TRUE)} -> 16.640125 | ... AC72: {=INDIRECT("'※ 재무_세부시트'!"&AC$1&$AD72, TRUE)} -> 21.78062 | AD72: 71 | AE72: 8.8479043 | AF72: 9.3419312 | AG72: 10.980234 | AH72: 10.436992 | AI72: 9.4584486 | AJ72: 11.983378 | AK72: 10.262751 | AL72: 11.067936 | AM72: 10.375607 | AN72: 16.877777 | AO72: 16.068114 | AP72: 13.643913 | AQ72: =SUM(AE72:AP72) -> 139.34499 | AS72: 10.061085 | AT72: 10.268859 | AU72: 10.329734 | AV72: 12.048745 | AW72: 10.365431 | AX72: 11.84277 | AY72: 10.218649 | AZ72: 10.64964 | BA72: 10.815181 | BB72: 17.020797 | BC72: 16.411988 | BD72: 13.353481 | BE72: =SUM(AS72:BD72) -> 143.38636 | BG72: {=INDIRECT("'※ 재무_세부시트'!"&BG$1&$AD72, TRUE)} -> 8.8479043 | BH72: {=INDIRECT("'※ 재무_세부시트'!"&BH$1&$AD72, TRUE)} -> 139.34499 | BI72: {=INDIRECT("'※ 재무_세부시트'!"&BI$1&$AD72, TRUE)} -> 10.262751 | BJ72: {=INDIRECT("'※ 재무_세부시트'!"&BJ$1&$AD72, TRUE)} -> 10.867113 | BK72: {=INDIRECT("'※ 재무_세부시트'!"&BK$1&$AD72, TRUE)} -> 10.375607
D73: 회의비 | F73: {=INDIRECT("'※ 재무_세부시트'!"&F$1&$AD73, TRUE)} -> 69.921642 | G73: {=INDIRECT("'※ 재무_세부시트'!"&G$1&$AD73, TRUE)} -> 59.298489 | H73: {=INDIRECT("'※ 재무_세부시트'!"&H$1&$AD73, TRUE)} -> 4.3623994 | I73: {=INDIRECT("'※ 재무_세부시트'!"&I$1&$AD73, TRUE)} -> 4.3079149 | J73: {=INDIRECT("'※ 재무_세부시트'!"&J$1&$AD73, TRUE)} -> 4.2781094 | K73: {=INDIRECT("'※ 재무_세부시트'!"&K$1&$AD73, TRUE)} -> 4.9214913 | L73: {=INDIRECT("'※ 재무_세부시트'!"&L$1&$AD73, TRUE)} -> 4.272993 | M73: {=INDIRECT("'※ 재무_세부시트'!"&M$1&$AD73, TRUE)} -> 4.7569623 | ... AC73: {=INDIRECT("'※ 재무_세부시트'!"&AC$1&$AD73, TRUE)} -> 3.2329583 | AD73: 72 | AE73: 4.7874434 | AF73: 4.7190378 | AG73: 5.1492114 | AH73: 5.5242319 | AI73: 4.6397592 | AJ73: 4.8933604 | AK73: 5.45542 | AL73: 9.80742 | AM73: 4.3297332 | AN73: 5.1007288 | AO73: 5.1294129 | AP73: 10.385882 | AQ73: =SUM(AE73:AP73) -> 69.921642 | AS73: 5.9188642 | AT73: 5.6279002 | AU73: 5.3843142 | AV73: 6.0623489 | AW73: 4.9648684 | AX73: 5.162468 | AY73: 6.8114535 | AZ73: 9.9173019 | BA73: 4.6778345 | BB73: 6.8378967 | BC73: 5.4348815 | BD73: 11.762506 | BE73: =SUM(AS73:BD73) -> 78.562638 | BG73: {=INDIRECT("'※ 재무_세부시트'!"&BG$1&$AD73, TRUE)} -> 4.7874434 | BH73: {=INDIRECT("'※ 재무_세부시트'!"&BH$1&$AD73, TRUE)} -> 69.921642 | BI73: {=INDIRECT("'※ 재무_세부시트'!"&BI$1&$AD73, TRUE)} -> 5.45542 | BJ73: {=INDIRECT("'※ 재무_세부시트'!"&BJ$1&$AD73, TRUE)} -> 4.9188131 | BK73: {=INDIRECT("'※ 재무_세부시트'!"&BK$1&$AD73, TRUE)} -> 4.3297332
D74: 운반비 | F74: {=INDIRECT("'※ 재무_세부시트'!"&F$1&$AD74, TRUE)} -> 43.479427 | G74: {=INDIRECT("'※ 재무_세부시트'!"&G$1&$AD74, TRUE)} -> 44.526043 | H74: {=INDIRECT("'※ 재무_세부시트'!"&H$1&$AD74, TRUE)} -> 2.9436073 | I74: {=INDIRECT("'※ 재무_세부시트'!"&I$1&$AD74, TRUE)} -> 5.7717227 | J74: {=INDIRECT("'※ 재무_세부시트'!"&J$1&$AD74, TRUE)} -> 2.428642 | K74: {=INDIRECT("'※ 재무_세부시트'!"&K$1&$AD74, TRUE)} -> 3.2458544 | L74: {=INDIRECT("'※ 재무_세부시트'!"&L$1&$AD74, TRUE)} -> 3.926159 | M74: {=INDIRECT("'※ 재무_세부시트'!"&M$1&$AD74, TRUE)} -> 3.2319974 | ... AC74: {=INDIRECT("'※ 재무_세부시트'!"&AC$1&$AD74, TRUE)} -> 2.7863976 | AD74: 73 | AE74: 3.7744306 | AF74: 4.5356723 | AG74: 3.6766426 | AH74: 3.5140494 | AI74: 3.2922387 | AJ74: 3.2212682 | AK74: 3.2527263 | AL74: 4.4197615 | AM74: 1.7097494 | AN74: 5.1977552 | AO74: 3.3494185 | AP74: 3.5357142 | AQ74: =SUM(AE74:AP74) -> 43.479427 | AS74: 5.5438491 | AT74: 5.2311106 | AU74: 4.4986421 | AV74: 4.5425316 | AW74: 4.6039668 | AX74: 4.565683 | AY74: 6.0788639 | AZ74: 4.2853378 | BA74: 4.2195237 | BB74: 6.4644892 | BC74: 4.6027238 | BD74: 3.7158774 | BE74: =SUM(AS74:BD74) -> 58.352599 | BG74: {=INDIRECT("'※ 재무_세부시트'!"&BG$1&$AD74, TRUE)} -> 3.7744306 | BH74: {=INDIRECT("'※ 재무_세부시트'!"&BH$1&$AD74, TRUE)} -> 43.479427 | BI74: {=INDIRECT("'※ 재무_세부시트'!"&BI$1&$AD74, TRUE)} -> 3.2527263 | BJ74: {=INDIRECT("'※ 재무_세부시트'!"&BJ$1&$AD74, TRUE)} -> 2.9956428 | BK74: {=INDIRECT("'※ 재무_세부시트'!"&BK$1&$AD74, TRUE)} -> 1.7097494
D75: 교육훈련비 | F75: {=INDIRECT("'※ 재무_세부시트'!"&F$1&$AD75, TRUE)} -> 8.3996376 | G75: {=INDIRECT("'※ 재무_세부시트'!"&G$1&$AD75, TRUE)} -> 9.429355 | H75: {=INDIRECT("'※ 재무_세부시트'!"&H$1&$AD75, TRUE)} -> 0.30978331 | I75: {=INDIRECT("'※ 재무_세부시트'!"&I$1&$AD75, TRUE)} -> 0.14051783 | J75: {=INDIRECT("'※ 재무_세부시트'!"&J$1&$AD75, TRUE)} -> 0.23843495 | K75: {=INDIRECT("'※ 재무_세부시트'!"&K$1&$AD75, TRUE)} -> 0.27213749 | L75: {=INDIRECT("'※ 재무_세부시트'!"&L$1&$AD75, TRUE)} -> 0.83954356 | M75: {=INDIRECT("'※ 재무_세부시트'!"&M$1&$AD75, TRUE)} -> 0.28030896 | ... AC75: {=INDIRECT("'※ 재무_세부시트'!"&AC$1&$AD75, TRUE)} -> -0.79632069 | AD75: 74 | AE75: 0.37074313 | AF75: 0.19139544 | AG75: 0.72206608 | AH75: 0.23643315 | AI75: 0.16831767 | AJ75: 0.50467615 | AK75: 1.5878095 | AL75: 0.29247974 | AM75: 1.4525455 | AN75: 0.46368649 | AO75: 1.3038084 | AP75: 1.1056763 | AQ75: =SUM(AE75:AP75) -> 8.3996376 | AS75: 0.69539077 | AT75: 0.69969061 | AU75: 0.70267383 | AV75: 0.70565705 | AW75: 0.71062354 | AX75: 0.71325677 | AY75: 0.71788993 | AZ75: 0.72518966 | BA75: 0.7294895 | BB75: 0.73642258 | BC75: 0.74072242 | BD75: 0.74633887 | BE75: =SUM(AS75:BD75) -> 8.6233455 | BG75: {=INDIRECT("'※ 재무_세부시트'!"&BG$1&$AD75, TRUE)} -> 0.37074313 | BH75: {=INDIRECT("'※ 재무_세부시트'!"&BH$1&$AD75, TRUE)} -> 8.3996376 | BI75: {=INDIRECT("'※ 재무_세부시트'!"&BI$1&$AD75, TRUE)} -> 1.5878095 | BJ75: {=INDIRECT("'※ 재무_세부시트'!"&BJ$1&$AD75, TRUE)} -> 1.7132512 | BK75: {=INDIRECT("'※ 재무_세부시트'!"&BK$1&$AD75, TRUE)} -> 1.4525455
D76: 통신비 | F76: {=INDIRECT("'※ 재무_세부시트'!"&F$1&$AD76, TRUE)} -> 8.2472214 | G76: {=INDIRECT("'※ 재무_세부시트'!"&G$1&$AD76, TRUE)} -> 8.9415149 | H76: {=INDIRECT("'※ 재무_세부시트'!"&H$1&$AD76, TRUE)} -> 0.74973583 | I76: {=INDIRECT("'※ 재무_세부시트'!"&I$1&$AD76, TRUE)} -> 0.76536135 | J76: {=INDIRECT("'※ 재무_세부시트'!"&J$1&$AD76, TRUE)} -> 0.73643846 | K76: {=INDIRECT("'※ 재무_세부시트'!"&K$1&$AD76, TRUE)} -> 0.73597349 | L76: {=INDIRECT("'※ 재무_세부시트'!"&L$1&$AD76, TRUE)} -> 0.74715329 | M76: {=INDIRECT("'※ 재무_세부시트'!"&M$1&$AD76, TRUE)} -> 0.78955468 | ... AC76: {=INDIRECT("'※ 재무_세부시트'!"&AC$1&$AD76, TRUE)} -> 0.51135917 | AD76: 75 | AE76: 0.72808867 | AF76: 0.69870352 | AG76: 0.70535838 | AH76: 0.67027695 | AI76: 0.68592184 | AJ76: 0.66882167 | AK76: 0.67242611 | AL76: 0.72176147 | AM76: 0.69012284 | AN76: 0.6752486 | AO76: 0.67115392 | AP76: 0.65933745 | AQ76: =SUM(AE76:AP76) -> 8.2472214 | AS76: 0.68037211 | AT76: 0.68457908 | AU76: 0.68749788 | AV76: 0.69041667 | AW76: 0.69527589 | AX76: 0.69785225 | AY76: 0.70238535 | AZ76: 0.70952742 | BA76: 0.71373439 | BB76: 0.72051773 | BC76: 0.72472471 | BD76: 0.73021986 | BE76: =SUM(AS76:BD76) -> 8.4371033 | BG76: {=INDIRECT("'※ 재무_세부시트'!"&BG$1&$AD76, TRUE)} -> 0.72808867 | BH76: {=INDIRECT("'※ 재무_세부시트'!"&BH$1&$AD76, TRUE)} -> 8.2472214 | BI76: {=INDIRECT("'※ 재무_세부시트'!"&BI$1&$AD76, TRUE)} -> 0.67242611 | BJ76: {=INDIRECT("'※ 재무_세부시트'!"&BJ$1&$AD76, TRUE)} -> 0.64901309 | BK76: {=INDIRECT("'※ 재무_세부시트'!"&BK$1&$AD76, TRUE)} -> 0.69012284
D77: 차량유지비 | F77: {=INDIRECT("'※ 재무_세부시트'!"&F$1&$AD77, TRUE)} -> 10.804896 | G77: {=INDIRECT("'※ 재무_세부시트'!"&G$1&$AD77, TRUE)} -> 11.64776 | H77: {=INDIRECT("'※ 재무_세부시트'!"&H$1&$AD77, TRUE)} -> 1.0541665 | I77: {=INDIRECT("'※ 재무_세부시트'!"&I$1&$AD77, TRUE)} -> 1.1232548 | J77: {=INDIRECT("'※ 재무_세부시트'!"&J$1&$AD77, TRUE)} -> 1.0805552 | K77: {=INDIRECT("'※ 재무_세부시트'!"&K$1&$AD77, TRUE)} -> 1.019034 | L77: {=INDIRECT("'※ 재무_세부시트'!"&L$1&$AD77, TRUE)} -> 1.0140567 | M77: {=INDIRECT("'※ 재무_세부시트'!"&M$1&$AD77, TRUE)} -> 0.99325541 | ... AC77: {=INDIRECT("'※ 재무_세부시트'!"&AC$1&$AD77, TRUE)} -> 1.2298715 | AD77: 76 | AE77: 0.90245945 | AF77: 0.87151295 | AG77: 0.96471897 | AH77: 0.8427524 | AI77: 0.84903396 | AJ77: 0.86525573 | AK77: 0.91178784 | AL77: 0.95754008 | AM77: 0.89888686 | AN77: 0.88429378 | AO77: 0.88864018 | AP77: 0.96801378 | AQ77: =SUM(AE77:AP77) -> 10.804896 | AS77: 0.89158844 | AT77: 0.89710144 | AU77: 0.90092635 | AV77: 0.90475126 | AW77: 0.91111898 | AX77: 0.91449516 | AY77: 0.92043552 | AZ77: 0.9297948 | BA77: 0.93530779 | BB77: 0.94419697 | BC77: 0.94970997 | BD77: 0.95691105 | BE77: =SUM(AS77:BD77) -> 11.056338 | BG77: {=INDIRECT("'※ 재무_세부시트'!"&BG$1&$AD77, TRUE)} -> 0.90245945 | BH77: {=INDIRECT("'※ 재무_세부시트'!"&BH$1&$AD77, TRUE)} -> 10.804896 | BI77: {=INDIRECT("'※ 재무_세부시트'!"&BI$1&$AD77, TRUE)} -> 0.91178784 | BJ77: {=INDIRECT("'※ 재무_세부시트'!"&BJ$1&$AD77, TRUE)} -> 0.96327996 | BK77: {=INDIRECT("'※ 재무_세부시트'!"&BK$1&$AD77, TRUE)} -> 0.89888686
D78: 기타비용 | E78: 보험료, 접대비, 여비교통비, 세금과공과 등 | F78: {=INDIRECT("'※ 재무_세부시트'!"&F$1&$AD78, TRUE)} -> 25.668721 | G78: {=INDIRECT("'※ 재무_세부시트'!"&G$1&$AD78, TRUE)} -> 39.888881 | H78: {=INDIRECT("'※ 재무_세부시트'!"&H$1&$AD78, TRUE)} -> 3.4385026 | I78: {=INDIRECT("'※ 재무_세부시트'!"&I$1&$AD78, TRUE)} -> 2.0805388 | J78: {=INDIRECT("'※ 재무_세부시트'!"&J$1&$AD78, TRUE)} -> 2.6634456 | K78: {=INDIRECT("'※ 재무_세부시트'!"&K$1&$AD78, TRUE)} -> 2.4364969 | L78: {=INDIRECT("'※ 재무_세부시트'!"&L$1&$AD78, TRUE)} -> 2.8368363 | M78: {=INDIRECT("'※ 재무_세부시트'!"&M$1&$AD78, TRUE)} -> 2.9839588 | ... AC78: {=INDIRECT("'※ 재무_세부시트'!"&AC$1&$AD78, TRUE)} -> -5.2437126 | AD78: 77 | AE78: =AE71-SUM(AE72:AE77) -> 2.2943594 | AF78: =AF71-SUM(AF72:AF77) -> 1.9158937 | AG78: =AG71-SUM(AG72:AG77) -> 1.8334729 | AH78: =AH71-SUM(AH72:AH77) -> 1.9167059 | AI78: =AI71-SUM(AI72:AI77) -> 1.7301005 | AJ78: =AJ71-SUM(AJ72:AJ77) -> 1.5544081 | AK78: =AK71-SUM(AK72:AK77) -> 2.3480861 | AL78: =AL71-SUM(AL72:AL77) -> 2.7172736 | ... AP78: =AP71-SUM(AP72:AP77) -> 3.3739771 | AQ78: =SUM(AE78:AP78) -> 25.668721 | AS78: =AS71-SUM(AS72:AS77) -> 2.2511969 | AT78: =AT71-SUM(AT72:AT77) -> 2.1480127 | AU78: =AU71-SUM(AU72:AU77) -> 1.8332899 | AV78: =AV71-SUM(AV72:AV77) -> 1.9476159 | AW78: =AW71-SUM(AW72:AW77) -> 1.9251243 | AX78: =AX71-SUM(AX72:AX77) -> 1.9210858 | AY78: =AY71-SUM(AY72:AY77) -> 1.9489349 | AZ78: =AZ71-SUM(AZ72:AZ77) -> 2.8524958 | ... BD78: =BD71-SUM(BD72:BD77) -> 2.8599519 | BE78: =SUM(AS78:BD78) -> 26.372755 | BG78: {=INDIRECT("'※ 재무_세부시트'!"&BG$1&$AD78, TRUE)} -> 2.2943594 | BH78: {=INDIRECT("'※ 재무_세부시트'!"&BH$1&$AD78, TRUE)} -> 25.668721 | BI78: {=INDIRECT("'※ 재무_세부시트'!"&BI$1&$AD78, TRUE)} -> 2.3480861 | BJ78: {=INDIRECT("'※ 재무_세부시트'!"&BJ$1&$AD78, TRUE)} -> 2.6869905 | BK78: {=INDIRECT("'※ 재무_세부시트'!"&BK$1&$AD78, TRUE)} -> 2.2166508
BG79: {=INDIRECT("'※ 재무_세부시트'!"&BG$1&$AD79, TRUE)} -> #REF! | BH79: {=INDIRECT("'※ 재무_세부시트'!"&BH$1&$AD79, TRUE)} -> #REF! | BI79: {=INDIRECT("'※ 재무_세부시트'!"&BI$1&$AD79, TRUE)} -> #REF! | BJ79: {=INDIRECT("'※ 재무_세부시트'!"&BJ$1&$AD79, TRUE)} -> #REF! | BK79: {=INDIRECT("'※ 재무_세부시트'!"&BK$1&$AD79, TRUE)} -> #REF!
A80: 영업이익 | F80: {=INDIRECT("'※ 재무_세부시트'!"&F$1&$AD80, TRUE)} -> 90.466821 | G80: {=INDIRECT("'※ 재무_세부시트'!"&G$1&$AD80, TRUE)} -> 144.68797 | H80: {=INDIRECT("'※ 재무_세부시트'!"&H$1&$AD80, TRUE)} -> -3.9623293 | I80: {=INDIRECT("'※ 재무_세부시트'!"&I$1&$AD80, TRUE)} -> 46.642254 | J80: {=INDIRECT("'※ 재무_세부시트'!"&J$1&$AD80, TRUE)} -> 20.152693 | K80: {=INDIRECT("'※ 재무_세부시트'!"&K$1&$AD80, TRUE)} -> 24.687534 | L80: {=INDIRECT("'※ 재무_세부시트'!"&L$1&$AD80, TRUE)} -> 34.214966 | M80: {=INDIRECT("'※ 재무_세부시트'!"&M$1&$AD80, TRUE)} -> 25.011958 | ... U80: {=INDIRECT("'※ 재무_세부시트'!"&U$1&$AD80, TRUE)} -> -21.863472 | V80: - | W80: {=INDIRECT("'※ 재무_세부시트'!"&W$1&$AD80, TRUE)} -> -13.61559 | X80: {=INDIRECT("'※ 재무_세부시트'!"&X$1&$AD80, TRUE)} -> -13.309081 | Y80: {=INDIRECT("'※ 재무_세부시트'!"&Y$1&$AD80, TRUE)} -> 0 | Z80: {=INDIRECT("'※ 재무_세부시트'!"&Z$1&$AD80, TRUE)} -> 163.43133 | AA80: {=INDIRECT("'※ 재무_세부시트'!"&AA$1&$AD80, TRUE)} -> 163.43133 | AB80: {=INDIRECT("'※ 재무_세부시트'!"&AB$1&$AD80, TRUE)} -> 0 | AC80: {=INDIRECT("'※ 재무_세부시트'!"&AC$1&$AD80, TRUE)} -> 18.743361 | AD80: 79 | AE80: =AE6-AE8-AE56 -> 2.6141413 | AF80: =AF6-AF8-AF56 -> 12.372899 | AG80: =AG6-AG8-AG56 -> 11.354915 | AH80: =AH6-AH8-AH56 -> 10.36398 | AI80: =AI6-AI8-AI56 -> 16.504988 | AJ80: =AJ6-AJ8-AJ56 -> 13.311009 | AK80: =AK6-AK8-AK56 -> 7.8640987 | AL80: =AL6-AL8-AL56 -> 34.939481 | ... AP80: =AP6-AP8-AP56 -> -14.958755 | AQ80: =SUM(AE80:AP80) -> 90.466821 | AS80: =AS6-AS8-AS56 -> 12.764681 | AT80: =AT6-AT8-AT56 -> 11.356007 | AU80: =AU6-AU8-AU56 -> 11.747844 | AV80: =AV6-AV8-AV56 -> 10.82263 | AW80: =AW6-AW8-AW56 -> 21.683382 | AX80: =AX6-AX8-AX56 -> 15.863235 | AY80: =AY6-AY8-AY56 -> 23.778016 | AZ80: =AZ6-AZ8-AZ56 -> 12.494705 | ... BD80: =BD6-BD8-BD56 -> 5.1364446 | BE80: =SUM(AS80:BD80) -> 150.24689 | BG80: {=INDIRECT("'※ 재무_세부시트'!"&BG$1&$AD80, TRUE)} -> 2.6141413 | BH80: {=INDIRECT("'※ 재무_세부시트'!"&BH$1&$AD80, TRUE)} -> 90.466821 | BI80: {=INDIRECT("'※ 재무_세부시트'!"&BI$1&$AD80, TRUE)} -> 7.8640987 | BJ80: {=INDIRECT("'※ 재무_세부시트'!"&BJ$1&$AD80, TRUE)} -> 0.99110638 | BK80: {=INDIRECT("'※ 재무_세부시트'!"&BK$1&$AD80, TRUE)} -> 2.1125077
B81: 소매 | F81: {=INDIRECT("'※ 재무_세부시트'!"&F$1&$AD81, TRUE)} -> 64.54471 | G81: {=INDIRECT("'※ 재무_세부시트'!"&G$1&$AD81, TRUE)} -> 23.882875 | H81: {=INDIRECT("'※ 재무_세부시트'!"&H$1&$AD81, TRUE)} -> -18.295067 | I81: {=INDIRECT("'※ 재무_세부시트'!"&I$1&$AD81, TRUE)} -> 34.361785 | J81: {=INDIRECT("'※ 재무_세부시트'!"&J$1&$AD81, TRUE)} -> 11.391866 | K81: {=INDIRECT("'※ 재무_세부시트'!"&K$1&$AD81, TRUE)} -> 16.529727 | L81: {=INDIRECT("'※ 재무_세부시트'!"&L$1&$AD81, TRUE)} -> 36.827466 | M81: {=INDIRECT("'※ 재무_세부시트'!"&M$1&$AD81, TRUE)} -> -2.2899242 | ... S81: {=INDIRECT("'※ 재무_세부시트'!"&S$1&$AD81, TRUE)} -> -17.58766 | W81: {=INDIRECT("'※ 재무_세부시트'!"&W$1&$AD81, TRUE)} -> -1.7413981 | X81: {=INDIRECT("'※ 재무_세부시트'!"&X$1&$AD81, TRUE)} -> -9.5527197 | Y81: {=INDIRECT("'※ 재무_세부시트'!"&Y$1&$AD81, TRUE)} -> 0 | Z81: {=INDIRECT("'※ 재무_세부시트'!"&Z$1&$AD81, TRUE)} -> 49.526348 | AC81: {=INDIRECT("'※ 재무_세부시트'!"&AC$1&$AD81, TRUE)} -> 25.643473 | AD81: 80 | AE81: =AE109 -> -2.4865972 | AF81: =AF109 -> 16.863874 | AG81: =AG109 -> 8.7412196 | AH81: =AH109 -> 3.6377682 | AI81: =AI109 -> 15.464197 | AJ81: =AJ109 -> 13.677927 | AK81: =AK109 -> -4.1613885 | AL81: =AL109 -> 46.003315 | ... AP81: =AP109 -> -6.8309034 | AQ81: =SUM(AE81:AP81) -> 64.54471 | BG81: {=INDIRECT("'※ 재무_세부시트'!"&BG$1&$AD81, TRUE)} -> -2.4865972 | BH81: {=INDIRECT("'※ 재무_세부시트'!"&BH$1&$AD81, TRUE)} -> 64.54471 | BI81: {=INDIRECT("'※ 재무_세부시트'!"&BI$1&$AD81, TRUE)} -> -4.1613885 | BJ81: {=INDIRECT("'※ 재무_세부시트'!"&BJ$1&$AD81, TRUE)} -> -5.3074165 | BK81: {=INDIRECT("'※ 재무_세부시트'!"&BK$1&$AD81, TRUE)} -> -14.53294
B82: 도매 | F82: {=INDIRECT("'※ 재무_세부시트'!"&F$1&$AD82, TRUE)} -> 13.472949 | G82: {=INDIRECT("'※ 재무_세부시트'!"&G$1&$AD82, TRUE)} -> 48.936894 | H82: {=INDIRECT("'※ 재무_세부시트'!"&H$1&$AD82, TRUE)} -> 10.400606 | I82: {=INDIRECT("'※ 재무_세부시트'!"&I$1&$AD82, TRUE)} -> -1.2839533 | J82: {=INDIRECT("'※ 재무_세부시트'!"&J$1&$AD82, TRUE)} -> 5.7066023 | K82: {=INDIRECT("'※ 재무_세부시트'!"&K$1&$AD82, TRUE)} -> 5.5789361 | L82: {=INDIRECT("'※ 재무_세부시트'!"&L$1&$AD82, TRUE)} -> 0.039745496 | M82: {=INDIRECT("'※ 재무_세부시트'!"&M$1&$AD82, TRUE)} -> 11.117806 | ... S82: {=INDIRECT("'※ 재무_세부시트'!"&S$1&$AD82, TRUE)} -> 3.6545042 | W82: {=INDIRECT("'※ 재무_세부시트'!"&W$1&$AD82, TRUE)} -> 9.0118429 | X82: {=INDIRECT("'※ 재무_세부시트'!"&X$1&$AD82, TRUE)} -> 1.7145784 | Y82: {=INDIRECT("'※ 재무_세부시트'!"&Y$1&$AD82, TRUE)} -> 0 | Z82: {=INDIRECT("'※ 재무_세부시트'!"&Z$1&$AD82, TRUE)} -> 29.162333 | AC82: {=INDIRECT("'※ 재무_세부시트'!"&AC$1&$AD82, TRUE)} -> -19.774561 | AD82: 81 | AE82: =AE127 -> 3.3495095 | AF82: =AF127 -> -3.532889 | AG82: =AG127 -> -1.5637828 | AH82: =AH127 -> 6.0888673 | AI82: =AI127 -> 2.1924339 | AJ82: =AJ127 -> -2.5313823 | AK82: =AK127 -> 10.05543 | AL82: =AL127 -> -9.7221005 | ... AP82: =AP127 -> -5.410243 | AQ82: =SUM(AE82:AP82) -> 13.472949 | BG82: {=INDIRECT("'※ 재무_세부시트'!"&BG$1&$AD82, TRUE)} -> 3.3495095 | BH82: {=INDIRECT("'※ 재무_세부시트'!"&BH$1&$AD82, TRUE)} -> 13.472949 | BI82: {=INDIRECT("'※ 재무_세부시트'!"&BI$1&$AD82, TRUE)} -> 10.05543 | BJ82: {=INDIRECT("'※ 재무_세부시트'!"&BJ$1&$AD82, TRUE)} -> -6.0562523 | BK82: {=INDIRECT("'※ 재무_세부시트'!"&BK$1&$AD82, TRUE)} -> 12.886122
B83: 디지털 | F83: {=INDIRECT("'※ 재무_세부시트'!"&F$1&$AD83, TRUE)} -> 11.982974 | G83: {=INDIRECT("'※ 재무_세부시트'!"&G$1&$AD83, TRUE)} -> 29.829429 | H83: {=INDIRECT("'※ 재무_세부시트'!"&H$1&$AD83, TRUE)} -> 5.1919827 | I83: {=INDIRECT("'※ 재무_세부시트'!"&I$1&$AD83, TRUE)} -> -1.3236918 | J83: {=INDIRECT("'※ 재무_세부시트'!"&J$1&$AD83, TRUE)} -> 1.5846612 | K83: {=INDIRECT("'※ 재무_세부시트'!"&K$1&$AD83, TRUE)} -> 1.8888801 | L83: {=INDIRECT("'※ 재무_세부시트'!"&L$1&$AD83, TRUE)} -> 0.22504438 | M83: {=INDIRECT("'※ 재무_세부시트'!"&M$1&$AD83, TRUE)} -> 6.2201614 | ... S83: {=INDIRECT("'※ 재무_세부시트'!"&S$1&$AD83, TRUE)} -> 14.545816 | W83: {=INDIRECT("'※ 재무_세부시트'!"&W$1&$AD83, TRUE)} -> 8.9961838 | X83: {=INDIRECT("'※ 재무_세부시트'!"&X$1&$AD83, TRUE)} -> 12.248374 | Y83: {=INDIRECT("'※ 재무_세부시트'!"&Y$1&$AD83, TRUE)} -> 0 | Z83: {=INDIRECT("'※ 재무_세부시트'!"&Z$1&$AD83, TRUE)} -> 67.527457 | AC83: {=INDIRECT("'※ 재무_세부시트'!"&AC$1&$AD83, TRUE)} -> 37.698028 | AD83: 82 | AE83: =AE145 -> 0.78469619 | AF83: =AF145 -> -1.2221505 | AG83: =AG145 -> 3.403918 | AH83: =AH145 -> 0.27353711 | AI83: =AI145 -> 0.055556863 | AJ83: =AJ145 -> 2.6270556 | AK83: =AK145 -> 1.2862984 | AL83: =AL145 -> 0.057314308 | ... AP83: =AP145 -> -1.6844152 | AQ83: =SUM(AE83:AP83) -> 11.982974 | BG83: {=INDIRECT("'※ 재무_세부시트'!"&BG$1&$AD83, TRUE)} -> 0.78469619 | BH83: {=INDIRECT("'※ 재무_세부시트'!"&BH$1&$AD83, TRUE)} -> 11.982974 | BI83: {=INDIRECT("'※ 재무_세부시트'!"&BI$1&$AD83, TRUE)} -> 1.2862984 | BJ83: {=INDIRECT("'※ 재무_세부시트'!"&BJ$1&$AD83, TRUE)} -> 1.8080794 | BK83: {=INDIRECT("'※ 재무_세부시트'!"&BK$1&$AD83, TRUE)} -> 3.9924241
B84: 소상공인 | F84: {=INDIRECT("'※ 재무_세부시트'!"&F$1&$AD84, TRUE)} -> 0 | G84: {=INDIRECT("'※ 재무_세부시트'!"&G$1&$AD84, TRUE)} -> 0 | H84: {=INDIRECT("'※ 재무_세부시트'!"&H$1&$AD84, TRUE)} -> -4.1804479 | I84: {=INDIRECT("'※ 재무_세부시트'!"&I$1&$AD84, TRUE)} -> -1.6603435 | J84: {=INDIRECT("'※ 재무_세부시트'!"&J$1&$AD84, TRUE)} -> -3.0069197 | K84: {=INDIRECT("'※ 재무_세부시트'!"&K$1&$AD84, TRUE)} -> -5.7874243 | L84: {=INDIRECT("'※ 재무_세부시트'!"&L$1&$AD84, TRUE)} -> -5.7833197 | M84: {=INDIRECT("'※ 재무_세부시트'!"&M$1&$AD84, TRUE)} -> -2.630974 | ... S84: {=INDIRECT("'※ 재무_세부시트'!"&S$1&$AD84, TRUE)} -> -6.7900874 | W84: {=INDIRECT("'※ 재무_세부시트'!"&W$1&$AD84, TRUE)} -> -2.675167 | X84: {=INDIRECT("'※ 재무_세부시트'!"&X$1&$AD84, TRUE)} -> -6.7900874 | Y84: {=INDIRECT("'※ 재무_세부시트'!"&Y$1&$AD84, TRUE)} -> 0 | Z84: {=INDIRECT("'※ 재무_세부시트'!"&Z$1&$AD84, TRUE)} -> -48.095126 | AC84: {=INDIRECT("'※ 재무_세부시트'!"&AC$1&$AD84, TRUE)} -> -48.095126 | AD84: 83 | AE84: -0.50042886 | AF84: 0.58803198 | AG84: 1.3153894 | AH84: -0.71945751 | AI84: -1.4943841 | AJ84: -0.43501725 | AK84: -0.78456115 | AL84: -0.79430586 | AM84: -0.65548754 | AN84: -0.60096164 | AO84: -0.58683821 | AP84: -5.2587884 | AQ84: -9.926809 | BG84: {=INDIRECT("'※ 재무_세부시트'!"&BG$1&$AD84, TRUE)} -> 0 | BH84: {=INDIRECT("'※ 재무_세부시트'!"&BH$1&$AD84, TRUE)} -> 0 | BI84: {=INDIRECT("'※ 재무_세부시트'!"&BI$1&$AD84, TRUE)} -> 0 | BJ84: {=INDIRECT("'※ 재무_세부시트'!"&BJ$1&$AD84, TRUE)} -> 0 | BK84: {=INDIRECT("'※ 재무_세부시트'!"&BK$1&$AD84, TRUE)} -> 0
B85: 법인영업 | F85: {=INDIRECT("'※ 재무_세부시트'!"&F$1&$AD85, TRUE)} -> -9.926809 | G85: {=INDIRECT("'※ 재무_세부시트'!"&G$1&$AD85, TRUE)} -> 13.572572 | H85: {=INDIRECT("'※ 재무_세부시트'!"&H$1&$AD85, TRUE)} -> 0.17031231 | I85: {=INDIRECT("'※ 재무_세부시트'!"&I$1&$AD85, TRUE)} -> 2.185862 | J85: {=INDIRECT("'※ 재무_세부시트'!"&J$1&$AD85, TRUE)} -> 3.212706 | K85: {=INDIRECT("'※ 재무_세부시트'!"&K$1&$AD85, TRUE)} -> 0.54020239 | L85: {=INDIRECT("'※ 재무_세부시트'!"&L$1&$AD85, TRUE)} -> 1.228231 | M85: {=INDIRECT("'※ 재무_세부시트'!"&M$1&$AD85, TRUE)} -> 4.4776778 | ... S85: {=INDIRECT("'※ 재무_세부시트'!"&S$1&$AD85, TRUE)} -> -7.1086105 | W85: {=INDIRECT("'※ 재무_세부시트'!"&W$1&$AD85, TRUE)} -> -6.9786617 | X85: {=INDIRECT("'※ 재무_세부시트'!"&X$1&$AD85, TRUE)} -> -1.996139 | Y85: {=INDIRECT("'※ 재무_세부시트'!"&Y$1&$AD85, TRUE)} -> 0 | Z85: {=INDIRECT("'※ 재무_세부시트'!"&Z$1&$AD85, TRUE)} -> 4.7332782 | AC85: {=INDIRECT("'※ 재무_세부시트'!"&AC$1&$AD85, TRUE)} -> -8.839294 | AD85: 84
B86: (Biz) | F86: {=INDIRECT("'※ 재무_세부시트'!"&F$1&$AD86, TRUE)} -> 2.0866623 | G86: {=INDIRECT("'※ 재무_세부시트'!"&G$1&$AD86, TRUE)} -> 0 | AD86: 85 | BG86: {=INDIRECT("'※ 재무_세부시트'!"&BG$1&$AD86, TRUE)} -> -0.50042886 | BH86: {=INDIRECT("'※ 재무_세부시트'!"&BH$1&$AD86, TRUE)} -> 2.0866623 | BI86: {=INDIRECT("'※ 재무_세부시트'!"&BI$1&$AD86, TRUE)} -> 0.77781078 | BJ86: {=INDIRECT("'※ 재무_세부시트'!"&BJ$1&$AD86, TRUE)} -> 0.33479954 | BK86: {=INDIRECT("'※ 재무_세부시트'!"&BK$1&$AD86, TRUE)} -> 0.80333566
B87: (법인유통영업) | F87: {=INDIRECT("'※ 재무_세부시트'!"&F$1&$AD87, TRUE)} -> -12.013471 | G87: {=INDIRECT("'※ 재무_세부시트'!"&G$1&$AD87, TRUE)} -> 0 | AD87: 86 | BG87: {=INDIRECT("'※ 재무_세부시트'!"&BG$1&$AD87, TRUE)} -> 0 | BH87: {=INDIRECT("'※ 재무_세부시트'!"&BH$1&$AD87, TRUE)} -> -12.013471 | BI87: {=INDIRECT("'※ 재무_세부시트'!"&BI$1&$AD87, TRUE)} -> -1.5623719 | BJ87: {=INDIRECT("'※ 재무_세부시트'!"&BJ$1&$AD87, TRUE)} -> 9.4841626 | BK87: {=INDIRECT("'※ 재무_세부시트'!"&BK$1&$AD87, TRUE)} -> -1.4588232
B88: 기업영업 | F88: {=INDIRECT("'※ 재무_세부시트'!"&F$1&$AD88, TRUE)} -> 12.532193 | G88: {=INDIRECT("'※ 재무_세부시트'!"&G$1&$AD88, TRUE)} -> 13.397752 | H88: {=INDIRECT("'※ 재무_세부시트'!"&H$1&$AD88, TRUE)} -> 1.6118927 | I88: {=INDIRECT("'※ 재무_세부시트'!"&I$1&$AD88, TRUE)} -> 0.52615387 | J88: {=INDIRECT("'※ 재무_세부시트'!"&J$1&$AD88, TRUE)} -> 1.2262211 | K88: {=INDIRECT("'※ 재무_세부시트'!"&K$1&$AD88, TRUE)} -> 1.3594008 | L88: {=INDIRECT("'※ 재무_세부시트'!"&L$1&$AD88, TRUE)} -> 0.42258055 | M88: {=INDIRECT("'※ 재무_세부시트'!"&M$1&$AD88, TRUE)} -> 2.1567024 | ... S88: {=INDIRECT("'※ 재무_세부시트'!"&S$1&$AD88, TRUE)} -> -1.9792892 | W88: {=INDIRECT("'※ 재무_세부시트'!"&W$1&$AD88, TRUE)} -> -2.5861711 | X88: {=INDIRECT("'※ 재무_세부시트'!"&X$1&$AD88, TRUE)} -> -1.7432898 | Y88: {=INDIRECT("'※ 재무_세부시트'!"&Y$1&$AD88, TRUE)} -> 0 | Z88: {=INDIRECT("'※ 재무_세부시트'!"&Z$1&$AD88, TRUE)} -> 10.060024 | AC88: {=INDIRECT("'※ 재무_세부시트'!"&AC$1&$AD88, TRUE)} -> -3.3377276 | AD88: 87 | AE88: 1.1317753 | AF88: 1.54386 | AG88: 1.4668979 | AH88: 1.1981207 | AI88: 0.5936898 | AJ88: 2.2973029 | AK88: 2.2632803 | AL88: 1.1796389 | AM88: 2.3341196 | AN88: 1.9997475 | AO88: 1.6143223 | AP88: -3.0039001 | AQ88: =SUM(AE88:AP88) -> 14.618855 | BG88: {=INDIRECT("'※ 재무_세부시트'!"&BG$1&$AD88, TRUE)} -> 1.6322042 | BH88: {=INDIRECT("'※ 재무_세부시트'!"&BH$1&$AD88, TRUE)} -> 12.532193 | BI88: {=INDIRECT("'※ 재무_세부시트'!"&BI$1&$AD88, TRUE)} -> 1.4854695 | BJ88: {=INDIRECT("'※ 재무_세부시트'!"&BJ$1&$AD88, TRUE)} -> 1.2287173 | BK88: {=INDIRECT("'※ 재무_세부시트'!"&BK$1&$AD88, TRUE)} -> 1.5307839
B89: 유통플랫폼사업 | F89: {=INDIRECT("'※ 재무_세부시트'!"&F$1&$AD89, TRUE)} -> 10.14998 | G89: {=INDIRECT("'※ 재무_세부시트'!"&G$1&$AD89, TRUE)} -> 14.947914 | H89: {=INDIRECT("'※ 재무_세부시트'!"&H$1&$AD89, TRUE)} -> 1.1190297 | I89: {=INDIRECT("'※ 재무_세부시트'!"&I$1&$AD89, TRUE)} -> 13.838715 | J89: {=INDIRECT("'※ 재무_세부시트'!"&J$1&$AD89, TRUE)} -> 0.039969178 | K89: {=INDIRECT("'※ 재무_세부시트'!"&K$1&$AD89, TRUE)} -> 4.5778122 | L89: {=INDIRECT("'※ 재무_세부시트'!"&L$1&$AD89, TRUE)} -> 1.2549278 | M89: {=INDIRECT("'※ 재무_세부시트'!"&M$1&$AD89, TRUE)} -> 5.9605089 | ... S89: {=INDIRECT("'※ 재무_세부시트'!"&S$1&$AD89, TRUE)} -> -6.5981449 | W89: {=INDIRECT("'※ 재무_세부시트'!"&W$1&$AD89, TRUE)} -> -17.642219 | X89: {=INDIRECT("'※ 재무_세부시트'!"&X$1&$AD89, TRUE)} -> -7.1897982 | Y89: {=INDIRECT("'※ 재무_세부시트'!"&Y$1&$AD89, TRUE)} -> 0 | Z89: {=INDIRECT("'※ 재무_세부시트'!"&Z$1&$AD89, TRUE)} -> 50.502054 | AC89: {=INDIRECT("'※ 재무_세부시트'!"&AC$1&$AD89, TRUE)} -> 35.55414 | AD89: 88 | AE89: 0 | AF89: 0 | AG89: 0.54 | AH89: -0.51873956 | AI89: -1.2547113 | AJ89: -1.3226743 | AK89: -1.5623719 | AL89: -1.2183621 | AM89: -1.4588232 | AN89: -1.3293163 | AO89: -1.4191172 | AP89: -2.4693554 | AQ89: =SUM(AE89:AP89) -> -12.013471 | BG89: {=INDIRECT("'※ 재무_세부시트'!"&BG$1&$AD89, TRUE)} -> -0.0078744 | BH89: {=INDIRECT("'※ 재무_세부시트'!"&BH$1&$AD89, TRUE)} -> 10.14998 | BI89: {=INDIRECT("'※ 재무_세부시트'!"&BI$1&$AD89, TRUE)} -> -0.02022151 | BJ89: {=INDIRECT("'※ 재무_세부시트'!"&BJ$1&$AD89, TRUE)} -> -0.50098366 | BK89: {=INDIRECT("'※ 재무_세부시트'!"&BK$1&$AD89, TRUE)} -> 1.7040871
B90: 기타 | E90: 대형마트, KTAC 등 | F90: {=INDIRECT("'※ 재무_세부시트'!"&F$1&$AD90, TRUE)} -> -12.289176 | G90: {=INDIRECT("'※ 재무_세부시트'!"&G$1&$AD90, TRUE)} -> 0.12053645 | H90: {=INDIRECT("'※ 재무_세부시트'!"&H$1&$AD90, TRUE)} -> 0.019362412 | I90: {=INDIRECT("'※ 재무_세부시트'!"&I$1&$AD90, TRUE)} -> -0.00227413 | J90: {=INDIRECT("'※ 재무_세부시트'!"&J$1&$AD90, TRUE)} -> -0.00241334 | K90: {=INDIRECT("'※ 재무_세부시트'!"&K$1&$AD90, TRUE)} -> -1.4477308e-13 | L90: {=INDIRECT("'※ 재무_세부시트'!"&L$1&$AD90, TRUE)} -> 0.000290908 | M90: {=INDIRECT("'※ 재무_세부시트'!"&M$1&$AD90, TRUE)} -> 1.7941204e-13 | ... S90: {=INDIRECT("'※ 재무_세부시트'!"&S$1&$AD90, TRUE)} -> 2.9309888e-14 | W90: {=INDIRECT("'※ 재무_세부시트'!"&W$1&$AD90, TRUE)} -> 3.7303494e-14 | X90: {=INDIRECT("'※ 재무_세부시트'!"&X$1&$AD90, TRUE)} -> 5.1403326e-14 | Y90: {=INDIRECT("'※ 재무_세부시트'!"&Y$1&$AD90, TRUE)} -> 0 | Z90: {=INDIRECT("'※ 재무_세부시트'!"&Z$1&$AD90, TRUE)} -> 0.01496585 | AC90: {=INDIRECT("'※ 재무_세부시트'!"&AC$1&$AD90, TRUE)} -> -0.1055706 | AD90: 89 | AE90: -0.0078744 | AF90: 0.67440203 | AG90: 0.30067866 | AH90: 0.92769116 | AI90: 2.2985116 | AJ90: -0.61010631 | AK90: -0.02022151 | AL90: 1.5198015 | AM90: 1.7040871 | AN90: 3.2864708 | AO90: -3.6726142 | AP90: 3.7491537 | AQ90: =SUM(AE90:AP90) -> 10.14998 | BG90: {=INDIRECT("'※ 재무_세부시트'!"&BG$1&$AD90, TRUE)} -> -0.1573681 | BH90: {=INDIRECT("'※ 재무_세부시트'!"&BH$1&$AD90, TRUE)} -> -12.289176 | BI90: {=INDIRECT("'※ 재무_세부시트'!"&BI$1&$AD90, TRUE)} -> 0.0030722904 | BJ90: {=INDIRECT("'※ 재무_세부시트'!"&BJ$1&$AD90, TRUE)} -> 2.4757973e-14 | BK90: {=INDIRECT("'※ 재무_세부시트'!"&BK$1&$AD90, TRUE)} -> -2.8124818
BG91: {=INDIRECT("'※ 재무_세부시트'!"&BG$1&$AD91, TRUE)} -> #REF! | BH91: {=INDIRECT("'※ 재무_세부시트'!"&BH$1&$AD91, TRUE)} -> #REF! | BI91: {=INDIRECT("'※ 재무_세부시트'!"&BI$1&$AD91, TRUE)} -> #REF! | BJ91: {=INDIRECT("'※ 재무_세부시트'!"&BJ$1&$AD91, TRUE)} -> #REF! | BK91: {=INDIRECT("'※ 재무_세부시트'!"&BK$1&$AD91, TRUE)} -> #REF!
B92: 소매 | C92: 정책이익 | F92: {=INDIRECT("'※ 재무_세부시트'!"&F$1&$AD92, TRUE)} -> 543.05925 | G92: {=INDIRECT("'※ 재무_세부시트'!"&G$1&$AD92, TRUE)} -> 515.78017 | H92: {=INDIRECT("'※ 재무_세부시트'!"&H$1&$AD92, TRUE)} -> 24.067239 | I92: {=INDIRECT("'※ 재무_세부시트'!"&I$1&$AD92, TRUE)} -> 68.053799 | J92: {=INDIRECT("'※ 재무_세부시트'!"&J$1&$AD92, TRUE)} -> 42.949809 | K92: {=INDIRECT("'※ 재무_세부시트'!"&K$1&$AD92, TRUE)} -> 50.045992 | L92: {=INDIRECT("'※ 재무_세부시트'!"&L$1&$AD92, TRUE)} -> 69.606733 | M92: {=INDIRECT("'※ 재무_세부시트'!"&M$1&$AD92, TRUE)} -> 35.762452 | ... S92: {=INDIRECT("'※ 재무_세부시트'!"&S$1&$AD92, TRUE)} -> 35.349548 | W92: {=INDIRECT("'※ 재무_세부시트'!"&W$1&$AD92, TRUE)} -> 3.2368178 | X92: {=INDIRECT("'※ 재무_세부시트'!"&X$1&$AD92, TRUE)} -> 4.1436388 | Y92: {=INDIRECT("'※ 재무_세부시트'!"&Y$1&$AD92, TRUE)} -> 0 | Z92: {=INDIRECT("'※ 재무_세부시트'!"&Z$1&$AD92, TRUE)} -> 550.71777 | AC92: {=INDIRECT("'※ 재무_세부시트'!"&AC$1&$AD92, TRUE)} -> 34.937604 | AD92: 91 | AE92: =AE93-AE94 -> 35.996788 | AF92: =AF93-AF94 -> 50.369667 | AG92: =AG93-AG94 -> 49.41363 | AH92: =AH93-AH94 -> 48.200247 | AI92: =AI93-AI94 -> 49.260026 | AJ92: =AJ93-AJ94 -> 49.793822 | AK92: =AK93-AK94 -> 41.980612 | AL92: =AL93-AL94 -> 68.768329 | ... AP92: =AP93-AP94 -> 29.687055 | AQ92: =SUM(AE92:AP92) -> 543.05925 | BG92: {=INDIRECT("'※ 재무_세부시트'!"&BG$1&$AD92, TRUE)} -> 35.996788 | BH92: {=INDIRECT("'※ 재무_세부시트'!"&BH$1&$AD92, TRUE)} -> 543.05925 | BI92: {=INDIRECT("'※ 재무_세부시트'!"&BI$1&$AD92, TRUE)} -> 41.980612 | BJ92: {=INDIRECT("'※ 재무_세부시트'!"&BJ$1&$AD92, TRUE)} -> 35.963379 | BK92: {=INDIRECT("'※ 재무_세부시트'!"&BK$1&$AD92, TRUE)} -> 26.686068
D93: 정책수수료 | F93: {=INDIRECT("'※ 재무_세부시트'!"&F$1&$AD93, TRUE)} -> 983.66137 | G93: {=INDIRECT("'※ 재무_세부시트'!"&G$1&$AD93, TRUE)} -> 1062.1937 | H93: {=INDIRECT("'※ 재무_세부시트'!"&H$1&$AD93, TRUE)} -> 49.550632 | I93: {=INDIRECT("'※ 재무_세부시트'!"&I$1&$AD93, TRUE)} -> 143.21312 | J93: {=INDIRECT("'※ 재무_세부시트'!"&J$1&$AD93, TRUE)} -> 82.077539 | K93: {=INDIRECT("'※ 재무_세부시트'!"&K$1&$AD93, TRUE)} -> 93.319228 | L93: {=INDIRECT("'※ 재무_세부시트'!"&L$1&$AD93, TRUE)} -> 120.71904 | M93: {=INDIRECT("'※ 재무_세부시트'!"&M$1&$AD93, TRUE)} -> 87.744517 | ... S93: {=INDIRECT("'※ 재무_세부시트'!"&S$1&$AD93, TRUE)} -> 63.352057 | W93: {=INDIRECT("'※ 재무_세부시트'!"&W$1&$AD93, TRUE)} -> -2.8737742 | X93: {=INDIRECT("'※ 재무_세부시트'!"&X$1&$AD93, TRUE)} -> -1.3613092 | Y93: {=INDIRECT("'※ 재무_세부시트'!"&Y$1&$AD93, TRUE)} -> 0 | Z93: {=INDIRECT("'※ 재무_세부시트'!"&Z$1&$AD93, TRUE)} -> 1154.3024 | AC93: {=INDIRECT("'※ 재무_세부시트'!"&AC$1&$AD93, TRUE)} -> 92.108679 | AD93: 92 | AE93: 65.196455 | AF93: 101.14363 | AG93: 83.760335 | AH93: 86.435155 | AI93: 88.062806 | AJ93: 86.666751 | AK93: 68.686928 | AL93: 136.5872 | AM93: 53.766598 | AN93: 99.132962 | AO93: 63.846133 | AP93: 50.376419 | AQ93: =SUM(AE93:AP93) -> 983.66137 | BG93: {=INDIRECT("'※ 재무_세부시트'!"&BG$1&$AD93, TRUE)} -> 65.196455 | BH93: {=INDIRECT("'※ 재무_세부시트'!"&BH$1&$AD93, TRUE)} -> 983.66137 | BI93: {=INDIRECT("'※ 재무_세부시트'!"&BI$1&$AD93, TRUE)} -> 68.686928 | BJ93: {=INDIRECT("'※ 재무_세부시트'!"&BJ$1&$AD93, TRUE)} -> 74.807018 | BK93: {=INDIRECT("'※ 재무_세부시트'!"&BK$1&$AD93, TRUE)} -> 53.766598
D94: 정책비용계 | F94: {=INDIRECT("'※ 재무_세부시트'!"&F$1&$AD94, TRUE)} -> 440.60212 | G94: {=INDIRECT("'※ 재무_세부시트'!"&G$1&$AD94, TRUE)} -> 546.41355 | H94: {=INDIRECT("'※ 재무_세부시트'!"&H$1&$AD94, TRUE)} -> 25.483393 | I94: {=INDIRECT("'※ 재무_세부시트'!"&I$1&$AD94, TRUE)} -> 75.159321 | J94: {=INDIRECT("'※ 재무_세부시트'!"&J$1&$AD94, TRUE)} -> 39.12773 | K94: {=INDIRECT("'※ 재무_세부시트'!"&K$1&$AD94, TRUE)} -> 43.273236 | L94: {=INDIRECT("'※ 재무_세부시트'!"&L$1&$AD94, TRUE)} -> 51.112304 | M94: {=INDIRECT("'※ 재무_세부시트'!"&M$1&$AD94, TRUE)} -> 51.982065 | ... S94: {=INDIRECT("'※ 재무_세부시트'!"&S$1&$AD94, TRUE)} -> 28.00251 | W94: {=INDIRECT("'※ 재무_세부시트'!"&W$1&$AD94, TRUE)} -> -6.110592 | X94: {=INDIRECT("'※ 재무_세부시트'!"&X$1&$AD94, TRUE)} -> -5.504948 | Y94: {=INDIRECT("'※ 재무_세부시트'!"&Y$1&$AD94, TRUE)} -> 0 | Z94: {=INDIRECT("'※ 재무_세부시트'!"&Z$1&$AD94, TRUE)} -> 603.58462 | AC94: {=INDIRECT("'※ 재무_세부시트'!"&AC$1&$AD94, TRUE)} -> 57.171075 | AD94: 93 | AE94: =AE95+AE96+AE97+AE98 -> 29.199666 | AF94: =AF95+AF96+AF97+AF98 -> 50.773965 | AG94: =AG95+AG96+AG97+AG98 -> 34.346705 | AH94: =AH95+AH96+AH97+AH98 -> 38.234908 | AI94: =AI95+AI96+AI97+AI98 -> 38.80278 | AJ94: =AJ95+AJ96+AJ97+AJ98 -> 36.872929 | AK94: =AK95+AK96+AK97+AK98 -> 26.706316 | AL94: =AL95+AL96+AL97+AL98 -> 67.818869 | ... AP94: =AP95+AP96+AP97+AP98 -> 20.689364 | AQ94: =SUM(AE94:AP94) -> 440.60212 | BG94: {=INDIRECT("'※ 재무_세부시트'!"&BG$1&$AD94, TRUE)} -> 29.199666 | BH94: {=INDIRECT("'※ 재무_세부시트'!"&BH$1&$AD94, TRUE)} -> 440.60212 | BI94: {=INDIRECT("'※ 재무_세부시트'!"&BI$1&$AD94, TRUE)} -> 26.706316 | BJ94: {=INDIRECT("'※ 재무_세부시트'!"&BJ$1&$AD94, TRUE)} -> 38.84364 | BK94: {=INDIRECT("'※ 재무_세부시트'!"&BK$1&$AD94, TRUE)} -> 27.08053
D95: 판촉비 | F95: {=INDIRECT("'※ 재무_세부시트'!"&F$1&$AD95, TRUE)} -> 114.27694 | G95: {=INDIRECT("'※ 재무_세부시트'!"&G$1&$AD95, TRUE)} -> 167.37978 | H95: {=INDIRECT("'※ 재무_세부시트'!"&H$1&$AD95, TRUE)} -> 7.9104645 | I95: {=INDIRECT("'※ 재무_세부시트'!"&I$1&$AD95, TRUE)} -> 17.395 | J95: {=INDIRECT("'※ 재무_세부시트'!"&J$1&$AD95, TRUE)} -> 12.084511 | K95: {=INDIRECT("'※ 재무_세부시트'!"&K$1&$AD95, TRUE)} -> 15.023257 | L95: {=INDIRECT("'※ 재무_세부시트'!"&L$1&$AD95, TRUE)} -> 22.163099 | M95: {=INDIRECT("'※ 재무_세부시트'!"&M$1&$AD95, TRUE)} -> 16.249875 | ... S95: {=INDIRECT("'※ 재무_세부시트'!"&S$1&$AD95, TRUE)} -> 9.1685994 | W95: {=INDIRECT("'※ 재무_세부시트'!"&W$1&$AD95, TRUE)} -> -1.0865583 | X95: {=INDIRECT("'※ 재무_세부시트'!"&X$1&$AD95, TRUE)} -> -4.4279176 | Y95: {=INDIRECT("'※ 재무_세부시트'!"&Y$1&$AD95, TRUE)} -> 0 | Z95: {=INDIRECT("'※ 재무_세부시트'!"&Z$1&$AD95, TRUE)} -> 180.52072 | AC95: {=INDIRECT("'※ 재무_세부시트'!"&AC$1&$AD95, TRUE)} -> 13.140941 | AD95: 94 | AE95: 7.7122887 | AF95: 11.90149 | AG95: 8.9812091 | AH95: 10.372193 | AI95: 10.50439 | AJ95: 10.1802 | AK95: 8.4619004 | AL95: 13.979917 | AM95: 7.4819694 | AN95: 9.3093779 | AO95: 8.1333062 | AP95: 7.2586959 | AQ95: =SUM(AE95:AP95) -> 114.27694 | BG95: {=INDIRECT("'※ 재무_세부시트'!"&BG$1&$AD95, TRUE)} -> 7.7122887 | BH95: {=INDIRECT("'※ 재무_세부시트'!"&BH$1&$AD95, TRUE)} -> 114.27694 | BI95: {=INDIRECT("'※ 재무_세부시트'!"&BI$1&$AD95, TRUE)} -> 8.4619004 | BJ95: {=INDIRECT("'※ 재무_세부시트'!"&BJ$1&$AD95, TRUE)} -> 13.785375 | BK95: {=INDIRECT("'※ 재무_세부시트'!"&BK$1&$AD95, TRUE)} -> 7.4819694
D96: 회의비 | F96: {=INDIRECT("'※ 재무_세부시트'!"&F$1&$AD96, TRUE)} -> 17.018778 | G96: {=INDIRECT("'※ 재무_세부시트'!"&G$1&$AD96, TRUE)} -> 15.252529 | H96: {=INDIRECT("'※ 재무_세부시트'!"&H$1&$AD96, TRUE)} -> 0.98007274 | I96: {=INDIRECT("'※ 재무_세부시트'!"&I$1&$AD96, TRUE)} -> 1.1496982 | J96: {=INDIRECT("'※ 재무_세부시트'!"&J$1&$AD96, TRUE)} -> 1.0728064 | K96: {=INDIRECT("'※ 재무_세부시트'!"&K$1&$AD96, TRUE)} -> 1.1623532 | L96: {=INDIRECT("'※ 재무_세부시트'!"&L$1&$AD96, TRUE)} -> 1.2635918 | M96: {=INDIRECT("'※ 재무_세부시트'!"&M$1&$AD96, TRUE)} -> 1.1441235 | ... S96: {=INDIRECT("'※ 재무_세부시트'!"&S$1&$AD96, TRUE)} -> 1.2108478 | W96: {=INDIRECT("'※ 재무_세부시트'!"&W$1&$AD96, TRUE)} -> 0.30426338 | X96: {=INDIRECT("'※ 재무_세부시트'!"&X$1&$AD96, TRUE)} -> -0.33146136 | Y96: {=INDIRECT("'※ 재무_세부시트'!"&Y$1&$AD96, TRUE)} -> 0 | Z96: {=INDIRECT("'※ 재무_세부시트'!"&Z$1&$AD96, TRUE)} -> 14.258016 | AC96: {=INDIRECT("'※ 재무_세부시트'!"&AC$1&$AD96, TRUE)} -> -0.99451263 | AD96: 95 | AE96: 1.6747489 | AF96: 1.5234071 | AG96: 1.4427309 | AH96: 1.7052554 | AI96: 1.7315281 | AJ96: 1.5730386 | AK96: 1.7928756 | AL96: 1.7078382 | AM96: 1.1906912 | AN96: 1.2444139 | AO96: 1.43225 | AP96: 0 | AQ96: =SUM(AE96:AP96) -> 17.018778 | BG96: {=INDIRECT("'※ 재무_세부시트'!"&BG$1&$AD96, TRUE)} -> 1.6747489 | BH96: {=INDIRECT("'※ 재무_세부시트'!"&BH$1&$AD96, TRUE)} -> 17.018778 | BI96: {=INDIRECT("'※ 재무_세부시트'!"&BI$1&$AD96, TRUE)} -> 1.7928756 | BJ96: {=INDIRECT("'※ 재무_세부시트'!"&BJ$1&$AD96, TRUE)} -> 1.0751357 | BK96: {=INDIRECT("'※ 재무_세부시트'!"&BK$1&$AD96, TRUE)} -> 1.1906912
D97: 프로모션 | F97: {=INDIRECT("'※ 재무_세부시트'!"&F$1&$AD97, TRUE)} -> 121.33933 | G97: {=INDIRECT("'※ 재무_세부시트'!"&G$1&$AD97, TRUE)} -> 113.5315 | H97: {=INDIRECT("'※ 재무_세부시트'!"&H$1&$AD97, TRUE)} -> 2.2204282 | I97: {=INDIRECT("'※ 재무_세부시트'!"&I$1&$AD97, TRUE)} -> 12.910238 | J97: {=INDIRECT("'※ 재무_세부시트'!"&J$1&$AD97, TRUE)} -> 8.4122886 | K97: {=INDIRECT("'※ 재무_세부시트'!"&K$1&$AD97, TRUE)} -> 9.020893 | L97: {=INDIRECT("'※ 재무_세부시트'!"&L$1&$AD97, TRUE)} -> 8.2571301 | M97: {=INDIRECT("'※ 재무_세부시트'!"&M$1&$AD97, TRUE)} -> 18.533652 | ... S97: {=INDIRECT("'※ 재무_세부시트'!"&S$1&$AD97, TRUE)} -> 3.3579115 | W97: {=INDIRECT("'※ 재무_세부시트'!"&W$1&$AD97, TRUE)} -> -1.3512669 | X97: {=INDIRECT("'※ 재무_세부시트'!"&X$1&$AD97, TRUE)} -> -2.9979974 | Y97: {=INDIRECT("'※ 재무_세부시트'!"&Y$1&$AD97, TRUE)} -> 0 | Z97: {=INDIRECT("'※ 재무_세부시트'!"&Z$1&$AD97, TRUE)} -> 110.42179 | AC97: {=INDIRECT("'※ 재무_세부시트'!"&AC$1&$AD97, TRUE)} -> -3.1097071 | AD97: 96 | AE97: 10.689534 | AF97: 15.642738 | AG97: 10.687649 | AH97: 8.5027185 | AI97: 9.1463445 | AJ97: 8.344419 | AK97: 5.2833143 | AL97: 16.273743 | AM97: 9.7530975 | AN97: 12.161371 | AO97: 7.178627 | AP97: 7.6757731 | AQ97: =SUM(AE97:AP97) -> 121.33933 | BG97: {=INDIRECT("'※ 재무_세부시트'!"&BG$1&$AD97, TRUE)} -> 10.689534 | BH97: {=INDIRECT("'※ 재무_세부시트'!"&BH$1&$AD97, TRUE)} -> 121.33933 | BI97: {=INDIRECT("'※ 재무_세부시트'!"&BI$1&$AD97, TRUE)} -> 5.2833143 | BJ97: {=INDIRECT("'※ 재무_세부시트'!"&BJ$1&$AD97, TRUE)} -> 8.8778638 | BK97: {=INDIRECT("'※ 재무_세부시트'!"&BK$1&$AD97, TRUE)} -> 9.7530975
D98: 프리할부 | F98: {=INDIRECT("'※ 재무_세부시트'!"&F$1&$AD98, TRUE)} -> 187.96708 | G98: {=INDIRECT("'※ 재무_세부시트'!"&G$1&$AD98, TRUE)} -> 250.24974 | H98: {=INDIRECT("'※ 재무_세부시트'!"&H$1&$AD98, TRUE)} -> 14.372428 | I98: {=INDIRECT("'※ 재무_세부시트'!"&I$1&$AD98, TRUE)} -> 43.704386 | J98: {=INDIRECT("'※ 재무_세부시트'!"&J$1&$AD98, TRUE)} -> 17.558124 | K98: {=INDIRECT("'※ 재무_세부시트'!"&K$1&$AD98, TRUE)} -> 18.066732 | L98: {=INDIRECT("'※ 재무_세부시트'!"&L$1&$AD98, TRUE)} -> 19.428483 | M98: {=INDIRECT("'※ 재무_세부시트'!"&M$1&$AD98, TRUE)} -> 16.054415 | ... S98: {=INDIRECT("'※ 재무_세부시트'!"&S$1&$AD98, TRUE)} -> 14.265151 | W98: {=INDIRECT("'※ 재무_세부시트'!"&W$1&$AD98, TRUE)} -> -3.9770302 | X98: {=INDIRECT("'※ 재무_세부시트'!"&X$1&$AD98, TRUE)} -> 2.2524284 | Y98: {=INDIRECT("'※ 재무_세부시트'!"&Y$1&$AD98, TRUE)} -> 0 | Z98: {=INDIRECT("'※ 재무_세부시트'!"&Z$1&$AD98, TRUE)} -> 298.3841 | AC98: {=INDIRECT("'※ 재무_세부시트'!"&AC$1&$AD98, TRUE)} -> 48.134353 | AD98: 97 | AE98: 9.1230942 | AF98: 21.706329 | AG98: 13.235116 | AH98: 17.65474 | AI98: 17.420518 | AJ98: 16.775271 | AK98: 11.168226 | AL98: 35.857371 | AM98: 8.6547715 | AN98: 21.50803 | AO98: 9.1087154 | AP98: 5.7548949 | AQ98: =SUM(AE98:AP98) -> 187.96708 | BG98: {=INDIRECT("'※ 재무_세부시트'!"&BG$1&$AD98, TRUE)} -> 9.1230942 | BH98: {=INDIRECT("'※ 재무_세부시트'!"&BH$1&$AD98, TRUE)} -> 187.96708 | BI98: {=INDIRECT("'※ 재무_세부시트'!"&BI$1&$AD98, TRUE)} -> 11.168226 | BJ98: {=INDIRECT("'※ 재무_세부시트'!"&BJ$1&$AD98, TRUE)} -> 15.105265 | BK98: {=INDIRECT("'※ 재무_세부시트'!"&BK$1&$AD98, TRUE)} -> 8.6547715
C99: 매장이익 | F99: {=INDIRECT("'※ 재무_세부시트'!"&F$1&$AD99, TRUE)} -> 110.96165 | G99: {=INDIRECT("'※ 재무_세부시트'!"&G$1&$AD99, TRUE)} -> 137.85511 | H99: {=INDIRECT("'※ 재무_세부시트'!"&H$1&$AD99, TRUE)} -> -17.129187 | I99: {=INDIRECT("'※ 재무_세부시트'!"&I$1&$AD99, TRUE)} -> 37.914183 | J99: {=INDIRECT("'※ 재무_세부시트'!"&J$1&$AD99, TRUE)} -> 6.2293169 | K99: {=INDIRECT("'※ 재무_세부시트'!"&K$1&$AD99, TRUE)} -> 14.757009 | L99: {=INDIRECT("'※ 재무_세부시트'!"&L$1&$AD99, TRUE)} -> 44.567645 | M99: {=INDIRECT("'※ 재무_세부시트'!"&M$1&$AD99, TRUE)} -> 10.755274 | ... S99: {=INDIRECT("'※ 재무_세부시트'!"&S$1&$AD99, TRUE)} -> -11.751463 | W99: {=INDIRECT("'※ 재무_세부시트'!"&W$1&$AD99, TRUE)} -> -6.484796 | X99: {=INDIRECT("'※ 재무_세부시트'!"&X$1&$AD99, TRUE)} -> -3.6043746 | Y99: {=INDIRECT("'※ 재무_세부시트'!"&Y$1&$AD99, TRUE)} -> 0 | Z99: {=INDIRECT("'※ 재무_세부시트'!"&Z$1&$AD99, TRUE)} -> 153.35185 | AC99: {=INDIRECT("'※ 재무_세부시트'!"&AC$1&$AD99, TRUE)} -> 15.496743 | AD99: 98 | AE99: =AE92+AE100-AE104 -> 1.6268884 | AF99: =AF92+AF100-AF104 -> 12.795607 | AG99: =AG92+AG100-AG104 -> 13.985665 | AH99: =AH92+AH100-AH104 -> 9.5497499 | AI99: =AI92+AI100-AI104 -> 9.2055355 | AJ99: =AJ92+AJ100-AJ104 -> 13.766095 | AK99: =AK92+AK100-AK104 -> 4.3110438 | AL99: =AL92+AL100-AL104 -> 33.398569 | ... AP99: =AP92+AP100-AP104 -> -5.4570064 | AQ99: =SUM(AE99:AP99) -> 110.96165 | BG99: {=INDIRECT("'※ 재무_세부시트'!"&BG$1&$AD99, TRUE)} -> 1.6268884 | BH99: {=INDIRECT("'※ 재무_세부시트'!"&BH$1&$AD99, TRUE)} -> 110.96165 | BI99: {=INDIRECT("'※ 재무_세부시트'!"&BI$1&$AD99, TRUE)} -> 4.3110438 | BJ99: {=INDIRECT("'※ 재무_세부시트'!"&BJ$1&$AD99, TRUE)} -> 3.91525 | BK99: {=INDIRECT("'※ 재무_세부시트'!"&BK$1&$AD99, TRUE)} -> -5.324312
D100: 매장수익 ⓑ | F100: {=INDIRECT("'※ 재무_세부시트'!"&F$1&$AD100, TRUE)} -> 136.65541 | G100: {=INDIRECT("'※ 재무_세부시트'!"&G$1&$AD100, TRUE)} -> 129.50853 | H100: {=INDIRECT("'※ 재무_세부시트'!"&H$1&$AD100, TRUE)} -> 8.8586902 | I100: {=INDIRECT("'※ 재무_세부시트'!"&I$1&$AD100, TRUE)} -> 8.833746 | J100: {=INDIRECT("'※ 재무_세부시트'!"&J$1&$AD100, TRUE)} -> 8.1935672 | K100: {=INDIRECT("'※ 재무_세부시트'!"&K$1&$AD100, TRUE)} -> 8.2713145 | L100: {=INDIRECT("'※ 재무_세부시트'!"&L$1&$AD100, TRUE)} -> 8.3684995 | M100: {=INDIRECT("'※ 재무_세부시트'!"&M$1&$AD100, TRUE)} -> 8.460191 | ... S100: {=INDIRECT("'※ 재무_세부시트'!"&S$1&$AD100, TRUE)} -> 7.8826877 | W100: {=INDIRECT("'※ 재무_세부시트'!"&W$1&$AD100, TRUE)} -> 0.15323077 | X100: {=INDIRECT("'※ 재무_세부시트'!"&X$1&$AD100, TRUE)} -> -3.3915654 | Y100: {=INDIRECT("'※ 재무_세부시트'!"&Y$1&$AD100, TRUE)} -> 0 | Z100: {=INDIRECT("'※ 재무_세부시트'!"&Z$1&$AD100, TRUE)} -> 97.705895 | AC100: {=INDIRECT("'※ 재무_세부시트'!"&AC$1&$AD100, TRUE)} -> -31.802633 | AD100: 99 | AE100: =AE101+AE102+AE103 -> 10.997382 | AF100: =AF101+AF102+AF103 -> 11.072333 | AG100: =AG101+AG102+AG103 -> 11.822844 | AH100: =AH101+AH102+AH103 -> 10.918451 | AI100: =AI101+AI102+AI103 -> 10.727114 | AJ100: =AJ101+AJ102+AJ103 -> 13.64055 | AK100: =AK101+AK102+AK103 -> 11.633982 | AL100: =AL101+AL102+AL103 -> 10.901304 | ... AP100: =AP101+AP102+AP103 -> 11.021375 | AQ100: =SUM(AE100:AP100) -> 136.65541 | BG100: {=INDIRECT("'※ 재무_세부시트'!"&BG$1&$AD100, TRUE)} -> 10.997382 | BH100: {=INDIRECT("'※ 재무_세부시트'!"&BH$1&$AD100, TRUE)} -> 136.65541 | BI100: {=INDIRECT("'※ 재무_세부시트'!"&BI$1&$AD100, TRUE)} -> 11.633982 | BJ100: {=INDIRECT("'※ 재무_세부시트'!"&BJ$1&$AD100, TRUE)} -> 10.975246 | BK100: {=INDIRECT("'※ 재무_세부시트'!"&BK$1&$AD100, TRUE)} -> 12.416277
D101: 매장성수수료 | F101: {=INDIRECT("'※ 재무_세부시트'!"&F$1&$AD101, TRUE)} -> 7.2894895 | G101: {=INDIRECT("'※ 재무_세부시트'!"&G$1&$AD101, TRUE)} -> 7.2129516 | H101: {=INDIRECT("'※ 재무_세부시트'!"&H$1&$AD101, TRUE)} -> 0.55730053 | I101: {=INDIRECT("'※ 재무_세부시트'!"&I$1&$AD101, TRUE)} -> 0.64227151 | J101: {=INDIRECT("'※ 재무_세부시트'!"&J$1&$AD101, TRUE)} -> 0.60677861 | K101: {=INDIRECT("'※ 재무_세부시트'!"&K$1&$AD101, TRUE)} -> 0.57387266 | L101: {=INDIRECT("'※ 재무_세부시트'!"&L$1&$AD101, TRUE)} -> 0.65718024 | M101: {=INDIRECT("'※ 재무_세부시트'!"&M$1&$AD101, TRUE)} -> 0.62709696 | ... S101: {=INDIRECT("'※ 재무_세부시트'!"&S$1&$AD101, TRUE)} -> 0.81033729 | W101: {=INDIRECT("'※ 재무_세부시트'!"&W$1&$AD101, TRUE)} -> -0.00149078 | X101: {=INDIRECT("'※ 재무_세부시트'!"&X$1&$AD101, TRUE)} -> 0.22734479 | Y101: {=INDIRECT("'※ 재무_세부시트'!"&Y$1&$AD101, TRUE)} -> 0 | Z101: {=INDIRECT("'※ 재무_세부시트'!"&Z$1&$AD101, TRUE)} -> 7.771727 | AC101: {=INDIRECT("'※ 재무_세부시트'!"&AC$1&$AD101, TRUE)} -> 0.55877538 | AD101: 100 | AE101: 0.61592854 | AF101: 0.6533425 | AG101: 0.65849508 | AH101: 0.5748147 | AI101: 0.60571668 | AJ101: 0.61085344 | AK101: 0.62392007 | AL101: 0.6504368 | AM101: 0.54387786 | AN101: 0.62260416 | AO101: 0.58644729 | AP101: 0.54305241 | AQ101: =SUM(AE101:AP101) -> 7.2894895 | BG101: {=INDIRECT("'※ 재무_세부시트'!"&BG$1&$AD101, TRUE)} -> 0.61592854 | BH101: {=INDIRECT("'※ 재무_세부시트'!"&BH$1&$AD101, TRUE)} -> 7.2894895 | BI101: {=INDIRECT("'※ 재무_세부시트'!"&BI$1&$AD101, TRUE)} -> 0.62392007 | BJ101: {=INDIRECT("'※ 재무_세부시트'!"&BJ$1&$AD101, TRUE)} -> 0.57360551 | BK101: {=INDIRECT("'※ 재무_세부시트'!"&BK$1&$AD101, TRUE)} -> 0.54387786
...

Sheet ※ 재무_세부시트
F1: E | R1: E | CN1: 내부목표
A2: □ 재무실적 | E2: ='2-(1) 수수료 기준_가입자(무선)'!A1 -> 12.001 | I2: 1000000 | J2: 21227.5 | K2: 2797.8 | L2: -9071.3 | M2: =J2/SUM($AH$2:$AI$2) -> #DIV/0! | N2: =K2/SUM($AH$2:$AI$2) -> #DIV/0! | O2: =$AJ$2*M2 -> #DIV/0! | P2: =$AJ$2*N2 -> #DIV/0! | U2: 1000000 | V2: 21227.5 | W2: 2797.8 | X2: -9071.3 | Y2: =V2/SUM($AH$2:$AI$2) -> #DIV/0! | Z2: =W2/SUM($AH$2:$AI$2) -> #DIV/0! | AA2: =$AJ$2*Y2 -> #DIV/0! | AB2: =$AJ$2*Z2 -> #DIV/0! | AQ2: 1.001 | AR2: 2.001 | AS2: 3.001 | AT2: 4.001 | AU2: 5.001 | AV2: 6.001 | AW2: 7.001 | AX2: 8.001 | AY2: 9.001 | AZ2: 10.001 | BA2: 11.001 | BB2: 12.001 | BD2: 1.001 | BE2: 2.001 | BF2: 3.001 | BG2: 4.001 | BH2: 5.001 | BI2: 6.001 | BJ2: 7.001 | BK2: 8.001 | BL2: 9.001 | BM2: 10.001 | BN2: 11.001 | BO2: 12.001 | BQ2: 1.001 | BR2: 2.001 | BS2: 3.001 | BT2: 4.001 | BU2: 5.001 | BV2: 6.001 | BW2: 7.001 | BX2: 8.001 | BY2: 9.001 | BZ2: 10.001 | CA2: 11.001 | CB2: 12.001 | CN2: 1.001 | CO2: 2.001 | CP2: 3.001 | CQ2: 4.001 | CR2: 5.001 | CS2: 6.001 | CT2: 7.001 | CU2: 8.001 | CV2: 9.001 | CW2: 10.001 | CX2: 11.001 | CY2: 12.001
A3: (단위 : 억원) | E3: ※ 내부 도전목표 | F3: 2020년 | M3: =M5-M7-M55 -> 20.234601 | R3: 2021년 | Y3: =Y5-Y7-Y55 -> 7.4974503 | AD3: 2022년 | AK3: =AK5-AK7-AK55 -> 10.433726 | AQ3: 2023년 | BD3: 2024년 | BQ3: 2025년 | CH3: ="연간누적실적(~"&E2-0.001&"월)" -> 연간누적실적(~12월)
A4: 구분 | E4: 설명 | F4: '20.1월 | G4: '20.2월 | H4: '20.3월 | I4: '20.4월 | J4: '20.5월 | K4: '20.6월 | L4: '20.7월 | M4: '20.8월 | N4: '20.9월 | O4: '20.10월 | P4: '20.11월 | Q4: '20.12월 | R4: '21.1월 | S4: '21.2월 | T4: '21.3월 | U4: '21.4월 | V4: '21.5월 | W4: '21.6월 | X4: '21.7월 | Y4: '21.8월 | Z4: '21.9월 | AA4: '21.10월 | AB4: '21.11월 | AC4: '21.12월 | AD4: '22.1월 | AE4: '22.2월 | AF4: '22.3월 | AG4: '22.4월 | AH4: '22.5월 | AI4: '22.6월 | AJ4: '22.7월 | AK4: '22.8월 | AL4: '22.9월 | AM4: '22.10월 | AN4: '22.11월 | AO4: '22.12월 | AP4: 계 | AQ4: 23.1월 | AR4: 23.2월 | AS4: 23.3월 | AT4: 23.4월 | AU4: 23.5월 | AV4: 23.6월 | AW4: 23.7월 | AX4: 23.8월 | AY4: 23.9월 | AZ4: 23.10월 | BA4: 23.11월 | BB4: 23.12월 | BC4: 계 | BD4: '24.1월 | BE4: '24.2월 | BF4: 24.3월 | BG4: '24.4월 | BH4: '24.5월 | BI4: '24.6월 | BJ4: '24.7월 | BK4: '24.8월 | BL4: '24.9월 | BM4: '24.10월 | BN4: '24.11월 | BO4: '24.12월 | BP4: 계 | BQ4: '25.1월 | BR4: '25.2월 | BS4: '25.3월 | BT4: '25.4월 | BU4: '25.5월 | BV4: '25.6월 | BW4: '25.7월 | BX4: '25.8월 | BY4: '25.9월 | BZ4: '25.10월 | CA4: '25.11월 | CB4: '25.12월 | CC4: 목표대비 | CD4: 달성률 | CE4: 전월대비 | CF4: 전년 동월대비 | CG4: 전작 출시대비 | CH4: 누적 | CI4: 목표대비 | CJ4: 달성률 | CK4: 전년 동기대비 | CN4: '25.1월 | CO4: '25.2월 | CP4: '25.3월 | CQ4: '25.4월 | CR4: '25.5월 | CS4: '25.6월 | CT4: '25.7월 | CU4: '25.8월 | CV4: '25.9월 | CW4: '25.10월 | CX4: '25.11월 | CY4: '25.12월 | CZ4: 계
A5: 총매출 (ⓐ+ⓑ+ⓒ+ⓓ) | F5: 569.51147 | G5: 578.34212 | H5: 568.02299 | I5: 502.95302 | J5: 524.24927 | K5: 452.26849 | L5: 441.22264 | M5: 662.73824 | N5: 521.37494 | O5: 575.08277 | P5: 654.55505 | Q5: 561.64881 | R5: 567.26062 | S5: 506.97307 | T5: 509.6057 | U5: 534.82581 | V5: 511.04063 | W5: 530.63334 | X5: 495.89082 | Y5: 721.12801 | Z5: 658.38127 | AA5: 804.74588 | AB5: 644.2723 | AC5: 616.92996 | AD5: =AD6+AD12+AD50 -> 465.97 | AE5: =AE6+AE12+AE50 -> 686.7605 | AF5: =AF6+AF12+AF50 -> 518.85 | AG5: =AG6+AG12+AG50 -> 515.35 | AH5: =AH6+AH12+AH50 -> 562.35 | AI5: =AI6+AI12+AI50 -> 609.07305 | AJ5: 486.34172 | AK5: 764.8615 | AL5: 529.65776 | AM5: 958.54831 | AN5: 582.43953 | AO5: 605.0712 | AP5: =SUM(AD5:AO5) -> 7285.2736 | AQ5: 474.37248 | AR5: 736.97131 | AS5: 520.49606 | AT5: 489.87118 | AU5: 510.89928 | AV5: 472.27082 | AW5: 412.06067 | AX5: 845.34421 | AY5: 469.75417 | AZ5: 1016.6929 | BA5: 514.05647 | BB5: 488.55515 | BC5: 6951.3447 | BD5: =BD6+BD12+BD50 -> 1190.058 | BE5: =BE6+BE12+BE50 -> 614.86194 | BF5: =BF6+BF12+BF50 -> 557.68208 | BG5: =BG6+BG12+BG50 -> 500.51677 | BH5: =BH6+BH12+BH50 -> 429.9683 | BI5: =BI6+BI12+BI50 -> 619.57999 | BJ5: =BJ6+BJ12+BJ50 -> 762.35506 | BK5: 568.02692 | BL5: 936.12682 | BM5: 881.98863 | BN5: 494.88055 | BO5: 517.02606 | BP5: 8073.0711 | BQ5: =BQ6+BQ12+BQ50 -> 560.63833 | BR5: =BR6+BR12+BR50 -> 1003.2939 | BS5: =BS6+BS12+BS50 -> 569.23055 | BT5: =BT6+BT12+BT50 -> 449.51814 | BU5: =BU6+BU12+BU50 -> 517.36254 | BV5: =BV6+BV12+BV50 -> 544.95947 | BW5: =BW6+BW12+BW50 -> 810.20838 | BX5: =BX6+BX12+BX50 -> 537.55465 | ... CB5: =CB6+CB12+CB50 -> 507.16995 | CC5: =HLOOKUP($E$2,$BQ$2:$CB$505,ROW()-1,0)-HLOOKUP($E$2,$CN$2:$CY$412,ROW()-1,0) -> -61687.723 | CD5: =IFERROR(HLOOKUP($E$2,$BQ$2:$CB$505,ROW()-1,0)/HLOOKUP($E$2,$CN$2:$CY$412,ROW()-1,0),0) -> 0.0081545273 | CE5: =CB5-CA5 -> -62.210848 | CF5: =HLOOKUP($E$2,$BQ$2:$CB$505,ROW()-1,0)-HLOOKUP($E$2,$BD$2:$BO$412,ROW()-1,0) -> -9.856104 | CH5: =SUM(BQ5:CB5) -> 7534.581 | CI5: =CH5-SUM(CN5:CO5) -> -122349.15 | CJ5: =IFERROR(CH5/SUM(CN5:CO5),0) -> 0.0580102 | CK5: =CH5-SUM(BD5:BO5) -> -538.49012 | CM5: =A5 -> 총매출 (ⓐ+ⓑ+ⓒ+ⓓ) | CN5: 55556.881 | CO5: 74326.848 | CP5: 55763.754 | CQ5: 60933.642 | CR5: 57757.977 | CS5: 69102.902 | CT5: 85551.127 | CU5: 65404.12 | CV5: 98898.527 | CW5: 65376.926 | CX5: 71395.772 | CY5: 62194.893 | CZ5: =SUM(CN5:CY5) -> 822263.37
A6: 상품매출 (ⓐ+ⓓ) | F6: 425.1258 | G6: 435.59137 | H6: 417.06116 | I6: 362.0861 | J6: 376.76339 | K6: 311.12636 | L6: 298.44903 | M6: 511.91695 | N6: 377.02539 | O6: 417.6057 | P6: 478.98465 | Q6: 421.78799 | R6: 427.30241 | S6: 359.95052 | T6: 373.13112 | U6: 392.55809 | V6: 350.17415 | W6: 355.84174 | X6: 327.1894 | Y6: 533.93235 | Z6: 487.44124 | AA6: 619.26929 | AB6: 478.3939 | AC6: 371.54032 | AD6: =AD11+AD53 -> 314.07 | AE6: =AE11+AE53 -> 510.5 | AF6: =AF11+AF53 -> 363.69 | AG6: =AG11+AG53 -> 337.67 | AH6: =AH11+AH53 -> 367.09 | AI6: =AI11+AI53 -> 398.52305 | AJ6: 292.67989 | AK6: 544.67727 | AL6: 342.49629 | AM6: 769.85844 | AN6: 414.74087 | AO6: 321.00398 | AQ6: 326.19489 | AR6: 526.58673 | AS6: 341.83856 | AT6: 294.56878 | AU6: 312.07731 | AV6: 247.27282 | AW6: 221.5312 | AX6: 575.99764 | AY6: 273.79615 | AZ6: 776.33182 | BA6: 344.11767 | BB6: 287.62393 | BC6: 4527.9375 | BD6: =BD11+BD53 -> 940.06422 | BE6: =BE11+BE53 -> 427.55354 | BF6: =BF11+BF53 -> 367.05735 | BG6: =BG11+BG53 -> 287.88902 | BH6: =BH11+BH53 -> 238.00012 | BI6: =BI11+BI53 -> 431.33398 | BJ6: =BJ11+BJ53 -> 492.63717 | BK6: =BK11+BK53 -> 361.22709 | ... BN6: =BN11+BN53 -> 285.92329 | BO6: 290.83169 | BP6: 5452.5105 | BQ6: =BQ11+BQ53 -> 377.4824 | BR6: =BR11+BR53 -> 737.1983 | BS6: =BS11+BS53 -> 368.49675 | BT6: =BT11+BT53 -> 243.45807 | BU6: =BU11+BU53 -> 287.03542 | BV6: =BV11+BV53 -> 319.55447 | BW6: =BW11+BW53 -> 493.41569 | BX6: =BX11+BX53 -> 313.17966 | ... CB6: =CB11+CB53 -> 222.84258 | CC6: =HLOOKUP($E$2,$BQ$2:$CB$505,ROW()-1,0)-HLOOKUP($E$2,$CN$2:$CY$412,ROW()-1,0) -> -42044.631 | CD6: =IFERROR(HLOOKUP($E$2,$BQ$2:$CB$505,ROW()-1,0)/HLOOKUP($E$2,$CN$2:$CY$412,ROW()-1,0),0) -> 0.0052722002 | CE6: =CB6-CA6 -> -113.87958 | CF6: =HLOOKUP($E$2,$BQ$2:$CB$505,ROW()-1,0)-HLOOKUP($E$2,$BD$2:$BO$412,ROW()-1,0) -> -67.989104 | CH6: =SUM(BQ6:CB6) -> 4676.9607 | CI6: =CH6-SUM(CN6:CO6) -> -81924.806 | CJ6: =IFERROR(CH6/SUM(CN6:CO6),0) -> 0.054005372 | CK6: =CH6-SUM(BD6:BO6) -> -775.54985 | CM6: =A6 -> 상품매출 (ⓐ+ⓓ) | CN6: 36582.603 | CO6: 50019.163 | CP6: 35904.01 | CQ6: 40308.58 | CR6: 37266.643 | CS6: 46177.044 | CT6: 58964.321 | CU6: 43835.791 | CV6: 69992.899 | CW6: 44291.165 | CX6: 48852.204 | CY6: 42267.474 | CZ6: =SUM(CN6:CY6) -> 554461.9
A7: 상품원가 | F7: 431.05112 | G7: 439.98351 | H7: 418.06972 | I7: 355.84579 | J7: 376.48167 | K7: 305.23117 | L7: 297.5759 | M7: 510.57504 | N7: 381.12291 | O7: 415.98218 | P7: 486.8089 | Q7: 421.27194 | R7: 430.318 | S7: 362.04686 | T7: 366.78754 | U7: 397.33485 | V7: 361.3201 | W7: 374.57079 | X7: 345.47228 | Y7: 572.08191 | Z7: 500.30267 | AA7: 644.31456 | AB7: 489.556 | AC7: 403.14611 | AD7: 335.93 | AE7: 528.1 | AF7: 336.8 | AG7: 350.28 | AH7: 381.14 | AI7: 425.59492 | AJ7: 309.76084 | AK7: 583.86101 | AL7: 340.89587 | AM7: 777.74195 | AN7: 419.88816 | AO7: 321.84356 | AQ7: 332.61489 | AR7: 563.94445 | AS7: 347.8352 | AT7: 318.36152 | AU7: 338.16961 | AV7: 266.59199 | AW7: 230.31367 | AX7: 636.29756 | AY7: 264.79659 | AZ7: 768.34303 | BA7: 341.94122 | BB7: 284.83683 | BC7: 4694.0465 | BD7: 998.0768 | BE7: 439.12202 | BF7: 382.102 | BG7: 315.69318 | BH7: 265.66272 | BI7: 461.67626 | BJ7: 564.07347 | BK7: 389.93011 | BL7: 703.64603 | BM7: 663.13773 | BN7: 316.72315 | BO7: 325.68991 | BP7: 5825.5334 | BQ7: 388.7483 | BR7: 790.57614 | BS7: 385.18887 | BT7: 256.63171 | BU7: 307.72262 | BV7: 324.79942 | BW7: 562.04739 | BX7: 357.89969 | BY7: 628.35759 | BZ7: 396.72068 | CA7: 359.6247 | CB7: 254.39444 | CC7: =HLOOKUP($E$2,$BQ$2:$CB$505,ROW()-1,0)-HLOOKUP($E$2,$CN$2:$CY$412,ROW()-1,0) -> -43488.895 | CD7: =IFERROR(HLOOKUP($E$2,$BQ$2:$CB$505,ROW()-1,0)/HLOOKUP($E$2,$CN$2:$CY$412,ROW()-1,0),0) -> 0.0058156221 | CE7: =CB7-CA7 -> -105.23026 | CF7: =HLOOKUP($E$2,$BQ$2:$CB$505,ROW()-1,0)-HLOOKUP($E$2,$BD$2:$BO$412,ROW()-1,0) -> -71.295471 | CH7: =SUM(BQ7:CB7) -> 5012.7115 | CI7: =CH7-SUM(CN7:CO7) -> -86298.435 | CJ7: =IFERROR(CH7/SUM(CN7:CO7),0) -> 0.054897039 | CK7: =CH7-SUM(BD7:BO7) -> -812.82185 | CM7: =A7 -> 상품원가 | CN7: 36867.673 | CO7: 54443.474 | CP7: 38268.587 | CQ7: 42839.717 | CR7: 40258.967 | CS7: 50322.711 | CT7: 64517.813 | CU7: 47328.779 | CV7: 76355.046 | CW7: 45248.559 | CX7: 52894.318 | CY7: 43743.29 | CZ7: =SUM(CN7:CY7) -> 593088.93
A8: 상품이익 | F8: =(F6-F7) -> -5.9253217 | G8: =(G6-G7) -> -4.3921413 | H8: =(H6-H7) -> -1.0085613 | I8: =(I6-I7) -> 6.2403063 | J8: =(J6-J7) -> 0.28171238 | K8: =(K6-K7) -> 5.8951933 | L8: =(L6-L7) -> 0.87313211 | M8: =(M6-M7) -> 1.3419101 | ... Q8: =(Q6-Q7) -> 0.51604462 | R8: -3.0155906 | S8: -2.0963358 | T8: 6.3435833 | U8: -4.7767639 | V8: -11.145956 | W8: -18.729043 | X8: -18.282875 | Y8: -38.149559 | Z8: -12.861424 | AA8: -25.045272 | AB8: -11.1621 | AC8: -31.605795 | AD8: =AD6-AD7 -> -21.86 | AE8: =AE6-AE7 -> -17.6 | AF8: =AF6-AF7 -> 26.89 | AG8: =AG6-AG7 -> -12.61 | AH8: =AH6-AH7 -> -14.05 | AI8: =AI6-AI7 -> -27.071866 | AJ8: -17.080956 | AK8: -39.183743 | AL8: 1.6004203 | AM8: -7.8835159 | AN8: -5.1472846 | AO8: -0.8395823 | AQ8: -6.419994 | AR8: -37.357717 | AS8: -5.9966427 | AT8: -23.792732 | AU8: -26.092303 | AV8: -19.319165 | AW8: -8.782463 | AX8: -60.299919 | AY8: 8.9995535 | AZ8: 7.988791 | BA8: 2.1764484 | BB8: 2.7870985 | BC8: -166.10904 | BD8: =BD6-BD7 -> -58.012584 | BE8: =BE6-BE7 -> -11.568477 | BF8: =BF6-BF7 -> -15.044648 | BG8: =BG6-BG7 -> -27.804163 | BH8: =BH6-BH7 -> -27.662603 | BI8: =BI6-BI7 -> -30.342279 | BJ8: =BJ6-BJ7 -> -71.436297 | BK8: =BK6-BK7 -> -28.703017 | ... BO8: =BO6-BO7 -> -34.858223 | BP8: -373.02286 | BQ8: =BQ6-BQ7 -> -11.265901 | BR8: =BR6-BR7 -> -53.377835 | BS8: -16.692117 | BT8: -13.173643 | BU8: -20.6872 | BV8: -5.2449434 | BW8: -68.631704 | BX8: -44.720026 | BY8: -16.504638 | BZ8: -30.998463 | CA8: -22.902526 | CB8: -31.551856 | CC8: =HLOOKUP($E$2,$BQ$2:$CB$505,ROW()-1,0)-HLOOKUP($E$2,$CN$2:$CY$412,ROW()-1,0) -> -18483.155 | CD8: - | CE8: =CB8-CA8 -> -8.6493292 | CF8: =HLOOKUP($E$2,$BQ$2:$CB$505,ROW()-1,0)-HLOOKUP($E$2,$BD$2:$BO$412,ROW()-1,0) -> 3.3063672 | CH8: =SUM(BQ8:CB8) -> -335.75085 | CI8: =CH8-SUM(CN8:CO8) -> -38908.333 | CJ8: - | CK8: =CH8-SUM(BD8:BO8) -> 37.272008 | CM8: =A8 -> 상품이익 | CN8: 18689.208 | CO8: 19883.374 | CP8: 17495.166 | CQ8: 18093.925 | CR8: 17499.01 | CS8: 18780.191 | CT8: 21033.314 | CU8: 18075.341 | CV8: 22543.481 | CW8: 20128.367 | CX8: 18501.454 | CY8: 18451.604 | CZ8: =SUM(CN8:CY8) -> 229174.43
B9: * 프리할부 | R9: 0.2204745 | S9: 1.1927519 | T9: 2.9505761 | U9: 3.4128351 | V9: 2.7226737 | W9: 9.8159841 | X9: 18.61316 | Y9: 33.8014 | Z9: 13.003586 | AA9: 12.992893 | AB9: 10.694398 | AC9: 10.168739 | AD9: 10.513296 | AE9: 19.256461 | AF9: 11.210794 | AG9: 11.913514 | AH9: 11.241397 | AI9: 23.006637 | AJ9: 8.7868278 | AK9: 27.523995 | AL9: 11.145711 | AM9: 12.810581 | AN9: 9.0803425 | AO9: 8.0588852 | AQ9: 8.9098142 | AR9: 21.689249 | AS9: 14.507444 | AT9: 17.838919 | AU9: 17.41659 | AV9: 16.89778 | AW9: 11.35646 | AX9: 35.958989 | AY9: 8.879484 | AZ9: 21.659157 | BA9: 9.1784308 | BB9: 5.9321402 | BC9: 190.22446 | BD9: 46.830659 | BE9: 28.690831 | BF9: 23.280654 | BG9: 21.779793 | BH9: 23.41266 | BI9: 25.559514 | BJ9: 67.529861 | BK9: 26.370876 | BL9: 40.438865 | BM9: 18.069985 | BN9: 17.555633 | BO9: 13.641782 | BP9: 353.16111 | BQ9: 15.730997 | BR9: 40.752403 | CC9: =HLOOKUP($E$2,$BQ$2:$CB$505,ROW()-1,0)-HLOOKUP($E$2,$CN$2:$CY$412,ROW()-1,0) -> 0 | CD9: =IFERROR(2-ABS(HLOOKUP($E$2,$BQ$2:$CB$505,ROW()-1,0)/HLOOKUP($E$2,$CN$2:$CY$412,ROW()-1,0)),0) -> 0 | CE9: =CB9-CA9 -> 0 | CF9: =HLOOKUP($E$2,$BQ$2:$CB$505,ROW()-1,0)-HLOOKUP($E$2,$BD$2:$BO$412,ROW()-1,0) -> -13.641782 | CH9: =SUM(BQ9:CB9) -> 56.4834 | CI9: =CH9-SUM(CN9:CO9) -> 56.4834 | CJ9: =IFERROR(2-ABS(CH9/SUM(CN9:CO9)),0) -> 0 | CK9: =CH9-SUM(BD9:BO9) -> -296.67771 | CM9: =B9 -> * 프리할부 | CZ9: =SUM(CN9:CY9) -> 0
A10: 통신매출 | F10: =F11+F12 -> 569.51147 | G10: =G11+G12 -> 578.34212 | H10: =H11+H12 -> 568.02299 | I10: =I11+I12 -> 502.95302 | J10: =J11+J12 -> 524.24927 | K10: =K11+K12 -> 452.26849 | L10: =L11+L12 -> 441.22264 | M10: =M11+M12 -> 662.73824 | ... AC10: =AC11+AC12 -> 616.92996 | AQ10: =AQ11+AQ12 -> 455.44412 | AR10: =AR11+AR12 -> 716.63619 | AS10: =AS11+AS12 -> 514.1281 | AT10: =AT11+AT12 -> 465.41111 | AU10: =AU11+AU12 -> 466.02965 | AV10: =AV11+AV12 -> 463.61065 | AW10: =AW11+AW12 -> 405.6814 | AX10: =AX11+AX12 -> 822.26186 | ... BB10: =BB11+BB12 -> 449.86678 | BC10: =SUM(AQ10:BB10) -> 6683.9912 | BD10: =BD11+BD12 -> 1186.5926 | BE10: =BE11+BE12 -> 597.79148 | BF10: =BF11+BF12 -> 529.86588 | BG10: =BG11+BG12 -> 441.67583 | BH10: =BH11+BH12 -> 402.75332 | BI10: =BI11+BI12 -> 611.33347 | BJ10: =BJ11+BJ12 -> 748.57846 | BK10: =BK11+BK12 -> 515.44757 | ... BO10: =BO11+BO12 -> 489.19614 | BP10: 7673.4989 | BQ10: =BQ11+BQ12 -> 533.56526 | BR10: =BR11+BR12 -> 937.0369 | BS10: =BS11+BS12 -> 520.82451 | BT10: =BT11+BT12 -> 413.50723 | BU10: =BU11+BU12 -> 474.81409 | BV10: =BV11+BV12 -> 497.40316 | BW10: =BW11+BW12 -> 753.50974 | BX10: =BX11+BX12 -> 479.35549 | ... CB10: =CB11+CB12 -> 490.8168 | CC10: =HLOOKUP($E$2,$BQ$2:$CB$505,ROW()-1,0)-HLOOKUP($E$2,$CN$2:$CY$412,ROW()-1,0) -> -56773.286 | CD10: =IFERROR(HLOOKUP($E$2,$BQ$2:$CB$505,ROW()-1,0)/HLOOKUP($E$2,$CN$2:$CY$412,ROW()-1,0),0) -> 0.0085711078 | CE10: =CB10-CA10 -> -24.235584 | CF10: =HLOOKUP($E$2,$BQ$2:$CB$505,ROW()-1,0)-HLOOKUP($E$2,$BD$2:$BO$412,ROW()-1,0) -> 1.6206599 | CH10: =SUM(BQ10:CB10) -> 6977.9968 | CI10: =CH10-SUM(CN10:CO10) -> -116148.87 | CJ10: =IFERROR(CH10/SUM(CN10:CO10),0) -> 0.056673228 | CK10: =CH10-SUM(BD10:BO10) -> -695.50214 | CM10: =A10 -> 통신매출 | CN10: 52649.771 | CO10: 70477.092 | CP10: 51769.284 | CQ10: 55998.827 | CR10: 54266.479 | CS10: 65833.467 | CT10: 82541.827 | CU10: 61664.053 | CV10: 95296.906 | CW10: 60376.413 | CX10: 66464.982 | CY10: 57264.103 | CZ10: =CZ11+CZ12 -> 774603.2
B11: 상품매출(통신) ⓐ | F11: 425.1258 | G11: =G6 -> 435.59137 | H11: =H6 -> 417.06116 | I11: =I6 -> 362.0861 | J11: =J6 -> 376.76339 | K11: =K6 -> 311.12636 | L11: =L6 -> 298.44903 | M11: =M6 -> 511.91695 | N11: =N6 -> 377.02539 | ... Q11: =Q6 -> 421.78799 | R11: 427.30241 | S11: 359.95052 | T11: 373.13112 | U11: 392.55809 | V11: 350.17415 | W11: 355.84174 | X11: 327.1894 | Y11: 533.93235 | Z11: 487.44124 | AA11: 619.26929 | AB11: 478.3939 | AC11: 371.54032 | AD11: 314.07 | AE11: 510.5 | AF11: 363.69 | AG11: 337.67 | AH11: 367.09 | AI11: 398.52305 | AJ11: 292.67989 | AK11: 544.67727 | AL11: 342.49629 | AM11: 769.85844 | AN11: 414.74087 | AO11: 321.00398 | AQ11: 307.5619 | AR11: 506.3474 | AS11: 335.51971 | AT11: 270.10871 | AU11: 267.22187 | AV11: 238.84648 | AW11: 215.1817 | AX11: 553.17258 | AY11: 238.47596 | AZ11: 746.45886 | BA11: 333.94233 | BB11: 251.21295 | BC11: 4264.0504 | BD11: 937.30233 | BE11: 412.93291 | BF11: 340.37765 | BG11: 236.73679 | BH11: 212.96512 | BI11: =42433.744472/100 -> 424.33744 | BJ11: 480.94917 | BK11: 311.64623 | BL11: 614.09557 | BM11: 599.40744 | BN11: 263.86619 | BO11: 268.77934 | BP11: 5103.3962 | BQ11: 355.07525 | BR11: 679.23028 | BS11: 321.5338 | BT11: 213.07458 | BU11: 246.36239 | BV11: 274.80847 | BW11: 441.47967 | BX11: 256.74805 | BY11: 559.57756 | BZ11: 324.9823 | CA11: 284.83314 | CB11: 209.09681 | CC11: =HLOOKUP($E$2,$BQ$2:$CB$505,ROW()-1,0)-HLOOKUP($E$2,$CN$2:$CY$412,ROW()-1,0) -> -37599.625 | CD11: =IFERROR(HLOOKUP($E$2,$BQ$2:$CB$505,ROW()-1,0)/HLOOKUP($E$2,$CN$2:$CY$412,ROW()-1,0),0) -> 0.0055303856 | CE11: =CB11-CA11 -> -75.736324 | CF11: =HLOOKUP($E$2,$BQ$2:$CB$505,ROW()-1,0)-HLOOKUP($E$2,$BD$2:$BO$412,ROW()-1,0) -> -59.68253 | CH11: =SUM(BQ11:CB11) -> 4166.8023 | CI11: =CH11-SUM(CN11:CO11) -> -76616.176 | CJ11: =IFERROR(CH11/SUM(CN11:CO11),0) -> 0.051580202 | CK11: =CH11-SUM(BD11:BO11) -> -936.59388 | CM11: =B11 -> 상품매출(통신) ⓐ | CN11: 34124.795 | CO11: 46658.183 | CP11: 32380.692 | CQ11: 35842.803 | CR11: 34246.183 | CS11: 43378.647 | CT11: 56406.322 | CU11: 40586.5 | CV11: 66843.58 | CW11: 39782.428 | CX11: 44393.452 | CY11: 37808.722 | CZ11: =SUM(CN11:CY11) -> 512452.31
B12: 수수료매출(통신) ⓑ | F12: 144.38567 | G12: 142.75075 | H12: 150.96183 | I12: 140.86692 | J12: 147.48588 | K12: 141.14213 | L12: 142.77361 | M12: 150.82129 | N12: 144.34955 | O12: 157.47707 | P12: 175.5704 | Q12: 139.86082 | R12: 139.95821 | S12: 147.02255 | T12: 136.47458 | U12: 142.26772 | V12: 160.86648 | W12: 174.7916 | X12: 168.70142 | Y12: 187.19565 | Z12: 170.94003 | AA12: 185.47659 | AB12: 165.8784 | AC12: 245.38964 | AD12: 151.9 | AE12: 176.2605 | AF12: 155.16 | AG12: 177.68 | AH12: 195.26 | AI12: 210.55 | AJ12: 193.66183 | AK12: 220.18424 | AL12: 187.16146 | AM12: 188.68793 | AN12: 167.69945 | AO12: 284.06722 | AQ12: 147.88222 | AR12: 210.2888 | AS12: 178.60839 | AT12: 195.3024 | AU12: 198.80779 | AV12: 224.76417 | AW12: 190.4997 | AX12: 269.08928 | AY12: 195.84787 | AZ12: 240.29222 | BA12: 169.90414 | BB12: 198.65383 | BC12: 2419.9408 | BD12: =BD13+BD21+BD38 -> 249.29026 | BE12: =BE13+BE21+BE38 -> 184.85857 | BF12: =BF13+BF21+BF38 -> 189.48823 | BG12: =BG13+BG21+BG38 -> 204.93904 | BH12: =BH13+BH21+BH38 -> 189.7882 | BI12: =BI13+BI21+BI38 -> 186.99602 | BJ12: =BJ13+BJ21+BJ38 -> 267.6293 | BK12: 203.80134 | BL12: 263.40403 | BM12: 215.45701 | BN12: 194.03395 | BO12: 220.4168 | BP12: 2570.1027 | BQ12: =BQ13+BQ21+BQ38 -> 178.49001 | BR12: =BR13+BR21+BR38 -> 257.80661 | BS12: =BS13+BS21+BS38 -> 199.29071 | BT12: =BT13+BT21+BT38 -> 200.43265 | BU12: =BU13+BU21+BU38 -> 228.4517 | BV12: =BV13+BV21+BV38 -> 222.5947 | BW12: =BW13+BW21+BW38 -> 312.03007 | BX12: =BX13+BX21+BX38 -> 222.60744 | ... CA12: =CA13+CA21+CA38 -> 230.21925 | CB12: 281.71999 | CC12: =HLOOKUP($E$2,$BQ$2:$CB$505,ROW()-1,0)-HLOOKUP($E$2,$CN$2:$CY$412,ROW()-1,0) -> -19173.661 | CD12: =IFERROR(HLOOKUP($E$2,$BQ$2:$CB$505,ROW()-1,0)/HLOOKUP($E$2,$CN$2:$CY$412,ROW()-1,0),0) -> 0.014480312 | CE12: =CB12-CA12 -> 51.50074 | CF12: =HLOOKUP($E$2,$BQ$2:$CB$505,ROW()-1,0)-HLOOKUP($E$2,$BD$2:$BO$412,ROW()-1,0) -> 61.30319 | CH12: =SUM(BQ12:CB12) -> 2811.1945 | CI12: =CH12-SUM(CN12:CO12) -> -39532.69 | CJ12: =IFERROR(CH12/SUM(CN12:CO12),0) -> 0.066389622 | CK12: =CH12-SUM(BD12:BO12) -> 241.09175 | CM12: =B12 -> 수수료매출(통신) ⓑ | CN12: 18524.976 | CO12: 23818.908 | CP12: 19388.592 | CQ12: 20156.024 | CR12: 20020.296 | CS12: 22454.82 | CT12: 26135.504 | CU12: 21077.553 | CV12: 28453.326 | CW12: 20593.985 | CX12: 22071.53 | CY12: 19455.381 | CZ12: =SUM(CN12:CY12) -> 262150.9
C13: 정책수수료 | F13: =F14+F15 -> 66.505846 | G13: =G14+G15 -> 61.65532 | H13: =H14+H15 -> 68.598156 | I13: =I14+I15 -> 62.736616 | J13: =J14+J15 -> 71.736811 | K13: =K14+K15 -> 67.407589 | L13: =L14+L15 -> 66.153399 | M13: =M14+M15 -> 73.141149 | ... Q13: =Q14+Q15 -> 65.332407 | R13: 67.759317 | S13: 70.007579 | T13: 62.487498 | U13: 56.436671 | V13: 82.521391 | W13: 96.041539 | X13: 88.505993 | Y13: 106.62665 | Z13: 91.159278 | AA13: 100.95803 | AB13: 83.633351 | AC13: 162.32011 | AD13: =AD14+AD15 -> 67.67705 | AE13: =AE14+AE15 -> 93.341094 | AF13: =AF14+AF15 -> 66.686359 | AG13: =AG14+AG15 -> 96.55179 | AH13: =AH14+AH15 -> 102.01928 | AI13: =AI14+AI15 -> 107.7027 | AJ13: 104.29413 | AK13: 128.80382 | AL13: 91.154754 | AM13: 108.8466 | AN13: 75.910748 | AO13: 198.0971 | AQ13: 39.929752 | AR13: 126.18733 | AS13: 78.487283 | AT13: 106.54675 | AU13: 107.44778 | AV13: 126.97077 | AW13: 94.720605 | AX13: 176.59734 | AY13: 99.013855 | AZ13: 146.00524 | BA13: 80.487954 | BB13: 105.05089 | BC13: 1287.4455 | BD13: =BD14+BD15 -> 149.15128 | BE13: =BE14+BE15 -> 88.394005 | BF13: =BF14+BF15 -> 98.747063 | BG13: =BG14+BG15 -> 104.10232 | BH13: =BH14+BH15 -> 98.473285 | BI13: =BI14+BI15 -> 90.230886 | BJ13: =BJ14+BJ15 -> 167.22273 | BK13: =BK14+BK15 -> 100.31821 | ... BN13: =BN14+BN15 -> 91.538161 | BO13: 113.04965 | BP13: 1379.1252 | BQ13: =BQ14+BQ15 -> 95.784424 | BR13: =BR14+BR15 -> 166.62482 | BS13: =BS14+BS15 -> 110.26219 | BT13: =BT14+BT15 -> 103.99978 | BU13: =BU14+BU15 -> 141.27507 | BV13: =BV14+BV15 -> 121.71604 | BW13: =BW14+BW15 -> 222.07762 | BX13: =BX14+BX15 -> 134.99656 | ... CB13: =CB14+CB15 -> 183.7316 | CC13: =HLOOKUP($E$2,$BQ$2:$CB$505,ROW()-1,0)-HLOOKUP($E$2,$CN$2:$CY$412,ROW()-1,0) -> -10561.344 | CD13: =IFERROR(HLOOKUP($E$2,$BQ$2:$CB$505,ROW()-1,0)/HLOOKUP($E$2,$CN$2:$CY$412,ROW()-1,0),0) -> 0.017099144 | CE13: =CB13-CA13 -> 40.500526 | CF13: =HLOOKUP($E$2,$BQ$2:$CB$505,ROW()-1,0)-HLOOKUP($E$2,$BD$2:$BO$412,ROW()-1,0) -> 70.681952 | CH13: =SUM(BQ13:CB13) -> 1729.0321 | CI13: =CH13-SUM(CN13:CO13) -> -22867.778 | CJ13: =IFERROR(CH13/SUM(CN13:CO13),0) -> 0.070294972 | CK13: =CH13-SUM(BD13:BO13) -> 349.90693 | CM13: =C13 -> 정책수수료 | CN13: 9675.0946 | CO13: 14921.716 | CP13: 10494.093 | CQ13: 11266.467 | CR13: 11206.914 | CS13: 13643.698 | CT13: 17524.133 | CU13: 12404.919 | CV13: 19696.008 | CW13: 11818.338 | CX13: 13441.12 | CY13: 10745.075 | CZ13: =SUM(CN13:CY13) -> 156837.58
C14: 유무선 | D14: 무선 | E14: 무선 판매관련 수수료 | F14: 62.75219 | G14: 62.168843 | H14: 60.703696 | I14: 57.652085 | J14: 71.994799 | K14: 63.717377 | L14: 62.150368 | M14: 68.340835 | N14: 67.181898 | O14: 77.373199 | P14: 100.84694 | Q14: 62.70447 | R14: 61.290173 | S14: 69.716658 | T14: 66.155376 | U14: 53.694534 | V14: 79.413041 | W14: 92.119046 | X14: 86.365993 | Y14: 105.34176 | Z14: 86.918445 | AA14: 95.634805 | AB14: 78.468243 | AC14: 160.86679 | AD14: 63.368882 | AE14: 89.881481 | AF14: 68.727471 | AG14: 91.613518 | AH14: 99.935672 | AI14: 107.0345 | AJ14: 105.11114 | AK14: 123.94395 | AL14: 78.88936 | AM14: 103.79931 | AN14: 76.776728 | AO14: 201.97585 | AQ14: 39.60789 | AR14: 121.51036 | AS14: 77.057831 | AT14: 102.43476 | AU14: 104.80835 | AV14: 127.02526 | AW14: 97.74771 | AX14: 170.64927 | AY14: 104.0049 | AZ14: 145.86148 | BA14: 81.000903 | BB14: 105.20129 | BC14: 1276.91 | BD14: =(14291.505822/100)-BD51 -> 142.52133 | BE14: =(9284.452229/100)-BE51 -> 90.686996 | BF14: =(8770.307297/100)-BF51 -> 87.08772 | BG14: =(9702.226127/100)-BG51 -> 92.756791 | BH14: =86.95162969-BH51 -> 85.287552 | BI14: =77.96328659-BI51 -> 77.151313 | BJ14: =157.8282656-BJ51 -> 156.24824 | BK14: 97.709643 | BL14: 143.05632 | BM14: =120.75488342-BM51 -> 117.21302 | BN14: =100.21921748-BN51 -> 85.758136 | BO14: 106.62769 | BP14: 1282.1047 | BQ14: =94.15998888-BQ51 -> 90.1286 | BR14: =151.65931031-BR51 -> 143.86298 | BS14: =102.7766701-BS51 -> 101.90002 | BT14: =96.94536196-BT51 -> 94.597902 | BU14: =124.46163737-BU51 -> 123.0866 | BV14: =124.27085998-BV51 -> 121.90912 | BW14: =205.26703566-BW51 -> 202.70676 | BX14: =131.93518587-BX51 -> 131.07891 | BY14: =174.5332867-BY51 -> 170.82372 | BZ14: =119.42022718-BZ51 -> 115.48542 | CA14: =(133.48945797)-CA51 -> 131.92252 | CB14: =(16319.165186/100)-CB51 -> 161.46235 | CC14: =HLOOKUP($E$2,$BQ$2:$CB$505,ROW()-1,0)-HLOOKUP($E$2,$CN$2:$CY$412,ROW()-1,0) -> 161.46235 | CD14: =IFERROR(HLOOKUP($E$2,$BQ$2:$CB$505,ROW()-1,0)/HLOOKUP($E$2,$CN$2:$CY$412,ROW()-1,0),0) -> 0 | CE14: =CB14-CA14 -> 29.539833 | CF14: =HLOOKUP($E$2,$BQ$2:$CB$505,ROW()-1,0)-HLOOKUP($E$2,$BD$2:$BO$412,ROW()-1,0) -> 54.834663 | CH14: =SUM(BQ14:CB14) -> 1588.9649 | CI14: =CH14-SUM(CN14:CO14) -> 1588.9649 | CJ14: =IFERROR(CH14/SUM(CN14:CO14),0) -> 0 | CK14: =CH14-SUM(BD14:BO14) -> 306.86015 | CM14: =D14 -> 무선 | CZ14: =SUM(CN14:CY14) -> 0
D15: 유선 | E15: 유선 판매관련 수수료 | F15: 3.7536557 | G15: -0.51352352 | H15: 7.8944597 | I15: 5.0845308 | J15: -0.25798884 | K15: 3.6902117 | L15: 4.003031 | M15: 4.8003138 | N15: 2.7976966 | O15: 4.996032 | P15: 2.6744399 | Q15: 2.6279369 | R15: 6.4691447 | S15: 0.29092113 | T15: -3.6678775 | U15: 2.7421374 | V15: 3.1083499 | W15: 3.9224924 | X15: 2.1399998 | Y15: 1.2848809 | Z15: 4.2408331 | AA15: 5.323225 | AB15: 5.1651081 | AC15: 1.453318 | AD15: 4.308168 | AE15: 3.4596139 | AF15: -2.0411117 | AG15: 4.9382714 | AH15: 2.083613 | AI15: 0.66819369 | AJ15: -0.81701071 | AK15: 4.8598722 | AL15: 12.265394 | AM15: 5.0472908 | AN15: -0.86598039 | AO15: -3.8787438 | AQ15: 0.32186282 | AR15: 4.6769718 | AS15: 1.4294523 | AT15: 4.1119909 | AU15: 2.6394275 | AV15: -0.05449167 | AW15: -3.0271059 | AX15: 5.9480626 | AY15: -4.9910422 | AZ15: 0.14376036 | BA15: -0.51294951 | BB15: -0.15039681 | BC15: 10.535542 | BD15: 6.6299536 | BE15: -2.2929907 | BF15: 11.659343 | BG15: 11.345532 | BH15: 13.185732 | BI15: 13.079573 | BJ15: 10.974492 | BK15: 2.6085677 | BL15: 12.941643 | BM15: =4.68660113 -> 4.6866011 | BN15: 5.7800246 | BO15: 6.4219598 | BP15: 97.020432 | BQ15: 5.6558239 | BR15: 22.761839 | BS15: 8.3621768 | BT15: 9.4018754 | BU15: 18.188465 | BV15: -0.19308902 | BW15: 19.370863 | BX15: 3.9176511 | BY15: 15.108351 | BZ15: 3.9154514 | CA15: 11.308556 | CB15: 22.269248 | CC15: =HLOOKUP($E$2,$BQ$2:$CB$505,ROW()-1,0)-HLOOKUP($E$2,$CN$2:$CY$412,ROW()-1,0) -> 22.269248 | CD15: =IFERROR(HLOOKUP($E$2,$BQ$2:$CB$505,ROW()-1,0)/HLOOKUP($E$2,$CN$2:$CY$412,ROW()-1,0),0) -> 0 | CE15: =CB15-CA15 -> 10.960693 | CF15: =HLOOKUP($E$2,$BQ$2:$CB$505,ROW()-1,0)-HLOOKUP($E$2,$BD$2:$BO$412,ROW()-1,0) -> 15.847289 | CH15: =SUM(BQ15:CB15) -> 140.06721 | CI15: =CH15-SUM(CN15:CO15) -> 140.06721 | CJ15: =IFERROR(CH15/SUM(CN15:CO15),0) -> 0 | CK15: =CH15-SUM(BD15:BO15) -> 43.046779 | CM15: =D15 -> 유선 | CZ15: =SUM(CN15:CY15) -> 0
C16: 채널 | D16: 소매 | AQ16: 65.196455 | AR16: 101.14363 | AS16: 83.760335 | AT16: 86.435155 | AU16: 88.062806 | AV16: 86.666751 | AW16: 68.686928 | AX16: 136.5872 | AY16: 53.766598 | AZ16: 99.132962 | BA16: 63.846133 | BB16: 50.376419 | BC16: 983.66137 | BD16: =BD92 -> 119.22844 | BE16: =BE92 -> 76.720495 | BF16: =BF92 -> 78.067282 | BG16: =BG92 -> 76.931196 | BH16: =BH92 -> 76.158188 | BI16: =BI92 -> 74.807018 | BJ16: =BJ92 -> 133.57699 | BK16: =BK92 -> 87.913465 | ... BO16: =BO92 -> 64.713366 | BP16: 1062.1937 | BQ16: 49.550632 | BR16: 135.13312 | BS16: 97.077539 | BT16: 93.319228 | BU16: 120.71904 | BV16: 87.744517 | BW16: 170.4394 | BX16: 100.73824 | BY16: 110.14979 | BZ16: 79.773004 | CA16: 66.225831 | CB16: 63.352057 | CE16: =CB16-CA16 -> -2.8737742 | CF16: =HLOOKUP($E$2,$BQ$2:$CB$505,ROW()-1,0)-HLOOKUP($E$2,$BD$2:$BO$412,ROW()-1,0) -> -1.3613092 | CH16: =SUM(BQ16:CB16) -> 1174.2224 | CK16: =CH16-SUM(BD16:BO16) -> 112.02868 | CM16: =D16 -> 소매 | CZ16: =SUM(CN16:CY16) -> 0
D17: 도매 | AQ17: 79.726588 | AR17: 101.15129 | AS17: 75.106436 | AT17: 81.720367 | AU17: 74.699835 | AV17: 71.695196 | AW17: 88.783247 | AX17: 121.17301 | AY17: 87.086654 | AZ17: 95.300378 | BA17: 75.28841 | BB17: 64.490088 | BC17: 1016.2215 | BD17: =BD113 -> 93.681877 | BE17: =BE113 -> 62.089301 | BF17: =BF113 -> 49.030872 | BG17: =BG113 -> 51.625609 | BH17: =BH113 -> 47.577182 | BI17: =BI113 -> 47.880171 | BJ17: =BJ113 -> 50.827455 | BK17: =BK113 -> 30.005934 | ... BO17: =BO113 -> 7.2124588 | BP17: 475.92214 | BQ17: 1.8922512 | BR17: 2.4818942 | BS17: 0.70588278 | BT17: 3.8676704 | BU17: 0.20809046 | BV17: 0.95145149 | BW17: 1.1885326 | BX17: 0.66414166 | BY17: 2.6811764 | BZ17: -1.4387479 | CA17: 0.55627283 | CB17: 0.80422348 | CE17: =CB17-CA17 -> 0.24795065 | CF17: =HLOOKUP($E$2,$BQ$2:$CB$505,ROW()-1,0)-HLOOKUP($E$2,$BD$2:$BO$412,ROW()-1,0) -> -6.4082354 | CH17: =SUM(BQ17:CB17) -> 14.56284 | CK17: =CH17-SUM(BD17:BO17) -> -461.3593 | CM17: =D17 -> 도매 | CZ17: =SUM(CN17:CY17) -> 0
D18: 디지털 | AQ18: 2.2492078 | AR18: 15.326399 | AS18: 9.9789229 | AT18: 8.0602549 | AU18: 10.574179 | AV18: 11.279598 | AW18: 9.417566 | AX18: 22.97286 | AY18: 2.5173947 | AZ18: 20.538734 | BA18: 10.856837 | BB18: 10.036641 | BC18: 133.80859 | BD18: =BD135 -> 15.268876 | BE18: =BE135 -> 9.5661362 | BF18: =BF135 -> 13.166033 | BG18: =BG135 -> 13.427009 | BH18: =BH135 -> 18.838185 | BI18: =BI135 -> 11.711347 | BJ18: =BJ135 -> 18.233952 | BK18: =BK135 -> 13.102901 | ... BO18: =BO135 -> 11.927291 | BP18: 188.32789 | BQ18: 24.53915 | BR18: 24.976993 | BS18: 8.5582728 | BT18: 10.236852 | BU18: 13.668366 | BV18: 22.241117 | BW18: 45.687561 | BX18: 35.560174 | BY18: 53.929139 | BZ18: 45.383742 | CA18: 37.088443 | CB18: 42.187589 | CE18: =CB18-CA18 -> 5.0991459 | CF18: =HLOOKUP($E$2,$BQ$2:$CB$505,ROW()-1,0)-HLOOKUP($E$2,$BD$2:$BO$412,ROW()-1,0) -> 30.260298 | CH18: =SUM(BQ18:CB18) -> 364.0574 | CK18: =CH18-SUM(BD18:BO18) -> 175.72951 | CM18: =D18 -> 디지털 | CZ18: =SUM(CN18:CY18) -> 0
C19: 신사업 제외 | D19: 기타 | E19: B2B, 대형마트, 소상공인(25년~) | AQ19: -14.95239 | AR19: 20.654254 | AS19: 6.5305215 | AT19: 23.230123 | AU19: 26.516638 | AV19: 49.049275 | AW19: 29.098264 | AX19: 40.529453 | AY19: 51.771138 | AZ19: 44.569634 | BA19: 27.532634 | BB19: 58.175623 | BC19: 362.70517 | BD19: 11.685522 | BE19: 5.1762131 | BF19: 8.9916792 | BG19: 13.135548 | BH19: 10.677747 | BI19: 10.078795 | BJ19: 35.617728 | BK19: 14.76793 | BL19: 32.623446 | BM19: 30.549017 | BN19: 19.268505 | BO19: 20.268505 | BP19: 212.84063 | BQ19: 18.417866 | BR19: 28.322453 | BS19: 23.0726 | BT19: 21.997285 | BU19: 29.546987 | BV19: 48.038093 | BW19: 41.151348 | BX19: 31.09945 | BY19: 40.848417 | BZ19: 24.811002 | CA19: 51.910727 | CB19: 35.002715 | CE19: =CB19-CA19 -> -16.908011 | CF19: =HLOOKUP($E$2,$BQ$2:$CB$505,ROW()-1,0)-HLOOKUP($E$2,$BD$2:$BO$412,ROW()-1,0) -> 14.734211 | CH19: =SUM(BQ19:CB19) -> 394.21894 | CK19: =CH19-SUM(BD19:BO19) -> 181.37831 | CM19: =D19 -> 기타 | CZ19: =SUM(CN19:CY19) -> 0
D20: 순액처리 | AQ20: -92.290107 | AR20: -112.08824 | AS20: -96.888933 | AT20: -92.899153 | AU20: -92.405679 | AV20: -91.720055 | AW20: -101.2654 | AX20: -144.66518 | AY20: -96.127929 | AZ20: -113.53647 | BA20: -97.03606 | BB20: -78.02788 | BC20: -1208.9511 | BD20: =BD13-BD16-BD17-BD18-BD19 -> -90.713432 | BE20: =BE13-BE16-BE17-BE18-BE19 -> -65.15814 | BF20: =BF13-BF16-BF17-BF18-BF19 -> -50.508804 | BG20: =BG13-BG16-BG17-BG18-BG19 -> -51.01704 | BH20: =BH13-BH16-BH17-BH18-BH19 -> -54.778018 | BI20: =BI13-BI16-BI17-BI18-BI19 -> -54.246445 | BJ20: =BJ13-BJ16-BJ17-BJ18-BJ19 -> -71.033397 | BK20: =BK13-BK16-BK17-BK18-BK19 -> -45.47202 | ... BO20: =BO13-BO16-BO17-BO18-BO19 -> 8.928025 | BP20: -560.1592 | BQ20: =BQ13-BQ16-BQ17-BQ18-BQ19 -> 1.3845247 | BR20: =BR13-BR16-BR17-BR18-BR19 -> -24.289645 | BS20: =BS13-BS16-BS17-BS18-BS19 -> -19.1521 | BT20: =BT13-BT16-BT17-BT18-BT19 -> -25.421259 | BU20: =BU13-BU16-BU17-BU18-BU19 -> -22.867412 | BV20: =BV13-BV16-BV17-BV18-BV19 -> -37.259143 | BW20: =BW13-BW16-BW17-BW18-BW19 -> -36.389221 | BX20: =BX13-BX16-BX17-BX18-BX19 -> -33.065445 | ... CB20: =CB13-CB16-CB17-CB18-CB19 -> 42.385013 | CE20: =CB20-CA20 -> 54.935215 | CF20: =HLOOKUP($E$2,$BQ$2:$CB$505,ROW()-1,0)-HLOOKUP($E$2,$BD$2:$BO$412,ROW()-1,0) -> 33.456988 | CH20: =SUM(BQ20:CB20) -> -218.02947 | CK20: =CH20-SUM(BD20:BO20) -> 342.12973 | CM20: =D20 -> 순액처리 | CZ20: =SUM(CN20:CY20) -> 0
C21: 관리수수료 | F21: 38.873879 | G21: 40.31233 | H21: 42.252128 | I21: 39.439889 | J21: 43.59426 | K21: 40.877616 | L21: 41.065562 | M21: 44.865416 | N21: 42.496813 | O21: 43.838211 | P21: 40.671535 | Q21: 42.174853 | R21: 41.181559 | S21: 46.179168 | T21: 43.562214 | U21: 52.91949 | V21: 46.568344 | W21: 47.585661 | X21: 46.753641 | Y21: 49.665687 | Z21: 46.422716 | AA21: 49.670652 | AB21: 50.46602 | AC21: 48.955665 | AD21: 50.46 | AE21: 52.316195 | AF21: 52.320335 | AG21: 49.76926 | AH21: 52.548349 | AI21: 52.622964 | AJ21: 54.929105 | AK21: 55.58836 | AL21: 54.052958 | AM21: 45.170608 | AN21: 56.900435 | AO21: 48.675597 | AQ21: 67.035032 | AR21: 50.863376 | AS21: 59.716036 | AT21: 55.567621 | AU21: 58.716059 | AV21: 57.914679 | AW21: 60.555175 | AX21: 58.62319 | AY21: 53.750966 | AZ21: 60.481486 | BA21: 55.964691 | BB21: 61.162647 | BC21: 700.35096 | BD21: 59.825449 | BE21: 58.204345 | BF21: 57.755821 | BG21: 55.445384 | BH21: 55.358037 | BI21: 55.127947 | BJ21: 57.009085 | BK21: 55.188602 | BL21: 53.705683 | BM21: 60.367561 | BN21: 50.24477 | BO21: 67.090589 | BP21: 685.32327 | BQ21: 49.926384 | BR21: 52.970258 | BS21: 49.264715 | BT21: 56.60334 | BU21: 46.224101 | BV21: 59.260522 | BW21: 53.276578 | BX21: 50.293206 | BY21: 52.541221 | BZ21: 44.020952 | CA21: 50.254107 | CB21: 51.007165 | CC21: =HLOOKUP($E$2,$BQ$2:$CB$505,ROW()-1,0)-HLOOKUP($E$2,$CN$2:$CY$412,ROW()-1,0) -> 51.007165 | CD21: =IFERROR(HLOOKUP($E$2,$BQ$2:$CB$505,ROW()-1,0)/HLOOKUP($E$2,$CN$2:$CY$412,ROW()-1,0),0) -> 0 | CE21: =CB21-CA21 -> 0.75305733 | CF21: =HLOOKUP($E$2,$BQ$2:$CB$505,ROW()-1,0)-HLOOKUP($E$2,$BD$2:$BO$412,ROW()-1,0) -> -16.083424 | CH21: =SUM(BQ21:CB21) -> 615.64255 | CI21: =CH21-SUM(CN21:CO21) -> -10280.455 | CJ21: =IFERROR(CH21/SUM(CN21:CO21),0) -> 0.056501196 | CK21: =CH21-SUM(BD21:BO21) -> -69.680725 | CM21: =C21 -> 관리수수료 | CN21: 5441.0332 | CO21: 5455.0643 | CP21: 5445.171 | CQ21: 5431.956 | CR21: 5417.2384 | CS21: 5410.5678 | CT21: 5242.2349 | CU21: 5238.8512 | CV21: 5257.476 | CW21: 5246.0344 | CX21: 5239.6061 | CZ21: =SUM(CN21:CY21) -> 58825.233
C22: 유무선 | D22: 무선 | E22: HC 포함 | AD22: =AD25+AD26+AD27+AD28 -> 36.428543 | AE22: =AE25+AE26+AE27+AE28 -> 38.254324 | AF22: =AF25+AF26+AF27+AF28 -> 37.680998 | AG22: =AG25+AG26+AG27+AG28 -> 35.35052 | AH22: =AH25+AH26+AH27+AH28 -> 37.954123 | AI22: =AI25+AI26+AI27+AI28 -> 37.875063 | AJ22: =AJ25+AJ26+AJ27+AJ28 -> 39.621379 | AK22: =AK25+AK26+AK27+AK28 -> 39.924886 | ... AO22: =AO25+AO26+AO27+AO28 -> 32.301912 | AQ22: =AQ25+AQ26+AQ27+AQ28 -> 50.94331 | AR22: =AR25+AR26+AR27+AR28 -> 36.288816 | AS22: =AS25+AS26+AS27+AS28 -> 43.633407 | AT22: =AT25+AT26+AT27+AT28 -> 40.44886 | AU22: =AU25+AU26+AU27+AU28 -> 43.2874 | AV22: =AV25+AV26+AV27+AV28 -> 42.465738 | AW22: =AW25+AW26+AW27+AW28 -> 44.930372 | AX22: =AX25+AX26+AX27+AX28 -> 43.320758 | ... BO22: =BO25+BO26+BO27+BO28 -> 51.957692 | BP22: 504.9822 | BQ22: 35.549797 | BR22: 38.023935 | BS22: 34.712852 | BT22: 42.590158 | BU22: 32.231392 | BV22: 45.135692 | BW22: 38.949338 | BX22: 37.446917 | BY22: 38.870689 | BZ22: 37.753138 | CA22: 37.364049 | CB22: 38.150327 | CE22: =CB22-CA22 -> 0.7862773 | CF22: =HLOOKUP($E$2,$BQ$2:$CB$505,ROW()-1,0)-HLOOKUP($E$2,$BD$2:$BO$412,ROW()-1,0) -> -13.807365 | CH22: =SUM(BQ22:CB22) -> 456.77828 | CK22: =CH22-SUM(BD22:BO22) -> -48.203912 | CM22: =D22 -> 무선 | CZ22: =SUM(CN22:CY22) -> 0
D23: 유선 | AD23: =AD29+AD30+AD31 -> 5.8428892 | AE23: =AE29+AE30+AE31 -> 5.9340303 | AF23: =AF29+AF30+AF31 -> 6.2747439 | AG23: =AG29+AG30+AG31 -> 5.9320031 | AH23: =AH29+AH30+AH31 -> 5.955083 | AI23: =AI29+AI30+AI31 -> 6.0698822 | AJ23: =AJ29+AJ30+AJ31 -> 6.3395445 | AK23: =AK29+AK30+AK31 -> 6.5420082 | ... AO23: =AO29+AO30+AO31 -> 6.7006725 | AQ23: =AQ29+AQ30+AQ31 -> 7.897109 | AR23: =AR29+AR30+AR31 -> 6.5027426 | AS23: =AS29+AS30+AS31 -> 7.9257181 | AT23: =AT29+AT30+AT31 -> 7.273413 | AU23: =AU29+AU30+AU31 -> 7.2877746 | AV23: =AV29+AV30+AV31 -> 7.2841512 | AW23: =AW29+AW30+AW31 -> 7.8168192 | AX23: =AX29+AX30+AX31 -> 7.473016 | ... BO23: =BO29+BO30+BO31 -> 6.5815449 | BP23: 82.572907 | BQ23: 5.8569293 | BR23: 6.3086738 | BS23: 6.4937648 | BT23: 5.7726904 | BU23: 5.6720753 | BV23: 5.5931315 | BW23: 6.1463116 | BX23: 5.4555209 | BY23: 5.3701456 | BZ23: 5.3701456 | CA23: 5.1315711 | CB23: 5.1079653 | CE23: =CB23-CA23 -> -0.023605809 | CF23: =HLOOKUP($E$2,$BQ$2:$CB$505,ROW()-1,0)-HLOOKUP($E$2,$BD$2:$BO$412,ROW()-1,0) -> -1.4735796 | CH23: =SUM(BQ23:CB23) -> 68.278925 | CK23: =CH23-SUM(BD23:BO23) -> -14.293982 | CM23: =D23 -> 유선 | CZ23: =SUM(CN23:CY23) -> 0
D24: 기타 | AD24: =AD32+AD33 -> 8.1885679 | AE24: =AE32+AE33 -> 8.1278404 | AF24: =AF32+AF33 -> 8.3645933 | AG24: =AG32+AG33 -> 8.4867369 | AH24: =AH32+AH33 -> 8.639143 | AI24: =AI32+AI33 -> 8.6780193 | AJ24: =AJ32+AJ33 -> 8.9681813 | AK24: =AK32+AK33 -> 9.1214657 | ... AO24: =AO32+AO33 -> 9.673012 | AQ24: =AQ32+AQ33 -> 8.1946132 | AR24: =AR32+AR33 -> 8.0718169 | AS24: =AS32+AS33 -> 8.1569116 | AT24: =AT32+AT33 -> 7.8453479 | AU24: =AU32+AU33 -> 8.1408839 | AV24: =AV32+AV33 -> 8.1647907 | AW24: =AW32+AW33 -> 7.8079841 | AX24: =AX32+AX33 -> 7.8294168 | ... BO24: =BO32+BO33 -> 8.5513519 | BP24: 97.76817 | BQ24: 8.5196579 | BR24: 8.6376484 | BS24: 8.0580981 | BT24: 8.2404921 | BU24: 8.3206333 | BV24: 8.5316987 | BW24: 8.1809291 | BX24: 7.390768 | BY24: 8.3003862 | BZ24: 0.89766773 | CA24: 7.7584867 | CB24: 7.7488725 | CE24: =CB24-CA24 -> -0.00961416 | CF24: =HLOOKUP($E$2,$BQ$2:$CB$505,ROW()-1,0)-HLOOKUP($E$2,$BD$2:$BO$412,ROW()-1,0) -> -0.80247936 | CH24: =SUM(BQ24:CB24) -> 90.585339 | CK24: =CH24-SUM(BD24:BO24) -> -7.1828316 | CM24: =D24 -> 기타 | CZ24: =SUM(CN24:CY24) -> 0
C25: 항목별 | D25: 무선후불 | E25: 관리수수료(6.5%)+H/C(2%) | F25: =F21-F26-F27-F28-F29-F30-F31-F32-F33 -> 25.474384 | G25: =G21-G26-G27-G28-G29-G30-G31-G32-G33 -> 27.31858 | H25: =H21-H26-H27-H28-H29-H30-H31-H32-H33 -> 29.295902 | I25: =I21-I26-I27-I28-I29-I30-I31-I32-I33 -> 27.008509 | J25: =J21-J26-J27-J28-J29-J30-J31-J32-J33 -> 29.267277 | K25: =K21-K26-K27-K28-K29-K30-K31-K32-K33 -> 26.679873 | L25: =L21-L26-L27-L28-L29-L30-L31-L32-L33 -> 25.865263 | M25: =M21-M26-M27-M28-M29-M30-M31-M32-M33 -> 28.419974 | ... AO25: =AO21-AO26-AO27-AO28-AO29-AO30-AO31-AO32-AO33 -> 23.630185 | AQ25: =AQ21-AQ26-AQ27-AQ28-AQ29-AQ30-AQ31-AQ32-AQ33 -> 42.066385 | AR25: =AR21-AR26-AR27-AR28-AR29-AR30-AR31-AR32-AR33 -> 27.371089 | AS25: =AS21-AS26-AS27-AS28-AS29-AS30-AS31-AS32-AS33 -> 34.751477 | AT25: =AT21-AT26-AT27-AT28-AT29-AT30-AT31-AT32-AT33 -> 31.781033 | AU25: =AU21-AU26-AU27-AU28-AU29-AU30-AU31-AU32-AU33 -> 34.715692 | AV25: =AV21-AV26-AV27-AV28-AV29-AV30-AV31-AV32-AV33 -> 33.89568 | AW25: =AW21-AW26-AW27-AW28-AW29-AW30-AW31-AW32-AW33 -> 36.221803 | AX25: =AX21-AX26-AX27-AX28-AX29-AX30-AX31-AX32-AX33 -> 34.629332 | ... BO25: =BO21-BO26-BO27-BO28-BO29-BO30-BO31-BO32-BO33 -> 44.400749 | BP25: 405.4862 | BQ25: 28.244298 | BR25: 30.704433 | BS25: 27.694782 | BT25: 35.633831 | BU25: 25.39898 | BV25: 38.599851 | BW25: 32.468355 | BX25: 31.153022 | BY25: 32.786796 | BZ25: 31.781018 | CA25: 31.610686 | CB25: 32.494026 | CE25: =CB25-CA25 -> 0.88334037 | CF25: =HLOOKUP($E$2,$BQ$2:$CB$505,ROW()-1,0)-HLOOKUP($E$2,$BD$2:$BO$412,ROW()-1,0) -> -11.906723 | CH25: =SUM(BQ25:CB25) -> 378.57008 | CK25: =CH25-SUM(BD25:BO25) -> -26.916119 | CM25: =D25 -> 무선후불 | CZ25: =SUM(CN25:CY25) -> 0
D26: 2nd 등 기타단말 | E26: PAD, wearable 등 | F26: 1.8591971 | G26: 1.816954 | H26: 1.7545704 | I26: 1.6970742 | J26: 1.6522099 | K26: 1.6173927 | L26: 1.571833 | M26: 1.5565831 | N26: 1.5211876 | O26: 1.4865385 | P26: 1.407586 | Q26: 1.3166523 | R26: 1.3896909 | S26: 1.3358012 | T26: 1.3284744 | U26: 1.3292354 | V26: 1.2939248 | W26: 1.2629758 | X26: 1.2569758 | Y26: 1.2565529 | Z26: 1.258234 | AA26: 1.2655713 | AB26: 1.2370029 | AC26: 1.2647144 | AD26: 0.99218877 | AE26: 1.0342916 | AF26: 1.0559027 | AG26: 1.0725137 | AH26: 1.0878433 | AI26: 1.1060234 | AJ26: 1.3026812 | AK26: 1.3284586 | AL26: 1.3594351 | AM26: 1.3493945 | AN26: 1.3250953 | AO26: 1.3736389 | AQ26: 1.7 | AR26: 1.683 | AS26: 1.66617 | AT26: 1.6495083 | AU26: 1.6330132 | AV26: 1.6166831 | AW26: 1.6005163 | AX26: 1.5845111 | AY26: 1.568666 | AZ26: 1.5529793 | BA26: 1.5374495 | BB26: 1.522075 | BC26: 19.314572 | BD26: 1.62 | BE26: 1.59 | BF26: 1.58 | BG26: 1.57 | BH26: 1.5 | BI26: 1.4897 | BJ26: 1.409426 | BK26: 1.4074729 | BL26: 1.4052531 | BM26: 1.3966002 | BN26: 1.4064342 | BO26: 1.420446 | BP26: 17.795332 | BQ26: 1.4180424 | BR26: 1.4337838 | BS26: 1.4274744 | BT26: 1.5287669 | BU26: 1.5329222 | BV26: 1.4180424 | BW26: 1.518616 | BX26: 1.518616 | BY26: 1.5016433 | BZ26: 1.5257768 | CA26: 1.4983585 | CB26: 1.5105706 | CE26: =CB26-CA26 -> 0.012212134 | CF26: =HLOOKUP($E$2,$BQ$2:$CB$505,ROW()-1,0)-HLOOKUP($E$2,$BD$2:$BO$412,ROW()-1,0) -> 0.090124659 | CH26: =SUM(BQ26:CB26) -> 17.832613 | CK26: =CH26-SUM(BD26:BO26) -> 0.037280938 | CM26: =D26 -> 2nd 등 기타단말 | CZ26: =SUM(CN26:CY26) -> 0
D27: IoT | E27: M2M 가입자 | F27: 2.0496658 | G27: 1.8883216 | H27: 1.8591888 | I27: 1.8411988 | J27: 1.8375549 | K27: 1.8341818 | L27: 2.9678199 | M27: 1.8542415 | N27: 1.8644706 | O27: 1.8599187 | P27: 1.8170062 | Q27: 1.8180759 | R27: 1.7818135 | S27: 1.7777955 | T27: 1.7867735 | U27: 1.8048432 | V27: 1.8329662 | W27: 1.8329405 | X27: 1.8624729 | Y27: 1.871475 | Z27: 1.8474246 | AA27: 1.8373948 | AB27: 1.7821269 | AC27: 1.8303571 | AD27: 1.9709267 | AE27: 1.9508069 | AF27: 1.9047488 | AG27: 1.8758445 | AH27: 1.8655475 | AI27: 1.829179 | AJ27: 1.7629149 | AK27: 1.7505885 | AL27: 1.7479841 | AM27: 1.709823 | AN27: 1.6316963 | AO27: 1.615807 | AQ27: 1.522877 | AR27: 1.5334383 | AS27: 1.4773935 | AT27: 1.490764 | AU27: 1.458566 | AV27: 1.4674783 | AW27: 1.4742315 | AX27: 1.4776952 | AY27: 1.482604 | AZ27: 1.4977765 | BA27: 1.5123922 | BB27: 1.5158645 | BC27: 17.911081 | BD27: 1.8011075 | BE27: 1.7306893 | BF27: 1.7301623 | BG27: 1.6455278 | BH27: 1.7 | BI27: 1.7 | BJ27: 1.7411652 | BK27: 1.7043583 | BL27: 1.7339789 | BM27: 1.7348237 | BN27: 1.7119061 | BO27: 1.7274594 | BP27: 20.661178 | BQ27: 1.7448628 | BR27: 1.7453801 | BS27: 1.7273761 | BT27: 1.7503189 | BU27: 1.781016 | BV27: 1.7448628 | BW27: 1.7448628 | BX27: 1.7448628 | BY27: 1.7315591 | BZ27: 1.7583899 | CA27: 1.7430904 | CB27: 1.7430904 | CE27: =CB27-CA27 -> 0 | CF27: =HLOOKUP($E$2,$BQ$2:$CB$505,ROW()-1,0)-HLOOKUP($E$2,$BD$2:$BO$412,ROW()-1,0) -> 0.015631056 | CH27: =SUM(BQ27:CB27) -> 20.959672 | CK27: =CH27-SUM(BD27:BO27) -> 0.29849395 | CM27: =D27 -> IoT | CZ27: =SUM(CN27:CY27) -> 0
D28: 도매 H/C | E28: '21년2월이후 도매위탁 가입자 2% | F28: 0 | G28: 0 | H28: 0 | I28: 0 | J28: 0 | K28: 0 | L28: 0 | M28: 0 | N28: 0 | O28: 0 | P28: 0 | Q28: 0 | R28: 0 | S28: 3.988969 | T28: 4.0320566 | U28: 4.0320566 | V28: 4.2531084 | W28: 4.3830917 | X28: 4.395525 | Y28: 4.5657913 | Z28: 4.5922959 | AA28: 4.745926 | AB28: 4.8850614 | AC28: 4.8625408 | AD28: 4.956098 | AE28: 5.0045811 | AF28: 5.1387977 | AG28: 5.1145864 | AH28: 5.2206736 | AI28: 5.3154866 | AJ28: 5.3802333 | AK28: 5.490456 | AL28: 5.5203997 | AM28: 5.6021074 | AN28: 5.6361316 | AO28: 5.6822816 | AQ28: 5.6540479 | AR28: 5.7012886 | AS28: 5.7383666 | AT28: 5.5275549 | AU28: 5.4801296 | AV28: 5.4858961 | AW28: 5.6338215 | AX28: 5.6292191 | AY28: 5.5366031 | AZ28: 5.6500354 | BA28: 5.5978559 | BB28: 5.5739475 | BC28: 67.208766 | BD28: 5.5675732 | BE28: 5.5085874 | BF28: 5.4530992 | BG28: 5.367874 | BH28: 5.28413 | BI28: 5.1725335 | BJ28: 5.1201324 | BK28: 5.0028767 | BL28: 4.867749 | BM28: 4.7402626 | BN28: 4.5456321 | BO28: 4.4090379 | BP28: 61.039488 | BQ28: 4.1425932 | BR28: 4.1403388 | BS28: 3.8632196 | BT28: 3.6772409 | BU28: 3.5184741 | BV28: 3.3729352 | BW28: 3.2175035 | BX28: 3.0304162 | BY28: 2.8506906 | BZ28: 2.6879537 | CA28: 2.5119147 | CB28: 2.4026395 | CE28: =CB28-CA28 -> -0.1092752 | CF28: =HLOOKUP($E$2,$BQ$2:$CB$505,ROW()-1,0)-HLOOKUP($E$2,$BD$2:$BO$412,ROW()-1,0) -> -2.0063984 | CH28: =SUM(BQ28:CB28) -> 39.41592 | CK28: =CH28-SUM(BD28:BO28) -> -21.623568 | CM28: =D28 -> 도매 H/C | CZ28: =SUM(CN28:CY28) -> 0
D29: 인터넷 | F29: 2.8319186 | G29: 2.7747745 | H29: 2.8072121 | I29: 2.7751741 | J29: 3.706454 | K29: 3.7107708 | L29: 3.6954438 | M29: 3.690662 | N29: 3.6973195 | O29: 3.7111818 | P29: 3.71572 | Q29: 3.7363343 | R29: 3.723996 | S29: 3.6172211 | T29: 3.8684581 | U29: 3.7628205 | V29: 3.7835796 | W29: 3.9136495 | X29: 3.8884717 | Y29: 4.0009168 | Z29: 3.9628551 | AA29: 4.0118373 | AB29: 4.0941512 | AC29: 3.8918233 | AD29: 4.083606 | AE29: 4.1496892 | AF29: 4.460777 | AG29: 4.1496892 | AH29: 4.1548569 | AI29: 4.2358684 | AJ29: 4.2799415 | AK29: 4.404908 | AL29: 4.378567 | AM29: 4.418348 | AN29: 4.4847528 | AO29: 4.485517 | AQ29: 5.034111 | AR29: 4.2332796 | AS29: 4.9166244 | AT29: 4.5693362 | AU29: 4.5908375 | AV29: 4.5822825 | AW29: 4.9184787 | AX29: 4.6786445 | AY29: 4.6044434 | AZ29: 4.7734635 | BA29: 4.7316571 | BB29: 5.0583823 | BC29: 56.691541 | BD29: 4.8145571 | BE29: 4.7889017 | BF29: 4.8234308 | BG29: 4.7762958 | BH29: 4.6528247 | BI29: 4.5738334 | BJ29: 4.5105966 | BK29: 4.3819245 | BL29: 4.3197047 | BM29: 4.875229 | BN29: 4.1325229 | BO29: 4.2814633 | BP29: 54.931285 | BQ29: 3.8039285 | BR29: 4.1171956 | BS29: 4.3993616 | BT29: 3.7391066 | BU29: 3.6557821 | BV29: 3.5924523 | BW29: 3.8894032 | BX29: 3.4551303 | BY29: 3.3829425 | BZ29: 3.3829425 | CA29: 3.1911022 | CB29: 3.1645737 | CE29: =CB29-CA29 -> -0.026528455 | CF29: =HLOOKUP($E$2,$BQ$2:$CB$505,ROW()-1,0)-HLOOKUP($E$2,$BD$2:$BO$412,ROW()-1,0) -> -1.1168895 | CH29: =SUM(BQ29:CB29) -> 43.773921 | CK29: =CH29-SUM(BD29:BO29) -> -11.157363 | CM29: =D29 -> 인터넷 | CZ29: =SUM(CN29:CY29) -> 0
D30: TV | F30: 1.1862099 | G30: 1.1716489 | H30: 1.1478352 | I30: 1.1099225 | J30: 1.8486406 | K30: 1.8199535 | L30: 1.8135665 | M30: 1.7916102 | N30: 1.7797416 | O30: 1.7558139 | P30: 1.7228359 | Q30: 1.7046977 | R30: 1.6832073 | S30: 1.6089168 | T30: 1.6991037 | U30: 1.6112272 | V30: 1.5743054 | W30: 1.5836085 | X30: 1.5427434 | Y30: 1.5822535 | Z30: 1.5518969 | AA30: 1.7180076 | AB30: 2.8612784 | AC30: 1.7501655 | AD30: 1.7327599 | AE30: 1.7578673 | AF30: 1.784618 | AG30: 1.7578673 | AH30: 1.7712138 | AI30: 1.8049612 | AJ30: 2.0319553 | AK30: 2.1079584 | AL30: 2.0922693 | AM30: 2.1288883 | AN30: 2.1728997 | AO30: 2.1858508 | AQ30: 1.9871371 | AR30: 2.190501 | AS30: 1.6563014 | AT30: 2.3826345 | AU30: 2.0444983 | AV30: 2.0659987 | AW30: 2.0694204 | AX30: 2.2355181 | AY30: 2.1392998 | AZ30: 2.1141679 | BA30: 2.1989009 | BB30: 2.2006524 | BC30: 25.285031 | BD30: 2.3898515 | BE30: 2.2623745 | BF30: 2.2457272 | BG30: 2.2506791 | BH30: 2.2239743 | BI30: 2.1981428 | BJ30: 2.2025614 | BK30: 2.1641347 | BL30: 2.1498161 | BM30: 2.4963488 | BN30: 2.0994083 | BO30: 2.2071336 | BP30: 26.890152 | BQ30: 1.9646245 | BR30: 2.1139593 | BS30: 2.0006825 | BT30: 1.944559 | BU30: 1.9207854 | BV30: 1.9006985 | BW30: 2.1088226 | BX30: 1.8780528 | BY30: 1.8569471 | BZ30: 1.8569471 | CA30: 1.7957805 | CB30: 1.7909318 | CE30: =CB30-CA30 -> -0.0048486364 | CF30: =HLOOKUP($E$2,$BQ$2:$CB$505,ROW()-1,0)-HLOOKUP($E$2,$BD$2:$BO$412,ROW()-1,0) -> -0.41620182 | CH30: =SUM(BQ30:CB30) -> 23.132791 | CK30: =CH30-SUM(BD30:BO30) -> -3.7573612 | CM30: =D30 -> TV | CZ30: =SUM(CN30:CY30) -> 0
D31: 유선기타 | E31: SOIP, 기가아이즈, PSTN 등 | F31: 0.021736055 | G31: 0.019277773 | H31: 0.020036682 | I31: 0.019458718 | J31: 0.023965373 | K31: 0.024830073 | L31: 0.025184418 | M31: 0.0249364 | N31: 0.024402055 | O31: 0.024128964 | P31: 0.023571536 | Q31: 0.024561455 | R31: 0.024099191 | S31: 0.024071755 | T31: 0.025913791 | U31: 0.026022091 | V31: 0.025299127 | W31: 0.025760082 | X31: 0.025516845 | Y31: 0.026451918 | Z31: 0.026320573 | AA31: 0.026058482 | AB31: 0.027497736 | AC31: 0.026132264 | AD31: 0.026523327 | AE31: 0.026473855 | AF31: 0.029348909 | AG31: 0.024446636 | AH31: 0.029012309 | AI31: 0.029052609 | AJ31: 0.027647618 | AK31: 0.029141755 | AL31: 0.029215645 | AM31: 0.027559045 | AN31: 0.029438664 | AO31: 0.029304682 | AQ31: 0.87586089 | AR31: 0.078961967 | AS31: 1.3527922 | AT31: 0.32144223 | AU31: 0.6524388 | AV31: 0.63587 | AW31: 0.82892014 | AX31: 0.55885345 | AY31: 0.61588037 | AZ31: 0.74195955 | BA31: 0.66719982 | BB31: 0.88550425 | BC31: 8.2156837 | BD31: 0.06 | BE31: 0.07 | BF31: 0.07 | BG31: 0.07 | BH31: 0.041914509 | BI31: 0.040797309 | BJ31: 0.047433945 | BK31: 0.050593609 | BL31: 0.056795291 | BM31: 0.083758573 | BN31: 0.067228491 | BO31: 0.092948 | BP31: 0.75146973 | BQ31: 0.08837641 | BR31: 0.0775189 | BS31: 0.093720582 | BT31: 0.089024718 | BU31: 0.095507827 | BV31: 0.099980718 | BW31: 0.14808576 | BX31: 0.12233779 | BY31: 0.13025594 | BZ31: 0.13025594 | CA31: 0.14468845 | CB31: 0.15245973 | CE31: =CB31-CA31 -> 0.0077712818 | CF31: =HLOOKUP($E$2,$BQ$2:$CB$505,ROW()-1,0)-HLOOKUP($E$2,$BD$2:$BO$412,ROW()-1,0) -> 0.059511727 | CH31: =SUM(BQ31:CB31) -> 1.3722128 | CK31: =CH31-SUM(BD31:BO31) -> 0.62074303 | CM31: =D31 -> 유선기타 | CZ31: =SUM(CN31:CY31) -> 0
D32: 매장성수수료 | E32: CS업무처리 수수료 (전사) | F32: 0.75039631 | G32: 0.70240427 | H32: 0.67715014 | I32: 0.71141729 | J32: 0.71719927 | K32: 0.72171653 | L32: 0.72252894 | M32: 0.67832363 | N32: 0.68035809 | O32: 0.65314772 | P32: 0.63587112 | Q32: 0.6 | R32: 0.63430848 | S32: 0.69238188 | T32: 0.67038287 | U32: 0.95676457 | V32: 0.59000194 | W32: 0.63244185 | X32: 0.63892992 | Y32: 0.62649979 | Z32: 0.59313703 | AA32: 0.59049806 | AB32: 0.58983946 | AC32: 0.63162516 | AD32: 0.60857249 | AE32: 0.55560362 | AF32: 0.57832629 | AG32: 0.7640687 | AH32: 0.77330588 | AI32: 0.75535164 | AJ32: 0.76877136 | AK32: 0.77995281 | AL32: 0.73066151 | AM32: 0.72061025 | AN32: 0.72683316 | AO32: 0.84091363 | AQ32: 0.69246336 | AR32: 0.73521294 | AS32: 0.74165735 | AT32: 0.6494656 | AU32: 0.6837346 | AV32: 0.70764137 | AW32: 0.71303571 | AX32: 0.75867725 | AY32: 0.63747106 | AZ32: 0.7163787 | BA32: 0.68336764 | BB32: 0.62569349 | BC32: 8.3447991 | BD32: 0.69062104 | BE32: 0.67475181 | BF32: 0.65596743 | BG32: 0.66106861 | BH32: 0.66754688 | BI32: 0.64455618 | BJ32: 0.709512 | BK32: 0.7051672 | BL32: 0.62985633 | BM32: 0.65229932 | BN32: 0.63941378 | BO32: 0.61422585 | BP32: 7.9449864 | BQ32: 0.58253187 | BR32: 0.66603878 | BS32: 0.63645968 | BT32: 0.59906741 | BU32: 0.69777633 | BV32: 0.75951674 | BW32: 0.68965745 | BX32: 0.71409785 | BY32: 1.3731128 | BZ32: 0.67433715 | CA32: 0.88575874 | CB32: 0.90341731 | CE32: =CB32-CA32 -> 0.01765857 | CF32: =HLOOKUP($E$2,$BQ$2:$CB$505,ROW()-1,0)-HLOOKUP($E$2,$BD$2:$BO$412,ROW()-1,0) -> 0.28919146 | CH32: =SUM(BQ32:CB32) -> 9.1817721 | CK32: =CH32-SUM(BD32:BO32) -> 1.2367857 | CM32: =D32 -> 매장성수수료 | CZ32: =SUM(CN32:CY32) -> 0
D33: 프라자3.0 | E33: 플라자 인건비 지원 | F33: 4.7003716 | G33: 4.6203696 | H33: 4.6902329 | I33: 4.2771339 | J33: 4.5409584 | K33: 4.4688985 | L33: 4.4039226 | M33: 6.849085 | N33: 6.8222369 | O33: 6.917735 | P33: 6.7416823 | Q33: 6.8 | R33: 6.7307911 | S33: 6.5015509 | T33: 7.1817082 | U33: 6.904587 | V33: 6.9987256 | W33: 7.0713477 | X33: 7.0893753 | Y33: 7.3131808 | Z33: 7.1419121 | AA33: 7.3263247 | AB33: 5.9666941 | AC33: 7.5175297 | AD33: 7.5799954 | AE33: 7.5722368 | AF33: 7.786267 | AG33: 7.7226682 | AH33: 7.8658372 | AI33: 7.9226677 | AJ33: 8.1994099 | AK33: 8.3415128 | AL33: 8.2962255 | AM33: 8.7071392 | AN33: 7.1787305 | AO33: 8.8320983 | AQ33: 7.5021498 | AR33: 7.336604 | AS33: 7.4152542 | AT33: 7.1958823 | AU33: 7.4571493 | AV33: 7.4571493 | AW33: 7.0949484 | AX33: 7.0707396 | AY33: 6.9190743 | AZ33: 7.3750379 | BA33: 6.7795678 | BB33: 6.9597472 | BC33: 86.563304 | BD33: 6.942412 | BE33: 7.3289995 | BF33: 7.3490695 | BG33: 7.3918177 | BH33: 7.3868889 | BI33: 7.3146808 | BJ33: 7.6354255 | BK33: 7.4 | BL33: 7.6538857 | BM33: 7.8686388 | BN33: 7.6142395 | BO33: 7.937126 | BP33: 89.823184 | BQ33: 7.937126 | BR33: 7.9716096 | BS33: 7.4216384 | BT33: 7.6414247 | BU33: 7.622857 | BV33: 7.772182 | BW33: 7.4912717 | BX33: 6.6766701 | BY33: 6.9272734 | BZ33: 0.22333058 | CA33: 6.872728 | CB33: 6.8454552 | CE33: =CB33-CA33 -> -0.02727273 | CF33: =HLOOKUP($E$2,$BQ$2:$CB$505,ROW()-1,0)-HLOOKUP($E$2,$BD$2:$BO$412,ROW()-1,0) -> -1.0916708 | CH33: =SUM(BQ33:CB33) -> 81.403567 | CK33: =CH33-SUM(BD33:BO33) -> -8.4196173 | CM33: =D33 -> 프라자3.0 | CZ33: =SUM(CN33:CY33) -> 0
C34: 채널 | D34: 소매 | E34: 관리수수료(점프업 제외)+매장성 수수료 | AQ34: =AQ109+AQ32 -> 24.157487 | AR34: =AR109+AR32 -> 25.568396 | AS34: =AS109+AS32 -> 26.495892 | AT34: =AT109+AT32 -> 25.876094 | AU34: =AU109+AU32 -> 26.402349 | AV34: =AV109+AV32 -> 25.66123 | AW34: =AW109+AW32 -> 26.877775 | AX34: =AX109+AX32 -> 27.447559 | ... BA34: =BA109+BA32 -> 27.797599 | BB34: 27.376673 | BC34: =SUM(AQ34:BB34) -> 318.78142 | BD34: =BD109+BD32 -> 27.734044 | BE34: =BE109+BE32 -> 28.118391 | BF34: =BF109+BF32 -> 27.531078 | BG34: =BG109+BG32 -> 27.795424 | BH34: =BH109+BH32 -> 27.498892 | BI34: =BI109+BI32 -> 27.729111 | BJ34: =BJ109+BJ32 -> 27.66494 | BK34: =BK109+BK32 -> 27.504844 | ... BO34: =BO109+BO32 -> 26.608954 | BP34: 322.02978 | BQ34: 24.447654 | BR34: 25.343579 | BS34: =BS109+BS100 -> 25.657675 | BT34: =BT109+BT100 -> 24.383282 | BU34: =BU109+BU100 -> 24.2331 | BV34: =BV109+BV100 -> 24.855322 | BW34: =BW109+BW100 -> 26.207975 | BX34: 24.532888 | BY34: 24.691904 | BZ34: 24.472205 | CA34: 24.593803 | CB34: 24.545371 | CE34: =CB34-CA34 -> -0.048432361 | CF34: =HLOOKUP($E$2,$BQ$2:$CB$505,ROW()-1,0)-HLOOKUP($E$2,$BD$2:$BO$412,ROW()-1,0) -> -2.0635831 | CH34: =SUM(BQ34:CB34) -> 297.96476 | CK34: =CH34-SUM(BD34:BO34) -> -32.010005 | CM34: =D34 -> 소매 | CZ34: =SUM(CN34:CY34) -> 0
D35: 도매 | AQ35: 14.614718 | AR35: 14.209056 | AS35: 14.780466 | AT35: 14.649513 | AU35: 14.581836 | AV35: 14.243939 | AW35: 14.415164 | AX35: 14.217451 | AY35: 13.834609 | AZ35: 13.867734 | BA35: 13.545669 | BB35: 13.416322 | BC35: =SUM(AQ35:BB35) -> 170.37648 | BD35: =BD127 -> 13.062489 | BE35: =BE127 -> 12.592116 | BF35: =BF127 -> 12.39713 | BG35: =BG127 -> 12.070754 | BH35: =BH127 -> 11.645301 | BI35: =BI127 -> 11.270599 | BJ35: =BJ127 -> 11.114055 | BK35: =BK127 -> 10.797321 | ... BO35: =BO127 -> 9.6256768 | BP35: 135.42187 | BQ35: 9.0666553 | BR35: 9.0830929 | BS35: 8.5529126 | BT35: 8.0079655 | BU35: 7.6013216 | BV35: 11.278029 | BW35: 9.470221 | BX35: 9.1587075 | BY35: 9.0471217 | BZ35: 8.9171925 | CA35: 8.8098992 | CB35: 8.7081341 | CE35: =CB35-CA35 -> -0.10176503 | CF35: =HLOOKUP($E$2,$BQ$2:$CB$505,ROW()-1,0)-HLOOKUP($E$2,$BD$2:$BO$412,ROW()-1,0) -> -0.91754262 | CH35: =SUM(BQ35:CB35) -> 107.70125 | CK35: =CH35-SUM(BD35:BO35) -> -27.720617 | CM35: =D35 -> 도매 | CZ35: =SUM(CN35:CY35) -> 0
