Workbook

Sheet 1Q 종합
B2: ■ '26년 조직 KPI 1Q 득점 현황
B4: 영업 기준일 | C4: 일반후불 | D4: MNP/후불신규 | E4: 유선순신규 | F4: MIT 동시판매 | G4: 전략상품 | H4: R-VOC | I4: TCSI | J4: 인프라 | K4: 판매 APRU | L4: 1G 유치율 | M4: 법인 직접영업
C5: 1~3월 | D5: 1~3월 | E5: 1~3월 | F5: 1~3월 | G5: 1~3월 | H5: 1~3월 | I5: 1~3월 | J5: 1~3월 | K5: 1~3월 | L5: 1~3월 | M5: 1~3월
B6: 이익 기준일 | C6: 정책매출 | D6: 매장이익 | E6: 영업이익/추가수익
C7: 1~3월 | D7: 1~3월 | E7: 1~3월
B8: √ 지역본부 : 소매 60% +도매 30% + 소상공인 10%
B10: 조직 | C10: KPI 득점 | D10: 순위 | E10: 소매 | H10: 도매 | K10: 소상공인
F11: 영업 | G11: 이익 | I11: 영업 | J11: 이익 | L11: 영업 | M11: 이익
E12: =SUM(F12:G12) -> 90 | F12: 75 | G12: 15 | H12: =SUM(I12:J12) -> 90 | I12: 85 | J12: 5 | K12: =SUM(L12:M12) -> 90 | L12: 70 | M12: 20
B13: 강북본부 | C13: =(E13)*0.6+(H13)*0.3+(K13)*0.1 -> 80.023937 | D13: =RANK(C13,$C$13:$C$17) -> 4 | E13: =SUM(F13:G13) -> 77.463602 | F13: ='1Q 소매'!E12 -> 61.888039 | G13: ='1Q 소매'!O12 -> 15.575563 | H13: =I13+J13 -> 91.939676 | I13: ='1Q 도매'!E12 -> 86.544941 | J13: ='1Q 도매'!N12 -> 5.3947342 | K13: =L13+M13 -> 59.638727 | L13: ='1Q 소상공인'!E25 -> 40.225496 | M13: ='1Q 소상공인'!K25 -> 19.413231
B14: 강남본부 | C14: =(E14)*0.6+(H14)*0.3+(K14)*0.1 -> 79.830811 | D14: =RANK(C14,$C$13:$C$17) -> 5 | E14: =SUM(F14:G14) -> 77.747519 | F14: ='1Q 소매'!E13 -> 62.384392 | G14: ='1Q 소매'!O13 -> 15.363127 | H14: =I14+J14 -> 94.272648 | I14: ='1Q 도매'!E13 -> 89.269737 | J14: ='1Q 도매'!N13 -> 5.0029107 | K14: =L14+M14 -> 49.005058 | L14: ='1Q 소상공인'!E26 -> 29.577321 | M14: ='1Q 소상공인'!K26 -> 19.427737
B15: 강서본부 | C15: =(E15)*0.6+(H15)*0.3+(K15)*0.1 -> 83.292676 | D15: =RANK(C15,$C$13:$C$17) -> 1 | E15: =SUM(F15:G15) -> 78.584923 | F15: ='1Q 소매'!E14 -> 62.875429 | G15: ='1Q 소매'!O14 -> 15.709495 | H15: =I15+J15 -> 96.488207 | I15: ='1Q 도매'!E14 -> 91.219695 | J15: ='1Q 도매'!N14 -> 5.2685119 | K15: =L15+M15 -> 71.952599 | L15: ='1Q 소상공인'!E27 -> 52.454039 | M15: ='1Q 소상공인'!K27 -> 19.49856
B16: 동부본부 | C16: =(E16)*0.6+(H16)*0.3+(K16)*0.1 -> 82.30466 | D16: =RANK(C16,$C$13:$C$17) -> 2 | E16: =SUM(F16:G16) -> 79.248741 | F16: ='1Q 소매'!E15 -> 63.803702 | G16: ='1Q 소매'!O15 -> 15.445039 | H16: =I16+J16 -> 96.10838 | I16: ='1Q 도매'!E15 -> 90.10838 | J16: ='1Q 도매'!N15 -> 6 | K16: =L16+M16 -> 59.229019 | L16: ='1Q 소상공인'!E28 -> 40.55119 | M16: ='1Q 소상공인'!K28 -> 18.677829
B17: 서부본부 | C17: =(E17)*0.6+(H17)*0.3+(K17)*0.1 -> 80.276515 | D17: =RANK(C17,$C$13:$C$17) -> 3 | E17: =SUM(F17:G17) -> 78.515546 | F17: ='1Q 소매'!E16 -> 63.167013 | G17: ='1Q 소매'!O16 -> 15.348533 | H17: =I17+J17 -> 88.346642 | I17: ='1Q 도매'!E16 -> 82.346642 | J17: ='1Q 도매'!N16 -> 6 | K17: =L17+M17 -> 66.631952 | L17: ='1Q 소상공인'!E29 -> 45.853513 | M17: ='1Q 소상공인'!K29 -> 20.77844
B18: 평균 | C18: =AVERAGE(C13:C17) -> 81.14572 | D18: - | E18: =AVERAGE(E13:E17) -> 78.312066 | F18: =AVERAGE(F13:F17) -> 62.823715 | G18: =AVERAGE(G13:G17) -> 15.488351 | H18: =AVERAGE(H13:H17) -> 93.43111 | I18: =AVERAGE(I13:I17) -> 87.897879 | J18: =AVERAGE(J13:J17) -> 5.5332314 | K18: =AVERAGE(K13:K17) -> 61.291471 | L18: =AVERAGE(L13:L17) -> 41.732312 | M18: =AVERAGE(M13:M17) -> 19.559159
B19: 본부별편차 | C19: =MAX(C13:C17)-MIN(C13:C17) -> 3.4618645 | D19: - | E19: =MAX(E13:E17)-MIN(E13:E17) -> 1.7851387 | F19: =MAX(F13:F17)-MIN(F13:F17) -> 1.9156635 | G19: =MAX(G13:G17)-MIN(G13:G17) -> 0.36096193 | H19: =MAX(H13:H17)-MIN(H13:H17) -> 8.1415647 | I19: =MAX(I13:I17)-MIN(I13:I17) -> 8.8730528 | J19: =MAX(J13:J17)-MIN(J13:J17) -> 0.99708926 | K19: =MAX(K13:K17)-MIN(K13:K17) -> 22.947541 | L19: =MAX(L13:L17)-MIN(L13:L17) -> 22.876718 | M19: =MAX(M13:M17)-MIN(M13:M17) -> 2.1006107

Sheet 1Q 소매
B2: ■ 26년 소매 조직별 1Q KPI 득점 현황
B4: 영업 기준일 | C4: 후불 | D4: MNP/후불신규 | E4: 유선순신규 | F4: MIT | G4: 전략상품 | H4: R-VOC | I4: TCSI | J4: 판매APRU | K4: 1G유치율
C5: 1~3월 | D5: 1~3월 | E5: 1~3월 | F5: 1~3월 | G5: 1~3월 | H5: 1~3월 | I5: 1~3월 | J5: 1~3월 | K5: 1~3월
B6: 이익 기준일 | C6: 정책매출 | D6: 매장이익
C7: 1~3월 | D7: 1~3월
T8: =SUM(O12:O16) -> 77.441756 | U8: =SUM('(이익) 소매'!G7:G11) -> 77.441756 | V8: =T8=U8 -> TRUE
B9: 본부 조직 | C9: KPI 득점 | D9: 순위 | E9: 영업 | O9: 이익 | T9: =SUM(O19:O28) -> 154.82445 | U9: =SUM('(이익) 소매'!G12:G21) -> 154.82445 | V9: =T9=U9 -> TRUE
F10: 후불 | G10: MNP/후불신규 | H10: 유선순신규 | I10: MIT | J10: 판매ARPU | K10: 전략상품 | L10: R-VOC | M10: 1G | N10: TCSI | P10: 정책 매출 | Q10: 매장 이익
E11: =SUM(F11:N11) -> 75 | F11: 15 | G11: 10 | H11: 15 | I11: 10 | J11: 7 | K11: 5 | L11: 5 | M11: 5 | N11: 3 | O11: =SUM(P11:Q11) -> 15 | P11: 10 | Q11: 5
B12: 강북본부 | C12: =SUM(E12,O12) -> 77.463602 | D12: =RANK(C12,$C$12:$C$16) -> 5 | E12: =SUM(F12:N12) -> 61.888039 | F12: =VLOOKUP($B12,'(영업)소매'!$F$7:$CZ$274,12,0) -> 14.299561 | G12: =VLOOKUP($B12,'(영업)소매'!$F$7:$CZ$274,23,0) -> 6.4937107 | H12: =VLOOKUP($B12,'(영업)소매'!$F$7:$CZ$274,42,0) -> 13.94777 | I12: =VLOOKUP($B12,'(영업)소매'!$F$7:$CZ$274,51,0) -> 8.8477366 | J12: =VLOOKUP($B12,'(영업)소매'!$F$7:$CZ$274,57,0) -> 6.0775113 | K12: =VLOOKUP($B12,'(영업)소매'!$F$7:$CZ$274,67,0) -> 1.3298969 | L12: =VLOOKUP($B12,'(영업)소매'!$F$7:$CZ$274,95,0) -> 3.0418519 | M12: =VLOOKUP($B12,'(영업)소매'!$F$7:$CZ$274,73,0) -> 5 | N12: =VLOOKUP($B12,'(영업)소매'!$F$7:$CZ$274,91,0) -> 2.85 | O12: =SUM(P12:Q12) -> 15.575563 | P12: =VLOOKUP($B12,'(이익) 소매'!$F$7:$S$21,10,0) -> 9.5755634 | Q12: =VLOOKUP($B12,'(이익) 소매'!$F$7:$S$21,14,0) -> 6
B13: 강남본부 | C13: =SUM(E13,O13) -> 77.747519 | D13: =RANK(C13,$C$12:$C$16) -> 4 | E13: =SUM(F13:N13) -> 62.384392 | F13: =VLOOKUP($B13,'(영업)소매'!$F$7:$CZ$274,12,0) -> 13.66455 | G13: =VLOOKUP($B13,'(영업)소매'!$F$7:$CZ$274,23,0) -> 5.4354839 | H13: =VLOOKUP($B13,'(영업)소매'!$F$7:$CZ$274,42,0) -> 14.468224 | I13: =VLOOKUP($B13,'(영업)소매'!$F$7:$CZ$274,51,0) -> 8.3034483 | J13: =VLOOKUP($B13,'(영업)소매'!$F$7:$CZ$274,57,0) -> 5.6532228 | K13: =VLOOKUP($B13,'(영업)소매'!$F$7:$CZ$274,67,0) -> 3.7261905 | L13: =VLOOKUP($B13,'(영업)소매'!$F$7:$CZ$274,95,0) -> 3.2832727 | M13: =VLOOKUP($B13,'(영업)소매'!$F$7:$CZ$274,73,0) -> 5 | N13: =VLOOKUP($B13,'(영업)소매'!$F$7:$CZ$274,91,0) -> 2.85 | O13: =SUM(P13:Q13) -> 15.363127 | P13: =VLOOKUP($B13,'(이익) 소매'!$F$7:$S$21,10,0) -> 9.3631269 | Q13: =VLOOKUP($B13,'(이익) 소매'!$F$7:$S$21,14,0) -> 6
B14: 강서본부 | C14: =SUM(E14,O14) -> 78.584923 | D14: =RANK(C14,$C$12:$C$16) -> 2 | E14: =SUM(F14:N14) -> 62.875429 | F14: =VLOOKUP($B14,'(영업)소매'!$F$7:$CZ$274,12,0) -> 13.490055 | G14: =VLOOKUP($B14,'(영업)소매'!$F$7:$CZ$274,23,0) -> 5.8322237 | H14: =VLOOKUP($B14,'(영업)소매'!$F$7:$CZ$274,42,0) -> 13.740941 | I14: =VLOOKUP($B14,'(영업)소매'!$F$7:$CZ$274,51,0) -> 8.4352332 | J14: =VLOOKUP($B14,'(영업)소매'!$F$7:$CZ$274,57,0) -> 5.913339 | K14: =VLOOKUP($B14,'(영업)소매'!$F$7:$CZ$274,67,0) -> 0.86363636 | L14: =VLOOKUP($B14,'(영업)소매'!$F$7:$CZ$274,95,0) -> 6 | M14: =VLOOKUP($B14,'(영업)소매'!$F$7:$CZ$274,73,0) -> 5 | N14: =VLOOKUP($B14,'(영업)소매'!$F$7:$CZ$274,91,0) -> 3.6 | O14: =SUM(P14:Q14) -> 15.709495 | P14: =VLOOKUP($B14,'(이익) 소매'!$F$7:$S$21,10,0) -> 9.7094946 | Q14: =VLOOKUP($B14,'(이익) 소매'!$F$7:$S$21,14,0) -> 6
B15: 동부본부 | C15: =SUM(E15,O15) -> 79.248741 | D15: =RANK(C15,$C$12:$C$16) -> 1 | E15: =SUM(F15:N15) -> 63.803702 | F15: =VLOOKUP($B15,'(영업)소매'!$F$7:$CZ$274,12,0) -> 13.542219 | G15: =VLOOKUP($B15,'(영업)소매'!$F$7:$CZ$274,23,0) -> 8.1413613 | H15: =VLOOKUP($B15,'(영업)소매'!$F$7:$CZ$274,42,0) -> 11.51461 | I15: =VLOOKUP($B15,'(영업)소매'!$F$7:$CZ$274,51,0) -> 8.5165326 | J15: =VLOOKUP($B15,'(영업)소매'!$F$7:$CZ$274,57,0) -> 5.7854747 | K15: =VLOOKUP($B15,'(영업)소매'!$F$7:$CZ$274,67,0) -> 4.1929825 | L15: =VLOOKUP($B15,'(영업)소매'!$F$7:$CZ$274,95,0) -> 4.4105217 | M15: =VLOOKUP($B15,'(영업)소매'!$F$7:$CZ$274,73,0) -> 5 | N15: =VLOOKUP($B15,'(영업)소매'!$F$7:$CZ$274,91,0) -> 2.7 | O15: =SUM(P15:Q15) -> 15.445039 | P15: =VLOOKUP($B15,'(이익) 소매'!$F$7:$S$21,10,0) -> 9.4450386 | Q15: =VLOOKUP($B15,'(이익) 소매'!$F$7:$S$21,14,0) -> 6
B16: 서부본부 | C16: =SUM(E16,O16) -> 78.515546 | D16: =RANK(C16,$C$12:$C$16) -> 3 | E16: =SUM(F16:N16) -> 63.167013 | F16: =VLOOKUP($B16,'(영업)소매'!$F$7:$CZ$274,12,0) -> 15.030086 | G16: =VLOOKUP($B16,'(영업)소매'!$F$7:$CZ$274,23,0) -> 6.899841 | H16: =VLOOKUP($B16,'(영업)소매'!$F$7:$CZ$274,42,0) -> 13.572108 | I16: =VLOOKUP($B16,'(영업)소매'!$F$7:$CZ$274,51,0) -> 8.5614849 | J16: =VLOOKUP($B16,'(영업)소매'!$F$7:$CZ$274,57,0) -> 5.7709108 | K16: =VLOOKUP($B16,'(영업)소매'!$F$7:$CZ$274,67,0) -> 1.3867925 | L16: =VLOOKUP($B16,'(영업)소매'!$F$7:$CZ$274,95,0) -> 4.2457895 | M16: =VLOOKUP($B16,'(영업)소매'!$F$7:$CZ$274,73,0) -> 5 | N16: =VLOOKUP($B16,'(영업)소매'!$F$7:$CZ$274,91,0) -> 2.7 | O16: =SUM(P16:Q16) -> 15.348533 | P16: =VLOOKUP($B16,'(이익) 소매'!$F$7:$S$21,10,0) -> 9.3485327 | Q16: =VLOOKUP($B16,'(이익) 소매'!$F$7:$S$21,14,0) -> 6
B17: 본부 평균 | C17: =AVERAGE(C12:C16) -> 78.312066 | D17: - | E17: =AVERAGE(E12:E16) -> 62.823715 | F17: =AVERAGE(F12:F16) -> 14.005294 | G17: =AVERAGE(G12:G16) -> 6.5605241 | H17: =AVERAGE(H12:H16) -> 13.448731 | I17: =AVERAGE(I12:I16) -> 8.5328871 | J17: =AVERAGE(J12:J16) -> 5.8400917 | K17: =AVERAGE(K12:K16) -> 2.2998997 | L17: =AVERAGE(L12:L16) -> 4.1962872 | ... Q17: =AVERAGE(Q12:Q16) -> 6
B18: 본부별편차 | C18: =MAX(C12:C16)-MIN(C12:C16) -> 1.7851387 | D18: - | E18: =MAX(E12:E16)-MIN(E12:E16) -> 1.9156635 | F18: =MAX(F12:F16)-MIN(F12:F16) -> 1.5400311 | G18: =MAX(G12:G16)-MIN(G12:G16) -> 2.7058774 | H18: =MAX(H12:H16)-MIN(H12:H16) -> 2.9536139 | I18: =MAX(I12:I16)-MIN(I12:I16) -> 0.54428835 | J18: =MAX(J12:J16)-MIN(J12:J16) -> 0.42428843 | K18: =MAX(K12:K16)-MIN(K12:K16) -> 3.3293461 | L18: =MAX(L12:L16)-MIN(L12:L16) -> 2.9581481 | ... Q18: =MAX(Q12:Q16)-MIN(Q12:Q16) -> 0
B19: 강북소매 | C19: =SUM(E19,O19) -> 76.846073 | D19: =RANK(C19,$C$19:$C$28) -> 6 | E19: =SUM(F19:N19) -> 61.145539 | F19: =VLOOKUP($B19,'(영업)소매'!$F$7:$CZ$274,12,0) -> 14.384638 | G19: =VLOOKUP($B19,'(영업)소매'!$F$7:$CZ$274,23,0) -> 6.625387 | H19: =VLOOKUP($B19,'(영업)소매'!$F$7:$CZ$274,42,0) -> 14.49817 | I19: =VLOOKUP($B19,'(영업)소매'!$F$7:$CZ$274,51,0) -> 9.2877493 | J19: =VLOOKUP($B19,'(영업)소매'!$F$7:$CZ$274,57,0) -> 6.0264181 | K19: =VLOOKUP($B19,'(영업)소매'!$F$7:$CZ$274,67,0) -> 0 | L19: =VLOOKUP($B19,'(영업)소매'!$F$7:$CZ$274,95,0) -> 2.6231765 | M19: =VLOOKUP($B19,'(영업)소매'!$F$7:$CZ$274,73,0) -> 5 | N19: =VLOOKUP($B19,'(영업)소매'!$F$7:$CZ$274,91,0) -> 2.7 | O19: =SUM(P19:Q19) -> 15.700534 | P19: =VLOOKUP($B19,'(이익) 소매'!$F$7:$S$21,10,0) -> 9.7005342 | Q19: =VLOOKUP($B19,'(이익) 소매'!$F$7:$S$21,14,0) -> 6
B20: 강동소매 | C20: =SUM(E20,O20) -> 77.912808 | D20: =RANK(C20,$C$19:$C$28) -> 5 | E20: =SUM(F20:N20) -> 62.40813 | F20: =VLOOKUP($B20,'(영업)소매'!$F$7:$CZ$274,12,0) -> 14.215572 | G20: =VLOOKUP($B20,'(영업)소매'!$F$7:$CZ$274,23,0) -> 6.3578275 | H20: =VLOOKUP($B20,'(영업)소매'!$F$7:$CZ$274,42,0) -> 13.496553 | I20: =VLOOKUP($B20,'(영업)소매'!$F$7:$CZ$274,51,0) -> 8.4391534 | J20: =VLOOKUP($B20,'(영업)소매'!$F$7:$CZ$274,57,0) -> 6.1289014 | K20: =VLOOKUP($B20,'(영업)소매'!$F$7:$CZ$274,67,0) -> 2.5294118 | L20: =VLOOKUP($B20,'(영업)소매'!$F$7:$CZ$274,95,0) -> 3.3907111 | M20: =VLOOKUP($B20,'(영업)소매'!$F$7:$CZ$274,73,0) -> 5 | N20: =VLOOKUP($B20,'(영업)소매'!$F$7:$CZ$274,91,0) -> 2.85 | O20: =SUM(P20:Q20) -> 15.504678 | P20: =VLOOKUP($B20,'(이익) 소매'!$F$7:$S$21,10,0) -> 9.5046779 | Q20: =VLOOKUP($B20,'(이익) 소매'!$F$7:$S$21,14,0) -> 6
B21: 강남소매 | C21: =SUM(E21,O21) -> 70.658267 | D21: =RANK(C21,$C$19:$C$28) -> 10 | E21: =SUM(F21:N21) -> 55.862007 | F21: =VLOOKUP($B21,'(영업)소매'!$F$7:$CZ$274,12,0) -> 12.678957 | G21: =VLOOKUP($B21,'(영업)소매'!$F$7:$CZ$274,23,0) -> 4.9477352 | H21: =VLOOKUP($B21,'(영업)소매'!$F$7:$CZ$274,42,0) -> 12.258788 | I21: =VLOOKUP($B21,'(영업)소매'!$F$7:$CZ$274,51,0) -> 7.2523962 | J21: =VLOOKUP($B21,'(영업)소매'!$F$7:$CZ$274,57,0) -> 5.557009 | K21: =VLOOKUP($B21,'(영업)소매'!$F$7:$CZ$274,67,0) -> 2.9705882 | L21: =VLOOKUP($B21,'(영업)소매'!$F$7:$CZ$274,95,0) -> 2.4965333 | M21: =VLOOKUP($B21,'(영업)소매'!$F$7:$CZ$274,73,0) -> 5 | N21: =VLOOKUP($B21,'(영업)소매'!$F$7:$CZ$274,91,0) -> 2.7 | O21: =SUM(P21:Q21) -> 14.796259 | P21: =VLOOKUP($B21,'(이익) 소매'!$F$7:$S$21,10,0) -> 8.7962595 | Q21: =VLOOKUP($B21,'(이익) 소매'!$F$7:$S$21,14,0) -> 6
B22: 남부소매 | C22: =SUM(E22,O22) -> 84.705547 | D22: =RANK(C22,$C$19:$C$28) -> 1 | E22: =SUM(F22:N22) -> 68.833249 | F22: =VLOOKUP($B22,'(영업)소매'!$F$7:$CZ$274,12,0) -> 14.4844 | G22: =VLOOKUP($B22,'(영업)소매'!$F$7:$CZ$274,23,0) -> 5.8558559 | H22: =VLOOKUP($B22,'(영업)소매'!$F$7:$CZ$274,42,0) -> 16.152517 | I22: =VLOOKUP($B22,'(영업)소매'!$F$7:$CZ$274,51,0) -> 9.1019417 | J22: =VLOOKUP($B22,'(영업)소매'!$F$7:$CZ$274,57,0) -> 5.7293921 | K22: =VLOOKUP($B22,'(영업)소매'!$F$7:$CZ$274,67,0) -> 4.24 | L22: =VLOOKUP($B22,'(영업)소매'!$F$7:$CZ$274,95,0) -> 5.2691429 | M22: =VLOOKUP($B22,'(영업)소매'!$F$7:$CZ$274,73,0) -> 5 | N22: =VLOOKUP($B22,'(영업)소매'!$F$7:$CZ$274,91,0) -> 3 | O22: =SUM(P22:Q22) -> 15.872298 | P22: =VLOOKUP($B22,'(이익) 소매'!$F$7:$S$21,10,0) -> 9.8722976 | Q22: =VLOOKUP($B22,'(이익) 소매'!$F$7:$S$21,14,0) -> 6
B23: 강서소매 | C23: =SUM(E23,O23) -> 76.17377 | D23: =RANK(C23,$C$19:$C$28) -> 8 | E23: =SUM(F23:N23) -> 60.694787 | F23: =VLOOKUP($B23,'(영업)소매'!$F$7:$CZ$274,12,0) -> 13.225431 | G23: =VLOOKUP($B23,'(영업)소매'!$F$7:$CZ$274,23,0) -> 5.4621849 | H23: =VLOOKUP($B23,'(영업)소매'!$F$7:$CZ$274,42,0) -> 13.248766 | I23: =VLOOKUP($B23,'(영업)소매'!$F$7:$CZ$274,51,0) -> 7.67642 | J23: =VLOOKUP($B23,'(영업)소매'!$F$7:$CZ$274,57,0) -> 5.8463916 | K23: =VLOOKUP($B23,'(영업)소매'!$F$7:$CZ$274,67,0) -> 0.63559322 | L23: =VLOOKUP($B23,'(영업)소매'!$F$7:$CZ$274,95,0) -> 6 | M23: =VLOOKUP($B23,'(영업)소매'!$F$7:$CZ$274,73,0) -> 5 | N23: =VLOOKUP($B23,'(영업)소매'!$F$7:$CZ$274,91,0) -> 3.6 | O23: =SUM(P23:Q23) -> 15.478983 | P23: =VLOOKUP($B23,'(이익) 소매'!$F$7:$S$21,10,0) -> 9.4789831 | Q23: =VLOOKUP($B23,'(이익) 소매'!$F$7:$S$21,14,0) -> 6
B24: 인천소매 | C24: =SUM(E24,O24) -> 81.33217 | D24: =RANK(C24,$C$19:$C$28) -> 3 | E24: =SUM(F24:N24) -> 65.468166 | F24: =VLOOKUP($B24,'(영업)소매'!$F$7:$CZ$274,12,0) -> 13.903103 | G24: =VLOOKUP($B24,'(영업)소매'!$F$7:$CZ$274,23,0) -> 6.4727273 | H24: =VLOOKUP($B24,'(영업)소매'!$F$7:$CZ$274,42,0) -> 14.447379 | I24: =VLOOKUP($B24,'(영업)소매'!$F$7:$CZ$274,51,0) -> 9.5833333 | J24: =VLOOKUP($B24,'(영업)소매'!$F$7:$CZ$274,57,0) -> 6.0116236 | K24: =VLOOKUP($B24,'(영업)소매'!$F$7:$CZ$274,67,0) -> 1.2 | L24: =VLOOKUP($B24,'(영업)소매'!$F$7:$CZ$274,95,0) -> 6 | M24: =VLOOKUP($B24,'(영업)소매'!$F$7:$CZ$274,73,0) -> 5 | N24: =VLOOKUP($B24,'(영업)소매'!$F$7:$CZ$274,91,0) -> 2.85 | O24: =SUM(P24:Q24) -> 15.864004 | P24: =VLOOKUP($B24,'(이익) 소매'!$F$7:$S$21,10,0) -> 9.8640038 | Q24: =VLOOKUP($B24,'(이익) 소매'!$F$7:$S$21,14,0) -> 6
B25: 부산소매 | C25: =SUM(E25,O25) -> 81.105621 | D25: =RANK(C25,$C$19:$C$28) -> 4 | E25: =SUM(F25:N25) -> 65.29687 | F25: =VLOOKUP($B25,'(영업)소매'!$F$7:$CZ$274,12,0) -> 13.023763 | G25: =VLOOKUP($B25,'(영업)소매'!$F$7:$CZ$274,23,0) -> 6.8973747 | H25: =VLOOKUP($B25,'(영업)소매'!$F$7:$CZ$274,42,0) -> 10.358692 | I25: =VLOOKUP($B25,'(영업)소매'!$F$7:$CZ$274,51,0) -> 9.363167 | J25: =VLOOKUP($B25,'(영업)소매'!$F$7:$CZ$274,57,0) -> 6.1227626 | K25: =VLOOKUP($B25,'(영업)소매'!$F$7:$CZ$274,67,0) -> 6 | L25: =VLOOKUP($B25,'(영업)소매'!$F$7:$CZ$274,95,0) -> 5.6811111 | M25: =VLOOKUP($B25,'(영업)소매'!$F$7:$CZ$274,73,0) -> 5 | N25: =VLOOKUP($B25,'(영업)소매'!$F$7:$CZ$274,91,0) -> 2.85 | O25: =SUM(P25:Q25) -> 15.808751 | P25: =VLOOKUP($B25,'(이익) 소매'!$F$7:$S$21,10,0) -> 9.8087506 | Q25: =VLOOKUP($B25,'(이익) 소매'!$F$7:$S$21,14,0) -> 6
B26: 대구소매 | C26: =SUM(E26,O26) -> 76.242283 | D26: =RANK(C26,$C$19:$C$28) -> 7 | E26: =SUM(F26:N26) -> 61.247415 | F26: =VLOOKUP($B26,'(영업)소매'!$F$7:$CZ$274,12,0) -> 13.953339 | G26: =VLOOKUP($B26,'(영업)소매'!$F$7:$CZ$274,23,0) -> 9.6521739 | H26: =VLOOKUP($B26,'(영업)소매'!$F$7:$CZ$274,42,0) -> 13.164873 | I26: =VLOOKUP($B26,'(영업)소매'!$F$7:$CZ$274,51,0) -> 7.6022305 | J26: =VLOOKUP($B26,'(영업)소매'!$F$7:$CZ$274,57,0) -> 5.4491779 | K26: =VLOOKUP($B26,'(영업)소매'!$F$7:$CZ$274,67,0) -> 0.25862069 | L26: =VLOOKUP($B26,'(영업)소매'!$F$7:$CZ$274,95,0) -> 3.617 | M26: =VLOOKUP($B26,'(영업)소매'!$F$7:$CZ$274,73,0) -> 5 | N26: =VLOOKUP($B26,'(영업)소매'!$F$7:$CZ$274,91,0) -> 2.55 | O26: =SUM(P26:Q26) -> 14.994868 | P26: =VLOOKUP($B26,'(이익) 소매'!$F$7:$S$21,10,0) -> 8.9948675 | Q26: =VLOOKUP($B26,'(이익) 소매'!$F$7:$S$21,14,0) -> 6
B27: 충청소매 | C27: =SUM(E27,O27) -> 75.273103 | D27: =RANK(C27,$C$19:$C$28) -> 9 | E27: =SUM(F27:N27) -> 60.352048 | F27: =VLOOKUP($B27,'(영업)소매'!$F$7:$CZ$274,12,0) -> 14.131538 | G27: =VLOOKUP($B27,'(영업)소매'!$F$7:$CZ$274,23,0) -> 6.1230769 | H27: =VLOOKUP($B27,'(영업)소매'!$F$7:$CZ$274,42,0) -> 14.134642 | I27: =VLOOKUP($B27,'(영업)소매'!$F$7:$CZ$274,51,0) -> 8.5382831 | J27: =VLOOKUP($B27,'(영업)소매'!$F$7:$CZ$274,57,0) -> 5.8767939 | K27: =VLOOKUP($B27,'(영업)소매'!$F$7:$CZ$274,67,0) -> 0.20754717 | L27: =VLOOKUP($B27,'(영업)소매'!$F$7:$CZ$274,95,0) -> 3.6401667 | M27: =VLOOKUP($B27,'(영업)소매'!$F$7:$CZ$274,73,0) -> 5 | N27: =VLOOKUP($B27,'(영업)소매'!$F$7:$CZ$274,91,0) -> 2.7 | O27: =SUM(P27:Q27) -> 14.921056 | P27: =VLOOKUP($B27,'(이익) 소매'!$F$7:$S$21,10,0) -> 8.9210557 | Q27: =VLOOKUP($B27,'(이익) 소매'!$F$7:$S$21,14,0) -> 6
B28: 호남소매 | C28: =SUM(E28,O28) -> 82.45015 | D28: =RANK(C28,$C$19:$C$28) -> 2 | E28: =SUM(F28:N28) -> 66.567126 | F28: =VLOOKUP($B28,'(영업)소매'!$F$7:$CZ$274,12,0) -> 15.95765 | G28: =VLOOKUP($B28,'(영업)소매'!$F$7:$CZ$274,23,0) -> 7.7302632 | H28: =VLOOKUP($B28,'(영업)소매'!$F$7:$CZ$274,42,0) -> 12.920702 | I28: =VLOOKUP($B28,'(영업)소매'!$F$7:$CZ$274,51,0) -> 8.5846868 | J28: =VLOOKUP($B28,'(영업)소매'!$F$7:$CZ$274,57,0) -> 5.6737868 | K28: =VLOOKUP($B28,'(영업)소매'!$F$7:$CZ$274,67,0) -> 2.5660377 | L28: =VLOOKUP($B28,'(영업)소매'!$F$7:$CZ$274,95,0) -> 5.284 | M28: =VLOOKUP($B28,'(영업)소매'!$F$7:$CZ$274,73,0) -> 5 | N28: =VLOOKUP($B28,'(영업)소매'!$F$7:$CZ$274,91,0) -> 2.85 | O28: =SUM(P28:Q28) -> 15.883024 | P28: =VLOOKUP($B28,'(이익) 소매'!$F$7:$S$21,10,0) -> 9.883024 | Q28: =VLOOKUP($B28,'(이익) 소매'!$F$7:$S$21,14,0) -> 6
B29: 지사 평균 | C29: =AVERAGE(C19:C28) -> 78.269979 | D29: - | E29: =AVERAGE(E19:E28) -> 62.787534 | F29: =AVERAGE(F19:F28) -> 13.995839 | G29: =AVERAGE(G19:G28) -> 6.6124606 | H29: =AVERAGE(H19:H28) -> 13.468108 | I29: =AVERAGE(I19:I28) -> 8.5429361 | J29: =AVERAGE(J19:J28) -> 5.8422257 | K29: =AVERAGE(K19:K28) -> 2.0607799 | L29: =AVERAGE(L19:L28) -> 4.4001842 | ... Q29: =AVERAGE(Q19:Q28) -> 6
B30: 지사별편차 | C30: =MAX(C19:C28)-MIN(C19:C28) -> 14.04728 | D30: - | E30: =MAX(E19:E28)-MIN(E19:E28) -> 12.971242 | F30: =MAX(F19:F28)-MIN(F19:F28) -> 3.2786921 | G30: =MAX(G19:G28)-MIN(G19:G28) -> 4.7044387 | H30: =MAX(H19:H28)-MIN(H19:H28) -> 5.793825 | I30: =MAX(I19:I28)-MIN(I19:I28) -> 2.3309372 | J30: =MAX(J19:J28)-MIN(J19:J28) -> 0.67972344 | K30: =MAX(K19:K28)-MIN(K19:K28) -> 6 | L30: =MAX(L19:L28)-MIN(L19:L28) -> 3.5034667 | ... Q30: =MAX(Q19:Q28)-MIN(Q19:Q28) -> 0
B31: 1 | C31: 2 | D31: 3 | E31: 4 | F31: 5 | G31: 6 | H31: 7 | I31: 8 | J31: 9 | K31: 10 | L31: 11 | M31: 12 | N31: 13 | O31: 14 | P31: 15 | Q31: 16

Sheet 1Q 도매
B2: ■ 26년 1Q 도매 조직별 KPI 득점 현황
B4: 영업 기준일 | C4: 일반후불 | D4: MNP/후불신규 | E4: 유선순신규 | F4: MIT | G4: R-VOC | H4: 판매APRU | I4: 인프라 | J4: 1G 유치율
C5: 1~3월 | D5: 1~3월 | E5: 1~3월 | F5: 1~3월 | G5: 1~3월 | H5: 1~3월 | I5: 1~3월 | J5: 1~3월
B6: 이익 기준일 | C6: 추가수익
C7: 1~3월
B9: 본부 조직 | C9: KPI 득점 | D9: 순위 | E9: 영업 | N9: 이익
F10: 후불 | G10: MNP/ 후불신규 | H10: 유선순신규 | I10: MIT | J10: R-VOC | K10: 1G | L10: 판매 ARPU | M10: 인프라 | O10: 추가 수익
E11: =SUM(F11:M11) -> 85 | F11: 20 | G11: 10 | H11: 20 | I11: 10 | J11: 5 | K11: 5 | L11: 7 | M11: 8 | N11: =SUM(O11:O11) -> 5 | O11: 5
B12: 강북본부 | C12: =E12+N12 -> 91.939676 | D12: =RANK(C12,$C$12:$C$16) -> 4 | E12: =SUM(F12:M12) -> 86.544941 | F12: =VLOOKUP($B12,'(영업)도매'!$F$7:$CZ$60,12,0) -> 24 | G12: =VLOOKUP($B12,'(영업)도매'!$F$7:$CZ$60,23,0) -> 12 | H12: =VLOOKUP($B12,'(영업)도매'!$F$7:$CZ$60,42,0) -> 16.514532 | I12: =VLOOKUP($B12,'(영업)도매'!$F$7:$CZ$60,51,0) -> 12 | J12: =VLOOKUP($B12,'(영업)도매'!$F$7:$CZ$60,95,0) -> 3.1835714 | K12: =VLOOKUP($B12,'(영업)도매'!$F$7:$CZ$60,73,0) -> 5 | L12: =VLOOKUP($B12,'(영업)도매'!$F$7:$CZ$60,57,0) -> 5.4379498 | M12: =VLOOKUP($B12,'(영업)도매'!$F$7:$CZ$60,83,0) -> 8.4088885 | N12: =SUM(O12:O12) -> 5.3947342 | O12: =VLOOKUP($B12,'(이익) 도매'!$B$8:$G$19,2,0) -> 5.3947342
B13: 강남본부 | C13: =E13+N13 -> 94.272648 | D13: =RANK(C13,$C$12:$C$16) -> 3 | E13: =SUM(F13:M13) -> 89.269737 | F13: =VLOOKUP($B13,'(영업)도매'!$F$7:$CZ$60,12,0) -> 24 | G13: =VLOOKUP($B13,'(영업)도매'!$F$7:$CZ$60,23,0) -> 12 | H13: =VLOOKUP($B13,'(영업)도매'!$F$7:$CZ$60,42,0) -> 18.434693 | I13: =VLOOKUP($B13,'(영업)도매'!$F$7:$CZ$60,51,0) -> 12 | J13: =VLOOKUP($B13,'(영업)도매'!$F$7:$CZ$60,95,0) -> 3.25104 | K13: =VLOOKUP($B13,'(영업)도매'!$F$7:$CZ$60,73,0) -> 5 | L13: =VLOOKUP($B13,'(영업)도매'!$F$7:$CZ$60,57,0) -> 5.7455872 | M13: =VLOOKUP($B13,'(영업)도매'!$F$7:$CZ$60,83,0) -> 8.8384163 | N13: =SUM(O13:O13) -> 5.0029107 | O13: =VLOOKUP($B13,'(이익) 도매'!$B$8:$G$19,2,0) -> 5.0029107
B14: 강서본부 | C14: =E14+N14 -> 96.488207 | D14: =RANK(C14,$C$12:$C$16) -> 1 | E14: =SUM(F14:M14) -> 91.219695 | F14: =VLOOKUP($B14,'(영업)도매'!$F$7:$CZ$60,12,0) -> 24 | G14: =VLOOKUP($B14,'(영업)도매'!$F$7:$CZ$60,23,0) -> 12 | H14: =VLOOKUP($B14,'(영업)도매'!$F$7:$CZ$60,42,0) -> 20.546965 | I14: =VLOOKUP($B14,'(영업)도매'!$F$7:$CZ$60,51,0) -> 12 | J14: =VLOOKUP($B14,'(영업)도매'!$F$7:$CZ$60,95,0) -> 3.2511 | K14: =VLOOKUP($B14,'(영업)도매'!$F$7:$CZ$60,73,0) -> 5 | L14: =VLOOKUP($B14,'(영업)도매'!$F$7:$CZ$60,57,0) -> 5.3926955 | M14: =VLOOKUP($B14,'(영업)도매'!$F$7:$CZ$60,83,0) -> 9.0289348 | N14: =SUM(O14:O14) -> 5.2685119 | O14: =VLOOKUP($B14,'(이익) 도매'!$B$8:$G$19,2,0) -> 5.2685119
B15: 동부본부 | C15: =E15+N15 -> 96.10838 | D15: =RANK(C15,$C$12:$C$16) -> 2 | E15: =SUM(F15:M15) -> 90.10838 | F15: =VLOOKUP($B15,'(영업)도매'!$F$7:$CZ$60,12,0) -> 24 | G15: =VLOOKUP($B15,'(영업)도매'!$F$7:$CZ$60,23,0) -> 12 | H15: =VLOOKUP($B15,'(영업)도매'!$F$7:$CZ$60,42,0) -> 18.119675 | I15: =VLOOKUP($B15,'(영업)도매'!$F$7:$CZ$60,51,0) -> 12 | J15: =VLOOKUP($B15,'(영업)도매'!$F$7:$CZ$60,95,0) -> 4.9988571 | K15: =VLOOKUP($B15,'(영업)도매'!$F$7:$CZ$60,73,0) -> 5 | L15: =VLOOKUP($B15,'(영업)도매'!$F$7:$CZ$60,57,0) -> 5.2563598 | M15: =VLOOKUP($B15,'(영업)도매'!$F$7:$CZ$60,83,0) -> 8.7334876 | N15: =SUM(O15:O15) -> 6 | O15: =VLOOKUP($B15,'(이익) 도매'!$B$8:$G$19,2,0) -> 6
B16: 서부본부 | C16: =E16+N16 -> 88.346642 | D16: =RANK(C16,$C$12:$C$16) -> 5 | E16: =SUM(F16:M16) -> 82.346642 | F16: =VLOOKUP($B16,'(영업)도매'!$F$7:$CZ$60,12,0) -> 22.938591 | G16: =VLOOKUP($B16,'(영업)도매'!$F$7:$CZ$60,23,0) -> 9.741488 | H16: =VLOOKUP($B16,'(영업)도매'!$F$7:$CZ$60,42,0) -> 14.850423 | I16: =VLOOKUP($B16,'(영업)도매'!$F$7:$CZ$60,51,0) -> 11.320451 | J16: =VLOOKUP($B16,'(영업)도매'!$F$7:$CZ$60,95,0) -> 5.003 | K16: =VLOOKUP($B16,'(영업)도매'!$F$7:$CZ$60,73,0) -> 5 | L16: =VLOOKUP($B16,'(영업)도매'!$F$7:$CZ$60,57,0) -> 5.2596237 | M16: =VLOOKUP($B16,'(영업)도매'!$F$7:$CZ$60,83,0) -> 8.2330656 | N16: =SUM(O16:O16) -> 6 | O16: =VLOOKUP($B16,'(이익) 도매'!$B$8:$G$19,2,0) -> 6
B17: 본부 평균 | C17: =AVERAGE(C12:C16) -> 93.43111 | D17: - | E17: =AVERAGE(E12:E16) -> 87.897879 | F17: =AVERAGE(F12:F16) -> 23.787718 | G17: =AVERAGE(G12:G16) -> 11.548298 | H17: =AVERAGE(H12:H16) -> 17.693258 | I17: =AVERAGE(I12:I16) -> 11.86409 | J17: =AVERAGE(J12:J16) -> 3.9375137 | K17: =AVERAGE(K12:K16) -> 5 | L17: =AVERAGE(L12:L16) -> 5.4184432 | ... O17: =AVERAGE(O12:O16) -> 5.5332314
B18: 본부별편차 | C18: =MAX(C12:C16)-MIN(C12:C16) -> 8.1415647 | E18: =MAX(E12:E16)-MIN(E12:E16) -> 8.8730528 | F18: =MAX(F12:F16)-MIN(F12:F16) -> 1.0614086 | G18: =MAX(G12:G16)-MIN(G12:G16) -> 2.258512 | H18: =MAX(H12:H16)-MIN(H12:H16) -> 5.696542 | I18: =MAX(I12:I16)-MIN(I12:I16) -> 0.67954911 | J18: =MAX(J12:J16)-MIN(J12:J16) -> 1.8194286 | K18: =MAX(K12:K16)-MIN(K12:K16) -> 0 | L18: =MAX(L12:L16)-MIN(L12:L16) -> 0.48922738 | ... O18: =MAX(O12:O16)-MIN(O12:O16) -> 0.99708926
B19: 강북도매 | C19: =E19+N19 -> 91.939676 | D19: =RANK(C19,$C$19:$C$25) -> 4 | E19: =SUM(F19:M19) -> 86.544941 | F19: =VLOOKUP($B19,'(영업)도매'!$F$7:$CZ$60,12,0) -> 24 | G19: =VLOOKUP($B19,'(영업)도매'!$F$7:$CZ$60,23,0) -> 12 | H19: =VLOOKUP($B19,'(영업)도매'!$F$7:$CZ$60,42,0) -> 16.514532 | I19: =VLOOKUP($B19,'(영업)도매'!$F$7:$CZ$60,51,0) -> 12 | J19: =VLOOKUP($B19,'(영업)도매'!$F$7:$CZ$60,95,0) -> 3.1835714 | K19: =VLOOKUP($B19,'(영업)도매'!$F$7:$CZ$60,73,0) -> 5 | L19: =VLOOKUP($B19,'(영업)도매'!$F$7:$CZ$60,57,0) -> 5.4379498 | M19: =VLOOKUP($B19,'(영업)도매'!$F$7:$CZ$60,83,0) -> 8.4088885 | N19: =SUM(O19:O19) -> 5.3947342 | O19: =VLOOKUP($B19,'(이익) 도매'!$B$8:$G$19,2,0) -> 5.3947342
B20: 강남도매 | C20: =E20+N20 -> 94.272648 | D20: =RANK(C20,$C$19:$C$25) -> 3 | E20: =SUM(F20:M20) -> 89.269737 | F20: =VLOOKUP($B20,'(영업)도매'!$F$7:$CZ$60,12,0) -> 24 | G20: =VLOOKUP($B20,'(영업)도매'!$F$7:$CZ$60,23,0) -> 12 | H20: =VLOOKUP($B20,'(영업)도매'!$F$7:$CZ$60,42,0) -> 18.434693 | I20: =VLOOKUP($B20,'(영업)도매'!$F$7:$CZ$60,51,0) -> 12 | J20: =VLOOKUP($B20,'(영업)도매'!$F$7:$CZ$60,95,0) -> 3.25104 | K20: =VLOOKUP($B20,'(영업)도매'!$F$7:$CZ$60,73,0) -> 5 | L20: =VLOOKUP($B20,'(영업)도매'!$F$7:$CZ$60,57,0) -> 5.7455872 | M20: =VLOOKUP($B20,'(영업)도매'!$F$7:$CZ$60,83,0) -> 8.8384163 | N20: =SUM(O20:O20) -> 5.0029107 | O20: =VLOOKUP($B20,'(이익) 도매'!$B$8:$G$19,2,0) -> 5.0029107
B21: 강서도매 | C21: =E21+N21 -> 96.488207 | D21: =RANK(C21,$C$19:$C$25) -> 2 | E21: =SUM(F21:M21) -> 91.219695 | F21: =VLOOKUP($B21,'(영업)도매'!$F$7:$CZ$60,12,0) -> 24 | G21: =VLOOKUP($B21,'(영업)도매'!$F$7:$CZ$60,23,0) -> 12 | H21: =VLOOKUP($B21,'(영업)도매'!$F$7:$CZ$60,42,0) -> 20.546965 | I21: =VLOOKUP($B21,'(영업)도매'!$F$7:$CZ$60,51,0) -> 12 | J21: =VLOOKUP($B21,'(영업)도매'!$F$7:$CZ$60,95,0) -> 3.2511 | K21: =VLOOKUP($B21,'(영업)도매'!$F$7:$CZ$60,73,0) -> 5 | L21: =VLOOKUP($B21,'(영업)도매'!$F$7:$CZ$60,57,0) -> 5.3926955 | M21: =VLOOKUP($B21,'(영업)도매'!$F$7:$CZ$60,83,0) -> 9.0289348 | N21: =SUM(O21:O21) -> 5.2685119 | O21: =VLOOKUP($B21,'(이익) 도매'!$B$8:$G$19,2,0) -> 5.2685119
B22: 부산도매 | C22: =E22+N22 -> 91.195432 | D22: =RANK(C22,$C$19:$C$25) -> 5 | E22: =SUM(F22:M22) -> 85.259288 | F22: =VLOOKUP($B22,'(영업)도매'!$F$7:$CZ$60,12,0) -> 24 | G22: =VLOOKUP($B22,'(영업)도매'!$F$7:$CZ$60,23,0) -> 10.93543 | H22: =VLOOKUP($B22,'(영업)도매'!$F$7:$CZ$60,42,0) -> 15.36176 | I22: =VLOOKUP($B22,'(영업)도매'!$F$7:$CZ$60,51,0) -> 12 | J22: =VLOOKUP($B22,'(영업)도매'!$F$7:$CZ$60,95,0) -> 4.6875 | K22: =VLOOKUP($B22,'(영업)도매'!$F$7:$CZ$60,73,0) -> 5 | L22: =VLOOKUP($B22,'(영업)도매'!$F$7:$CZ$60,57,0) -> 5.0247859 | M22: =VLOOKUP($B22,'(영업)도매'!$F$7:$CZ$60,83,0) -> 8.249812 | N22: =SUM(O22:O22) -> 5.936144 | O22: =VLOOKUP($B22,'(이익) 도매'!$B$8:$G$19,2,0) -> 5.936144
B23: 대구도매 | C23: =E23+N23 -> 102.81751 | D23: =RANK(C23,$C$19:$C$25) -> 1 | E23: =SUM(F23:M23) -> 96.817511 | F23: =VLOOKUP($B23,'(영업)도매'!$F$7:$CZ$60,12,0) -> 24 | G23: =VLOOKUP($B23,'(영업)도매'!$F$7:$CZ$60,23,0) -> 12 | H23: =VLOOKUP($B23,'(영업)도매'!$F$7:$CZ$60,42,0) -> 23.447368 | I23: =VLOOKUP($B23,'(영업)도매'!$F$7:$CZ$60,51,0) -> 12 | J23: =VLOOKUP($B23,'(영업)도매'!$F$7:$CZ$60,95,0) -> 5.6781818 | K23: =VLOOKUP($B23,'(영업)도매'!$F$7:$CZ$60,73,0) -> 4.757085 | L23: =VLOOKUP($B23,'(영업)도매'!$F$7:$CZ$60,57,0) -> 5.5791027 | M23: =VLOOKUP($B23,'(영업)도매'!$F$7:$CZ$60,83,0) -> 9.355773 | N23: =SUM(O23:O23) -> 6 | O23: =VLOOKUP($B23,'(이익) 도매'!$B$8:$G$19,2,0) -> 6
B24: 충청도매 | C24: =E24+N24 -> 88.321483 | D24: =RANK(C24,$C$19:$C$25) -> 6 | E24: =SUM(F24:M24) -> 82.925435 | F24: =VLOOKUP($B24,'(영업)도매'!$F$7:$CZ$60,12,0) -> 22.722874 | G24: =VLOOKUP($B24,'(영업)도매'!$F$7:$CZ$60,23,0) -> 9.4324324 | H24: =VLOOKUP($B24,'(영업)도매'!$F$7:$CZ$60,42,0) -> 15.006859 | I24: =VLOOKUP($B24,'(영업)도매'!$F$7:$CZ$60,51,0) -> 11.070461 | J24: =VLOOKUP($B24,'(영업)도매'!$F$7:$CZ$60,95,0) -> 6 | K24: =VLOOKUP($B24,'(영업)도매'!$F$7:$CZ$60,73,0) -> 5 | L24: =VLOOKUP($B24,'(영업)도매'!$F$7:$CZ$60,57,0) -> 5.5793899 | M24: =VLOOKUP($B24,'(영업)도매'!$F$7:$CZ$60,83,0) -> 8.1134188 | N24: =SUM(O24:O24) -> 5.3960475 | O24: =VLOOKUP($B24,'(이익) 도매'!$B$8:$G$19,2,0) -> 5.3960475
B25: 호남도매 | C25: =E25+N25 -> 87.85457 | D25: =RANK(C25,$C$19:$C$25) -> 7 | E25: =SUM(F25:M25) -> 81.85457 | F25: =VLOOKUP($B25,'(영업)도매'!$F$7:$CZ$60,12,0) -> 23.272525 | G25: =VLOOKUP($B25,'(영업)도매'!$F$7:$CZ$60,23,0) -> 10.173979 | H25: =VLOOKUP($B25,'(영업)도매'!$F$7:$CZ$60,42,0) -> 14.570455 | I25: =VLOOKUP($B25,'(영업)도매'!$F$7:$CZ$60,51,0) -> 11.686508 | J25: =VLOOKUP($B25,'(영업)도매'!$F$7:$CZ$60,95,0) -> 3.9470769 | K25: =VLOOKUP($B25,'(영업)도매'!$F$7:$CZ$60,73,0) -> 5 | L25: =VLOOKUP($B25,'(영업)도매'!$F$7:$CZ$60,57,0) -> 4.7641803 | M25: =VLOOKUP($B25,'(영업)도매'!$F$7:$CZ$60,83,0) -> 8.4398467 | N25: =SUM(O25:O25) -> 6 | O25: =VLOOKUP($B25,'(이익) 도매'!$B$8:$G$19,2,0) -> 6
B26: 지사 평균 | C26: =AVERAGE(C19:C25) -> 93.269932 | D26: - | E26: =AVERAGE(E19:E25) -> 87.69874 | F26: =AVERAGE(F19:F25) -> 23.713628 | G26: =AVERAGE(G19:G25) -> 11.220263 | H26: =AVERAGE(H19:H25) -> 17.697519 | I26: =AVERAGE(I19:I25) -> 11.822424 | J26: =AVERAGE(J19:J25) -> 4.2854957 | K26: =AVERAGE(K19:K25) -> 4.9652979 | L26: =AVERAGE(L19:L25) -> 5.3605273 | ... O26: =AVERAGE(O19:O25) -> 5.5711926
B27: 지사별편차 | C27: =MAX(C19:C25)-MIN(C19:C25) -> 14.962941 | D27: - | E27: =MAX(E19:E25)-MIN(E19:E25) -> 14.962941 | F27: =MAX(F19:F25)-MIN(F19:F25) -> 1.2771257 | G27: =MAX(G19:G25)-MIN(G19:G25) -> 2.5675676 | H27: =MAX(H19:H25)-MIN(H19:H25) -> 8.8769139 | I27: =MAX(I19:I25)-MIN(I19:I25) -> 0.9295393 | J27: =MAX(J19:J25)-MIN(J19:J25) -> 2.8164286 | K27: =MAX(K19:K25)-MIN(K19:K25) -> 0.24291498 | L27: =MAX(L19:L25)-MIN(L19:L25) -> 0.98140689 | ... O27: =MAX(O19:O25)-MIN(O19:O25) -> 0.99708926
B28: 1 | C28: 2 | D28: 3 | E28: 4 | F28: 5 | G28: 6 | H28: 7 | I28: 8 | J28: 9 | K28: 10 | L28: 11 | M28: 12 | N28: 13 | O28: 15

Sheet 1Q 소상공인
B2: ■ 26년 1Q 소상공인 조직별 KPI 득점 현황
B4: 영업 기준일 | C4: 일반후불 | D4: 유선 순신규 | E4: MIT 동시판매 | F4: 1G | G4: R-VOC
C5: 1~3월 | D5: 1~3월 | E5: 1~3월 | F5: 1~3월 | G5: 1~3월
B6: 이익 기준일 | C6: 영업이익
C7: 1~3월
B9: 강북소매 | C9: =SUM(E9,F9) -> #REF! | D9: =RANK(C9,$C$9:$C$18) -> #REF! | E9: =(#REF!*2/3)+(#REF!*1/3) -> #REF! | F9: =SUM(G9:G9) -> #N/A | G9: =VLOOKUP($B9,'(이익) 도매'!$B$8:$G$19,10,0) -> #N/A
B10: 강동소매 | C10: =SUM(E10,F10) -> #REF! | D10: =RANK(C10,$C$9:$C$18) -> #REF! | E10: =(#REF!*2/3)+(#REF!*1/3) -> #REF! | F10: =SUM(G10:G10) -> #N/A | G10: =VLOOKUP($B10,'(이익) 도매'!$B$8:$G$19,10,0) -> #N/A
B11: 강남소매 | C11: =SUM(E11,F11) -> #REF! | D11: =RANK(C11,$C$9:$C$18) -> #REF! | E11: =(#REF!*2/3)+(#REF!*1/3) -> #REF! | F11: =SUM(G11:G11) -> #N/A | G11: =VLOOKUP($B11,'(이익) 도매'!$B$8:$G$19,10,0) -> #N/A
B12: 강서소매 | C12: =SUM(E12,F12) -> #REF! | D12: =RANK(C12,$C$9:$C$18) -> #REF! | E12: =(#REF!*2/3)+(#REF!*1/3) -> #REF! | F12: =SUM(G12:G12) -> #N/A | G12: =VLOOKUP($B12,'(이익) 도매'!$B$8:$G$19,10,0) -> #N/A
B13: 남부소매 | C13: =SUM(E13,F13) -> #REF! | D13: =RANK(C13,$C$9:$C$18) -> #REF! | E13: =(#REF!*2/3)+(#REF!*1/3) -> #REF! | F13: =SUM(G13:G13) -> #N/A | G13: =VLOOKUP($B13,'(이익) 도매'!$B$8:$G$19,10,0) -> #N/A
B14: 인천소매 | C14: =SUM(E14,F14) -> #REF! | D14: =RANK(C14,$C$9:$C$18) -> #REF! | E14: =(#REF!*2/3)+(#REF!*1/3) -> #REF! | F14: =SUM(G14:G14) -> #N/A | G14: =VLOOKUP($B14,'(이익) 도매'!$B$8:$G$19,10,0) -> #N/A
B15: 부산소매 | C15: =SUM(E15,F15) -> #REF! | D15: =RANK(C15,$C$9:$C$18) -> #REF! | E15: =(#REF!*2/3)+(#REF!*1/3) -> #REF! | F15: =SUM(G15:G15) -> #N/A | G15: =VLOOKUP($B15,'(이익) 도매'!$B$8:$G$19,10,0) -> #N/A
B16: 대구소매 | C16: =SUM(E16,F16) -> #REF! | D16: =RANK(C16,$C$9:$C$18) -> #REF! | E16: =(#REF!*2/3)+(#REF!*1/3) -> #REF! | F16: =SUM(G16:G16) -> #N/A | G16: =VLOOKUP($B16,'(이익) 도매'!$B$8:$G$19,10,0) -> #N/A
B17: 충청소매 | C17: =SUM(E17,F17) -> #REF! | D17: =RANK(C17,$C$9:$C$18) -> #REF! | E17: =(#REF!*2/3)+(#REF!*1/3) -> #REF! | F17: =SUM(G17:G17) -> #N/A | G17: =VLOOKUP($B17,'(이익) 도매'!$B$8:$G$19,10,0) -> #N/A
B18: 호남소매 | C18: =SUM(E18,F18) -> #REF! | D18: =RANK(C18,$C$9:$C$18) -> #REF! | E18: =(#REF!*2/3)+(#REF!*1/3) -> #REF! | F18: =SUM(G18:G18) -> #N/A | G18: =VLOOKUP($B18,'(이익) 도매'!$B$8:$G$19,10,0) -> #N/A
B19: 지사 평균 | C19: =AVERAGE(C9:C18) -> #REF! | D19: - | E19: =AVERAGE(E9:E18) -> #REF! | F19: =AVERAGE(F9:F18) -> #N/A | G19: =AVERAGE(G9:G18) -> #N/A
B20: 지사별편차 | C20: =MAX(C9:C18)-MIN(C9:C18) -> #REF! | D20: - | E20: =MAX(E9:E18)-MIN(E9:E18) -> #REF! | F20: =MAX(F9:F18)-MIN(F9:F18) -> #N/A | G20: =MAX(G9:G18)-MIN(G9:G18) -> #N/A
B21: 1 | C21: 2 | D21: 3 | E21: 4 | F21: 5 | G21: 6 | H21: 7 | I21: 8 | K21: 12 | L21: 13
B22: 본부 조직 | C22: KPI 득점 | D22: 순위 | E22: 영업 | K22: 이익
F23: 일반후불 | G23: 유선 순신규 | H23: MIT | I23: 전략상품 | J23: R-VOC | L23: 영업이익
E24: =SUM(F24:J24) -> 70 | F24: 20 | G24: 20 | H24: 7 | I24: 20 | J24: 3 | K24: =SUM(L24:L24) -> 20 | L24: 20
B25: 강북본부 | C25: =SUM(E25,K25) -> 59.638727 | D25: =RANK(C25,$C$25:$C$29) -> 3 | E25: =SUM(F25:J25) -> 40.225496 | F25: =VLOOKUP($B25,'(영업)소상공인'!$F$7:$CZ$11,12,0) -> 14.615385 | G25: =VLOOKUP($B25,'(영업)소상공인'!$F$7:$CZ$11,42,0) -> 8.8791133 | H25: =VLOOKUP($B25,'(영업)소상공인'!$F$7:$CZ$11,51,0) -> 3.2958333 | I25: =VLOOKUP($B25,'(영업)소상공인'!$F$7:$CZ$11,67,0) -> 9.8351648 | J25: =VLOOKUP($B25,'(영업)소상공인'!$F$7:$CZ$11,95,0) -> 3.6 | K25: =SUM(L25:L25) -> 19.413231 | L25: =VLOOKUP($B25,'(이익)소상공인'!$C$7:$H$11,6,0) -> 19.413231
B26: 강남본부 | C26: =SUM(E26,K26) -> 49.005058 | D26: =RANK(C26,$C$25:$C$29) -> 5 | E26: =SUM(F26:J26) -> 29.577321 | F26: =VLOOKUP($B26,'(영업)소상공인'!$F$7:$CZ$11,12,0) -> 5.862069 | G26: =VLOOKUP($B26,'(영업)소상공인'!$F$7:$CZ$11,42,0) -> 8.6036238 | H26: =VLOOKUP($B26,'(영업)소상공인'!$F$7:$CZ$11,51,0) -> 1.4 | I26: =VLOOKUP($B26,'(영업)소상공인'!$F$7:$CZ$11,67,0) -> 10.111628 | J26: =VLOOKUP($B26,'(영업)소상공인'!$F$7:$CZ$11,95,0) -> 3.6 | K26: =SUM(L26:L26) -> 19.427737 | L26: =VLOOKUP($B26,'(이익)소상공인'!$C$7:$H$11,6,0) -> 19.427737
B27: 강서본부 | C27: =SUM(E27,K27) -> 71.952599 | D27: =RANK(C27,$C$25:$C$29) -> 1 | E27: =SUM(F27:J27) -> 52.454039 | F27: =VLOOKUP($B27,'(영업)소상공인'!$F$7:$CZ$11,12,0) -> 11.081081 | G27: =VLOOKUP($B27,'(영업)소상공인'!$F$7:$CZ$11,42,0) -> 11.558237 | H27: =VLOOKUP($B27,'(영업)소상공인'!$F$7:$CZ$11,51,0) -> 3.3478261 | I27: =VLOOKUP($B27,'(영업)소상공인'!$F$7:$CZ$11,67,0) -> 22.866894 | J27: =VLOOKUP($B27,'(영업)소상공인'!$F$7:$CZ$11,95,0) -> 3.6 | K27: =SUM(L27:L27) -> 19.49856 | L27: =VLOOKUP($B27,'(이익)소상공인'!$C$7:$H$11,6,0) -> 19.49856
B28: 동부본부 | C28: =SUM(E28,K28) -> 59.229019 | D28: =RANK(C28,$C$25:$C$29) -> 4 | E28: =SUM(F28:J28) -> 40.55119 | F28: =VLOOKUP($B28,'(영업)소상공인'!$F$7:$CZ$11,12,0) -> 7.5757576 | G28: =VLOOKUP($B28,'(영업)소상공인'!$F$7:$CZ$11,42,0) -> 10.380622 | H28: =VLOOKUP($B28,'(영업)소상공인'!$F$7:$CZ$11,51,0) -> 2.5277778 | I28: =VLOOKUP($B28,'(영업)소상공인'!$F$7:$CZ$11,67,0) -> 16.467033 | J28: =VLOOKUP($B28,'(영업)소상공인'!$F$7:$CZ$11,95,0) -> 3.6 | K28: =SUM(L28:L28) -> 18.677829 | L28: =VLOOKUP($B28,'(이익)소상공인'!$C$7:$H$11,6,0) -> 18.677829
B29: 서부본부 | C29: =SUM(E29,K29) -> 66.631952 | D29: =RANK(C29,$C$25:$C$29) -> 2 | E29: =SUM(F29:J29) -> 45.853513 | F29: =VLOOKUP($B29,'(영업)소상공인'!$F$7:$CZ$11,12,0) -> 12.575758 | G29: =VLOOKUP($B29,'(영업)소상공인'!$F$7:$CZ$11,42,0) -> 13.886218 | H29: =VLOOKUP($B29,'(영업)소상공인'!$F$7:$CZ$11,51,0) -> 5.5432432 | I29: =VLOOKUP($B29,'(영업)소상공인'!$F$7:$CZ$11,67,0) -> 11.439394 | J29: =VLOOKUP($B29,'(영업)소상공인'!$F$7:$CZ$11,95,0) -> 2.4089 | K29: =SUM(L29:L29) -> 20.77844 | L29: =VLOOKUP($B29,'(이익)소상공인'!$C$7:$H$11,6,0) -> 20.77844
B30: 본부 평균 | C30: =AVERAGE(C25:C29) -> 61.291471 | D30: - | E30: =AVERAGE(E25:E29) -> 41.732312 | F30: =AVERAGE(F25:F29) -> 10.34201 | G30: =AVERAGE(G25:G29) -> 10.661563 | H30: =AVERAGE(H25:H29) -> 3.2229361 | I30: =AVERAGE(I25:I29) -> 14.144023 | J30: =AVERAGE(J25:J29) -> 3.36178 | K30: =AVERAGE(K25:K29) -> 19.559159 | L30: =AVERAGE(L25:L29) -> 19.559159
B31: 본부별편차 | C31: =MAX(C25:C29)-MIN(C25:C29) -> 22.947541 | D31: - | E31: =MAX(E25:E29)-MIN(E25:E29) -> 22.876718 | F31: =MAX(F25:F29)-MIN(F25:F29) -> 8.7533156 | G31: =MAX(G25:G29)-MIN(G25:G29) -> 5.2825941 | H31: =MAX(H25:H29)-MIN(H25:H29) -> 4.1432432 | I31: =MAX(I25:I29)-MIN(I25:I29) -> 13.031729 | J31: =MAX(J25:J29)-MIN(J25:J29) -> 1.1911 | K31: =MAX(K25:K29)-MIN(K25:K29) -> 2.1006107 | L31: =MAX(L25:L29)-MIN(L25:L29) -> 2.1006107

Sheet 1Q 디지털, 법인영업
B2: ■ 26년 1Q 디지털 KPI 득점 현황
B4: 영업 기준일 | C4: 일반후불 | D4: 후불신규 | E4: 유선순신규 | F4: MIT | G4: 1G유치율
C5: 1~3월 | D5: 1~3월 | E5: 1~3월 | F5: 1~3월 | G5: 1~3월
B7: 조직 | C7: KPI 득점 | D7: 영업 | J7: 이익
E8: 일반후불 | F8: 후불신규 | G8: 유선순신규 | H8: MIT | I8: 1G유치율 | K8: 영업 이익
D9: =SUM(E9:I9) -> 80 | E9: 45 | F9: 10 | G9: 18 | H9: 5 | I9: 2 | J9: 10 | K9: 10
B10: 디지털 | C10: =D10 -> 54.193 | D10: =SUM(E10:I10) -> 54.193 | E10: =VLOOKUP($B10,'(영업)디지털 B2B'!$F$11:$DK$11,12,0) -> 38.952 | F10: =VLOOKUP($B10,'(영업)디지털 B2B'!$F$11:$DK$11,23,0) -> 12 | G10: =VLOOKUP($B10,'(영업)디지털 B2B'!$F$11:$DK$11,42,0) -> 2.856 | H10: =VLOOKUP($B10,'(영업)디지털 B2B'!$F$11:$DK$11,51,0) -> 0.385 | J10: =SUM(K10:K10) -> 7.5 | K10: ='(이익)디지털 B2B'!H6 -> 7.5
B12: ■ 25년 4Q B2B KPI 득점 현황
B14: 영업 기준일 | C14: 후불 | D14: 순신규 | E14: 동시판매 | F14: 판매ARPU 매출 | G14: 전략상품 | H14: R-VOC
C15: 10~12월 | D15: 10~12월 | E15: 10~12월 | F15: 10~12월 | G15: 10~12월 | H15: 10~12월
B16: 이익 기준일 | C16: 영업이익
C17: 10~12월
B19: 조직 | C19: KPI 득점 | D19: 영업 | L19: 이익
E20: 후불 | F20: 후불+2ND | G20: 유선순신규 | H20: 전략상품 | I20: R-VOC | J20: 판매ARPU 매출 | K20: 직접영업 | M20: 영업 이익
D21: =SUM(E21:K21) -> 55 | E21: 25 | F21: 5 | G21: 5 | H21: 5 | I21: 2 | J21: 3 | K21: 10 | L21: 35 | M21: 35
B22: B2B | C22: =D22 -> 42.594482 | D22: =SUM(E22:K22)-I22 -> 42.594482 | E22: 12.4125 | F22: 3.9068966 | G22: 6 | H22: 0 | I22: 2.4 | J22: 2.8950852 | K22: 17.38 | L22: =SUM(M22:M22) -> 0 | M22: ='(이익)디지털 B2B'!O16 -> 0

Sheet (영업)소매
F1: 1 | G1: 2 | H1: 3 | I1: 4 | J1: 5 | K1: 6 | L1: 7 | M1: 8 | N1: 9 | O1: 10 | P1: 11 | Q1: 12 | R1: 13 | S1: 14 | T1: 15 | U1: 16 | V1: 17 | W1: 18 | X1: 19 | Y1: 20 | Z1: 21 | AA1: 22 | AB1: 23 | AC1: 24 | AD1: 25 | AE1: 26 | AF1: 27 | AG1: 28 | AH1: 29 | AI1: 30 | AJ1: 31 | AK1: 32 | AL1: 33 | AM1: 34 | AN1: 35 | AO1: 36 | AP1: 37 | AQ1: 38 | AR1: 39 | AS1: 40 | AT1: 41 | AU1: 42 | AV1: 43 | AW1: 44 | AX1: 45 | AY1: 46 | AZ1: 47 | BA1: 48 | BB1: 49 | BC1: 50 | BD1: 51 | BE1: 52 | BF1: 53 | BG1: 54 | BH1: 55 | BI1: 56 | BJ1: 57 | BK1: 58 | BL1: 59 | BM1: 60 | BN1: 61 | BO1: 62 | BP1: 63 | BQ1: 64 | BR1: 65 | BS1: 66 | BT1: 67 | BU1: 68 | BV1: 69 | BW1: 70 | BX1: 71 | BY1: 72 | BZ1: 73 | CA1: 74 | CB1: 75 | CC1: 76 | CD1: 77 | CE1: 78 | CF1: 79 | CG1: 80 | CH1: 81 | CI1: 82 | CJ1: 83 | CK1: 84 | CL1: 85 | CM1: 86 | CN1: 87 | CO1: 88 | CP1: 89 | CQ1: 90 | CR1: 91 | CS1: 92 | CT1: 93 | CU1: 94 | CV1: 95 | CW1: 96 | CX1: 97 | CY1: 98 | CZ1: 99
J2: *소상공인/디지털/B2B 일반후불 1건 | K2: 1 | L2: 1 | M2: 1 | X2: *디지털 일반후불 신규 1건 | AC2: *B2B 약갱 포함(Biz제외) | AX2: *MIT에 MNP-MIT 포함됨 | BM2: 1.2 | BN2: 15 | BO2: 1 | BP2: 0.3 | BQ2: 1 | BR2: 1 | BS2: ←소상공인 | CP2: *점수 구간별 달성률 | CW2: 감점 : 불완전판매
A3: 월 | B3: 채널 | C3: 본부 | D3: 지사 | E3: 코드 | F3: 조직 | G3: 총 득점 | H3: 일반후불 | K3: 1 | L3: 1 | M3: 0.3 | N3: 0.2 | R3: B2B 무선전체 | U3: 10 | V3: 후불 신규 | X3: 1 | Y3: 1 | AC3: 유선 순신규 | AE3: 1 | AF3: 0.5 | AK3: 1 | AL3: 1 | AM3: 0.2 | AQ3: 1 | AR3: 1 | AS3: 0.2 | AV3: 동시판매 | AX3: 1 | AY3: 1 | AZ3: 1 | BA3: 0.3 | BE3: 판매 ARPU | BK3: 전략상품(소매/소상공인/B2B) | BM3: 1.2 | BN3: 5 | BO3: 0.5 | BP3: 0.3 | BQ3: 0.2 | BR3: 0.2 | BU3: 1G 유치율 | CA3: 도매 인프라(도매) | CJ3: 8 | CK3: 직접영업(B2B) | CN3: 10 | CP3: TCSI(소매) | CR3: 3 | CS3: R-VOC | CX3: 5 | CY3: 3 | DA3: 5 | DB3: 3 | DD3: 5 | DE3: 3 | DF3: 5 | DG3: 10 | DI3: 5 | DK3: 10 | DL3: 2.5
H4: 목표 | I4: 중고 목표 | J4: 실적 계 | K4: 운영후불 (소상공) 일반후불 | L4: 중고 MNP | M4: 중고 010/기변 | N4: (소매) 토탈영업 | O4: 차감점수 | P4: 달성률 Max 120% | Q4: 득점 | R4: 목표 | S4: 실적 | T4: 달성률 Max 120% | U4: 득점 | V4: 목표 | W4: 실적 계 | X4: MNP | Y4: (디지털) '010 | Z4: 차감점수 | AA4: 달성률 Max 120% | AB4: 득점 | AC4: 인터넷 목표 | AD4: 인터넷 실적 계 | AE4: 인터넷 | AF4: 선불 | AG4: 차감점수 음재 | AH4: 인터넷 달성률 | AI4: TV 목표 | AJ4: TV 실적 계 | AK4: 미디어 | AL4: 추단 | AM4: (소상공인) Biz | AN4: 차감점수 GTT무트래픽 | AO4: TV 달성률 | AP4: (B2B) 약갱 | AQ4: 인+티 | AR4: 추단 | AS4: (B2B) Biz | AT4: 달성률 Max 120% | AU4: 득점 | AV4: 목표 | AW4: 실적 계 | AX4: MIT | AY4: MNP-MIT | AZ4: ITU | BA4: (소상공인) ITB | BB4: 차감점수 | BC4: 달성률 Max 120% | BD4: 득점 | BE4: 목표 | BF4: ARPU | BG4: 매출 | BH4: 가입자 | BI4: 달성률 Max 120% | BJ4: 득점 | BK4: 목표 | BL4: 실적 계 | BM4: 하이오더 | BN4: AI로봇 | BO4: GiGAeyes | BP4: GiGAeyes 정보제공 | BQ4: AI전화 | BR4: AI링고전화 | BS4: 달성률 Max 120% | BT4: 득점 | BU4: 목표 | BV4: 유치율 | BW4: 1G | BX4: 인터넷 | BY4: 달성률 Max 100% | BZ4: 득점 | CA4: 가동점 목표 | CB4: 가동점 | CC4: 가동점 달성률 | CD4: 중형점 목표 | CE4: 중형점 | CF4: 5건~9건 발생점 | CG4: 10건↑ 발생점 | CH4: 중형점 달성률 | CI4: 달성률 Max 120% | CJ4: 득점 | CK4: 목표 | CL4: 실적 | CM4: 달성률 Max 120% | CN4: 득점 | CO4: 목표 | CP4: 실적 | CQ4: 달성률 | CR4: 득점 | CS4: R-VOC 점수 | CT4: 3대R-VOC 점수 | CU4: 대외민원 차감점수 | CV4: 득점 | CW4: 후불 SQM 차감 | CX4: 운영후불 | CY4: 중고 | CZ4: 후불 신규 SQM 차감 | DA4: 운영후불 | DB4: 중고 | DC4: MIT 차감 | DD4: SQM_운영 | DE4: SQM_중고 | DF4: 음재 | DG4: 권한남용 | DH4: 유선 차감 | DI4: 음재 | DJ4: SQM | DK4: 권한남용 | DL4: GTT 무트래픽
A5: 월 | B5: 채널 | C5: 본부 | D5: 지사 | E5: 코드 | F5: 조직 | G5: 총 득점 | H5: 목표 | I5: 중고 목표 | J5: 실적 계 | K5: 운영 후불 | L5: 중고 MNP | M5: 중고 010/기변 | N5: 토탈영업 | O5: 차감점수 | P5: 달성률 Max 120% | Q5: 득점 | R5: 목표2 | S5: 실적 | T5: 달성률 Max 120%3 | U5: 득점4 | V5: 목표5 | W5: 실적 계6 | X5: MNP | Y5: (디지털) '010 | Z5: 차감점수7 | AA5: 달성률 Max 120%8 | AB5: 득점9 | AC5: 인터넷 목표 | AD5: 인터넷 실적 계 | AE5: 인터넷 | AF5: 선불 | AG5: 차감점수 음재 | AH5: 인터넷 달성률 | AI5: TV 목표 | AJ5: TV 실적 계 | AK5: 미디어 | AL5: 추단 | AM5: (소상공인) Biz | AN5: 차감점수 GTT무트래픽 | AO5: TV 달성률 | AP5: 약갱 | AQ5: 인+티 | AR5: 추단2 | AS5: Biz2 | AT5: 달성률 Max 120%10 | AU5: 득점11 | AV5: 목표12 | AW5: 실적 계13 | AX5: MIT | AY5: MNP-MIT | AZ5: ITU | BA5: (소상공인) ITB | BB5: 차감점수14 | BC5: 달성률 Max 120%15 | BD5: 득점16 | BE5: 목표17 | BF5: ARPU | BG5: 매출 | BH5: 가입자 | BI5: 달성률 Max 120%18 | BJ5: 득점19 | BK5: 목표20 | BL5: 실적 계21 | BM5: 하이오더 | BN5: AI로봇 | BO5: GiGAeyes | BP5: GiGAeyes 정보제공 | BQ5: AI전화 | BR5: AI링고전화 | BS5: 달성률 Max 120%22 | BT5: 득점23 | BU5: 목표24 | BV5: 유치율 | BW5: 1G | BX5: 인터넷25 | BY5: 달성률 Max 120%26 | BZ5: 득점27 | CA5: 가동점 목표 | CB5: 가동점 | CC5: 가동점 달성률 | CD5: 중형점 목표 | CE5: 중형점 | CF5: 5건~9건 발생점 | CG5: 10건↑발생점 | CH5: 중형점 달성률 | CI5: 달성률 Max 120%28 | CJ5: 득점29 | CK5: 목표30 | CL5: 실적31 | CM5: 달성률 Max 120%32 | CN5: 득점33 | CO5: 목표32 | CP5: 실적33 | CQ5: 달성률34 | CR5: 득점35 | CS5: R-VOC 점수 | CT5: 3대R-VOC 점수 | CU5: 대외민원 차감점수 | CV5: 득점31 | CW5: 후불 SQM 차감 | CX5: 운영후불 | CY5: 중고 | CZ5: 후불 신규 SQM 차감 | DA5: 운영후불36 | DB5: 중고37 | DC5: MIT 차감 | DD5: SQM_운영 | DE5: SQM_중고 | DF5: 음재 | DG5: 권한남용 | DH5: 유선 차감 | DI5: 음재2 | DJ5: SQM | DK5: 권한남용3 | DL5: GTT 무트래픽
A6: 1분기 | B6: 1. 소매 | E6: 1. 소매 | F6: 1. 소매 | G6: 58.3775 | H6: 20000 | I6: 2000 | J6: 18622.8 | K6: 17997 | L6: 683 | M6: 1036 | N6: 185 | O6: 405 | P6: 0.93114 | Q6: 13.9671 | V6: 3400 | W6: 2244 | X6: 2354 | Z6: 110 | AA6: 0.66 | AB6: 6.6 | AC6: 1800 | AD6: 1379 | AE6: 1636 | AF6: 6 | AG6: 260 | AH6: 0.76611111 | AI6: 2200 | AJ6: 2213 | AK6: 1330 | AL6: 888 | AN6: 5 | AO6: 1.0059091 | AT6: 0.8860101 | AU6: 13.290152 | AV6: 4400 | AW6: 3752 | AX6: 3277 | AY6: 478 | AZ6: 177 | BB6: 180 | BC6: 0.85272727 | BD6: 8.5272727 | BE6: 65000 | BF6: 54209.777 | BG6: 1.0691252e+09 | BH6: 19722 | BI6: 0.83399657 | BJ6: 5.837976 | BK6: 500 | BL6: 230.5 | BM6: 173 | BN6: 0 | BO6: 42 | BP6: 5 | BQ6: 2 | BR6: 0 | BS6: 0.461 | BT6: 2.305 | BU6: 0.5 | BV6: 0.64311815 | BW6: 1056 | BX6: 1642 | BY6: 1 | BZ6: 5 | CP6: 98.525203 | CQ6: 0.95 | CR6: 2.85 | CW6: 405 | CX6: 81 | CY6: 0 | CZ6: 110 | DA6: 22 | DB6: 0 | DC6: 180 | DD6: 9 | DE6: 0 | DF6: 19 | DG6: 4 | DH6: 260 | DI6: 38 | DJ6: 0 | DK6: 7 | DL6: 5
A7: 1분기 | B7: 1. 소매 | C7: 강북본부 | E7: 강북본부 | F7: 강북본부 | G7: 61.888039 | H7: 3420 | I7: 414 | J7: 3260.3 | K7: 3125 | L7: 124 | M7: 199 | N7: 8 | O7: 50 | P7: 0.95330409 | Q7: 14.299561 | V7: 636 | W7: 413 | X7: 423 | Z7: 10 | AA7: 0.64937107 | AB7: 6.4937107 | AC7: 287 | AD7: 259.5 | AE7: 258 | AF7: 3 | AG7: 0 | AH7: 0.90418118 | AI7: 326 | AJ7: 311.5 | AK7: 188 | AL7: 126 | AN7: 2.5 | AO7: 0.95552147 | AT7: 0.92985133 | AU7: 13.94777 | AV7: 729 | AW7: 645 | AX7: 520 | AY7: 92 | AZ7: 38 | BB7: 5 | BC7: 0.88477366 | BD7: 8.8477366 | BE7: 65000 | BF7: 56434.033 | BG7: 1.9481028e+08 | BH7: 3452 | BI7: 0.8682159 | BJ7: 6.0775113 | BK7: 97 | BL7: 25.8 | BM7: 19 | BN7: 0 | BO7: 3 | BP7: 5 | BQ7: 0 | BR7: 0 | BS7: 0.26597938 | BT7: 1.3298969 | BU7: 0.5 | BV7: 0.63984674 | BW7: 167 | BX7: 261 | BY7: 1 | BZ7: 5 | CP7: 98.416571 | CQ7: 0.95 | CR7: 2.85 | CS7: 1.9418519 | CT7: 1.2 | CU7: -0.1 | CV7: 3.0418519 | CW7: 50 | CX7: 10 | CY7: 0 | CZ7: 10 | DA7: 2 | DB7: 0 | DC7: 5 | DD7: 1 | DE7: 0 | DF7: 0 | DG7: 0 | DH7: 0 | DI7: 0 | DJ7: 0 | DK7: 0 | DL7: 2.5
A8: 1분기 | B8: 1. 소매 | C8: 강남본부 | E8: 강남본부 | F8: 강남본부 | G8: 62.384392 | H8: 3464 | I8: 457 | J8: 3155.6 | K8: 3046 | L8: 119 | M8: 232 | N8: 30 | O8: 85 | P8: 0.91096998 | Q8: 13.66455 | V8: 620 | W8: 337 | X8: 357 | Z8: 20 | AA8: 0.54354839 | AB8: 5.4354839 | AC8: 321 | AD8: 264 | AE8: 314 | AF8: 0 | AG8: 50 | AH8: 0.82242991 | AI8: 375 | AJ8: 415 | AK8: 257 | AL8: 158 | AN8: 0 | AO8: 1.1066667 | AT8: 0.96454829 | AU8: 14.468224 | AV8: 725 | AW8: 602 | AX8: 554 | AY8: 65 | AZ8: 18 | BB8: 35 | BC8: 0.83034483 | BD8: 8.3034483 | BE8: 65000 | BF8: 52494.212 | BG8: 1.7832284e+08 | BH8: 3397 | BI8: 0.80760326 | BJ8: 5.6532228 | BK8: 84 | BL8: 62.6 | BM8: 48 | BN8: 0 | BO8: 10 | BP8: 0 | BQ8: 0 | BR8: 0 | BS8: 0.7452381 | BT8: 3.7261905 | BU8: 0.5 | BV8: 0.67197452 | BW8: 211 | BX8: 314 | BY8: 1 | BZ8: 5 | CP8: 98.606786 | CQ8: 0.95 | CR8: 2.85 | CS8: 2.3832727 | CT8: 1.2 | CU8: -0.3 | CV8: 3.2832727 | CW8: 85 | CX8: 17 | CY8: 0 | CZ8: 20 | DA8: 4 | DB8: 0 | DC8: 35 | DD8: 1 | DE8: 0 | DF8: 2 | DG8: 2 | DH8: 50 | DI8: 4 | DJ8: 0 | DK8: 3 | DL8: 0
A9: 1분기 | B9: 1. 소매 | C9: 강서본부 | E9: 강서본부 | F9: 강서본부 | G9: 62.875429 | H9: 4374 | I9: 434 | J9: 3933.7 | K9: 3868 | L9: 103 | M9: 205 | N9: 6 | O9: 100 | P9: 0.89933699 | Q9: 13.490055 | V9: 751 | W9: 438 | X9: 463 | Z9: 25 | AA9: 0.58322237 | AB9: 5.8322237 | AC9: 424 | AD9: 328.5 | AE9: 398 | AF9: 1 | AG9: 70 | AH9: 0.77476415 | AI9: 523 | AJ9: 553 | AK9: 329 | AL9: 224 | AN9: 0 | AO9: 1.0573614 | AT9: 0.91606276 | AU9: 13.740941 | AV9: 965 | AW9: 814 | AX9: 742 | AY9: 106 | AZ9: 21 | BB9: 55 | BC9: 0.84352332 | BD9: 8.4352332 | BE9: 65000 | BF9: 54909.577 | BG9: 2.2930239e+08 | BH9: 4176 | BI9: 0.84476272 | BJ9: 5.913339 | BK9: 99 | BL9: 17.1 | BM9: 8 | BN9: 0 | BO9: 15 | BP9: 0 | BQ9: 0 | BR9: 0 | BS9: 0.17272727 | BT9: 0.86363636 | BU9: 0.5 | BV9: 0.69172932 | BW9: 276 | BX9: 399 | BY9: 1 | BZ9: 5 | CP9: 99.160241 | CQ9: 1.2 | CR9: 3.6 | CS9: 4.8 | CT9: 1.2 | CU9: 0 | CV9: 6 | CW9: 100 | CX9: 20 | CY9: 0 | CZ9: 25 | DA9: 5 | DB9: 0 | DC9: 55 | DD9: 4 | DE9: 0 | DF9: 7 | DG9: 0 | DH9: 70 | DI9: 14 | DJ9: 0 | DK9: 0 | DL9: 0
A10: 1분기 | B10: 1. 소매 | C10: 동부본부 | E10: 동부본부 | F10: 동부본부 | G10: 63.803702 | H10: 4903 | I10: 361 | J10: 4426.5 | K10: 4245 | L10: 232 | M10: 279 | N10: 29 | O10: 140 | P10: 0.9028146 | Q10: 13.542219 | V10: 764 | W10: 622 | X10: 667 | Z10: 45 | AA10: 0.81413613 | AB10: 8.1413613 | AC10: 462 | AD10: 293.5 | AE10: 393 | AF10: 1 | AG10: 100 | AH10: 0.63528139 | AI10: 600 | AJ10: 540 | AK10: 348 | AL10: 192 | AN10: 0 | AO10: 0.9 | AT10: 0.76764069 | AU10: 11.51461 | AV10: 1119 | AW10: 953 | AX10: 829 | AY10: 124 | AZ10: 60 | BB10: 60 | BC10: 0.85165326 | BD10: 8.5165326 | BE10: 65000 | BF10: 53722.265 | BG10: 2.5555681e+08 | BH10: 4757 | BI10: 0.82649638 | BJ10: 5.7854747 | BK10: 114 | BL10: 95.6 | BM10: 77 | BN10: 0 | BO10: 6 | BP10: 0 | BQ10: 1 | BR10: 0 | BS10: 0.83859649 | BT10: 4.1929825 | BU10: 0.5 | BV10: 0.61167513 | BW10: 241 | BX10: 394 | BY10: 1 | BZ10: 5 | CP10: 98.152778 | CQ10: 0.9 | CR10: 2.7 | CS10: 3.3105217 | CT10: 1.2 | CU10: -0.1 | CV10: 4.4105217 | CW10: 140 | CX10: 28 | CY10: 0 | CZ10: 45 | DA10: 9 | DB10: 0 | DC10: 60 | DD10: 2 | DE10: 0 | DF10: 8 | DG10: 1 | DH10: 100 | DI10: 16 | DJ10: 0 | DK10: 2 | DL10: 0
A11: 1분기 | B11: 1. 소매 | C11: 서부본부 | E11: 서부본부 | F11: 서부본부 | G11: 63.167013 | H11: 3839 | I11: 334 | J11: 3846.7 | K11: 3713 | L11: 105 | M11: 121 | N11: 112 | O11: 30 | P11: 1.0020057 | Q11: 15.030086 | V11: 629 | W11: 434 | X11: 444 | Z11: 10 | AA11: 0.6899841 | AB11: 6.899841 | AC11: 306 | AD11: 233.5 | AE11: 273 | AF11: 1 | AG11: 40 | AH11: 0.7630719 | AI11: 376 | AJ11: 393.5 | AK11: 208 | AL11: 188 | AN11: 2.5 | AO11: 1.0465426 | AT11: 0.90480722 | AU11: 13.572108 | AV11: 862 | AW11: 738 | AX11: 632 | AY11: 91 | AZ11: 40 | BB11: 25 | BC11: 0.85614849 | BD11: 8.5614849 | BE11: 65000 | BF11: 53587.028 | BG11: 2.1113289e+08 | BH11: 3940 | BI11: 0.82441582 | BJ11: 5.7709108 | BK11: 106 | BL11: 29.4 | BM11: 21 | BN11: 0 | BO11: 8 | BP11: 0 | BQ11: 1 | BR11: 0 | BS11: 0.27735849 | BT11: 1.3867925 | BU11: 0.5 | BV11: 0.58759124 | BW11: 161 | BX11: 274 | BY11: 1 | BZ11: 5 | CP11: 98.269341 | CQ11: 0.9 | CR11: 2.7 | CS11: 3.0457895 | CT11: 1.2 | CU11: 0 | CV11: 4.2457895 | CW11: 30 | CX11: 6 | CY11: 0 | CZ11: 10 | DA11: 2 | DB11: 0 | DC11: 25 | DD11: 1 | DE11: 0 | DF11: 2 | DG11: 1 | DH11: 40 | DI11: 4 | DJ11: 0 | DK11: 2 | DL11: 2.5
A12: 1분기 | B12: 1. 소매 | C12: 강북 | D12: 강북소매 | E12: 강북소매 | F12: 강북소매 | G12: 61.145539 | H12: 1699 | I12: 239 | J12: 1629.3 | K12: 1542 | L12: 80 | M12: 105 | N12: 4 | O12: 25 | P12: 0.95897587 | Q12: 14.384638 | V12: 323 | W12: 214 | X12: 224 | Z12: 10 | AA12: 0.6625387 | AB12: 6.625387 | AC12: 144 | AD12: 129.5 | AE12: 128 | AF12: 3 | AG12: 0 | AH12: 0.89930556 | AI12: 148 | AJ12: 153 | AK12: 89 | AL12: 64 | AN12: 0 | AO12: 1.0337838 | AT12: 0.96654467 | AU12: 14.49817 | AV12: 351 | AW12: 326 | AX12: 250 | AY12: 46 | AZ12: 30 | BB12: 0 | BC12: 0.92877493 | BD12: 9.2877493 | BE12: 65000 | BF12: 55959.596 | BG12: 96866061 | BH12: 1731 | BI12: 0.86091686 | BJ12: 6.0264181 | BK12: 46 | BL12: 0 | BM12: 0 | BN12: 0 | BO12: 0 | BP12: 0 | BQ12: 0 | BR12: 0 | BS12: 0 | BT12: 0 | BU12: 0.5 | BV12: 0.66412214 | BW12: 87 | BX12: 131 | BY12: 1 | BZ12: 5 | CP12: 98.09116 | CQ12: 0.9 | CR12: 2.7 | CS12: 1.5231765 | CT12: 1.2 | CU12: -0.1 | CV12: 2.6231765 | CW12: 25 | CX12: 5 | CY12: 0 | CZ12: 10 | DA12: 2 | DB12: 0 | DC12: 0 | DD12: 0 | DE12: 0 | DF12: 0 | DG12: 0 | DH12: 0 | DI12: 0 | DJ12: 0 | DK12: 0 | DL12: 0
A13: 1분기 | B13: 1. 소매 | C13: 강북 | D13: 강동소매 | E13: 강동소매 | F13: 강동소매 | G13: 62.40813 | H13: 1721 | I13: 175 | J13: 1631 | K13: 1583 | L13: 44 | M13: 94 | N13: 4 | O13: 25 | P13: 0.94770482 | Q13: 14.215572 | V13: 313 | W13: 199 | X13: 199 | Z13: 0 | AA13: 0.63578275 | AB13: 6.3578275 | AC13: 143 | AD13: 130 | AE13: 130 | AF13: 0 | AG13: 0 | AH13: 0.90909091 | AI13: 178 | AJ13: 158.5 | AK13: 99 | AL13: 62 | AN13: 2.5 | AO13: 0.89044944 | AT13: 0.89977017 | AU13: 13.496553 | AV13: 378 | AW13: 319 | AX13: 270 | AY13: 46 | AZ13: 8 | BB13: 5 | BC13: 0.84391534 | BD13: 8.4391534 | BE13: 65000 | BF13: 56911.227 | BG13: 97944222 | BH13: 1721 | BI13: 0.87555734 | BJ13: 6.1289014 | BK13: 51 | BL13: 25.8 | BM13: 19 | BN13: 0 | BO13: 3 | BP13: 5 | BQ13: 0 | BR13: 0 | BS13: 0.50588235 | BT13: 2.5294118 | BU13: 0.5 | BV13: 0.61538462 | BW13: 80 | BX13: 130 | BY13: 1 | BZ13: 5 | CP13: 98.648915 | CQ13: 0.95 | CR13: 2.85 | CS13: 2.6536 | CT13: 0.73711111 | CU13: 0 | CV13: 3.3907111 | CW13: 25 | CX13: 5 | CY13: 0 | CZ13: 0 | DA13: 0 | DB13: 0 | DC13: 5 | DD13: 1 | DE13: 0 | DF13: 0 | DG13: 0 | DH13: 0 | DI13: 0 | DJ13: 0 | DK13: 0 | DL13: 2.5
A14: 1분기 | B14: 1. 소매 | C14: 강남 | D14: 강남소매 | E14: 강남소매 | F14: 강남소매 | G14: 55.862007 | H14: 1573 | I14: 259 | J14: 1329.6 | K14: 1287 | L14: 62 | M14: 152 | N14: 25 | O14: 70 | P14: 0.84526383 | Q14: 12.678957 | V14: 287 | W14: 142 | X14: 157 | Z14: 15 | AA14: 0.49477352 | AB14: 4.9477352 | AC14: 139 | AD14: 75 | AE14: 125 | AF14: 0 | AG14: 50 | AH14: 0.53956835 | AI14: 158 | AJ14: 173 | AK14: 100 | AL14: 73 | AN14: 0 | AO14: 1.0949367 | AT14: 0.81725253 | AU14: 12.258788 | AV14: 313 | AW14: 227 | AX14: 231 | AY14: 23 | AZ14: 8 | BB14: 35 | BC14: 0.72523962 | BD14: 7.2523962 | BE14: 65000 | BF14: 51600.798 | BG14: 77452798 | BH14: 1501 | BI14: 0.79385843 | BJ14: 5.557009 | BK14: 34 | BL14: 20.2 | BM14: 16 | BN14: 0 | BO14: 2 | BP14: 0 | BQ14: 0 | BR14: 0 | BS14: 0.59411765 | BT14: 2.9705882 | BU14: 0.5 | BV14: 0.664 | BW14: 83 | BX14: 125 | BY14: 1 | BZ14: 5 | CP14: 98.361538 | CQ14: 0.9 | CR14: 2.7 | CS14: 1.5965333 | CT14: 1.2 | CU14: -0.3 | CV14: 2.4965333 | CW14: 70 | CX14: 14 | CY14: 0 | CZ14: 15 | DA14: 3 | DB14: 0 | DC14: 35 | DD14: 1 | DE14: 0 | DF14: 2 | DG14: 2 | DH14: 50 | DI14: 4 | DJ14: 0 | DK14: 3 | DL14: 0
A15: 1분기 | B15: 1. 소매 | C15: 강남 | D15: 남부소매 | E15: 남부소매 | F15: 남부소매 | G15: 68.833249 | H15: 1891 | I15: 198 | J15: 1826 | K15: 1759 | L15: 57 | M15: 80 | N15: 5 | O15: 15 | P15: 0.96562665 | Q15: 14.4844 | V15: 333 | W15: 195 | X15: 200 | Z15: 5 | AA15: 0.58558559 | AB15: 5.8558559 | AC15: 182 | AD15: 189 | AE15: 189 | AF15: 0 | AG15: 0 | AH15: 1.0384615 | AI15: 217 | AJ15: 242 | AK15: 157 | AL15: 85 | AN15: 0 | AO15: 1.1152074 | AT15: 1.0768345 | AU15: 16.152517 | AV15: 412 | AW15: 375 | AX15: 323 | AY15: 42 | AZ15: 10 | BB15: 0 | BC15: 0.91019417 | BD15: 9.1019417 | BE15: 65000 | BF15: 53201.498 | BG15: 1.0087004e+08 | BH15: 1896 | BI15: 0.81848459 | BJ15: 5.7293921 | BK15: 50 | BL15: 42.4 | BM15: 32 | BN15: 0 | BO15: 8 | BP15: 0 | BQ15: 0 | BR15: 0 | BS15: 0.848 | BT15: 4.24 | BU15: 0.5 | BV15: 0.67724868 | BW15: 128 | BX15: 189 | BY15: 1 | BZ15: 5 | CP15: 98.871369 | CQ15: 1 | CR15: 3 | CS15: 4.0691429 | CT15: 1.2 | CU15: 0 | CV15: 5.2691429 | CW15: 15 | CX15: 3 | CY15: 0 | CZ15: 5 | DA15: 1 | DB15: 0 | DC15: 0 | DD15: 0 | DE15: 0 | DF15: 0 | DG15: 0 | DH15: 0 | DI15: 0 | DJ15: 0 | DK15: 0 | DL15: 0
A16: 1분기 | B16: 1. 소매 | C16: 강서 | D16: 강서소매 | E16: 강서소매 | F16: 강서소매 | G16: 60.694787 | H16: 2666 | I16: 285 | J16: 2350.6 | K16: 2285 | L16: 57 | M16: 142 | N16: 5 | O16: 35 | P16: 0.88169542 | Q16: 13.225431 | V16: 476 | W16: 260 | X16: 275 | Z16: 15 | AA16: 0.54621849 | AB16: 5.4621849 | AC16: 249 | AD16: 168 | AE16: 218 | AF16: 0 | AG16: 50 | AH16: 0.6746988 | AI16: 305 | AJ16: 333 | AK16: 171 | AL16: 162 | AN16: 0 | AO16: 1.0918033 | AT16: 0.88325104 | AU16: 13.248766 | AV16: 581 | AW16: 446 | AX16: 396 | AY16: 66 | AZ16: 9 | BB16: 25 | BC16: 0.767642 | BD16: 7.67642 | BE16: 65000 | BF16: 54287.922 | BG16: 1.348512e+08 | BH16: 2484 | BI16: 0.83519879 | BJ16: 5.8463916 | BK16: 59 | BL16: 7.5 | BM16: 0 | BN16: 0 | BO16: 15 | BP16: 0 | BQ16: 0 | BR16: 0 | BS16: 0.12711864 | BT16: 0.63559322 | BU16: 0.5 | BV16: 0.63761468 | BW16: 139 | BX16: 218 | BY16: 1 | BZ16: 5 | CP16: 99.374322 | CQ16: 1.2 | CR16: 3.6 | CS16: 4.8 | CT16: 1.2 | CU16: 0 | CV16: 6 | CW16: 35 | CX16: 7 | CY16: 0 | CZ16: 15 | DA16: 3 | DB16: 0 | DC16: 25 | DD16: 0 | DE16: 0 | DF16: 5 | DG16: 0 | DH16: 50 | DI16: 10 | DJ16: 0 | DK16: 0 | DL16: 0
A17: 1분기 | B17: 1. 소매 | C17: 강서 | D17: 인천소매 | E17: 인천소매 | F17: 인천소매 | G17: 65.468166 | H17: 1708 | I17: 149 | J17: 1583.1 | K17: 1583 | L17: 46 | M17: 63 | N17: 1 | O17: 65 | P17: 0.92687354 | Q17: 13.903103 | V17: 275 | W17: 178 | X17: 188 | Z17: 10 | AA17: 0.64727273 | AB17: 6.4727273 | AC17: 175 | AD17: 160.5 | AE17: 180 | AF17: 1 | AG17: 20 | AH17: 0.91714286 | AI17: 218 | AJ17: 220 | AK17: 158 | AL17: 62 | AN17: 0 | AO17: 1.0091743 | AT17: 0.96315858 | AU17: 14.447379 | AV17: 384 | AW17: 368 | AX17: 346 | AY17: 40 | AZ17: 12 | BB17: 30 | BC17: 0.95833333 | BD17: 9.5833333 | BE17: 65000 | BF17: 55822.219 | BG17: 94451195 | BH17: 1692 | BI17: 0.85880337 | BJ17: 6.0116236 | BK17: 40 | BL17: 9.6 | BM17: 8 | BN17: 0 | BO17: 0 | BP17: 0 | BQ17: 0 | BR17: 0 | BS17: 0.24 | BT17: 1.2 | BU17: 0.5 | BV17: 0.75690608 | BW17: 137 | BX17: 181 | BY17: 1 | BZ17: 5 | CP17: 98.732852 | CQ17: 0.95 | CR17: 2.85 | CS17: 4.8 | CT17: 1.2 | CU17: 0 | CV17: 6 | CW17: 65 | CX17: 13 | CY17: 0 | CZ17: 10 | DA17: 2 | DB17: 0 | DC17: 30 | DD17: 4 | DE17: 0 | DF17: 2 | DG17: 0 | DH17: 20 | DI17: 4 | DJ17: 0 | DK17: 0 | DL17: 0
A18: 1분기 | B18: 1. 소매 | C18: 동부 | D18: 부산소매 | E18: 부산소매 | F18: 부산소매 | G18: 65.29687 | H18: 2567 | I18: 208 | J18: 2228.8 | K18: 2145 | L18: 99 | M18: 130 | N18: 4 | O18: 55 | P18: 0.86825088 | Q18: 13.023763 | V18: 419 | W18: 289 | X18: 309 | Z18: 20 | AA18: 0.68973747 | AB18: 6.8973747 | AC18: 262 | AD18: 147.5 | AE18: 197 | AF18: 1 | AG18: 50 | AH18: 0.5629771 | AI18: 363 | AJ18: 297 | AK18: 178 | AL18: 119 | AN18: 0 | AO18: 0.81818182 | AT18: 0.69057946 | AU18: 10.358692 | AV18: 581 | AW18: 544 | AX18: 481 | AY18: 68 | AZ18: 30 | BB18: 35 | BC18: 0.9363167 | BD18: 9.363167 | BE18: 65000 | BF18: 56854.224 | BG18: 1.3502878e+08 | BH18: 2375 | BI18: 0.87468037 | BJ18: 6.1227626 | BK18: 56 | BL18: 92.6 | BM18: 77 | BN18: 0 | BO18: 0 | BP18: 0 | BQ18: 1 | BR18: 0 | BS18: 1.2 | BT18: 6 | BU18: 0.5 | BV18: 0.61111111 | BW18: 121 | BX18: 198 | BY18: 1 | BZ18: 5 | CP18: 98.407895 | CQ18: 0.95 | CR18: 2.85 | CS18: 4.5448889 | CT18: 1.1362222 | CU18: 0 | CV18: 5.6811111 | CW18: 55 | CX18: 11 | CY18: 0 | CZ18: 20 | DA18: 4 | DB18: 0 | DC18: 35 | DD18: 2 | DE18: 0 | DF18: 3 | DG18: 1 | DH18: 50 | DI18: 6 | DJ18: 0 | DK18: 2 | DL18: 0
A19: 1분기 | B19: 1. 소매 | C19: 동부 | D19: 대구소매 | E19: 대구소매 | F19: 대구소매 | G19: 61.247415 | H19: 2336 | I19: 153 | J19: 2173 | K19: 2100 | L19: 133 | M19: 149 | N19: 25 | O19: 85 | P19: 0.9302226 | Q19: 13.953339 | V19: 345 | W19: 333 | X19: 358 | Z19: 25 | AA19: 0.96521739 | AB19: 9.6521739 | AC19: 200 | AD19: 146 | AE19: 196 | AF19: 0 | AG19: 50 | AH19: 0.73 | AI19: 237 | AJ19: 243 | AK19: 170 | AL19: 73 | AN19: 0 | AO19: 1.0253165 | AT19: 0.87765823 | AU19: 13.164873 | AV19: 538 | AW19: 409 | AX19: 348 | AY19: 56 | AZ19: 30 | BB19: 25 | BC19: 0.76022305 | BD19: 7.6022305 | BE19: 65000 | BF19: 50599.509 | BG19: 1.2052803e+08 | BH19: 2382 | BI19: 0.77845399 | BJ19: 5.4491779 | BK19: 58 | BL19: 3 | BM19: 0 | BN19: 0 | BO19: 6 | BP19: 0 | BQ19: 0 | BR19: 0 | BS19: 0.051724138 | BT19: 0.25862069 | BU19: 0.5 | BV19: 0.6122449 | BW19: 120 | BX19: 196 | BY19: 1 | BZ19: 5 | CP19: 97.806548 | CQ19: 0.85 | CR19: 2.55 | CS19: 2.517 | CT19: 1.2 | CU19: -0.1 | CV19: 3.617 | CW19: 85 | CX19: 17 | CY19: 0 | CZ19: 25 | DA19: 5 | DB19: 0 | DC19: 25 | DD19: 0 | DE19: 0 | DF19: 5 | DG19: 0 | DH19: 50 | DI19: 10 | DJ19: 0 | DK19: 0 | DL19: 0
A20: 1분기 | B20: 1. 소매 | C20: 서부 | D20: 충청소매 | E20: 충청소매 | F20: 충청소매 | G20: 60.352048 | H20: 1950 | I20: 191 | J20: 1837.1 | K20: 1770 | L20: 59 | M20: 55 | N20: 108 | O20: 30 | P20: 0.94210256 | Q20: 14.131538 | V20: 325 | W20: 199 | X20: 209 | Z20: 10 | AA20: 0.61230769 | AB20: 6.1230769 | AC20: 166 | AD20: 133.5 | AE20: 133 | AF20: 1 | AG20: 0 | AH20: 0.80421687 | AI20: 199 | AJ20: 215 | AK20: 90 | AL20: 125 | AN20: 0 | AO20: 1.080402 | AT20: 0.94230944 | AU20: 14.134642 | AV20: 431 | AW20: 368 | AX20: 314 | AY20: 38 | AZ20: 21 | BB20: 5 | BC20: 0.85382831 | BD20: 8.5382831 | BE20: 65000 | BF20: 54570.229 | BG20: 1.0286488e+08 | BH20: 1885 | BI20: 0.83954199 | BJ20: 5.8767939 | BK20: 53 | BL20: 2.2 | BM20: 0 | BN20: 0 | BO20: 4 | BP20: 0 | BQ20: 1 | BR20: 0 | BS20: 0.041509434 | BT20: 0.20754717 | BU20: 0.5 | BV20: 0.62686567 | BW20: 84 | BX20: 134 | BY20: 1 | BZ20: 5 | CP20: 98.068966 | CQ20: 0.9 | CR20: 2.7 | CS20: 2.4401667 | CT20: 1.2 | CU20: 0 | CV20: 3.6401667 | CW20: 30 | CX20: 6 | CY20: 0 | CZ20: 10 | DA20: 2 | DB20: 0 | DC20: 5 | DD20: 1 | DE20: 0 | DF20: 0 | DG20: 0 | DH20: 0 | DI20: 0 | DJ20: 0 | DK20: 0 | DL20: 0
A21: 1분기 | B21: 1. 소매 | C21: 서부 | D21: 호남소매 | E21: 호남소매 | F21: 호남소매 | G21: 66.567126 | H21: 1889 | I21: 143 | J21: 2009.6 | K21: 1943 | L21: 46 | M21: 66 | N21: 4 | O21: 0 | P21: 1.0638433 | Q21: 15.95765 | V21: 304 | W21: 235 | X21: 235 | Z21: 0 | AA21: 0.77302632 | AB21: 7.7302632 | AC21: 140 | AD21: 100 | AE21: 140 | AF21: 0 | AG21: 40 | AH21: 0.71428571 | AI21: 177 | AJ21: 178.5 | AK21: 118 | AL21: 63 | AN21: 2.5 | AO21: 1.0084746 | AT21: 0.86138015 | AU21: 12.920702 | AV21: 431 | AW21: 370 | AX21: 318 | AY21: 53 | AZ21: 19 | BB21: 20 | BC21: 0.85846868 | BD21: 8.5846868 | BE21: 65000 | BF21: 52685.163 | BG21: 1.0826801e+08 | BH21: 2055 | BI21: 0.81054097 | BJ21: 5.6737868 | BK21: 53 | BL21: 27.2 | BM21: 21 | BN21: 0 | BO21: 4 | BP21: 0 | BQ21: 0 | BR21: 0 | BS21: 0.51320755 | BT21: 2.5660377 | BU21: 0.5 | BV21: 0.55 | BW21: 77 | BX21: 140 | BY21: 1 | BZ21: 5 | CP21: 98.504673 | CQ21: 0.95 | CR21: 2.85 | CS21: 4.084 | CT21: 1.2 | CU21: 0 | CV21: 5.284 | CW21: 0 | CX21: 0 | CY21: 0 | CZ21: 0 | DA21: 0 | DB21: 0 | DC21: 20 | DD21: 0 | DE21: 0 | DF21: 2 | DG21: 1 | DH21: 40 | DI21: 4 | DJ21: 0 | DK21: 2 | DL21: 2.5
A22: 1분기 | B22: 1. 소매 | C22: 강북 | D22: 강북소매 | E22: YC00225 | F22: 금릉역 | G22: 62.952905 | H22: 75 | I22: 11 | J22: 75 | K22: 73 | L22: 2 | M22: 0 | N22: 0 | O22: 0 | P22: 1 | Q22: 15 | V22: 14 | W22: 7 | X22: 7 | Z22: 0 | AA22: 0.5 | AB22: 5 | AC22: 6 | AD22: 9 | AE22: 9 | AF22: 0 | AG22: 0 | AH22: 1.2 | AI22: 7 | AJ22: 10 | AK22: 7 | AL22: 3 | AN22: 0 | AO22: 1.2 | AT22: 1.2 | AU22: 18 | AV22: 17 | AW22: 20 | AX22: 18 | AY22: 2 | AZ22: 0 | BB22: 0 | BC22: 1.1764706 | BD22: 11.764706 | BE22: 65000 | BF22: 53747.564 | BG22: 4031067.3 | BH22: 75 | BI22: 0.82688561 | BJ22: 5.7881992 | BL22: 0 | BM22: 0 | BN22: 0 | BO22: 0 | BP22: 0 | BQ22: 0 | BR22: 0 | BU22: 0.5 | BV22: 0.77777778 | BW22: 7 | BX22: 9 | BY22: 1 | BZ22: 5 | CP22: 97.75 | CQ22: 0.8 | CR22: 2.4 | CW22: 0 | CX22: 0 | CY22: 0 | CZ22: 0 | DA22: 0 | DB22: 0 | DC22: 0 | DD22: 0 | DE22: 0 | DF22: 0 | DG22: 0 | DH22: 0 | DI22: 0 | DJ22: 0 | DK22: 0 | DL22: 0
A23: 1분기 | B23: 1. 소매 | C23: 강북 | D23: 강북소매 | E23: YC00522 | F23: 문산 | G23: 45.297674 | H23: 59 | I23: 8 | J23: 50.6 | K23: 48 | L23: 2 | M23: 2 | N23: 0 | O23: 0 | P23: 0.85762712 | Q23: 12.864407 | V23: 11 | W23: 6 | X23: 6 | Z23: 0 | AA23: 0.54545455 | AB23: 5.4545455 | AC23: 5 | AD23: 3 | AE23: 3 | AF23: 0 | AG23: 0 | AH23: 0.6 | AI23: 5 | AJ23: 3 | AK23: 3 | AL23: 0 | AN23: 0 | AO23: 0.6 | AT23: 0.6 | AU23: 9 | AV23: 11 | AW23: 4 | AX23: 4 | AY23: 0 | AZ23: 0 | BB23: 0 | BC23: 0.36363636 | BD23: 3.6363636 | BE23: 65000 | BF23: 53321.893 | BG23: 2772738.4 | BH23: 52 | BI23: 0.82033681 | BJ23: 5.7423577 | BL23: 0 | BM23: 0 | BN23: 0 | BO23: 0 | BP23: 0 | BQ23: 0 | BR23: 0 | BU23: 0.5 | BV23: 1 | BW23: 3 | BX23: 3 | BY23: 1 | BZ23: 5 | CP23: 100 | CQ23: 1.2 | CR23: 3.6 | CW23: 0 | CX23: 0 | CY23: 0 | CZ23: 0 | DA23: 0 | DB23: 0 | DC23: 0 | DD23: 0 | DE23: 0 | DF23: 0 | DG23: 0 | DH23: 0 | DI23: 0 | DJ23: 0 | DK23: 0 | DL23: 0
A24: 1분기 | B24: 1. 소매 | C24: 강북 | D24: 강북소매 | E24: YC20667 | F24: 화정역 | G24: 60.330418 | H24: 89 | I24: 13 | J24: 88.3 | K24: 90 | L24: 2 | M24: 3 | N24: 2 | O24: 5 | P24: 0.99213483 | Q24: 14.882022 | V24: 17 | W24: 8 | X24: 8 | Z24: 0 | AA24: 0.47058824 | AB24: 4.7058824 | AC24: 6 | AD24: 8 | AE24: 8 | AF24: 0 | AG24: 0 | AH24: 1.2 | AI24: 10 | AJ24: 15 | AK24: 8 | AL24: 7 | AN24: 0 | AO24: 1.2 | AT24: 1.2 | AU24: 18 | AV24: 23 | AW24: 21 | AX24: 18 | AY24: 2 | AZ24: 1 | BB24: 0 | BC24: 0.91304348 | BD24: 9.1304348 | BE24: 65000 | BF24: 53505.011 | BG24: 5082976 | BH24: 95 | BI24: 0.82315401 | BJ24: 5.7620781 | BL24: 0 | BM24: 0 | BN24: 0 | BO24: 0 | BP24: 0 | BQ24: 0 | BR24: 0 | BU24: 0.5 | BV24: 0.75 | BW24: 6 | BX24: 8 | BY24: 1 | BZ24: 5 | CP24: 98.5 | CQ24: 0.95 | CR24: 2.85 | CW24: 5 | CX24: 1 | CY24: 0 | CZ24: 0 | DA24: 0 | DB24: 0 | DC24: 0 | DD24: 0 | DE24: 0 | DF24: 0 | DG24: 0 | DH24: 0 | DI24: 0 | DJ24: 0 | DK24: 0 | DL24: 0
A25: 1분기 | B25: 1. 소매 | C25: 강북 | D25: 강북소매 | E25: YC20691 | F25: 일산 | G25: 42.643318 | H25: 66 | I25: 9 | J25: 56.6 | K25: 52 | L25: 4 | M25: 2 | N25: 0 | O25: 0 | P25: 0.85757576 | Q25: 12.863636 | V25: 13 | W25: 6 | X25: 6 | Z25: 0 | AA25: 0.46153846 | AB25: 4.6153846 | AC25: 6 | AD25: 4 | AE25: 4 | AF25: 0 | AG25: 0 | AH25: 0.66666667 | AI25: 5 | AJ25: 3 | AK25: 3 | AL25: 0 | AN25: 0 | AO25: 0.6 | AT25: 0.63333333 | AU25: 9.5 | AV25: 13 | AW25: 9 | AX25: 6 | AY25: 0 | AZ25: 3 | BB25: 0 | BC25: 0.69230769 | BD25: 6.9230769 | BE25: 65000 | BF25: 58882.757 | BG25: 3415199.9 | BH25: 58 | BI25: 0.90588857 | BJ25: 6.34122 | BL25: 0 | BM25: 0 | BN25: 0 | BO25: 0 | BP25: 0 | BQ25: 0 | BR25: 0 | BU25: 0.5 | BV25: 0 | BW25: 0 | BX25: 4 | BY25: 0 | BZ25: 0 | CP25: 97.545455 | CQ25: 0.8 | CR25: 2.4 | CW25: 0 | CX25: 0 | CY25: 0 | CZ25: 0 | DA25: 0 | DB25: 0 | DC25: 0 | DD25: 0 | DE25: 0 | DF25: 0 | DG25: 0 | DH25: 0 | DI25: 0 | DJ25: 0 | DK25: 0 | DL25: 0
A26: 1분기 | B26: 1. 소매 | C26: 강북 | D26: 강북소매 | E26: YC00364 | F26: 마두역 | G26: 60.131324 | H26: 65 | I26: 9 | J26: 58.7 | K26: 55 | L26: 1 | M26: 9 | N26: 0 | O26: 0 | P26: 0.90307692 | Q26: 13.546154 | V26: 12 | W26: 11 | X26: 11 | Z26: 0 | AA26: 0.91666667 | AB26: 9.1666667 | AC26: 6 | AD26: 4 | AE26: 4 | AF26: 0 | AG26: 0 | AH26: 0.66666667 | AI26: 4 | AJ26: 4 | AK26: 4 | AL26: 0 | AN26: 0 | AO26: 1 | AT26: 0.83333333 | AU26: 12.5 | AV26: 11 | AW26: 18 | AX26: 14 | AY26: 4 | AZ26: 0 | BB26: 0 | BC26: 1.2 | BD26: 12 | BE26: 65000 | BF26: 48457.534 | BG26: 3149739.7 | BH26: 65 | BI26: 0.74550052 | BJ26: 5.2185036 | BL26: 0 | BM26: 0 | BN26: 0 | BO26: 0 | BP26: 0 | BQ26: 0 | BR26: 0 | BU26: 0.5 | BV26: 0.5 | BW26: 2 | BX26: 4 | BY26: 1 | BZ26: 5 | CP26: 98.2 | CQ26: 0.9 | CR26: 2.7 | CW26: 0 | CX26: 0 | CY26: 0 | CZ26: 0 | DA26: 0 | DB26: 0 | DC26: 0 | DD26: 0 | DE26: 0 | DF26: 0 | DG26: 0 | DH26: 0 | DI26: 0 | DJ26: 0 | DK26: 0 | DL26: 0
A27: 1분기 | B27: 1. 소매 | C27: 강북 | D27: 강북소매 | E27: YC00406 | F27: 원흥역 | G27: 45.345098 | H27: 59 | I27: 8 | J27: 37.6 | K27: 39 | L27: 3 | M27: 2 | N27: 0 | O27: 5 | P27: 0.63728814 | Q27: 9.559322 | V27: 11 | W27: 6 | X27: 6 | Z27: 0 | AA27: 0.54545455 | AB27: 5.4545455 | AC27: 6 | AD27: 3 | AE27: 3 | AF27: 0 | AG27: 0 | AH27: 0.5 | AI27: 4 | AJ27: 7 | AK27: 2 | AL27: 5 | AN27: 0 | AO27: 1.2 | AT27: 0.85 | AU27: 12.75 | AV27: 11 | AW27: 4 | AX27: 4 | AY27: 0 | AZ27: 0 | BB27: 0 | BC27: 0.36363636 | BD27: 3.6363636 | BE27: 65000 | BF27: 60773.763 | BG27: 2674045.6 | BH27: 44 | BI27: 0.93498097 | BJ27: 6.5448668 | BL27: 0 | BM27: 0 | BN27: 0 | BO27: 0 | BP27: 0 | BQ27: 0 | BR27: 0 | BU27: 0.5 | BV27: 1 | BW27: 3 | BX27: 3 | BY27: 1 | BZ27: 5 | CP27: 97.428571 | CQ27: 0.8 | CR27: 2.4 | CW27: 5 | CX27: 1 | CY27: 0 | CZ27: 0 | DA27: 0 | DB27: 0 | DC27: 0 | DD27: 0 | DE27: 0 | DF27: 0 | DG27: 0 | DH27: 0 | DI27: 0 | DJ27: 0 | DK27: 0 | DL27: 0
A28: 1분기 | B28: 1. 소매 | C28: 강북 | D28: 강북소매 | E28: YC00552 | F28: 지축역 | G28: 38.035732 | H28: 40 | I28: 6 | J28: 29.6 | K28: 29 | L28: 0 | M28: 2 | N28: 0 | O28: 0 | P28: 0.74 | Q28: 11.1 | V28: 8 | W28: 2 | X28: 2 | Z28: 0 | AA28: 0.25 | AB28: 2.5 | AC28: 5 | AD28: 1 | AE28: 1 | AF28: 0 | AG28: 0 | AH28: 0.2 | AI28: 4 | AJ28: 1 | AK28: 1 | AL28: 0 | AN28: 0 | AO28: 0.25 | AT28: 0.225 | AU28: 3.375 | AV28: 9 | AW28: 6 | AX28: 6 | AY28: 0 | AZ28: 0 | BB28: 0 | BC28: 0.66666667 | BD28: 6.6666667 | BE28: 65000 | BF28: 53802.034 | BG28: 1667863.1 | BH28: 31 | BI28: 0.8277236 | BJ28: 5.7940652 | BL28: 0 | BM28: 0 | BN28: 0 | BO28: 0 | BP28: 0 | BQ28: 0 | BR28: 0 | BU28: 0.5 | BV28: 1 | BW28: 1 | BX28: 1 | BY28: 1 | BZ28: 5 | CP28: 99.25 | CQ28: 1.2 | CR28: 3.6 | CW28: 0 | CX28: 0 | CY28: 0 | CZ28: 0 | DA28: 0 | DB28: 0 | DC28: 0 | DD28: 0 | DE28: 0 | DF28: 0 | DG28: 0 | DH28: 0 | DI28: 0 | DJ28: 0 | DK28: 0 | DL28: 0
A29: 1분기 | B29: 1. 소매 | C29: 강북 | D29: 강북소매 | E29: YC00318 | F29: 연신내역 | G29: 52.772502 | H29: 95 | I29: 13 | J29: 103 | K29: 104 | L29: 4 | M29: 0 | N29: 0 | O29: 5 | P29: 1.0842105 | Q29: 16.263158 | V29: 18 | W29: 12 | X29: 17 | Z29: 5 | AA29: 0.66666667 | AB29: 6.6666667 | AC29: 9 | AD29: 5 | AE29: 5 | AF29: 0 | AG29: 0 | AH29: 0.55555556 | AI29: 9 | AJ29: 5 | AK29: 3 | AL29: 2 | AN29: 0 | AO29: 0.55555556 | AT29: 0.55555556 | AU29: 8.3333333 | AV29: 20 | AW29: 17 | AX29: 14 | AY29: 1 | AZ29: 2 | BB29: 0 | BC29: 0.85 | BD29: 8.5 | BE29: 65000 | BF29: 40943.911 | BG29: 4421942.4 | BH29: 108 | BI29: 0.62990633 | BJ29: 4.4093443 | BL29: 0 | BM29: 0 | BN29: 0 | BO29: 0 | BP29: 0 | BQ29: 0 | BR29: 0 | BU29: 0.5 | BV29: 0.6 | BW29: 3 | BX29: 5 | BY29: 1 | BZ29: 5 | CP29: 99.395349 | CQ29: 1.2 | CR29: 3.6 | CW29: 5 | CX29: 1 | CY29: 0 | CZ29: 5 | DA29: 1 | DB29: 0 | DC29: 0 | DD29: 0 | DE29: 0 | DF29: 0 | DG29: 0 | DH29: 0 | DI29: 0 | DJ29: 0 | DK29: 0 | DL29: 0
A30: 1분기 | B30: 1. 소매 | C30: 강북 | D30: 강북소매 | E30: YC00428 | F30: 구파발 | G30: 72.350228 | H30: 78 | I30: 11 | J30: 93 | K30: 87 | L30: 10 | M30: 4 | N30: 0 | O30: 5 | P30: 1.1923077 | Q30: 17.884615 | V30: 15 | W30: 18 | X30: 18 | Z30: 0 | AA30: 1.2 | AB30: 12 | AC30: 7 | AD30: 10 | AE30: 10 | AF30: 0 | AG30: 0 | AH30: 1.2 | AI30: 8 | AJ30: 13 | AK30: 9 | AL30: 4 | AN30: 0 | AO30: 1.2 | AT30: 1.2 | AU30: 18 | AV30: 18 | AW30: 30 | AX30: 19 | AY30: 5 | AZ30: 6 | BB30: 0 | BC30: 1.2 | BD30: 12 | BE30: 65000 | BF30: 49823.549 | BG30: 5032178.5 | BH30: 101 | BI30: 0.76651614 | BJ30: 5.365613 | BL30: 0 | BM30: 0 | BN30: 0 | BO30: 0 | BP30: 0 | BQ30: 0 | BR30: 0 | BU30: 0.5 | BV30: 0.9 | BW30: 9 | BX30: 10 | BY30: 1 | BZ30: 5 | CP30: 94.875 | CQ30: 0.7 | CR30: 2.1 | CW30: 5 | CX30: 1 | CY30: 0 | CZ30: 0 | DA30: 0 | DB30: 0 | DC30: 0 | DD30: 0 | DE30: 0 | DF30: 0 | DG30: 0 | DH30: 0 | DI30: 0 | DJ30: 0 | DK30: 0 | DL30: 0
A31: 1분기 | B31: 1. 소매 | C31: 강북 | D31: 강북소매 | E31: YC20680 | F31: 응암역 | G31: 54.983782 | H31: 82 | I31: 12 | J31: 66.6 | K31: 64 | L31: 2 | M31: 2 | N31: 0 | O31: 0 | P31: 0.81219512 | Q31: 12.182927 | V31: 16 | W31: 10 | X31: 10 | Z31: 0 | AA31: 0.625 | AB31: 6.25 | AC31: 7 | AD31: 4 | AE31: 4 | AF31: 0 | AG31: 0 | AH31: 0.57142857 | AI31: 6 | AJ31: 7 | AK31: 4 | AL31: 3 | AN31: 0 | AO31: 1.1666667 | AT31: 0.86904762 | AU31: 13.035714 | AV31: 16 | AW31: 17 | AX31: 13 | AY31: 3 | AZ31: 1 | BB31: 0 | BC31: 1.0625 | BD31: 10.625 | BE31: 65000 | BF31: 46801.308 | BG31: 3182488.9 | BH31: 68 | BI31: 0.72002012 | BJ31: 5.0401408 | BL31: 0 | BM31: 0 | BN31: 0 | BO31: 0 | BP31: 0 | BQ31: 0 | BR31: 0 | BU31: 0.5 | BV31: 1 | BW31: 4 | BX31: 4 | BY31: 1 | BZ31: 5 | CP31: 98.642857 | CQ31: 0.95 | CR31: 2.85 | CW31: 0 | CX31: 0 | CY31: 0 | CZ31: 0 | DA31: 0 | DB31: 0 | DC31: 0 | DD31: 0 | DE31: 0 | DF31: 0 | DG31: 0 | DH31: 0 | DI31: 0 | DJ31: 0 | DK31: 0 | DL31: 0
A32: 1분기 | B32: 1. 소매 | C32: 강북 | D32: 강북소매 | E32: YC00484 | F32: 상암애드샵 | G32: 60.888293 | H32: 65 | I32: 9 | J32: 66 | K32: 57 | L32: 8 | M32: 5 | N32: 0 | O32: 0 | P32: 1.0153846 | Q32: 15.230769 | V32: 12 | W32: 11 | X32: 11 | Z32: 0 | AA32: 0.91666667 | AB32: 9.1666667 | AC32: 5 | AD32: 4 | AE32: 4 | AF32: 0 | AG32: 0 | AH32: 0.8 | AI32: 6 | AJ32: 3 | AK32: 2 | AL32: 1 | AN32: 0 | AO32: 0.5 | AT32: 0.65 | AU32: 9.75 | AV32: 14 | AW32: 17 | AX32: 10 | AY32: 2 | AZ32: 5 | BB32: 0 | BC32: 1.2 | BD32: 12 | BE32: 65000 | BF32: 57022.245 | BG32: 3991557.2 | BH32: 70 | BI32: 0.87726532 | BJ32: 6.1408572 | BL32: 0 | BM32: 0 | BN32: 0 | BO32: 0 | BP32: 0 | BQ32: 0 | BR32: 0 | BU32: 0.5 | BV32: 0.5 | BW32: 2 | BX32: 4 | BY32: 1 | BZ32: 5 | CP32: 99.363636 | CQ32: 1.2 | CR32: 3.6 | CW32: 0 | CX32: 0 | CY32: 0 | CZ32: 0 | DA32: 0 | DB32: 0 | DC32: 0 | DD32: 0 | DE32: 0 | DF32: 0 | DG32: 0 | DH32: 0 | DI32: 0 | DJ32: 0 | DK32: 0 | DL32: 0
A33: 1분기 | B33: 1. 소매 | C33: 강북 | D33: 강북소매 | E33: YC00480 | F33: 홍대애드샵플러스 | G33: 51.978797 | H33: 95 | I33: 13 | J33: 76.1 | K33: 77 | L33: 2 | M33: 7 | N33: 0 | O33: 5 | P33: 0.80105263 | Q33: 12.015789 | V33: 18 | W33: 5 | X33: 10 | Z33: 5 | AA33: 0.27777778 | AB33: 2.7777778 | AC33: 6 | AD33: 7 | AE33: 7 | AF33: 0 | AG33: 0 | AH33: 1.1666667 | AI33: 6 | AJ33: 6 | AK33: 1 | AL33: 5 | AN33: 0 | AO33: 1 | AT33: 1.0833333 | AU33: 16.25 | AV33: 16 | AW33: 10 | AX33: 10 | AY33: 0 | AZ33: 0 | BB33: 0 | BC33: 0.625 | BD33: 6.25 | BE33: 65000 | BF33: 73219.988 | BG33: 6296919 | BH33: 86 | BI33: 1.1264614 | BJ33: 7.8852295 | BL33: 0 | BM33: 0 | BN33: 0 | BO33: 0 | BP33: 0 | BQ33: 0 | BR33: 0 | BU33: 0.5 | BV33: 0.85714286 | BW33: 6 | BX33: 7 | BY33: 1 | BZ33: 5 | CP33: 86.714286 | CQ33: 0.6 | CR33: 1.8 | CW33: 5 | CX33: 1 | CY33: 0 | CZ33: 5 | DA33: 1 | DB33: 0 | DC33: 0 | DD33: 0 | DE33: 0 | DF33: 0 | DG33: 0 | DH33: 0 | DI33: 0 | DJ33: 0 | DK33: 0 | DL33: 0
... A269: 1분기 | B269: 1. 소매 | C269: 서부 | D269: 호남소매 | E269: YC20421 | F269: 평화 | G269: 61.252539 | H269: 96 | I269: 7 | J269: 109.9 | K269: 106 | L269: 3 | M269: 3 | N269: 0 | O269: 0 | P269: 1.1447917 | Q269: 17.171875 | V269: 16 | W269: 12 | X269: 12 | Z269: 0 | AA269: 0.75 | AB269: 7.5 | AC269: 6 | AD269: 7 | AE269: 7 | AF269: 0 | AG269: 0 | AH269: 1.1666667 | AI269: 8 | AJ269: 6 | AK269: 3 | AL269: 3 | AN269: 0 | AO269: 0.75 | AT269: 0.95833333 | AU269: 14.375 | AV269: 20 | AW269: 20 | AX269: 19 | AY269: 1 | AZ269: 0 | BB269: 0 | BC269: 1 | BD269: 10 | BE269: 65000 | BF269: 44624.026 | BG269: 4997891 | BH269: 112 | BI269: 0.68652348 | BJ269: 4.8056644 | BL269: 0 | BM269: 0 | BN269: 0 | BO269: 0 | BP269: 0 | BQ269: 0 | BR269: 0 | BU269: 0.5 | BV269: 0.85714286 | BW269: 6 | BX269: 7 | BY269: 1 | BZ269: 5 | CP269: 97.647059 | CQ269: 0.8 | CR269: 2.4 | CW269: 0 | CX269: 0 | CY269: 0 | CZ269: 0 | DA269: 0 | DB269: 0 | DC269: 0 | DD269: 0 | DE269: 0 | DF269: 0 | DG269: 0 | DH269: 0 | DI269: 0 | DJ269: 0 | DK269: 0 | DL269: 0
A270: 1분기 | B270: 1. 소매 | C270: 서부 | D270: 호남소매 | E270: YC20426 | F270: 제주중앙 | G270: 0 | H270: 0 | I270: 0 | J270: 0 | K270: 0 | L270: 0 | M270: 0 | N270: 0 | O270: 0 | Q270: 0 | V270: 0 | W270: 0 | X270: 0 | Z270: 0 | AB270: 0 | AC270: 0 | AD270: 0 | AE270: 0 | AF270: 0 | AG270: 0 | AI270: 0 | AJ270: 0 | AK270: 0 | AL270: 0 | AN270: 0 | AU270: 0 | AV270: 0 | AW270: 0 | AX270: 0 | AY270: 0 | AZ270: 0 | BB270: 0 | BD270: 0 | BE270: 65000 | BF270: 0 | BG270: 0 | BH270: 0 | BI270: 0 | BJ270: 0 | BL270: 0 | BM270: 0 | BN270: 0 | BO270: 0 | BP270: 0 | BQ270: 0 | BR270: 0 | BU270: 0.5 | BV270: 0 | BW270: 0 | BX270: 0 | BY270: 0 | BZ270: 0 | CP270: #DIV/0! | CR270: 0 | CW270: 0 | CX270: 0 | CY270: 0 | CZ270: 0 | DA270: 0 | DB270: 0 | DC270: 0 | DD270: 0 | DE270: 0 | DF270: 0 | DG270: 0 | DH270: 0 | DI270: 0 | DJ270: 0 | DK270: 0 | DL270: 0
A271: 1분기 | B271: 1. 소매 | C271: 서부 | D271: 호남소매 | E271: YC00157 | F271: 연동 | G271: 30.532439 | H271: 81 | I271: 6 | J271: 67.6 | K271: 65 | L271: 2 | M271: 2 | N271: 0 | O271: 0 | P271: 0.8345679 | Q271: 12.518519 | V271: 13 | W271: 9 | X271: 9 | Z271: 0 | AA271: 0.69230769 | AB271: 6.9230769 | AC271: 6 | AD271: -7 | AE271: 3 | AF271: 0 | AG271: 10 | AH271: -1.1666667 | AI271: 7 | AJ271: 4 | AK271: 2 | AL271: 2 | AN271: 0 | AO271: 0.57142857 | AT271: -0.29761905 | AU271: -4.4642857 | AV271: 19 | AW271: 3 | AX271: 7 | AY271: 1 | AZ271: 0 | BB271: 5 | BC271: 0.15789474 | BD271: 1.5789474 | BE271: 65000 | BF271: 49921.692 | BG271: 3444596.7 | BH271: 69 | BI271: 0.76802603 | BJ271: 5.3761822 | BL271: 0.5 | BM271: 0 | BN271: 0 | BO271: 1 | BP271: 0 | BQ271: 0 | BR271: 0 | BU271: 0.5 | BV271: 0.66666667 | BW271: 2 | BX271: 3 | BY271: 1 | BZ271: 5 | CP271: 100 | CQ271: 1.2 | CR271: 3.6 | CW271: 0 | CX271: 0 | CY271: 0 | CZ271: 0 | DA271: 0 | DB271: 0 | DC271: 5 | DD271: 0 | DE271: 0 | DF271: 1 | DG271: 0 | DH271: 10 | DI271: 2 | DJ271: 0 | DK271: 0 | DL271: 0
A272: 1분기 | B272: 1. 소매 | C272: 서부 | D272: 호남소매 | E272: YC00204 | F272: 노형 | G272: 53.852769 | H272: 96 | I272: 7 | J272: 90.9 | K272: 90 | L272: 0 | M272: 3 | N272: 0 | O272: 0 | P272: 0.946875 | Q272: 14.203125 | V272: 16 | W272: 7 | X272: 7 | Z272: 0 | AA272: 0.4375 | AB272: 4.375 | AC272: 6 | AD272: 5 | AE272: 5 | AF272: 0 | AG272: 0 | AH272: 0.83333333 | AI272: 7 | AJ272: 7 | AK272: 4 | AL272: 3 | AN272: 0 | AO272: 1 | AT272: 0.91666667 | AU272: 13.75 | AV272: 22 | AW272: 17 | AX272: 15 | AY272: 2 | AZ272: 0 | BB272: 0 | BC272: 0.77272727 | BD272: 7.7272727 | BE272: 65000 | BF272: 55225.592 | BG272: 5135980.1 | BH272: 93 | BI272: 0.8496245 | BJ272: 5.9473715 | BL272: 0 | BM272: 0 | BN272: 0 | BO272: 0 | BP272: 0 | BQ272: 0 | BR272: 0 | BU272: 0.5 | BV272: 0.6 | BW272: 3 | BX272: 5 | BY272: 1 | BZ272: 5 | CP272: 98.521739 | CQ272: 0.95 | CR272: 2.85 | CW272: 0 | CX272: 0 | CY272: 0 | CZ272: 0 | DA272: 0 | DB272: 0 | DC272: 0 | DD272: 0 | DE272: 0 | DF272: 0 | DG272: 0 | DH272: 0 | DI272: 0 | DJ272: 0 | DK272: 0 | DL272: 0
A273: 1분기 | B273: 1. 소매 | C273: 서부 | D273: 호남소매 | E273: YC00411 | F273: 노형드림 | G273: 56.38218 | H273: 115 | I273: 8 | J273: 109.6 | K273: 108 | L273: 1 | M273: 2 | N273: 0 | O273: 0 | P273: 0.95304348 | Q273: 14.295652 | V273: 18 | W273: 11 | X273: 11 | Z273: 0 | AA273: 0.61111111 | AB273: 6.1111111 | AC273: 9 | AD273: 5 | AE273: 5 | AF273: 0 | AG273: 0 | AH273: 0.55555556 | AI273: 10 | AJ273: 10 | AK273: 5 | AL273: 5 | AN273: 0 | AO273: 1 | AT273: 0.77777778 | AU273: 11.666667 | AV273: 26 | AW273: 29 | AX273: 25 | AY273: 4 | AZ273: 0 | BB273: 0 | BC273: 1.1153846 | BD273: 11.153846 | BE273: 65000 | BF273: 58545.532 | BG273: 6498554.1 | BH273: 111 | BI273: 0.9007005 | BJ273: 6.3049035 | BL273: 0 | BM273: 0 | BN273: 0 | BO273: 0 | BP273: 0 | BQ273: 0 | BR273: 0 | BU273: 0.5 | BV273: 0.4 | BW273: 2 | BX273: 5 | BY273: 0.8 | BZ273: 4 | CP273: 98.52381 | CQ273: 0.95 | CR273: 2.85 | CW273: 0 | CX273: 0 | CY273: 0 | CZ273: 0 | DA273: 0 | DB273: 0 | DC273: 0 | DD273: 0 | DE273: 0 | DF273: 0 | DG273: 0 | DH273: 0 | DI273: 0 | DJ273: 0 | DK273: 0 | DL273: 0
A274: 4분기 | B274: 1. 소매 | C274: 서부 | D274: 호남소매 | E274: YC00157 | F274: 연동 | G274: 50.326877 | H274: 180 | I274: 12 | J274: 130.8 | K274: 121 | L274: 6 | M274: 12 | N274: 1 | O274: 0 | Q274: 0 | R274: 0.72666667 | S274: 12.353333 | T274: 30 | U274: 21 | V274: 15 | W274: 6 | X274: 0 | Y274: 0 | Z274: 0.7 | AA274: 7.7 | AB274: 12 | AC274: 8 | AD274: 8 | AE274: 0 | AF274: 0 | AG274: 0.66666667 | AH274: 15 | AI274: 10.5 | AJ274: 7 | AK274: 2 | AL274: 3 | AN274: 0 | AO274: 0.7 | AP274: 0.68333333 | AQ274: 8.8833333 | AR274: 40 | AS274: 26 | AT274: 23 | AU274: 3 | AV274: 0 | AX274: 0 | AY274: 0.65 | AZ274: 6.5 | BA274: 60000 | BB274: 60427.982 | BC274: 95899208 | BD274: 1587 | BE274: 1.007133 | BF274: 5.0356652 | BQ274: 0.57 | BR274: 0.75 | BS274: 6 | BT274: 8 | BU274: 1.2 | BV274: 6 | CA274: 11 | CB274: 8 | CC274: 0.72727273 | CD274: 1.4545455 | CF274: 99.103448 | CG274: 1.2 | CH274: 2.4 | CM274: 0 | CN274: 0 | CO274: 0 | CP274: 0 | CQ274: 0 | CR274: 0 | CS274: 0 | CT274: 0 | CU274: 0 | CV274: 0 | CW274: 0 | CX274: 0 | CY274: 0 | CZ274: 0 | DA274: 0
A275: 4분기 | B275: 1. 소매 | C275: 서부 | D275: 호남소매 | E275: YC00204 | F275: 노형 | G275: 53.505921 | H275: 250 | I275: 15 | J275: 173.4 | K275: 162 | L275: 9 | M275: 8 | N275: 0 | O275: 0 | Q275: 0 | R275: 0.6936 | S275: 11.7912 | T275: 42 | U275: 26 | V275: 17 | W275: 9 | X275: 0 | Y275: 0 | Z275: 0.61904762 | AA275: 6.8095238 | AB275: 16 | AC275: 12 | AD275: 12 | AE275: 0 | AF275: 0 | AG275: 0.75 | AH275: 18 | AI275: 21 | AJ275: 12 | AK275: 7 | AL275: 4 | AN275: 0 | AO275: 1.1666667 | AP275: 0.95833333 | AQ275: 12.458333 | AR275: 57 | AS275: 46 | AT275: 32 | AU275: 9 | AV275: 5 | AX275: 0 | AY275: 0.80701754 | AZ275: 8.0701754 | BA275: 60000 | BB275: 62135.85 | BC275: 1.4017848e+08 | BD275: 2256 | BE275: 1.0355975 | BF275: 5.1779875 | BQ275: 0.57 | BR275: 0.91666667 | BS275: 11 | BT275: 12 | BU275: 1.2 | BV275: 6 | CA275: 15.4 | CB275: 10 | CC275: 0.64935065 | CD275: 1.2987013 | CF275: 98.625 | CG275: 0.95 | CH275: 1.9 | CM275: 0 | CN275: 0 | CO275: 0 | CP275: 0 | CQ275: 0 | CR275: 0 | CS275: 0 | CT275: 0 | CU275: 0 | CV275: 0 | CW275: 0 | CX275: 0 | CY275: 0 | CZ275: 0 | DA275: 0
A276: 4분기 | B276: 1. 소매 | C276: 서부 | D276: 호남소매 | E276: YC00411 | F276: 노형드림 | G276: 57.09703 | H276: 317 | I276: 21 | J276: 224.2 | K276: 210 | L276: 15 | M276: 14 | N276: 0 | O276: 0 | Q276: 5 | R276: 0.70725552 | S276: 12.023344 | T276: 50 | U276: 46 | V276: 31 | W276: 15 | X276: 0 | Y276: 0 | Z276: 0.92 | AA276: 10.12 | AB276: 22 | AC276: 18 | AD276: 17 | AE276: 2 | AF276: 0 | AG276: 0.81818182 | AH276: 25 | AI276: 24 | AJ276: 16 | AK276: 5 | AL276: 6 | AN276: 0 | AO276: 0.96 | AP276: 0.88909091 | AQ276: 11.558182 | AR276: 73 | AS276: 82 | AT276: 63 | AU276: 12 | AV276: 7 | AX276: 0 | AY276: 1.1232877 | AZ276: 11.232877 | BA276: 60000 | BB276: 68595.515 | BC276: 2.1168576e+08 | BD276: 3086 | BE276: 1.1432586 | BF276: 5.7162929 | BQ276: 0.57 | BR276: 0.47058824 | BS276: 8 | BT276: 17 | BU276: 0.8255934 | BV276: 4.127967 | CA276: 19.6 | CB276: 9 | CC276: 0.45918367 | CD276: 0.91836735 | CF276: 96.714286 | CG276: 0.7 | CH276: 1.4 | CM276: 5 | CN276: 1 | CO276: 0 | CP276: 0 | CQ276: 0 | CR276: 0 | CS276: 0 | CT276: 0 | CU276: 0 | CV276: 0 | CW276: 0 | CX276: 0 | CY276: 0 | CZ276: 0 | DA276: 0

Sheet (영업)도매
F1: 1 | G1: 2 | H1: 3 | I1: 4 | J1: 5 | K1: 6 | L1: 7 | M1: 8 | N1: 9 | O1: 10 | P1: 11 | Q1: 12 | R1: 13 | S1: 14 | T1: 15 | U1: 16 | V1: 17 | W1: 18 | X1: 19 | Y1: 20 | Z1: 21 | AA1: 22 | AB1: 23 | AC1: 24 | AD1: 25 | AE1: 26 | AF1: 27 | AG1: 28 | AH1: 29 | AI1: 30 | AJ1: 31 | AK1: 32 | AL1: 33 | AM1: 34 | AN1: 35 | AO1: 36 | AP1: 37 | AQ1: 38 | AR1: 39 | AS1: 40 | AT1: 41 | AU1: 42 | AV1: 43 | AW1: 44 | AX1: 45 | AY1: 46 | AZ1: 47 | BA1: 48 | BB1: 49 | BC1: 50 | BD1: 51 | BE1: 52 | BF1: 53 | BG1: 54 | BH1: 55 | BI1: 56 | BJ1: 57 | BK1: 58 | BL1: 59 | BM1: 60 | BN1: 61 | BO1: 62 | BP1: 63 | BQ1: 64 | BR1: 65 | BS1: 66 | BT1: 67 | BU1: 68 | BV1: 69 | BW1: 70 | BX1: 71 | BY1: 72 | BZ1: 73 | CA1: 74 | CB1: 75 | CC1: 76 | CD1: 77 | CE1: 78 | CF1: 79 | CG1: 80 | CH1: 81 | CI1: 82 | CJ1: 83 | CK1: 84 | CL1: 85 | CM1: 86 | CN1: 87 | CO1: 88 | CP1: 89 | CQ1: 90 | CR1: 91 | CS1: 92 | CT1: 93 | CU1: 94 | CV1: 95 | CW1: 96 | CX1: 97 | CY1: 98 | CZ1: 99
J2: *소상공인/디지털/B2B 일반후불 1건 | K2: 1 | L2: 1 | M2: 1 | X2: *디지털 일반후불 신규 1건 | AC2: *B2B 약갱 포함(Biz제외) | AX2: *MIT에 MNP-MIT 포함됨 | BM2: 1.2 | BN2: 15 | BO2: 1 | BP2: 0.3 | BQ2: 1 | BR2: 1 | BS2: ←소상공인 | CP2: *점수 구간별 달성률 | CW2: 감점 : 불완전판매
A3: 월 | B3: 채널 | C3: 본부 | D3: 지사 | E3: 코드 | F3: 조직 | G3: 총 득점 | H3: 일반후불 | K3: 1 | L3: 1 | M3: 0.3 | N3: 0.2 | R3: B2B 무선전체 | U3: 10 | V3: 후불 신규 | X3: 1 | Y3: 1 | AC3: 유선 순신규 | AE3: 1 | AF3: 0.5 | AK3: 1 | AL3: 1 | AM3: 0.2 | AQ3: 1 | AR3: 1 | AS3: 0.2 | AV3: 동시판매 | AX3: 1 | AY3: 1 | AZ3: 1 | BA3: 0.3 | BE3: 판매 ARPU | BK3: 전략상품(소매/소상공인/B2B) | BM3: 1.2 | BN3: 5 | BO3: 0.5 | BP3: 0.3 | BQ3: 0.2 | BR3: 0.2 | BU3: 1G 유치율 | CA3: 도매 인프라(도매) | CJ3: 8 | CK3: 직접영업(B2B) | CN3: 10 | CP3: TCSI(소매) | CR3: 3 | CS3: R-VOC | CX3: 5 | CY3: 3 | DA3: 5 | DB3: 3 | DD3: 5 | DE3: 3 | DF3: 5 | DG3: 10 | DI3: 5 | DK3: 10 | DL3: 2.5
H4: 목표 | I4: 중고 목표 | J4: 실적 계 | K4: 운영후불 (소상공) 일반후불 | L4: 중고 MNP | M4: 중고 010/기변 | N4: (소매) 토탈영업 | O4: 차감점수 | P4: 달성률 Max 120% | Q4: 득점 | R4: 목표 | S4: 실적 | T4: 달성률 Max 120% | U4: 득점 | V4: 목표 | W4: 실적 계 | X4: MNP | Y4: (디지털) '010 | Z4: 차감점수 | AA4: 달성률 Max 120% | AB4: 득점 | AC4: 인터넷 목표 | AD4: 인터넷 실적 계 | AE4: 인터넷 | AF4: 선불 | AG4: 차감점수 음재 | AH4: 인터넷 달성률 | AI4: TV 목표 | AJ4: TV 실적 계 | AK4: 미디어 | AL4: 추단 | AM4: (소상공인) Biz | AN4: 차감점수 GTT무트래픽 | AO4: TV 달성률 | AP4: (B2B) 약갱 | AQ4: 인+티 | AR4: 추단 | AS4: (B2B) Biz | AT4: 달성률 Max 120% | AU4: 득점 | AV4: 목표 | AW4: 실적 계 | AX4: MIT | AY4: MNP-MIT | AZ4: ITU | BA4: (소상공인) ITB | BB4: 차감점수 | BC4: 달성률 Max 120% | BD4: 득점 | BE4: 목표 | BF4: ARPU | BG4: 매출 | BH4: 가입자 | BI4: 달성률 Max 120% | BJ4: 득점 | BK4: 목표 | BL4: 실적 계 | BM4: 하이오더 | BN4: AI로봇 | BO4: GiGAeyes | BP4: GiGAeyes 정보제공 | BQ4: AI전화 | BR4: AI링고전화 | BS4: 달성률 Max 120% | BT4: 득점 | BU4: 목표 | BV4: 유치율 | BW4: 1G | BX4: 인터넷 | BY4: 달성률 Max 100% | BZ4: 득점 | CA4: 가동점 목표 | CB4: 가동점 | CC4: 가동점 달성률 | CD4: 중형점 목표 | CE4: 중형점 | CF4: 5건~9건 발생점 | CG4: 10건↑ 발생점 | CH4: 중형점 달성률 | CI4: 달성률 Max 120% | CJ4: 득점 | CK4: 목표 | CL4: 실적 | CM4: 달성률 Max 120% | CN4: 득점 | CO4: 목표 | CP4: 실적 | CQ4: 달성률 | CR4: 득점 | CS4: R-VOC 점수 | CT4: 3대R-VOC 점수 | CU4: 대외민원 차감점수 | CV4: 득점 | CW4: 후불 SQM 차감 | CX4: 운영후불 | CY4: 중고 | CZ4: 후불 신규 SQM 차감 | DA4: 운영후불 | DB4: 중고 | DC4: MIT 차감 | DD4: SQM_운영 | DE4: SQM_중고 | DF4: 음재 | DG4: 권한남용 | DH4: 유선 차감 | DI4: 음재 | DJ4: SQM | DK4: 권한남용 | DL4: GTT 무트래픽
A5: 월 | B5: 채널 | C5: 본부 | D5: 지사 | E5: 코드 | F5: 조직 | G5: 총 득점 | H5: 목표 | I5: 중고 목표 | J5: 실적 계 | K5: 운영 후불 | L5: 중고 MNP | M5: 중고 010/기변 | N5: 토탈영업 | O5: 차감점수 | P5: 달성률 Max 120% | Q5: 득점 | R5: 목표2 | S5: 실적 | T5: 달성률 Max 120%3 | U5: 득점4 | V5: 목표5 | W5: 실적 계6 | X5: MNP | Y5: (디지털) '010 | Z5: 차감점수7 | AA5: 달성률 Max 120%8 | AB5: 득점9 | AC5: 인터넷 목표 | AD5: 인터넷 실적 계 | AE5: 인터넷 | AF5: 선불 | AG5: 차감점수 음재 | AH5: 인터넷 달성률 | AI5: TV 목표 | AJ5: TV 실적 계 | AK5: 미디어 | AL5: 추단 | AM5: (소상공인) Biz | AN5: 차감점수 GTT무트래픽 | AO5: TV 달성률 | AP5: 약갱 | AQ5: 인+티 | AR5: 추단2 | AS5: Biz2 | AT5: 달성률 Max 120%10 | AU5: 득점11 | AV5: 목표12 | AW5: 실적 계13 | AX5: MIT | AY5: MNP-MIT | AZ5: ITU | BA5: (소상공인) ITB | BB5: 차감점수14 | BC5: 달성률 Max 120%15 | BD5: 득점16 | BE5: 목표17 | BF5: ARPU | BG5: 매출 | BH5: 가입자 | BI5: 달성률 Max 120%18 | BJ5: 득점19 | BK5: 목표20 | BL5: 실적 계21 | BM5: 하이오더 | BN5: AI로봇 | BO5: GiGAeyes | BP5: GiGAeyes 정보제공 | BQ5: AI전화 | BR5: AI링고전화 | BS5: 달성률 Max 120%22 | BT5: 득점23 | BU5: 목표24 | BV5: 유치율 | BW5: 1G | BX5: 인터넷25 | BY5: 달성률 Max 120%26 | BZ5: 득점27 | CA5: 가동점 목표 | CB5: 가동점 | CC5: 가동점 달성률 | CD5: 중형점 목표 | CE5: 중형점 | CF5: 5건~9건 발생점 | CG5: 10건↑발생점 | CH5: 중형점 달성률 | CI5: 달성률 Max 120%28 | CJ5: 득점29 | CK5: 목표30 | CL5: 실적31 | CM5: 달성률 Max 120%32 | CN5: 득점33 | CO5: 목표32 | CP5: 실적33 | CQ5: 달성률34 | CR5: 득점35 | CS5: R-VOC 점수 | CT5: 3대R-VOC 점수 | CU5: 대외민원 차감점수 | CV5: 득점31 | CW5: 후불 SQM 차감 | CX5: 운영후불 | CY5: 중고 | CZ5: 후불 신규 SQM 차감 | DA5: 운영후불36 | DB5: 중고37 | DC5: MIT 차감 | DD5: SQM_운영 | DE5: SQM_중고 | DF5: 음재 | DG5: 권한남용 | DH5: 유선 차감 | DI5: 음재2 | DJ5: SQM | DK5: 권한남용3 | DL5: GTT 무트래픽
A6: 1분기 | B6: 2. 도매 | E6: 2. 도매 | F6: 2. 도매 | G6: 84.546324 | H6: 27000 | I6: 1000 | J6: 36235 | K6: 36140 | L6: 937 | M6: 572 | O6: 905 | P6: 1.2 | Q6: 24 | V6: 12200 | W6: 15661 | X6: 16096 | Z6: 435 | AA6: 1.2 | AB6: 12 | AC6: 2100 | AD6: 1879 | AE6: 1929 | AF6: 0 | AG6: 50 | AH6: 0.8947619 | AI6: 2400 | AJ6: 2060 | AK6: 1839 | AL6: 221 | AN6: 0 | AO6: 0.85833333 | AT6: 0.87654762 | AU6: 17.530952 | AV6: 5400 | AW6: 7097 | AX6: 4672 | AY6: 2419 | AZ6: 146 | BB6: 140 | BC6: 1.2 | BD6: 12 | BE6: 74000 | BF6: 56819.893 | BG6: 2.1389849e+09 | BH6: 37645 | BI6: 0.7678364 | BJ6: 5.3748548 | BU6: 0.4 | BV6: 0.47744946 | BW6: 921 | BX6: 1929 | BY6: 1 | BZ6: 5 | CA6: 4300 | CB6: 4493 | CC6: 1.0448837 | CD6: 1935 | CE6: 2158 | CF6: 1008 | CG6: 1150 | CH6: 1.1152455 | CI6: 1.0800646 | CJ6: 8.6405168 | CW6: 905 | CX6: 181 | CY6: 0 | CZ6: 435 | DA6: 87 | DB6: 0 | DC6: 140 | DD6: 23 | DE6: 0 | DF6: 5 | DG6: 0 | DH6: 50 | DI6: 10 | DJ6: 0 | DK6: 0 | DL6: 0
A7: 1분기 | B7: 2. 도매 | C7: 강북본부 | E7: 강북본부 | F7: 강북본부 | G7: 86.544941 | H7: 4931 | I7: 198 | J7: 7080 | K7: 7117 | L7: 174 | M7: 142 | O7: 235 | P7: 1.2 | Q7: 24 | V7: 2027 | W7: 2931 | X7: 2996 | Z7: 65 | AA7: 1.2 | AB7: 12 | AC7: 382 | AD7: 316 | AE7: 326 | AF7: 0 | AG7: 10 | AH7: 0.82722513 | AI7: 421 | AJ7: 347 | AK7: 305 | AL7: 42 | AN7: 0 | AO7: 0.82422803 | AT7: 0.82572658 | AU7: 16.514532 | AV7: 953 | AW7: 1155 | AX7: 782 | AY7: 379 | AZ7: 19 | BB7: 25 | BC7: 1.2 | BD7: 12 | BE7: 74000 | BF7: 57486.898 | BG7: 4.2724263e+08 | BH7: 7432 | BI7: 0.77684998 | BJ7: 5.4379498 | BU7: 0.4 | BV7: 0.42331288 | BW7: 138 | BX7: 326 | BY7: 1 | BZ7: 5 | CA7: 822 | CB7: 847 | CC7: 1.0304136 | CD7: 376 | CE7: 403 | CF7: 183 | CG7: 220 | CH7: 1.0718085 | CI7: 1.0511111 | CJ7: 8.4088885 | CS7: 2.4835714 | CT7: 1.2 | CU7: -0.5 | CV7: 3.1835714 | CW7: 235 | CX7: 47 | CY7: 0 | CZ7: 65 | DA7: 13 | DB7: 0 | DC7: 25 | DD7: 4 | DE7: 0 | DF7: 1 | DG7: 0 | DH7: 10 | DI7: 2 | DJ7: 0 | DK7: 0 | DL7: 0
A8: 1분기 | B8: 2. 도매 | C8: 강남본부 | E8: 강남본부 | F8: 강남본부 | G8: 89.269737 | H8: 3465 | I8: 134 | J8: 4593.6 | K8: 4595 | L8: 107 | M8: 72 | O8: 130 | P8: 1.2 | Q8: 24 | V8: 1549 | W8: 2029 | X8: 2099 | Z8: 70 | AA8: 1.2 | AB8: 12 | AC8: 307 | AD8: 290 | AE8: 290 | AF8: 0 | AG8: 0 | AH8: 0.94462541 | AI8: 346 | AJ8: 311 | AK8: 279 | AL8: 32 | AN8: 0 | AO8: 0.89884393 | AT8: 0.92173467 | AU8: 18.434693 | AV8: 753 | AW8: 1007 | AX8: 620 | AY8: 374 | AZ8: 28 | BB8: 15 | BC8: 1.2 | BD8: 12 | BE8: 74000 | BF8: 60739.065 | BG8: 2.899683e+08 | BH8: 4774 | BI8: 0.82079817 | BJ8: 5.7455872 | BU8: 0.4 | BV8: 0.52413793 | BW8: 152 | BX8: 290 | BY8: 1 | BZ8: 5 | CA8: 534 | CB8: 576 | CC8: 1.0786517 | CD8: 252 | CE8: 285 | CF8: 133 | CG8: 152 | CH8: 1.1309524 | CI8: 1.104802 | CJ8: 8.8384163 | CS8: 2.05104 | CT8: 1.2 | CU8: 0 | CV8: 3.25104 | CW8: 130 | CX8: 26 | CY8: 0 | CZ8: 70 | DA8: 14 | DB8: 0 | DC8: 15 | DD8: 3 | DE8: 0 | DF8: 0 | DG8: 0 | DH8: 0 | DI8: 0 | DJ8: 0 | DK8: 0 | DL8: 0
A9: 1분기 | B9: 2. 도매 | C9: 강서본부 | E9: 강서본부 | F9: 강서본부 | G9: 91.219695 | H9: 3604 | I9: 131 | J9: 5256.8 | K9: 5301 | L9: 97 | M9: 96 | O9: 170 | P9: 1.2 | Q9: 24 | V9: 1615 | W9: 2432 | X9: 2472 | Z9: 40 | AA9: 1.2 | AB9: 12 | AC9: 316 | AD9: 327 | AE9: 337 | AF9: 0 | AG9: 10 | AH9: 1.0348101 | AI9: 352 | AJ9: 359 | AK9: 324 | AL9: 35 | AN9: 0 | AO9: 1.0198864 | AT9: 1.0273482 | AU9: 20.546965 | AV9: 735 | AW9: 1141 | AX9: 713 | AY9: 427 | AZ9: 16 | BB9: 15 | BC9: 1.2 | BD9: 12 | BE9: 74000 | BF9: 57008.495 | BG9: 3.1314767e+08 | BH9: 5493 | BI9: 0.77038507 | BJ9: 5.3926955 | BU9: 0.4 | BV9: 0.47181009 | BW9: 159 | BX9: 337 | BY9: 1 | BZ9: 5 | CA9: 629 | CB9: 665 | CC9: 1.0572337 | CD9: 255 | CE9: 325 | CF9: 142 | CG9: 183 | CH9: 1.2 | CI9: 1.1286169 | CJ9: 9.0289348 | CS9: 2.6226 | CT9: 0.7285 | CU9: -0.1 | CV9: 3.2511 | CW9: 170 | CX9: 34 | CY9: 0 | CZ9: 40 | DA9: 8 | DB9: 0 | DC9: 15 | DD9: 2 | DE9: 0 | DF9: 1 | DG9: 0 | DH9: 10 | DI9: 2 | DJ9: 0 | DK9: 0 | DL9: 0
A10: 1분기 | B10: 2. 도매 | C10: 동부본부 | E10: 동부본부 | F10: 동부본부 | G10: 90.10838 | H10: 8128 | I10: 256 | J10: 11332 | K10: 11251 | L10: 403 | M10: 113 | O10: 175 | P10: 1.2 | Q10: 24 | V10: 3837 | W10: 5179 | X10: 5314 | Z10: 135 | AA10: 1.2 | AB10: 12 | AC10: 639 | AD10: 614 | AE10: 614 | AF10: 0 | AG10: 0 | AH10: 0.96087637 | AI10: 779 | AJ10: 663 | AK10: 590 | AL10: 73 | AN10: 0 | AO10: 0.85109114 | AT10: 0.90598376 | AU10: 18.119675 | AV10: 1717 | AW10: 2388 | AX10: 1524 | AY10: 829 | AZ10: 65 | BB10: 30 | BC10: 1.2 | BD10: 12 | BE10: 74000 | BF10: 55567.232 | BG10: 6.5374849e+08 | BH10: 11765 | BI10: 0.75090855 | BJ10: 5.2563598 | BU10: 0.4 | BV10: 0.44625407 | BW10: 274 | BX10: 614 | BY10: 1 | BZ10: 5 | CA10: 1267 | CB10: 1369 | CC10: 1.0805051 | CD10: 593 | CE10: 654 | CF10: 288 | CG10: 366 | CH10: 1.1028668 | CI10: 1.091686 | CJ10: 8.7334876 | CS10: 3.7988571 | CT10: 1.2 | CU10: 0 | CV10: 4.9988571 | CW10: 175 | CX10: 35 | CY10: 0 | CZ10: 135 | DA10: 27 | DB10: 0 | DC10: 30 | DD10: 6 | DE10: 0 | DF10: 0 | DG10: 0 | DH10: 0 | DI10: 0 | DJ10: 0 | DK10: 0 | DL10: 0
A11: 1분기 | B11: 2. 도매 | C11: 서부본부 | E11: 서부본부 | F11: 서부본부 | G11: 82.346642 | H11: 6872 | I11: 281 | J11: 7881.7 | K11: 7876 | L11: 156 | M11: 149 | O11: 195 | P11: 1.1469296 | Q11: 22.938591 | V11: 3172 | W11: 3090 | X11: 3215 | Z11: 125 | AA11: 0.9741488 | AB11: 9.741488 | AC11: 456 | AD11: 332 | AE11: 362 | AF11: 0 | AG11: 30 | AH11: 0.72807018 | AI11: 502 | AJ11: 380 | AK11: 341 | AL11: 39 | AN11: 0 | AO11: 0.75697211 | AT11: 0.74252114 | AU11: 14.850423 | AV11: 1242 | AW11: 1406 | AX11: 1033 | AY11: 410 | AZ11: 18 | BB11: 55 | BC11: 1.1320451 | BD11: 11.320451 | BE11: 74000 | BF11: 55601.736 | BG11: 4.548778e+08 | BH11: 8181 | BI11: 0.75137481 | BJ11: 5.2596237 | BU11: 0.4 | BV11: 0.54696133 | BW11: 198 | BX11: 362 | BY11: 1 | BZ11: 5 | CA11: 1048 | CB11: 1036 | CC11: 0.98854962 | CD11: 459 | CE11: 491 | CF11: 262 | CG11: 229 | CH11: 1.0697168 | CI11: 1.0291332 | CJ11: 8.2330656 | CS11: 3.803 | CT11: 1.2 | CU11: 0 | CV11: 5.003 | CW11: 195 | CX11: 39 | CY11: 0 | CZ11: 125 | DA11: 25 | DB11: 0 | DC11: 55 | DD11: 8 | DE11: 0 | DF11: 3 | DG11: 0 | DH11: 30 | DI11: 6 | DJ11: 0 | DK11: 0 | DL11: 0
A12: 1분기 | B12: 2. 도매 | C12: 강북 | D12: 강북도매 | E12: 강북도매 | F12: 강북도매 | G12: 86.544941 | H12: 4931 | I12: 198 | J12: 7080 | K12: 7117 | L12: 174 | M12: 142 | O12: 235 | P12: 1.2 | Q12: 24 | V12: 2027 | W12: 2931 | X12: 2996 | Z12: 65 | AA12: 1.2 | AB12: 12 | AC12: 382 | AD12: 316 | AE12: 326 | AF12: 0 | AG12: 10 | AH12: 0.82722513 | AI12: 421 | AJ12: 347 | AK12: 305 | AL12: 42 | AN12: 0 | AO12: 0.82422803 | AT12: 0.82572658 | AU12: 16.514532 | AV12: 953 | AW12: 1155 | AX12: 782 | AY12: 379 | AZ12: 19 | BB12: 25 | BC12: 1.2 | BD12: 12 | BE12: 74000 | BF12: 57486.898 | BG12: 4.2724263e+08 | BH12: 7432 | BI12: 0.77684998 | BJ12: 5.4379498 | BU12: 0.4 | BV12: 0.42331288 | BW12: 138 | BX12: 326 | BY12: 1 | BZ12: 5 | CA12: 822 | CB12: 847 | CC12: 1.0304136 | CD12: 376 | CE12: 403 | CF12: 183 | CG12: 220 | CH12: 1.0718085 | CI12: 1.0511111 | CJ12: 8.4088885 | CS12: 2.4835714 | CT12: 1.2 | CU12: -0.5 | CV12: 3.1835714 | CW12: 235 | CX12: 47 | CY12: 0 | CZ12: 65 | DA12: 13 | DB12: 0 | DC12: 25 | DD12: 4 | DE12: 0 | DF12: 1 | DG12: 0 | DH12: 10 | DI12: 2 | DJ12: 0 | DK12: 0 | DL12: 0
A13: 1분기 | B13: 2. 도매 | C13: 강남 | D13: 강남도매 | E13: 강남도매 | F13: 강남도매 | G13: 89.269737 | H13: 3465 | I13: 134 | J13: 4593.6 | K13: 4595 | L13: 107 | M13: 72 | O13: 130 | P13: 1.2 | Q13: 24 | V13: 1549 | W13: 2029 | X13: 2099 | Z13: 70 | AA13: 1.2 | AB13: 12 | AC13: 307 | AD13: 290 | AE13: 290 | AF13: 0 | AG13: 0 | AH13: 0.94462541 | AI13: 346 | AJ13: 311 | AK13: 279 | AL13: 32 | AN13: 0 | AO13: 0.89884393 | AT13: 0.92173467 | AU13: 18.434693 | AV13: 753 | AW13: 1007 | AX13: 620 | AY13: 374 | AZ13: 28 | BB13: 15 | BC13: 1.2 | BD13: 12 | BE13: 74000 | BF13: 60739.065 | BG13: 2.899683e+08 | BH13: 4774 | BI13: 0.82079817 | BJ13: 5.7455872 | BU13: 0.4 | BV13: 0.52413793 | BW13: 152 | BX13: 290 | BY13: 1 | BZ13: 5 | CA13: 534 | CB13: 576 | CC13: 1.0786517 | CD13: 252 | CE13: 285 | CF13: 133 | CG13: 152 | CH13: 1.1309524 | CI13: 1.104802 | CJ13: 8.8384163 | CS13: 2.05104 | CT13: 1.2 | CU13: 0 | CV13: 3.25104 | CW13: 130 | CX13: 26 | CY13: 0 | CZ13: 70 | DA13: 14 | DB13: 0 | DC13: 15 | DD13: 3 | DE13: 0 | DF13: 0 | DG13: 0 | DH13: 0 | DI13: 0 | DJ13: 0 | DK13: 0 | DL13: 0
A14: 1분기 | B14: 2. 도매 | C14: 강서 | D14: 강서도매 | E14: 강서도매 | F14: 강서도매 | G14: 91.219695 | H14: 3604 | I14: 131 | J14: 5256.8 | K14: 5301 | L14: 97 | M14: 96 | O14: 170 | P14: 1.2 | Q14: 24 | V14: 1615 | W14: 2432 | X14: 2472 | Z14: 40 | AA14: 1.2 | AB14: 12 | AC14: 316 | AD14: 327 | AE14: 337 | AF14: 0 | AG14: 10 | AH14: 1.0348101 | AI14: 352 | AJ14: 359 | AK14: 324 | AL14: 35 | AN14: 0 | AO14: 1.0198864 | AT14: 1.0273482 | AU14: 20.546965 | AV14: 735 | AW14: 1141 | AX14: 713 | AY14: 427 | AZ14: 16 | BB14: 15 | BC14: 1.2 | BD14: 12 | BE14: 74000 | BF14: 57008.495 | BG14: 3.1314767e+08 | BH14: 5493 | BI14: 0.77038507 | BJ14: 5.3926955 | BU14: 0.4 | BV14: 0.47181009 | BW14: 159 | BX14: 337 | BY14: 1 | BZ14: 5 | CA14: 629 | CB14: 665 | CC14: 1.0572337 | CD14: 255 | CE14: 325 | CF14: 142 | CG14: 183 | CH14: 1.2 | CI14: 1.1286169 | CJ14: 9.0289348 | CS14: 2.6226 | CT14: 0.7285 | CU14: -0.1 | CV14: 3.2511 | CW14: 170 | CX14: 34 | CY14: 0 | CZ14: 40 | DA14: 8 | DB14: 0 | DC14: 15 | DD14: 2 | DE14: 0 | DF14: 1 | DG14: 0 | DH14: 10 | DI14: 2 | DJ14: 0 | DK14: 0 | DL14: 0
A15: 1분기 | B15: 2. 도매 | C15: 동부 | D15: 부산도매 | E15: 부산도매 | F15: 부산도매 | G15: 85.259288 | H15: 5117 | I15: 150 | J15: 6595 | K15: 6560 | L15: 231 | M15: 61 | O15: 115 | P15: 1.2 | Q15: 24 | V15: 2416 | W15: 2642 | X15: 2737 | Z15: 95 | AA15: 1.093543 | AB15: 10.93543 | AC15: 455 | AD15: 367 | AE15: 367 | AF15: 0 | AG15: 0 | AH15: 0.80659341 | AI15: 551 | AJ15: 402 | AK15: 351 | AL15: 51 | AN15: 0 | AO15: 0.72958258 | AT15: 0.76808799 | AU15: 15.36176 | AV15: 1151 | AW15: 1402 | AX15: 922 | AY15: 464 | AZ15: 36 | BB15: 20 | BC15: 1.2 | BD15: 12 | BE15: 74000 | BF15: 53119.165 | BG15: 3.6386628e+08 | BH15: 6850 | BI15: 0.71782656 | BJ15: 5.0247859 | BU15: 0.4 | BV15: 0.49046322 | BW15: 180 | BX15: 367 | BY15: 1 | BZ15: 5 | CA15: 756 | CB15: 787 | CC15: 1.0410053 | CD15: 373 | CE15: 381 | CF15: 159 | CG15: 222 | CH15: 1.0214477 | CI15: 1.0312265 | CJ15: 8.249812 | CS15: 3.4875 | CT15: 1.2 | CU15: 0 | CV15: 4.6875 | CW15: 115 | CX15: 23 | CY15: 0 | CZ15: 95 | DA15: 19 | DB15: 0 | DC15: 20 | DD15: 4 | DE15: 0 | DF15: 0 | DG15: 0 | DH15: 0 | DI15: 0 | DJ15: 0 | DK15: 0 | DL15: 0
A16: 1분기 | B16: 2. 도매 | C16: 동부 | D16: 대구도매 | E16: 대구도매 | F16: 대구도매 | G16: 96.817511 | H16: 3011 | I16: 106 | J16: 4737 | K16: 4691 | L16: 172 | M16: 52 | O16: 60 | P16: 1.2 | Q16: 24 | V16: 1421 | W16: 2537 | X16: 2577 | Z16: 40 | AA16: 1.2 | AB16: 12 | AC16: 184 | AD16: 247 | AE16: 247 | AF16: 0 | AG16: 0 | AH16: 1.2 | AI16: 228 | AJ16: 261 | AK16: 239 | AL16: 22 | AN16: 0 | AO16: 1.1447368 | AT16: 1.1723684 | AU16: 23.447368 | AV16: 566 | AW16: 986 | AX16: 602 | AY16: 365 | AZ16: 29 | BB16: 10 | BC16: 1.2 | BD16: 12 | BE16: 74000 | BF16: 58979.086 | BG16: 2.8988221e+08 | BH16: 4915 | BI16: 0.79701468 | BJ16: 5.5791027 | BU16: 0.4 | BV16: 0.3805668 | BW16: 94 | BX16: 247 | BY16: 0.951417 | BZ16: 4.757085 | CA16: 511 | CB16: 582 | CC16: 1.1389432 | CD16: 220 | CE16: 273 | CF16: 129 | CG16: 144 | CH16: 1.2 | CI16: 1.1694716 | CJ16: 9.355773 | CS16: 4.4781818 | CT16: 1.2 | CU16: 0 | CV16: 5.6781818 | CW16: 60 | CX16: 12 | CY16: 0 | CZ16: 40 | DA16: 8 | DB16: 0 | DC16: 10 | DD16: 2 | DE16: 0 | DF16: 0 | DG16: 0 | DH16: 0 | DI16: 0 | DJ16: 0 | DK16: 0 | DL16: 0
A17: 1분기 | B17: 2. 도매 | C17: 서부 | D17: 충청도매 | E17: 충청도매 | F17: 충청도매 | G17: 82.925435 | H17: 4175 | I17: 164 | J17: 4743.4 | K17: 4778 | L17: 96 | M17: 98 | O17: 160 | P17: 1.1361437 | Q17: 22.722874 | V17: 1850 | W17: 1745 | X17: 1845 | Z17: 100 | AA17: 0.94324324 | AB17: 9.4324324 | AC17: 280 | AD17: 219 | AE17: 219 | AF17: 0 | AG17: 0 | AH17: 0.78214286 | AI17: 302 | AJ17: 217 | AK17: 202 | AL17: 15 | AN17: 0 | AO17: 0.71854305 | AT17: 0.75034295 | AU17: 15.006859 | AV17: 738 | AW17: 817 | AX17: 602 | AY17: 247 | AZ17: 8 | BB17: 40 | BC17: 1.1070461 | BD17: 11.070461 | BE17: 74000 | BF17: 58982.122 | BG17: 2.9325911e+08 | BH17: 4972 | BI17: 0.7970557 | BJ17: 5.5793899 | BU17: 0.4 | BV17: 0.53424658 | BW17: 117 | BX17: 219 | BY17: 1 | BZ17: 5 | CA17: 584 | CB17: 588 | CC17: 1.0068493 | CD17: 279 | CE17: 285 | CF17: 155 | CG17: 130 | CH17: 1.0215054 | CI17: 1.0141773 | CJ17: 8.1134188 | CS17: 4.8 | CT17: 1.2 | CU17: 0 | CV17: 6 | CW17: 160 | CX17: 32 | CY17: 0 | CZ17: 100 | DA17: 20 | DB17: 0 | DC17: 40 | DD17: 8 | DE17: 0 | DF17: 0 | DG17: 0 | DH17: 0 | DI17: 0 | DJ17: 0 | DK17: 0 | DL17: 0
A18: 1분기 | B18: 2. 도매 | C18: 서부 | D18: 호남도매 | E18: 호남도매 | F18: 호남도매 | G18: 81.85457 | H18: 2697 | I18: 117 | J18: 3138.3 | K18: 3098 | L18: 60 | M18: 51 | O18: 35 | P18: 1.1636263 | Q18: 23.272525 | V18: 1322 | W18: 1345 | X18: 1370 | Z18: 25 | AA18: 1.0173979 | AB18: 10.173979 | AC18: 176 | AD18: 113 | AE18: 143 | AF18: 0 | AG18: 30 | AH18: 0.64204545 | AI18: 200 | AJ18: 163 | AK18: 139 | AL18: 24 | AN18: 0 | AO18: 0.815 | AT18: 0.72852273 | AU18: 14.570455 | AV18: 504 | AW18: 589 | AX18: 431 | AY18: 163 | AZ18: 10 | BB18: 15 | BC18: 1.1686508 | BD18: 11.686508 | BE18: 74000 | BF18: 50364.192 | BG18: 1.6161869e+08 | BH18: 3209 | BI18: 0.68059719 | BJ18: 4.7641803 | BU18: 0.4 | BV18: 0.56643357 | BW18: 81 | BX18: 143 | BY18: 1 | BZ18: 5 | CA18: 464 | CB18: 448 | CC18: 0.96551724 | CD18: 180 | CE18: 206 | CF18: 107 | CG18: 99 | CH18: 1.1444444 | CI18: 1.0549808 | CJ18: 8.4398467 | CS18: 2.7470769 | CT18: 1.2 | CU18: 0 | CV18: 3.9470769 | CW18: 35 | CX18: 7 | CY18: 0 | CZ18: 25 | DA18: 5 | DB18: 0 | DC18: 15 | DD18: 0 | DE18: 0 | DF18: 3 | DG18: 0 | DH18: 30 | DI18: 6 | DJ18: 0 | DK18: 0 | DL18: 0
A19: 1분기 | B19: 2. 도매 | C19: 강북 | D19: 강북도매 | E19: YC20134 | F19: 고양 | G19: 88.448867 | H19: 582 | I19: 20 | J19: 917 | K19: 982 | L19: 30 | M19: 12 | O19: 85 | P19: 1.2 | Q19: 24 | V19: 269 | W19: 476 | X19: 516 | Z19: 40 | AA19: 1.2 | AB19: 12 | AC19: 41 | AD19: 42 | AE19: 42 | AF19: 0 | AG19: 0 | AH19: 1.0243902 | AI19: 46 | AJ19: 51 | AK19: 42 | AL19: 9 | AN19: 0 | AO19: 1.1086957 | AT19: 1.0665429 | AU19: 21.330859 | AV19: 123 | AW19: 171 | AX19: 120 | AY19: 57 | AZ19: 4 | BB19: 10 | BC19: 1.2 | BD19: 12 | BE19: 74000 | BF19: 55668.167 | BG19: 57004203 | BH19: 1024 | BI19: 0.75227252 | BJ19: 5.2659076 | BU19: 0.4 | BV19: 0.38095238 | BW19: 16 | BX19: 42 | BY19: 0.95238095 | BZ19: 4.7619048 | CA19: 85 | CB19: 94 | CC19: 1.1058824 | CD19: 48 | CE19: 56 | CF19: 21 | CG19: 35 | CH19: 1.1666667 | CI19: 1.1362745 | CJ19: 9.0901961 | CW19: 85 | CX19: 17 | CY19: 0 | CZ19: 40 | DA19: 8 | DB19: 0 | DC19: 10 | DD19: 2 | DE19: 0 | DF19: 0 | DG19: 0 | DH19: 0 | DI19: 0 | DJ19: 0 | DK19: 0 | DL19: 0
A20: 1분기 | B20: 2. 도매 | C20: 강북 | D20: 강북도매 | E20: YC20105 | F20: 서대문 | G20: 79.971606 | H20: 549 | I20: 16 | J20: 747 | K20: 761 | L20: 15 | M20: 10 | O20: 30 | P20: 1.2 | Q20: 24 | V20: 253 | W20: 351 | X20: 356 | Z20: 5 | AA20: 1.2 | AB20: 12 | AC20: 49 | AD20: 36 | AE20: 36 | AF20: 0 | AG20: 0 | AH20: 0.73469388 | AI20: 54 | AJ20: 39 | AK20: 34 | AL20: 5 | AN20: 0 | AO20: 0.72222222 | AT20: 0.72845805 | AU20: 14.569161 | AV20: 107 | AW20: 118 | AX20: 68 | AY20: 47 | AZ20: 3 | BB20: 0 | BC20: 1.1028037 | BD20: 11.028037 | BE20: 74000 | BF20: 64317.299 | BG20: 50553397 | BH20: 786 | BI20: 0.86915269 | BJ20: 6.0840688 | BU20: 0.4 | BV20: 0.30555556 | BW20: 11 | BX20: 36 | BY20: 0.76388889 | BZ20: 3.8194444 | CA20: 104 | CB20: 105 | CC20: 1.0096154 | CD20: 37 | CE20: 41 | CF20: 24 | CG20: 17 | CH20: 1.1081081 | CI20: 1.0588617 | CJ20: 8.470894 | CW20: 30 | CX20: 6 | CY20: 0 | CZ20: 5 | DA20: 1 | DB20: 0 | DC20: 0 | DD20: 0 | DE20: 0 | DF20: 0 | DG20: 0 | DH20: 0 | DI20: 0 | DJ20: 0 | DK20: 0 | DL20: 0
A21: 1분기 | B21: 2. 도매 | C21: 강북 | D21: 강북도매 | E21: YC20108 | F21: 광진 | G21: 76.684507 | H21: 435 | I21: 15 | J21: 687.5 | K21: 683 | L21: 10 | M21: 15 | O21: 10 | P21: 1.2 | Q21: 24 | V21: 194 | W21: 249 | X21: 254 | Z21: 5 | AA21: 1.2 | AB21: 12 | AC21: 40 | AD21: 29 | AE21: 29 | AF21: 0 | AG21: 0 | AH21: 0.725 | AI21: 44 | AJ21: 27 | AK21: 27 | AL21: 0 | AN21: 0 | AO21: 0.61363636 | AT21: 0.66931818 | AU21: 13.386364 | AV21: 82 | AW21: 83 | AX21: 59 | AY21: 29 | AZ21: 0 | BB21: 5 | BC21: 1.0121951 | BD21: 10.121951 | BE21: 74000 | BF21: 62916.507 | BG21: 44544887 | BH21: 708 | BI21: 0.85022306 | BJ21: 5.9515614 | BU21: 0.4 | BV21: 0.34482759 | BW21: 10 | BX21: 29 | BY21: 0.86206897 | BZ21: 4.3103448 | CA21: 70 | CB21: 65 | CC21: 0.92857143 | CD21: 30 | CE21: 24 | CF21: 14 | CG21: 10 | CH21: 0.8 | CI21: 0.86428571 | CJ21: 6.9142857 | CW21: 10 | CX21: 2 | CY21: 0 | CZ21: 5 | DA21: 1 | DB21: 0 | DC21: 5 | DD21: 1 | DE21: 0 | DF21: 0 | DG21: 0 | DH21: 0 | DI21: 0 | DJ21: 0 | DK21: 0 | DL21: 0
A22: 1분기 | B22: 2. 도매 | C22: 강북 | D22: 강북도매 | E22: YC20141 | F22: 구리 | G22: 74.913975 | H22: 637 | I22: 30 | J22: 824 | K22: 799 | L22: 25 | M22: 25 | O22: 5 | P22: 1.2 | Q22: 24 | V22: 225 | W22: 332 | X22: 332 | Z22: 0 | AA22: 1.2 | AB22: 12 | AC22: 45 | AD22: 33 | AE22: 33 | AF22: 0 | AG22: 0 | AH22: 0.73333333 | AI22: 50 | AJ22: 31 | AK22: 29 | AL22: 2 | AN22: 0 | AO22: 0.62 | AT22: 0.67666667 | AU22: 13.533333 | AV22: 134 | AW22: 115 | AX22: 77 | AY22: 31 | AZ22: 7 | BB22: 0 | BC22: 0.85820896 | BD22: 8.5820896 | BE22: 74000 | BF22: 51891.475 | BG22: 44055862 | BH22: 849 | BI22: 0.70123614 | BJ22: 4.908653 | BU22: 0.4 | BV22: 0.27272727 | BW22: 9 | BX22: 33 | BY22: 0.68181818 | BZ22: 3.4090909 | CA22: 99 | CB22: 101 | CC22: 1.020202 | CD22: 50 | CE22: 55 | CF22: 26 | CG22: 29 | CH22: 1.1 | CI22: 1.060101 | CJ22: 8.4808081 | CW22: 5 | CX22: 1 | CY22: 0 | CZ22: 0 | DA22: 0 | DB22: 0 | DC22: 0 | DD22: 0 | DE22: 0 | DF22: 0 | DG22: 0 | DH22: 0 | DI22: 0 | DJ22: 0 | DK22: 0 | DL22: 0
A23: 1분기 | B23: 2. 도매 | C23: 강북 | D23: 강북도매 | E23: YC20631 | F23: 노원 | G23: 86.076935 | H23: 515 | I23: 15 | J23: 763 | K23: 758 | L23: 20 | M23: 12 | O23: 10 | P23: 1.2 | Q23: 24 | V23: 236 | W23: 321 | X23: 326 | Z23: 5 | AA23: 1.2 | AB23: 12 | AC23: 42 | AD23: 43 | AE23: 43 | AF23: 0 | AG23: 0 | AH23: 1.0238095 | AI23: 46 | AJ23: 47 | AK23: 42 | AL23: 5 | AN23: 0 | AO23: 1.0217391 | AT23: 1.0227743 | AU23: 20.455487 | AV23: 100 | AW23: 140 | AX23: 85 | AY23: 52 | AZ23: 3 | BB23: 0 | BC23: 1.2 | BD23: 12 | BE23: 74000 | BF23: 55712.456 | BG23: 43957128 | BH23: 789 | BI23: 0.75287102 | BJ23: 5.2700972 | BU23: 0.4 | BV23: 0.48837209 | BW23: 21 | BX23: 43 | BY23: 1 | BZ23: 5 | CA23: 101 | CB23: 101 | CC23: 1 | CD23: 37 | CE23: 31 | CF23: 12 | CG23: 19 | CH23: 0.83783784 | CI23: 0.91891892 | CJ23: 7.3513514 | CW23: 10 | CX23: 2 | CY23: 0 | CZ23: 5 | DA23: 1 | DB23: 0 | DC23: 0 | DD23: 0 | DE23: 0 | DF23: 0 | DG23: 0 | DH23: 0 | DI23: 0 | DJ23: 0 | DK23: 0 | DL23: 0
A24: 1분기 | B24: 2. 도매 | C24: 강북 | D24: 강북도매 | E24: YC20142 | F24: 의정부 | G24: 85.623249 | H24: 729 | I24: 33 | J24: 1211 | K24: 1213 | L24: 31 | M24: 25 | O24: 35 | P24: 1.2 | Q24: 24 | V24: 322 | W24: 566 | X24: 566 | Z24: 0 | AA24: 1.2 | AB24: 12 | AC24: 55 | AD24: 50 | AE24: 50 | AF24: 0 | AG24: 0 | AH24: 0.90909091 | AI24: 60 | AJ24: 52 | AK24: 43 | AL24: 9 | AN24: 0 | AO24: 0.86666667 | AT24: 0.88787879 | AU24: 17.757576 | AV24: 133 | AW24: 202 | AX24: 139 | AY24: 63 | AZ24: 0 | BB24: 0 | BC24: 1.2 | BD24: 12 | BE24: 74000 | BF24: 57643.573 | BG24: 73092050 | BH24: 1268 | BI24: 0.7789672 | BJ24: 5.4527704 | BU24: 0.4 | BV24: 0.52 | BW24: 26 | BX24: 50 | BY24: 1 | BZ24: 5 | CA24: 124 | CB24: 143 | CC24: 1.1532258 | CD24: 54 | CE24: 66 | CF24: 26 | CG24: 40 | CH24: 1.2 | CI24: 1.1766129 | CJ24: 9.4129032 | CW24: 35 | CX24: 7 | CY24: 0 | CZ24: 0 | DA24: 0 | DB24: 0 | DC24: 0 | DD24: 0 | DE24: 0 | DF24: 0 | DG24: 0 | DH24: 0 | DI24: 0 | DJ24: 0 | DK24: 0 | DL24: 0
A25: 1분기 | B25: 2. 도매 | C25: 강북 | D25: 강북도매 | E25: YC20115 | F25: 강릉 | G25: 85.54327 | H25: 527 | I25: 17 | J25: 662.1 | K25: 686 | L25: 11 | M25: 17 | O25: 40 | P25: 1.2 | Q25: 24 | V25: 142 | W25: 202 | X25: 207 | Z25: 5 | AA25: 1.2 | AB25: 12 | AC25: 30 | AD25: 28 | AE25: 28 | AF25: 0 | AG25: 0 | AH25: 0.93333333 | AI25: 33 | AJ25: 33 | AK25: 28 | AL25: 5 | AN25: 0 | AO25: 1 | AT25: 0.96666667 | AU25: 19.333333 | AV25: 83 | AW25: 93 | AX25: 66 | AY25: 31 | AZ25: 1 | BB25: 5 | BC25: 1.1204819 | BD25: 11.204819 | BE25: 74000 | BF25: 59649.314 | BG25: 42589610 | BH25: 714 | BI25: 0.80607181 | BJ25: 5.6425027 | BU25: 0.4 | BV25: 0.60714286 | BW25: 17 | BX25: 28 | BY25: 1 | BZ25: 5 | CA25: 89 | CB25: 91 | CC25: 1.0224719 | CD25: 44 | CE25: 47 | CF25: 25 | CG25: 22 | CH25: 1.0681818 | CI25: 1.0453269 | CJ25: 8.3626149 | CW25: 40 | CX25: 8 | CY25: 0 | CZ25: 5 | DA25: 1 | DB25: 0 | DC25: 5 | DD25: 1 | DE25: 0 | DF25: 0 | DG25: 0 | DH25: 0 | DI25: 0 | DJ25: 0 | DK25: 0 | DL25: 0
A26: 1분기 | B26: 2. 도매 | C26: 강북 | D26: 강북도매 | E26: YC20110 | F26: 원주 | G26: 70.322607 | H26: 471 | I26: 18 | J26: 515.8 | K26: 506 | L26: 8 | M26: 6 | O26: 0 | P26: 1.0951168 | Q26: 21.902335 | V26: 182 | W26: 187 | X26: 187 | Z26: 0 | AA26: 1.0274725 | AB26: 10.274725 | AC26: 40 | AD26: 25 | AE26: 25 | AF26: 0 | AG26: 0 | AH26: 0.625 | AI26: 44 | AJ26: 25 | AK26: 23 | AL26: 2 | AN26: 0 | AO26: 0.56818182 | AT26: 0.59659091 | AU26: 11.931818 | AV26: 96 | AW26: 86 | AX26: 61 | AY26: 24 | AZ26: 1 | BB26: 0 | BC26: 0.89583333 | BD26: 8.9583333 | BE26: 74000 | BF26: 62322.746 | BG26: 32407828 | BH26: 520 | BI26: 0.84219927 | BJ26: 5.8953949 | BU26: 0.4 | BV26: 0.32 | BW26: 8 | BX26: 25 | BY26: 0.8 | BZ26: 4 | CA26: 75 | CB26: 63 | CC26: 0.84 | CD26: 36 | CE26: 36 | CF26: 18 | CG26: 18 | CH26: 1 | CI26: 0.92 | CJ26: 7.36 | CW26: 0 | CX26: 0 | CY26: 0 | CZ26: 0 | DA26: 0 | DB26: 0 | DC26: 0 | DD26: 0 | DE26: 0 | DF26: 0 | DG26: 0 | DH26: 0 | DI26: 0 | DJ26: 0 | DK26: 0 | DL26: 0
A27: 1분기 | B27: 2. 도매 | C27: 강북 | D27: 강북도매 | E27: YC20694 | F27: 춘천 | G27: 83.996452 | H27: 486 | I27: 34 | J27: 739 | K27: 729 | L27: 24 | M27: 20 | O27: 20 | P27: 1.2 | Q27: 24 | V27: 204 | W27: 247 | X27: 252 | Z27: 5 | AA27: 1.2 | AB27: 12 | AC27: 40 | AD27: 30 | AE27: 40 | AF27: 0 | AG27: 10 | AH27: 0.75 | AI27: 44 | AJ27: 42 | AK27: 37 | AL27: 5 | AN27: 0 | AO27: 0.95454545 | AT27: 0.85227273 | AU27: 17.045455 | AV27: 95 | AW27: 147 | AX27: 107 | AY27: 45 | AZ27: 0 | BB27: 5 | BC27: 1.2 | BD27: 12 | BE27: 74000 | BF27: 50436.26 | BG27: 39037665 | BH27: 774 | BI27: 0.68157108 | BJ27: 4.7709976 | BU27: 0.4 | BV27: 0.5 | BW27: 20 | BX27: 40 | BY27: 1 | BZ27: 5 | CA27: 75 | CB27: 84 | CC27: 1.12 | CD27: 40 | CE27: 47 | CF27: 17 | CG27: 30 | CH27: 1.175 | CI27: 1.1475 | CJ27: 9.18 | CW27: 20 | CX27: 4 | CY27: 0 | CZ27: 5 | DA27: 1 | DB27: 0 | DC27: 5 | DD27: 0 | DE27: 0 | DF27: 1 | DG27: 0 | DH27: 10 | DI27: 2 | DJ27: 0 | DK27: 0 | DL27: 0
A28: 1분기 | B28: 2. 도매 | C28: 강남 | D28: 강남도매 | E28: YC20106 | F28: 강남 | G28: 78.15924 | H28: 483 | I28: 19 | J28: 545.9 | K28: 539 | L28: 13 | M28: 13 | O28: 10 | P28: 1.1302277 | Q28: 22.604555 | V28: 216 | W28: 202 | X28: 202 | Z28: 0 | AA28: 0.93518519 | AB28: 9.3518519 | AC28: 39 | AD28: 38 | AE28: 38 | AF28: 0 | AG28: 0 | AH28: 0.97435897 | AI28: 44 | AJ28: 36 | AK28: 36 | AL28: 0 | AN28: 0 | AO28: 0.81818182 | AT28: 0.8962704 | AU28: 17.925408 | AV28: 95 | AW28: 102 | AX28: 66 | AY28: 35 | AZ28: 1 | BB28: 0 | BC28: 1.0736842 | BD28: 10.736842 | BE28: 74000 | BF28: 52757.021 | BG28: 29807717 | BH28: 565 | BI28: 0.71293272 | BJ28: 4.990529 | BU28: 0.4 | BV28: 0.52631579 | BW28: 20 | BX28: 38 | BY28: 1 | BZ28: 5 | CA28: 67 | CB28: 66 | CC28: 0.98507463 | CD28: 41 | CE28: 37 | CF28: 18 | CG28: 19 | CH28: 0.90243902 | CI28: 0.94375683 | CJ28: 7.5500546 | CW28: 10 | CX28: 2 | CY28: 0 | CZ28: 0 | DA28: 0 | DB28: 0 | DC28: 0 | DD28: 0 | DE28: 0 | DF28: 0 | DG28: 0 | DH28: 0 | DI28: 0 | DJ28: 0 | DK28: 0 | DL28: 0
A29: 1분기 | B29: 2. 도매 | C29: 강남 | D29: 강남도매 | E29: YC20117 | F29: 송파 | G29: 85.074403 | H29: 581 | I29: 22 | J29: 820 | K29: 808 | L29: 27 | M29: 15 | O29: 10 | P29: 1.2 | Q29: 24 | V29: 259 | W29: 319 | X29: 319 | Z29: 0 | AA29: 1.2 | AB29: 12 | AC29: 63 | AD29: 57 | AE29: 57 | AF29: 0 | AG29: 0 | AH29: 0.9047619 | AI29: 71 | AJ29: 57 | AK29: 51 | AL29: 6 | AN29: 0 | AO29: 0.8028169 | AT29: 0.8537894 | AU29: 17.075788 | AV29: 140 | AW29: 189 | AX29: 115 | AY29: 61 | AZ29: 13 | BB29: 0 | BC29: 1.2 | BD29: 12 | BE29: 74000 | BF29: 60682.977 | BG29: 51580530 | BH29: 850 | BI29: 0.82004023 | BJ29: 5.7402816 | BU29: 0.4 | BV29: 0.49122807 | BW29: 28 | BX29: 57 | BY29: 1 | BZ29: 5 | CA29: 96 | CB29: 107 | CC29: 1.1145833 | CD29: 45 | CE29: 55 | CF29: 31 | CG29: 24 | CH29: 1.2 | CI29: 1.1572917 | CJ29: 9.2583333 | CW29: 10 | CX29: 2 | CY29: 0 | CZ29: 0 | DA29: 0 | DB29: 0 | DC29: 0 | DD29: 0 | DE29: 0 | DF29: 0 | DG29: 0 | DH29: 0 | DI29: 0 | DJ29: 0 | DK29: 0 | DL29: 0
A30: 1분기 | B30: 2. 도매 | C30: 강남 | D30: 강남도매 | E30: YC20140 | F30: 분당 | G30: 89.428478 | H30: 631 | I30: 24 | J30: 907 | K30: 908 | L30: 29 | M30: 12 | O30: 25 | P30: 1.2 | Q30: 24 | V30: 282 | W30: 419 | X30: 444 | Z30: 25 | AA30: 1.2 | AB30: 12 | AC30: 50 | AD30: 53 | AE30: 53 | AF30: 0 | AG30: 0 | AH30: 1.06 | AI30: 56 | AJ30: 60 | AK30: 53 | AL30: 7 | AN30: 0 | AO30: 1.0714286 | AT30: 1.0657143 | AU30: 21.314286 | AV30: 125 | AW30: 199 | AX30: 115 | AY30: 77 | AZ30: 7 | BB30: 0 | BC30: 1.2 | BD30: 12 | BE30: 74000 | BF30: 62816.474 | BG30: 59612834 | BH30: 949 | BI30: 0.84887127 | BJ30: 5.9420989 | BU30: 0.4 | BV30: 0.45283019 | BW30: 24 | BX30: 53 | BY30: 1 | BZ30: 5 | CA30: 86 | CB30: 94 | CC30: 1.0930233 | CD30: 40 | CE30: 48 | CF30: 21 | CG30: 27 | CH30: 1.2 | CI30: 1.1465116 | CJ30: 9.172093 | CW30: 25 | CX30: 5 | CY30: 0 | CZ30: 25 | DA30: 5 | DB30: 0 | DC30: 0 | DD30: 0 | DE30: 0 | DF30: 0 | DG30: 0 | DH30: 0 | DI30: 0 | DJ30: 0 | DK30: 0 | DL30: 0
... A60: 1분기 | B60: 2. 도매 | C60: 서부 | D60: 호남도매 | E60: YC20403 | F60: 제주 | G60: 73.042512 | H60: 529 | I60: 23 | J60: 543.9 | K60: 539 | L60: 6 | M60: 13 | O60: 5 | P60: 1.0281664 | Q60: 20.563327 | V60: 259 | W60: 236 | X60: 241 | Z60: 5 | AA60: 0.91119691 | AB60: 9.1119691 | AC60: 38 | AD60: 31 | AE60: 31 | AF60: 0 | AG60: 0 | AH60: 0.81578947 | AI60: 44 | AJ60: 40 | AK60: 30 | AL60: 10 | AN60: 0 | AO60: 0.90909091 | AT60: 0.86244019 | AU60: 17.248804 | AV60: 126 | AW60: 96 | AX60: 71 | AY60: 25 | AZ60: 0 | BB60: 0 | BC60: 0.76190476 | BD60: 7.6190476 | BE60: 74000 | BF60: 48912.047 | BG60: 27292922 | BH60: 558 | BI60: 0.66097361 | BJ60: 4.6268153 | BU60: 0.4 | BV60: 0.87096774 | BW60: 27 | BX60: 31 | BY60: 1 | BZ60: 5 | CA60: 72 | CB60: 75 | CC60: 1.0416667 | CD60: 34 | CE60: 40 | CF60: 18 | CG60: 22 | CH60: 1.1764706 | CI60: 1.1090686 | CJ60: 8.872549 | CW60: 5 | CX60: 1 | CY60: 0 | CZ60: 5 | DA60: 1 | DB60: 0 | DC60: 0 | DD60: 0 | DE60: 0 | DF60: 0 | DG60: 0 | DH60: 0 | DI60: 0 | DJ60: 0 | DK60: 0 | DL60: 0

Sheet (영업)소상공인
F1: 1 | G1: 2 | H1: 3 | I1: 4 | J1: 5 | K1: 6 | L1: 7 | M1: 8 | N1: 9 | O1: 10 | P1: 11 | Q1: 12 | R1: 13 | S1: 14 | T1: 15 | U1: 16 | V1: 17 | W1: 18 | X1: 19 | Y1: 20 | Z1: 21 | AA1: 22 | AB1: 23 | AC1: 24 | AD1: 25 | AE1: 26 | AF1: 27 | AG1: 28 | AH1: 29 | AI1: 30 | AJ1: 31 | AK1: 32 | AL1: 33 | AM1: 34 | AN1: 35 | AO1: 36 | AP1: 37 | AQ1: 38 | AR1: 39 | AS1: 40 | AT1: 41 | AU1: 42 | AV1: 43 | AW1: 44 | AX1: 45 | AY1: 46 | AZ1: 47 | BA1: 48 | BB1: 49 | BC1: 50 | BD1: 51 | BE1: 52 | BF1: 53 | BG1: 54 | BH1: 55 | BI1: 56 | BJ1: 57 | BK1: 58 | BL1: 59 | BM1: 60 | BN1: 61 | BO1: 62 | BP1: 63 | BQ1: 64 | BR1: 65 | BS1: 66 | BT1: 67 | BU1: 68 | BV1: 69 | BW1: 70 | BX1: 71 | BY1: 72 | BZ1: 73 | CA1: 74 | CB1: 75 | CC1: 76 | CD1: 77 | CE1: 78 | CF1: 79 | CG1: 80 | CH1: 81 | CI1: 82 | CJ1: 83 | CK1: 84 | CL1: 85 | CM1: 86 | CN1: 87 | CO1: 88 | CP1: 89 | CQ1: 90 | CR1: 91 | CS1: 92 | CT1: 93 | CU1: 94 | CV1: 95 | CW1: 96 | CX1: 97 | CY1: 98 | CZ1: 99
J2: *소상공인/디지털/B2B 일반후불 1건 | K2: 1 | L2: 1 | M2: 1 | X2: *디지털 일반후불 신규 1건 | AC2: *B2B 약갱 포함(Biz제외) | AX2: *MIT에 MNP-MIT 포함됨 | BM2: 1.2 | BN2: 15 | BO2: 1 | BP2: 0.3 | BQ2: 1 | BR2: 1 | BS2: ←소상공인 | CP2: *점수 구간별 달성률 | CW2: 감점 : 불완전판매
A3: 월 | B3: 채널 | C3: 본부 | D3: 지사 | E3: 코드 | F3: 조직 | G3: 총 득점 | H3: 일반후불 | K3: 1 | L3: 1 | M3: 0.3 | N3: 0.2 | R3: B2B 무선전체 | U3: 10 | V3: 후불 신규 | X3: 1 | Y3: 1 | AC3: 유선 순신규 | AE3: 1 | AF3: 0.5 | AK3: 1 | AL3: 1 | AM3: 0.2 | AQ3: 1 | AR3: 1 | AS3: 0.2 | AV3: 동시판매 | AX3: 1 | AY3: 1 | AZ3: 1 | BA3: 0.3 | BE3: 판매 ARPU | BK3: 전략상품(소매/소상공인/B2B) | BM3: 1.2 | BN3: 5 | BO3: 0.5 | BP3: 0.3 | BQ3: 0.2 | BR3: 0.2 | BU3: 1G 유치율 | CA3: 도매 인프라(도매) | CJ3: 8 | CK3: 직접영업(B2B) | CN3: 10 | CP3: TCSI(소매) | CR3: 3 | CS3: R-VOC | CX3: 5 | CY3: 3 | DA3: 5 | DB3: 3 | DD3: 5 | DE3: 3 | DF3: 5 | DG3: 10 | DI3: 5 | DK3: 10 | DL3: 2.5
H4: 목표 | I4: 중고 목표 | J4: 실적 계 | K4: 운영후불 (소상공) 일반후불 | L4: 중고 MNP | M4: 중고 010/기변 | N4: (소매) 토탈영업 | O4: 차감점수 | P4: 달성률 Max 120% | Q4: 득점 | R4: 목표 | S4: 실적 | T4: 달성률 Max 120% | U4: 득점 | V4: 목표 | W4: 실적 계 | X4: MNP | Y4: (디지털) '010 | Z4: 차감점수 | AA4: 달성률 Max 120% | AB4: 득점 | AC4: 인터넷 목표 | AD4: 인터넷 실적 계 | AE4: 인터넷 | AF4: 선불 | AG4: 차감점수 음재 | AH4: 인터넷 달성률 | AI4: TV 목표 | AJ4: TV 실적 계 | AK4: 미디어 | AL4: 추단 | AM4: (소상공인) Biz | AN4: 차감점수 GTT무트래픽 | AO4: TV 달성률 | AP4: (B2B) 약갱 | AQ4: 인+티 | AR4: 추단 | AS4: (B2B) Biz | AT4: 달성률 Max 120% | AU4: 득점 | AV4: 목표 | AW4: 실적 계 | AX4: MIT | AY4: MNP-MIT | AZ4: ITU | BA4: (소상공인) ITB | BB4: 차감점수 | BC4: 달성률 Max 120% | BD4: 득점 | BE4: 목표 | BF4: ARPU | BG4: 매출 | BH4: 가입자 | BI4: 달성률 Max 120% | BJ4: 득점 | BK4: 목표 | BL4: 실적 계 | BM4: 하이오더 | BN4: AI로봇 | BO4: GiGAeyes | BP4: GiGAeyes 정보제공 | BQ4: AI전화 | BR4: AI링고전화 | BS4: 달성률 Max 120% | BT4: 득점 | BU4: 목표 | BV4: 유치율 | BW4: 1G | BX4: 인터넷 | BY4: 달성률 Max 100% | BZ4: 득점 | CA4: 가동점 목표 | CB4: 가동점 | CC4: 가동점 달성률 | CD4: 중형점 목표 | CE4: 중형점 | CF4: 5건~9건 발생점 | CG4: 10건↑ 발생점 | CH4: 중형점 달성률 | CI4: 달성률 Max 120% | CJ4: 득점 | CK4: 목표 | CL4: 실적 | CM4: 달성률 Max 120% | CN4: 득점 | CO4: 목표 | CP4: 실적 | CQ4: 달성률 | CR4: 득점 | CS4: R-VOC 점수 | CT4: 3대R-VOC 점수 | CU4: 대외민원 차감점수 | CV4: 득점 | CW4: 후불 SQM 차감 | CX4: 운영후불 | CY4: 중고 | CZ4: 후불 신규 SQM 차감 | DA4: 운영후불 | DB4: 중고 | DC4: MIT 차감 | DD4: SQM_운영 | DE4: SQM_중고 | DF4: 음재 | DG4: 권한남용 | DH4: 유선 차감 | DI4: 음재 | DJ4: SQM | DK4: 권한남용 | DL4: GTT 무트래픽
A5: 월 | B5: 채널 | C5: 본부 | D5: 지사 | E5: 코드 | F5: 조직 | G5: 총 득점 | H5: 목표 | I5: 중고 목표 | J5: 실적 계 | K5: 운영 후불 | L5: 중고 MNP | M5: 중고 010/기변 | N5: 토탈영업 | O5: 차감점수 | P5: 달성률 Max 120% | Q5: 득점 | R5: 목표2 | S5: 실적 | T5: 달성률 Max 120%3 | U5: 득점4 | V5: 목표5 | W5: 실적 계6 | X5: MNP | Y5: (디지털) '010 | Z5: 차감점수7 | AA5: 달성률 Max 120%8 | AB5: 득점9 | AC5: 인터넷 목표 | AD5: 인터넷 실적 계 | AE5: 인터넷 | AF5: 선불 | AG5: 차감점수 음재 | AH5: 인터넷 달성률 | AI5: TV 목표 | AJ5: TV 실적 계 | AK5: 미디어 | AL5: 추단 | AM5: (소상공인) Biz | AN5: 차감점수 GTT무트래픽 | AO5: TV 달성률 | AP5: 약갱 | AQ5: 인+티 | AR5: 추단2 | AS5: Biz2 | AT5: 달성률 Max 120%10 | AU5: 득점11 | AV5: 목표12 | AW5: 실적 계13 | AX5: MIT | AY5: MNP-MIT | AZ5: ITU | BA5: (소상공인) ITB | BB5: 차감점수14 | BC5: 달성률 Max 120%15 | BD5: 득점16 | BE5: 목표17 | BF5: ARPU | BG5: 매출 | BH5: 가입자 | BI5: 달성률 Max 120%18 | BJ5: 득점19 | BK5: 목표20 | BL5: 실적 계21 | BM5: 하이오더 | BN5: AI로봇 | BO5: GiGAeyes | BP5: GiGAeyes 정보제공 | BQ5: AI전화 | BR5: AI링고전화 | BS5: 달성률 Max 120%22 | BT5: 득점23 | BU5: 목표24 | BV5: 유치율 | BW5: 1G | BX5: 인터넷25 | BY5: 달성률 Max 120%26 | BZ5: 득점27 | CA5: 가동점 목표 | CB5: 가동점 | CC5: 가동점 달성률 | CD5: 중형점 목표 | CE5: 중형점 | CF5: 5건~9건 발생점 | CG5: 10건↑발생점 | CH5: 중형점 달성률 | CI5: 달성률 Max 120%28 | CJ5: 득점29 | CK5: 목표30 | CL5: 실적31 | CM5: 달성률 Max 120%32 | CN5: 득점33 | CO5: 목표32 | CP5: 실적33 | CQ5: 달성률34 | CR5: 득점35 | CS5: R-VOC 점수 | CT5: 3대R-VOC 점수 | CU5: 대외민원 차감점수 | CV5: 득점31 | CW5: 후불 SQM 차감 | CX5: 운영후불 | CY5: 중고 | CZ5: 후불 신규 SQM 차감 | DA5: 운영후불36 | DB5: 중고37 | DC5: MIT 차감 | DD5: SQM_운영 | DE5: SQM_중고 | DF5: 음재 | DG5: 권한남용 | DH5: 유선 차감 | DI5: 음재2 | DJ5: SQM | DK5: 권한남용3 | DL5: GTT 무트래픽
A6: 1분기 | B6: 1-1. 소상공인 | E6: 1-1. 소상공인 | F6: 1-1. 소상공인 | G6: 39.535519 | H6: 500 | J6: 267 | K6: 267 | L6: 0 | M6: 0 | O6: 0 | P6: 0.534 | Q6: 10.68 | AC6: 900 | AD6: 408 | AE6: 408 | AF6: 0 | AG6: 0 | AH6: 0.45333333 | AI6: 400 | AJ6: 260.2 | AK6: 124 | AL6: 9 | AM6: 636 | AN6: 0 | AO6: 0.6505 | AT6: 0.55191667 | AU6: 11.038333 | AV6: 135 | AW6: 67.6 | AX6: 35 | AY6: 8 | AZ6: 24 | BA6: 2 | BB6: 0 | BC6: 0.50074074 | BD6: 3.5051852 | BK6: 1500 | BL6: 1073.4 | BM6: 482 | BN6: 2 | BO6: 50 | BP6: 1360 | BQ6: 7 | BR6: 0 | BS6: 0.7156 | BT6: 14.312 | CW6: 0 | CX6: 0 | CY6: 0 | DC6: 0 | DD6: 0 | DE6: 0 | DF6: 0 | DG6: 0 | DH6: 0 | DI6: 0 | DJ6: 0 | DK6: 0 | DL6: 0
A7: 1분기 | B7: 1-1. 소상공인 | C7: 강북본부 | E7: 강북본부 | F7: 강북본부 | G7: 40.225496 | H7: 104 | J7: 76 | K7: 76 | L7: 0 | M7: 0 | O7: 0 | P7: 0.73076923 | Q7: 14.615385 | AC7: 177 | AD7: 86 | AE7: 86 | AF7: 0 | AG7: 0 | AH7: 0.48587571 | AI7: 78.6 | AJ7: 31.6 | AK7: 20 | AL7: 2 | AM7: 48 | AN7: 0 | AO7: 0.40203562 | AT7: 0.44395566 | AU7: 8.8791133 | AV7: 24 | AW7: 11.3 | AX7: 10 | AY7: 1 | AZ7: 0 | BA7: 1 | BB7: 0 | BC7: 0.47083333 | BD7: 3.2958333 | BK7: 364 | BL7: 179 | BM7: 33 | BN7: 1 | BO7: 17 | BP7: 358 | BQ7: 0 | BR7: 0 | BS7: 0.49175824 | BT7: 9.8351648 | CS7: 2.4 | CT7: 1.2 | CU7: 0 | CV7: 3.6 | CW7: 0 | CX7: 0 | CY7: 0 | DC7: 0 | DD7: 0 | DE7: 0 | DF7: 0 | DG7: 0 | DH7: 0 | DI7: 0 | DJ7: 0 | DK7: 0 | DL7: 0
A8: 1분기 | B8: 1-1. 소상공인 | C8: 강남본부 | E8: 강남본부 | F8: 강남본부 | G8: 29.577321 | H8: 58 | J8: 17 | K8: 17 | L8: 0 | M8: 0 | O8: 0 | P8: 0.29310345 | Q8: 5.862069 | AC8: 126 | AD8: 46 | AE8: 46 | AF8: 0 | AG8: 0 | AH8: 0.36507937 | AI8: 42.4 | AJ8: 21 | AK8: 5 | AL8: 0 | AM8: 80 | AN8: 0 | AO8: 0.49528302 | AT8: 0.43018119 | AU8: 8.6036238 | AV8: 15 | AW8: 3 | AX8: 1 | AY8: 0 | AZ8: 2 | BA8: 0 | BB8: 0 | BC8: 0.2 | BD8: 1.4 | BK8: 215 | BL8: 108.7 | BM8: 50 | BN8: 0 | BO8: 5 | BP8: 139 | BQ8: 2 | BR8: 0 | BS8: 0.5055814 | BT8: 10.111628 | CS8: 2.4 | CT8: 1.2 | CU8: 0 | CV8: 3.6 | CW8: 0 | CX8: 0 | CY8: 0 | DC8: 0 | DD8: 0 | DE8: 0 | DF8: 0 | DG8: 0 | DH8: 0 | DI8: 0 | DJ8: 0 | DK8: 0 | DL8: 0
A9: 1분기 | B9: 1-1. 소상공인 | C9: 강서본부 | E9: 강서본부 | F9: 강서본부 | G9: 52.454039 | H9: 74 | J9: 41 | K9: 41 | L9: 0 | M9: 0 | O9: 0 | P9: 0.55405405 | Q9: 11.081081 | AC9: 139 | AD9: 66 | AE9: 66 | AF9: 0 | AG9: 0 | AH9: 0.47482014 | AI9: 55.8 | AJ9: 38 | AK9: 15 | AL9: 0 | AM9: 115 | AN9: 0 | AO9: 0.68100358 | AT9: 0.57791186 | AU9: 11.558237 | AV9: 23 | AW9: 11 | AX9: 5 | AY9: 1 | AZ9: 5 | BA9: 0 | BB9: 0 | BC9: 0.47826087 | BD9: 3.3478261 | BK9: 293 | BL9: 335 | BM9: 141 | BN9: 0 | BO9: 0 | BP9: 546 | BQ9: 2 | BR9: 0 | BS9: 1.1433447 | BT9: 22.866894 | CS9: 2.4 | CT9: 1.2 | CU9: 0 | CV9: 3.6 | CW9: 0 | CX9: 0 | CY9: 0 | DC9: 0 | DD9: 0 | DE9: 0 | DF9: 0 | DG9: 0 | DH9: 0 | DI9: 0 | DJ9: 0 | DK9: 0 | DL9: 0
A10: 1분기 | B10: 1-1. 소상공인 | C10: 동부본부 | E10: 동부본부 | F10: 동부본부 | G10: 40.55119 | H10: 132 | J10: 50 | K10: 50 | L10: 0 | M10: 0 | O10: 0 | P10: 0.37878788 | Q10: 7.5757576 | AC10: 224 | AD10: 89 | AE10: 89 | AF10: 0 | AG10: 0 | AH10: 0.39732143 | AI10: 108 | AJ10: 69.2 | AK10: 57 | AL10: 2 | AM10: 51 | AN10: 0 | AO10: 0.64074074 | AT10: 0.51903108 | AU10: 10.380622 | AV10: 36 | AW10: 13 | AX10: 6 | AY10: 3 | AZ10: 4 | BA10: 0 | BB10: 0 | BC10: 0.36111111 | BD10: 2.5277778 | BK10: 364 | BL10: 299.7 | BM10: 187 | BN10: 0 | BO10: 10 | BP10: 211 | BQ10: 2 | BR10: 0 | BS10: 0.82335165 | BT10: 16.467033 | CS10: 2.4 | CT10: 1.2 | CU10: 0 | CV10: 3.6 | CW10: 0 | CX10: 0 | CY10: 0 | DC10: 0 | DD10: 0 | DE10: 0 | DF10: 0 | DG10: 0 | DH10: 0 | DI10: 0 | DJ10: 0 | DK10: 0 | DL10: 0
A11: 1분기 | B11: 1-1. 소상공인 | C11: 서부본부 | E11: 서부본부 | F11: 서부본부 | G11: 45.853513 | H11: 132 | J11: 83 | K11: 83 | L11: 0 | M11: 0 | O11: 0 | P11: 0.62878788 | Q11: 12.575758 | AC11: 234 | AD11: 121 | AE11: 121 | AF11: 0 | AG11: 0 | AH11: 0.51709402 | AI11: 115.2 | AJ11: 100.4 | AK11: 27 | AL11: 5 | AM11: 342 | AN11: 0 | AO11: 0.87152778 | AT11: 0.6943109 | AU11: 13.886218 | AV11: 37 | AW11: 29.3 | AX11: 13 | AY11: 3 | AZ11: 13 | BA11: 1 | BB11: 0 | BC11: 0.79189189 | BD11: 5.5432432 | BK11: 264 | BL11: 151 | BM11: 71 | BN11: 1 | BO11: 18 | BP11: 106 | BQ11: 1 | BR11: 0 | BS11: 0.5719697 | BT11: 11.439394 | CS11: 1.7004 | CT11: 0.7085 | CU11: 0 | CV11: 2.4089 | CW11: 0 | CX11: 0 | CY11: 0 | DC11: 0 | DD11: 0 | DE11: 0 | DF11: 0 | DG11: 0 | DH11: 0 | DI11: 0 | DJ11: 0 | DK11: 0 | DL11: 0

Sheet (영업)디지털 B2B
CW1: TRUE | CX1: TRUE | CY1: TRUE | CZ1: TRUE | DA1: TRUE | DB1: TRUE | DC1: TRUE | DD1: TRUE | DE1: TRUE | DF1: TRUE | DG1: TRUE | DH1: TRUE | DI1: TRUE | DJ1: TRUE | DK1: TRUE | DM1: 10 | DN1: 0.6
H2: TRUE | K2: TRUE | Q2: TRUE | R2: 1. 소매 | S2: 17 | Z2: TRUE | AA2: TRUE | AE2: TRUE | AF2: 1. 소매 | AG2: 11 | AH2: TRUE | AI2: TRUE | AJ2: TRUE | AK2: TRUE | AL2: TRUE | AN2: TRUE | AO2: TRUE | AV2: 1. 소매 | AW2: 13 | AX2: TRUE | AY2: TRUE | BE2: 1. 소매 | BF2: 10 | BG2: 1. 소매 | BH2: 60000 | BK2: 1. 소매 | BL2: 5 | BO2: TRUE | BP2: TRUE | BQ2: TRUE | BU2: 1. 소매 | BV2: 5 | BW2: 1. 소매 | BX2: 0.57 | CA2: 1. 소매 | CB2: 5 | CH2: TRUE | CW2: TRUE | CX2: TRUE | CY2: TRUE | CZ2: TRUE | DA2: TRUE | DB2: TRUE | DC2: TRUE | DD2: TRUE | DE2: TRUE | DF2: TRUE | DG2: TRUE | DH2: TRUE | DI2: TRUE | DJ2: TRUE | DK2: TRUE | DM2: 90 | DN2: 0.7
DM3: 97 | DN3: 0.75
H4: TRUE | K4: TRUE | Q4: FALSE | R4: 1-1. 소상공인 | S4: 13 | Z4: TRUE | AA4: FALSE | AE4: FALSE | AF4: 1-1. 소상공인 | AG4: 0 | AH4: TRUE | AI4: FALSE | AJ4: TRUE | AK4: TRUE | AL4: FALSE | AN4: TRUE | AO4: FALSE | AV4: 1-1. 소상공인 | AW4: 40 | AX4: TRUE | AY4: FALSE | BE4: 1-1. 소상공인 | BF4: 5 | BG4: 1-1. 소상공인 | BH4: 0 | BK4: 1-1. 소상공인 | BL4: 0 | BP4: TRUE | BU4: 1-1. 소상공인 | BV4: 20 | BW4: 1-1. 소상공인 | BX4: 0.3 | CA4: 1-1. 소상공인 | CB4: 5 | CH4: TRUE | CW4: TRUE | CX4: TRUE | CY4: TRUE | CZ4: TRUE | DA4: TRUE | DB4: TRUE | DC4: TRUE | DD4: TRUE | DE4: TRUE | DF4: TRUE | DG4: TRUE | DH4: TRUE | DI4: TRUE | DJ4: TRUE | DK4: TRUE | DM4: 97.4 | DN4: 0.8
H5: 3 | K5: TRUE | Q5: TRUE | R5: 3. 디지털 | S5: 65 | Z5: TRUE | AA5: TRUE | AE5: TRUE | AF5: 3. 디지털 | AG5: 10 | AH5: TRUE | AI5: TRUE | AJ5: TRUE | AK5: TRUE | AL5: TRUE | AN5: TRUE | AO5: TRUE | AV5: 3. 디지털 | AW5: 3 | AX5: TRUE | AY5: TRUE | BE5: 3. 디지털 | BF5: 5 | BG5: 3. 디지털 | BH5: 49000 | BK5: 3. 디지털 | BL5: 2 | BO5: TRUE | BP5: TRUE | BQ5: TRUE | BS5: TRUE | BT5: TRUE | BU5: 3. 디지털 | BV5: 0 | BW5: 3. 디지털 | BX5: 0 | CA5: 3. 디지털 | CB5: 0 | CW5: TRUE | CX5: TRUE | CY5: TRUE | CZ5: TRUE | DA5: TRUE | DB5: TRUE | DC5: TRUE | DD5: TRUE | DE5: TRUE | DF5: TRUE | DG5: TRUE | DH5: TRUE | DI5: TRUE | DJ5: TRUE | DK5: TRUE | DM5: 97.8 | DN5: 0.85
F6: 1 | G6: 2 | H6: 3 | I6: 4 | J6: 5 | K6: 6 | L6: 7 | M6: 8 | N6: 9 | O6: 10 | P6: 11 | Q6: 12 | R6: 13 | S6: 14 | T6: 15 | U6: 16 | V6: 17 | W6: 18 | X6: 19 | Y6: 20 | Z6: 21 | AA6: 22 | AB6: 23 | AC6: 24 | AD6: 25 | AE6: 26 | AF6: 27 | AG6: 28 | AH6: 29 | AI6: 30 | AJ6: 31 | AK6: 32 | AL6: 33 | AM6: 34 | AN6: 35 | AO6: 36 | AP6: 37 | AQ6: 38 | AR6: 39 | AS6: 40 | AT6: 41 | AU6: 42 | AV6: 43 | AW6: 44 | AX6: 45 | AY6: 46 | AZ6: 47 | BA6: 48 | BB6: 49 | BC6: 50 | BD6: 51 | BE6: 52 | BF6: 53 | BG6: 54 | BH6: 55 | BI6: 56 | BJ6: 57 | BK6: 58 | BL6: 59 | BM6: 60 | BN6: 61 | BO6: 62 | BP6: 63 | BQ6: 64 | BR6: 65 | BS6: 66 | BT6: 67 | BU6: 68 | BV6: 69 | BW6: 70 | BX6: 71 | BY6: 72 | BZ6: 73 | CA6: 74 | CB6: 75 | CC6: 76 | CD6: 77 | CE6: 78 | CF6: 79 | CG6: 80 | CH6: 81 | CI6: 82 | CJ6: 83 | CK6: 84 | CL6: 85 | CM6: 86 | CN6: 87 | CO6: 88 | CP6: 89 | CQ6: 90 | CR6: 91 | CS6: 92 | CT6: 93 | CU6: 94 | CV6: 95 | CW6: 96 | CX6: 97 | CY6: 98 | CZ6: 99 | DA6: 100 | DB6: 101 | DC6: 102 | DD6: 103 | DE6: 104 | DF6: 105 | DG6: 106 | DH6: 107 | DI6: 108 | DJ6: 109 | DK6: 110 | DL6: 111 | DM6: 98 | DN6: 0.9
J7: *소상공인/디지털/B2B 일반후불 1건 | K7: 1 | L7: 1 | M7: 1 | X7: *디지털 일반후불 신규 1건 | AC7: *B2B 약갱 포함(Biz제외) | AX7: *MIT에 MNP-MIT 포함됨 | BM7: 1.2 | BN7: 15 | BO7: 1 | BP7: 0.3 | BQ7: 1 | BR7: 1 | BS7: ←소상공인 | CP7: *점수 구간별 달성률 | CW7: 감점 : 불완전판매
A8: 월 | B8: 채널 | C8: 본부 | D8: 지사 | E8: 코드 | F8: 조직 | G8: 총 득점 | H8: 일반후불 | K8: 1 | L8: 1 | M8: 0.3 | N8: 0.2 | R8: B2B 무선전체 | U8: 10 | V8: 후불 신규 | X8: 1 | Y8: 1 | AC8: 유선 순신규 | AE8: 1 | AF8: 0.5 | AK8: 1 | AL8: 1 | AM8: 0.2 | AQ8: 1 | AR8: 1 | AS8: 0.2 | AV8: 동시판매 | AX8: 1 | AY8: 1 | AZ8: 1 | BA8: 0.3 | BE8: 판매 ARPU | BK8: 전략상품(소매/소상공인/B2B) | BM8: 1.2 | BN8: 5 | BO8: 0.5 | BP8: 0.3 | BQ8: 0.2 | BR8: 0.2 | BU8: 1G 유치율 | CA8: 도매 인프라(도매) | CJ8: 8 | CK8: 직접영업(B2B) | CN8: 10 | CP8: TCSI(소매) | CR8: 3 | CS8: R-VOC | CX8: 5 | CY8: 3 | DA8: 5 | DB8: 3 | DD8: 5 | DE8: 3 | DF8: 5 | DG8: 10 | DI8: 5 | DK8: 10 | DL8: 2.5
H9: 목표 | I9: 중고 목표 | J9: 실적 계 | K9: 운영후불 (소상공) 일반후불 | L9: 중고 MNP | M9: 중고 010/기변 | N9: (소매) 토탈영업 | O9: 차감점수 | P9: 달성률 Max 120% | Q9: 득점 | R9: 목표 | S9: 실적 | T9: 달성률 Max 120% | U9: 득점 | V9: 목표 | W9: 실적 계 | X9: MNP | Y9: (디지털) '010 | Z9: 차감점수 | AA9: 달성률 Max 120% | AB9: 득점 | AC9: 인터넷 목표 | AD9: 인터넷 실적 계 | AE9: 인터넷 | AF9: 선불 | AG9: 차감점수 음재 | AH9: 인터넷 달성률 | AI9: TV 목표 | AJ9: TV 실적 계 | AK9: 미디어 | AL9: 추단 | AM9: (소상공인) Biz | AN9: 차감점수 GTT무트래픽 | AO9: TV 달성률 | AP9: (B2B) 약갱 | AQ9: 인+티 | AR9: 추단 | AS9: (B2B) Biz | AT9: 달성률 Max 120% | AU9: 득점 | AV9: 목표 | AW9: 실적 계 | AX9: MIT | AY9: MNP-MIT | AZ9: ITU | BA9: (소상공인) ITB | BB9: 차감점수 | BC9: 달성률 Max 120% | BD9: 득점 | BE9: 목표 | BF9: ARPU | BG9: 매출 | BH9: 가입자 | BI9: 달성률 Max 120% | BJ9: 득점 | BK9: 목표 | BL9: 실적 계 | BM9: 하이오더 | BN9: AI로봇 | BO9: GiGAeyes | BP9: GiGAeyes 정보제공 | BQ9: AI전화 | BR9: AI링고전화 | BS9: 달성률 Max 120% | BT9: 득점 | BU9: 목표 | BV9: 유치율 | BW9: 1G | BX9: 인터넷 | BY9: 달성률 Max 100% | BZ9: 득점 | CA9: 가동점 목표 | CB9: 가동점 | CC9: 가동점 달성률 | CD9: 중형점 목표 | CE9: 중형점 | CF9: 5건~9건 발생점 | CG9: 10건↑ 발생점 | CH9: 중형점 달성률 | CI9: 달성률 Max 120% | CJ9: 득점 | CK9: 목표 | CL9: 실적 | CM9: 달성률 Max 120% | CN9: 득점 | CO9: 목표 | CP9: 실적 | CQ9: 달성률 | CR9: 득점 | CS9: R-VOC 점수 | CT9: 3대R-VOC 점수 | CU9: 대외민원 차감점수 | CV9: 득점 | CW9: 후불 SQM 차감 | CX9: 운영후불 | CY9: 중고 | CZ9: 후불 신규 SQM 차감 | DA9: 운영후불 | DB9: 중고 | DC9: MIT 차감 | DD9: SQM_운영 | DE9: SQM_중고 | DF9: 음재 | DG9: 권한남용 | DH9: 유선 차감 | DI9: 음재 | DJ9: SQM | DK9: 권한남용 | DL9: GTT 무트래픽
A10: 월 | B10: 채널 | C10: 본부 | D10: 지사 | E10: 코드 | F10: 조직 | G10: 총 득점 | H10: 목표 | I10: 중고 목표 | J10: 실적 계 | K10: 운영 후불 | L10: 중고 MNP | M10: 중고 010/기변 | N10: 토탈영업 | O10: 차감점수 | P10: 달성률 Max 120% | Q10: 득점 | R10: 목표2 | S10: 실적 | T10: 달성률 Max 120%3 | U10: 득점4 | V10: 목표5 | W10: 실적 계6 | X10: MNP | Y10: (디지털) '010 | Z10: 차감점수7 | AA10: 달성률 Max 120%8 | AB10: 득점9 | AC10: 인터넷 목표 | AD10: 인터넷 실적 계 | AE10: 인터넷 | AF10: 선불 | AG10: 차감점수 음재 | AH10: 인터넷 달성률 | AI10: TV 목표 | AJ10: TV 실적 계 | AK10: 미디어 | AL10: 추단 | AM10: (소상공인) Biz | AN10: 차감점수 GTT무트래픽 | AO10: TV 달성률 | AP10: 약갱 | AQ10: 인+티 | AR10: 추단2 | AS10: Biz2 | AT10: 달성률 Max 120%10 | AU10: 득점11 | AV10: 목표12 | AW10: 실적 계13 | AX10: MIT | AY10: MNP-MIT | AZ10: ITU | BA10: (소상공인) ITB | BB10: 차감점수14 | BC10: 달성률 Max 120%15 | BD10: 득점16 | BE10: 목표17 | BF10: ARPU | BG10: 매출 | BH10: 가입자 | BI10: 달성률 Max 120%18 | BJ10: 득점19 | BK10: 목표20 | BL10: 실적 계21 | BM10: 하이오더 | BN10: AI로봇 | BO10: GiGAeyes | BP10: GiGAeyes 정보제공 | BQ10: AI전화 | BR10: AI링고전화 | BS10: 달성률 Max 120%22 | BT10: 득점23 | BU10: 목표24 | BV10: 유치율 | BW10: 1G | BX10: 인터넷25 | BY10: 달성률 Max 120%26 | BZ10: 득점27 | CA10: 가동점 목표 | CB10: 가동점 | CC10: 가동점 달성률 | CD10: 중형점 목표 | CE10: 중형점 | CF10: 5건~9건 발생점 | CG10: 10건↑발생점 | CH10: 중형점 달성률 | CI10: 달성률 Max 120%28 | CJ10: 득점29 | CK10: 목표30 | CL10: 실적31 | CM10: 달성률 Max 120%32 | CN10: 득점33 | CO10: 목표32 | CP10: 실적33 | CQ10: 달성률34 | CR10: 득점35 | CS10: R-VOC 점수 | CT10: 3대R-VOC 점수 | CU10: 대외민원 차감점수 | CV10: 득점31 | CW10: 후불 SQM 차감 | CX10: 운영후불 | CY10: 중고 | CZ10: 후불 신규 SQM 차감 | DA10: 운영후불36 | DB10: 중고37 | DC10: MIT 차감 | DD10: SQM_운영 | DE10: SQM_중고 | DF10: 음재 | DG10: 권한남용 | DH10: 유선 차감 | DI10: 음재2 | DJ10: SQM | DK10: 권한남용3 | DL10: GTT 무트래픽
A11: 1분기 | B11: 3. 디지털 | E11: 3. 디지털 | F11: 디지털 | G11: 54.193 | H11: 20000 | J11: 17312 | K11: 11824 | L11: 4270 | M11: 1218 | O11: 0 | P11: 0.8656 | Q11: 38.952 | V11: 4000 | W11: 5248 | X11: 5247 | Y11: 1823 | Z11: 0 | AA11: 1.2 | AB11: 12 | AC11: 1000 | AD11: 149 | AE11: 149 | AF11: 0 | AG11: 0 | AH11: 0.149 | AI11: 600 | AJ11: 101 | AK11: 88 | AL11: 13 | AN11: 0 | AO11: 0.16833333 | AT11: 0.15866667 | AU11: 2.856 | AV11: 1000 | AW11: 77 | AX11: 27 | AY11: 7 | AZ11: 43 | BA11: 0 | BB11: 0 | BC11: 0.077 | BD11: 0.385 | CW11: 0 | CX11: 0 | CY11: 0 | CZ11: 0 | DA11: 0 | DB11: 0 | DC11: 0 | DD11: 0 | DE11: 0 | DF11: 0 | DH11: 0 | DI11: 0 | DJ11: 0 | DK11: 0
A12: 1분기 | B12: 4. B2B | E12: 4. B2B | F12: B2B | G12: 33.98741 | H12: 5000 | J12: 3919 | K12: 3556 | L12: 37 | M12: 326 | O12: 0 | P12: 0.7838 | Q12: 15.676 | R12: 6100 | S12: 6695 | T12: 1.097541 | U12: 10.97541 | AC12: 1000 | AD12: 14 | AE12: 14 | AF12: 0 | AG12: 0 | AJ12: 11.2 | AK12: 9 | AL12: 2 | AM12: 1 | AP12: 282 | AQ12: 93 | AR12: 183 | AS12: 30 | AT12: 0.3072 | AU12: 1.536 | BE12: 33000 | BF12: 50359.988 | BG12: 1.9731043e+08 | BH12: 3918 | BI12: 1.2 | BJ12: 0 | BK12: 0 | BL12: 0 | BM12: 0 | BN12: 0 | BO12: 0 | BQ12: 0 | BR12: 0 | BS12: 0 | BT12: 0 | CK12: 500 | CL12: 290 | CM12: 0.58 | CN12: 5.8 | CW12: 0 | CX12: 0 | CY12: 0 | DC12: 0 | DD12: 0 | DE12: 0 | DF12: 0 | DH12: 0 | DI12: 0 | DJ12: 0 | DK12: 0

Sheet (이익) 소매
F1: 1 | G1: 2 | H1: 3 | I1: 4 | J1: 5 | K1: 6 | L1: 7 | M1: 8 | N1: 9 | O1: 10 | P1: 11 | Q1: 12 | R1: 13 | S1: 14
H2: =H6=SUM(H22:H273) -> TRUE | I2: =I6=SUM(I22:I273) -> TRUE | K2: =K6=SUM(K22:K273) -> TRUE | P2: =P6=SUM(P22:P273) -> FALSE | Q2: =Q6=SUM(Q22:Q273) -> TRUE
G3: 구분 | H3: 이익항목 | V3: ※ 검증 | W3: 정책매출 | X3: 매장이익
B4: 코드 | C4: 본부 | D4: 지사 | E4: 접점 | F4: 조직 | G4: 총 득점 | H4: 유선+무선합계 | O4: 10 | P4: 매장이익 | S4: 5 | V4: 목표 | W4: =H6='1-1.(소매)정책매출'!Z9 -> TRUE | X4: =P6='1-2.(소매)매장이익'!H8 -> TRUE
G5: =SUM(O4,S4) -> 15 | H5: 목표 | I5: 실적 | J5: 달성률 | K5: 정책실적 비율 | L5: 후불CAPA 실적 비중 | M5: 차이 | N5: 보정된 달성률 | O5: 득점 | P5: 목표 | Q5: 실적 | R5: 달성률 | S5: 득점 | V5: 실적 | W5: =I6='1-1.(소매)정책매출'!AD9 -> TRUE | X5: =Q6='1-2.(소매)매장이익'!P8 -> TRUE
F6: 전사 | G6: =SUM(O6,S6) -> 15.484055 | H6: =SUM(H7:H11) -> 1.0922084e+10 | I6: =SUM(I7:I11) -> 1.0358564e+10 | J6: =I6/H6 -> 0.94840547 | K6: =I6/$I$6 -> 1 | L6: 1 | M6: =K6-L6 -> 0 | N6: =J6+M6 -> 0.94840547 | O6: =MIN($O$4*1.2,$O$4*N6) -> 9.4840547 | P6: =SUM(P7:P11) -> 3.2510333e+09 | Q6: =SUM(Q7:Q11) -> 5.1172944e+09 | R6: =Q6/P6 -> 1.5740517 | S6: =MAX(0,MIN($S$4*1.2,$S$4*R6)) -> 6
F7: 강북본부 | G7: =SUM(O7,S7) -> 15.575563 | H7: =VLOOKUP($F7,'1-1.(소매)정책매출'!$E$10:$AD$24,22,0) -> 1.8145116e+09 | I7: =VLOOKUP($F7,'1-1.(소매)정책매출'!$E$10:$AD$24,26,0) -> 1.7443232e+09 | J7: =I7/H7 -> 0.96131833 | K7: =I7/$I$6 -> 0.1683943 | L7: =VLOOKUP(F7,'1-1.(소매)정책매출'!$E$10:$AJ$276,30,0) -> 0.1721563 | M7: =K7-L7 -> -0.0037619968 | N7: =J7+M7 -> 0.95755634 | O7: =MIN($O$4*1.2,$O$4*N7) -> 9.5755634 | P7: =VLOOKUP(F7,'1-2.(소매)매장이익'!$D$9:$P$23,5,0) -> 5.2166034e+08 | Q7: =VLOOKUP(F7,'1-2.(소매)매장이익'!$D$9:$P$23,13,0) -> 7.7455217e+08 | R7: =Q7/P7 -> 1.4847826 | S7: =MAX(0,MIN($S$4*1.2,$S$4*R7)) -> 6
F8: 강남본부 | G8: =SUM(O8,S8) -> 15.363127 | H8: =VLOOKUP($F8,'1-1.(소매)정책매출'!$E$10:$AD$24,22,0) -> 1.7935172e+09 | I8: =VLOOKUP($F8,'1-1.(소매)정책매출'!$E$10:$AD$24,26,0) -> 1693000036 | J8: =I8/H8 -> 0.94395529 | K8: =I8/$I$6 -> 0.16343964 | L8: =VLOOKUP(F8,'1-1.(소매)정책매출'!$E$10:$AJ$276,30,0) -> 0.17108224 | M8: =K8-L8 -> -0.0076426014 | N8: =J8+M8 -> 0.93631269 | O8: =MIN($O$4*1.2,$O$4*N8) -> 9.3631269 | P8: =VLOOKUP(F8,'1-2.(소매)매장이익'!$D$9:$P$23,5,0) -> 5.8998989e+08 | Q8: =VLOOKUP(F8,'1-2.(소매)매장이익'!$D$9:$P$23,13,0) -> 8.5449337e+08 | R8: =Q8/P8 -> 1.4483187 | S8: =MAX(0,MIN($S$4*1.2,$S$4*R8)) -> 6
F9: 강서본부 | G9: =SUM(O9,S9) -> 15.709495 | H9: =VLOOKUP($F9,'1-1.(소매)정책매출'!$E$10:$AD$24,22,0) -> 2.4773977e+09 | I9: =VLOOKUP($F9,'1-1.(소매)정책매출'!$E$10:$AD$24,26,0) -> 2.3682801e+09 | J9: =I9/H9 -> 0.95595475 | K9: =I9/$I$6 -> 0.22863015 | L9: =VLOOKUP(F9,'1-1.(소매)정책매출'!$E$10:$AJ$276,30,0) -> 0.21363543 | M9: =K9-L9 -> 0.014994716 | N9: =J9+M9 -> 0.97094946 | O9: =MIN($O$4*1.2,$O$4*N9) -> 9.7094946 | P9: =VLOOKUP(F9,'1-2.(소매)매장이익'!$D$9:$P$23,5,0) -> 7.2074556e+08 | Q9: =VLOOKUP(F9,'1-2.(소매)매장이익'!$D$9:$P$23,13,0) -> 1.2527461e+09 | R9: =Q9/P9 -> 1.7381252 | S9: =MAX(0,MIN($S$4*1.2,$S$4*R9)) -> 6
F10: 동부본부 | G10: =SUM(O10,S10) -> 15.445039 | H10: =VLOOKUP($F10,'1-1.(소매)정책매출'!$E$10:$AD$24,22,0) -> 2.7260431e+09 | I10: =VLOOKUP($F10,'1-1.(소매)정책매출'!$E$10:$AD$24,26,0) -> 2.5637306e+09 | J10: =I10/H10 -> 0.94045857 | K10: =I10/$I$6 -> 0.24749864 | L10: =VLOOKUP(F10,'1-1.(소매)정책매출'!$E$10:$AJ$276,30,0) -> 0.24345336 | M10: =K10-L10 -> 0.0040452851 | N10: =J10+M10 -> 0.94450386 | O10: =MIN($O$4*1.2,$O$4*N10) -> 9.4450386 | P10: =VLOOKUP(F10,'1-2.(소매)매장이익'!$D$9:$P$23,5,0) -> 7.8857486e+08 | Q10: =VLOOKUP(F10,'1-2.(소매)매장이익'!$D$9:$P$23,13,0) -> 1.287956e+09 | R10: =Q10/P10 -> 1.6332704 | S10: =MAX(0,MIN($S$4*1.2,$S$4*R10)) -> 6
F11: 서부본부 | G11: =SUM(O11,S11) -> 15.348533 | H11: =VLOOKUP($F11,'1-1.(소매)정책매출'!$E$10:$AD$24,22,0) -> 2.1106146e+09 | I11: =VLOOKUP($F11,'1-1.(소매)정책매출'!$E$10:$AD$24,26,0) -> 1.9892304e+09 | J11: =I11/H11 -> 0.94248867 | K11: =I11/$I$6 -> 0.19203727 | L11: =VLOOKUP(F11,'1-1.(소매)정책매출'!$E$10:$AJ$276,30,0) -> 0.19967267 | M11: =K11-L11 -> -0.0076354026 | N11: =J11+M11 -> 0.93485327 | O11: =MIN($O$4*1.2,$O$4*N11) -> 9.3485327 | P11: =VLOOKUP(F11,'1-2.(소매)매장이익'!$D$9:$P$23,5,0) -> 6.3006265e+08 | Q11: =VLOOKUP(F11,'1-2.(소매)매장이익'!$D$9:$P$23,13,0) -> 9.4754679e+08 | R11: =Q11/P11 -> 1.503893 | S11: =MAX(0,MIN($S$4*1.2,$S$4*R11)) -> 6
F12: 강북소매 | G12: =SUM(O12,S12) -> 15.700534 | H12: =VLOOKUP($F12,'1-1.(소매)정책매출'!$E$10:$AD$24,22,0) -> 8.5829353e+08 | I12: =VLOOKUP($F12,'1-1.(소매)정책매출'!$E$10:$AD$24,26,0) -> 838893105 | J12: =I12/H12 -> 0.97739652 | K12: =I12/$I$6 -> 0.080985461 | L12: =VLOOKUP(F12,'1-1.(소매)정책매출'!$E$10:$AJ$276,30,0) -> 0.08832856 | M12: =K12-L12 -> -0.0073430991 | N12: =J12+M12 -> 0.97005342 | O12: =MIN($O$4*1.2,$O$4*N12) -> 9.7005342 | P12: =VLOOKUP(F12,'1-2.(소매)매장이익'!$D$9:$P$23,5,0) -> 2.4665422e+08 | Q12: =VLOOKUP(F12,'1-2.(소매)매장이익'!$D$9:$P$23,13,0) -> 3.3860891e+08 | R12: =Q12/P12 -> 1.3728081 | S12: =MAX(0,MIN($S$4*1.2,$S$4*R12)) -> 6
F13: 강동소매 | G13: =SUM(O13,S13) -> 15.504678 | H13: =VLOOKUP($F13,'1-1.(소매)정책매출'!$E$10:$AD$24,22,0) -> 9.5621804e+08 | I13: =VLOOKUP($F13,'1-1.(소매)정책매출'!$E$10:$AD$24,26,0) -> 9.0543013e+08 | J13: =I13/H13 -> 0.94688668 | K13: =I13/$I$6 -> 0.087408844 | L13: =VLOOKUP(F13,'1-1.(소매)정책매출'!$E$10:$AJ$276,30,0) -> 0.083827741 | M13: =K13-L13 -> 0.0035811023 | N13: =J13+M13 -> 0.95046779 | O13: =MIN($O$4*1.2,$O$4*N13) -> 9.5046779 | P13: =VLOOKUP(F13,'1-2.(소매)매장이익'!$D$9:$P$23,5,0) -> 2.7500612e+08 | Q13: =VLOOKUP(F13,'1-2.(소매)매장이익'!$D$9:$P$23,13,0) -> 4.3594327e+08 | R13: =Q13/P13 -> 1.585213 | S13: =MAX(0,MIN($S$4*1.2,$S$4*R13)) -> 6
F14: 강남소매 | G14: =SUM(O14,S14) -> 14.796259 | H14: =VLOOKUP($F14,'1-1.(소매)정책매출'!$E$10:$AD$24,22,0) -> 7.7654321e+08 | I14: =VLOOKUP($F14,'1-1.(소매)정책매출'!$E$10:$AD$24,26,0) -> 688967857 | J14: =I14/H14 -> 0.88722411 | K14: =I14/$I$6 -> 0.066511906 | L14: =VLOOKUP(F14,'1-1.(소매)정책매출'!$E$10:$AJ$276,30,0) -> 0.074110065 | M14: =K14-L14 -> -0.0075981596 | N14: =J14+M14 -> 0.87962595 | O14: =MIN($O$4*1.2,$O$4*N14) -> 8.7962595 | P14: =VLOOKUP(F14,'1-2.(소매)매장이익'!$D$9:$P$23,5,0) -> 2.6058791e+08 | Q14: =VLOOKUP(F14,'1-2.(소매)매장이익'!$D$9:$P$23,13,0) -> 3.6663655e+08 | R14: =Q14/P14 -> 1.4069592 | S14: =MAX(0,MIN($S$4*1.2,$S$4*R14)) -> 6
F15: 남부소매 | G15: =SUM(O15,S15) -> 15.872298 | H15: =VLOOKUP($F15,'1-1.(소매)정책매출'!$E$10:$AD$24,22,0) -> 1.016974e+09 | I15: =VLOOKUP($F15,'1-1.(소매)정책매출'!$E$10:$AD$24,26,0) -> 1004032179 | J15: =I15/H15 -> 0.9872742 | K15: =I15/$I$6 -> 0.096927735 | L15: =VLOOKUP(F15,'1-1.(소매)정책매출'!$E$10:$AJ$276,30,0) -> 0.096972177 | M15: =K15-L15 -> -4.4441851e-05 | N15: =J15+M15 -> 0.98722976 | O15: =MIN($O$4*1.2,$O$4*N15) -> 9.8722976 | P15: =VLOOKUP(F15,'1-2.(소매)매장이익'!$D$9:$P$23,5,0) -> 3.2940198e+08 | Q15: =VLOOKUP(F15,'1-2.(소매)매장이익'!$D$9:$P$23,13,0) -> 4.8785682e+08 | R15: =Q15/P15 -> 1.4810379 | S15: =MAX(0,MIN($S$4*1.2,$S$4*R15)) -> 6
F16: 강서소매 | G16: =SUM(O16,S16) -> 15.478983 | H16: =VLOOKUP($F16,'1-1.(소매)정책매출'!$E$10:$AD$24,22,0) -> 1.4795705e+09 | I16: =VLOOKUP($F16,'1-1.(소매)정책매출'!$E$10:$AD$24,26,0) -> 1.3917412e+09 | J16: =I16/H16 -> 0.9406387 | K16: =I16/$I$6 -> 0.13435658 | L16: =VLOOKUP(F16,'1-1.(소매)정책매출'!$E$10:$AJ$276,30,0) -> 0.12709697 | M16: =K16-L16 -> 0.0072596048 | N16: =J16+M16 -> 0.94789831 | O16: =MIN($O$4*1.2,$O$4*N16) -> 9.4789831 | P16: =VLOOKUP(F16,'1-2.(소매)매장이익'!$D$9:$P$23,5,0) -> 4.5271669e+08 | Q16: =VLOOKUP(F16,'1-2.(소매)매장이익'!$D$9:$P$23,13,0) -> 7.6210206e+08 | R16: =Q16/P16 -> 1.6833973 | S16: =MAX(0,MIN($S$4*1.2,$S$4*R16)) -> 6
F17: 인천소매 | G17: =SUM(O17,S17) -> 15.864004 | H17: =VLOOKUP($F17,'1-1.(소매)정책매출'!$E$10:$AD$24,22,0) -> 9.9782724e+08 | I17: =VLOOKUP($F17,'1-1.(소매)정책매출'!$E$10:$AD$24,26,0) -> 976538866 | J17: =I17/H17 -> 0.97866527 | K17: =I17/$I$6 -> 0.094273572 | L17: =VLOOKUP(F17,'1-1.(소매)정책매출'!$E$10:$AJ$276,30,0) -> 0.086538462 | M17: =K17-L17 -> 0.0077351109 | N17: =J17+M17 -> 0.98640038 | O17: =MIN($O$4*1.2,$O$4*N17) -> 9.8640038 | P17: =VLOOKUP(F17,'1-2.(소매)매장이익'!$D$9:$P$23,5,0) -> 2.6802887e+08 | Q17: =VLOOKUP(F17,'1-2.(소매)매장이익'!$D$9:$P$23,13,0) -> 4.90644e+08 | R17: =Q17/P17 -> 1.830564 | S17: =MAX(0,MIN($S$4*1.2,$S$4*R17)) -> 6
F18: 부산소매 | G18: =SUM(O18,S18) -> 15.808751 | H18: =VLOOKUP($F18,'1-1.(소매)정책매출'!$E$10:$AD$24,22,0) -> 1.4826687e+09 | I18: =VLOOKUP($F18,'1-1.(소매)정책매출'!$E$10:$AD$24,26,0) -> 1429831455 | J18: =I18/H18 -> 0.96436341 | K18: =I18/$I$6 -> 0.13803375 | L18: =VLOOKUP(F18,'1-1.(소매)정책매출'!$E$10:$AJ$276,30,0) -> 0.12152209 | M18: =K18-L18 -> 0.016511653 | N18: =J18+M18 -> 0.98087506 | O18: =MIN($O$4*1.2,$O$4*N18) -> 9.8087506 | P18: =VLOOKUP(F18,'1-2.(소매)매장이익'!$D$9:$P$23,5,0) -> 4.3613338e+08 | Q18: =VLOOKUP(F18,'1-2.(소매)매장이익'!$D$9:$P$23,13,0) -> 7.6078954e+08 | R18: =Q18/P18 -> 1.7443965 | S18: =MAX(0,MIN($S$4*1.2,$S$4*R18)) -> 6
... F21: 호남소매 | G21: =SUM(O21,S21) -> 15.883024 | H21: =VLOOKUP($F21,'1-1.(소매)정책매출'!$E$10:$AD$24,22,0) -> 1.0226312e+09 | I21: =VLOOKUP($F21,'1-1.(소매)정책매출'!$E$10:$AD$24,26,0) -> 1.0160168e+09 | J21: =I21/H21 -> 0.99353193 | K21: =I21/$I$6 -> 0.09808471 | L21: =VLOOKUP(F21,'1-1.(소매)정책매출'!$E$10:$AJ$276,30,0) -> 0.10331424 | M21: =K21-L21 -> -0.0052295288 | N21: =J21+M21 -> 0.9883024 | O21: =MIN($O$4*1.2,$O$4*N21) -> 9.883024 | P21: =VLOOKUP(F21,'1-2.(소매)매장이익'!$D$9:$P$23,5,0) -> 2.9875232e+08 | Q21: =VLOOKUP(F21,'1-2.(소매)매장이익'!$D$9:$P$23,13,0) -> 4.8047654e+08 | R21: =Q21/P21 -> 1.6082772 | S21: =MAX(0,MIN($S$4*1.2,$S$4*R21)) -> 6
B22: YC20667 | C22: 강북 | D22: 강북소매 | E22: KT플라자 화정역점 | G22: =SUM(O22,S22) -> 14.631535 | H22: =IFERROR(VLOOKUP($B22,'1-1.(소매)정책매출'!$B$25:$AJ$276,25,0),0) -> 48295874 | I22: =IFERROR(VLOOKUP($B22,'1-1.(소매)정책매출'!$B$25:$AJ$276,29,0),0) -> 49757318 | J22: =I22/H22 -> 1.0302602 | K22: =I22/SUM($I$22:$I$273) -> 0.0048034956 | L22: =VLOOKUP(B22,'1-1.(소매)정책매출'!$B$25:$AJ$276,33,0) -> 0.004858838 | M22: =K22-L22 -> -5.5342396e-05 | N22: =J22+M22 -> 1.0302049 | O22: =MIN($O$4*1.2,$O$4*N22) -> 10.302049 | P22: =IFERROR(VLOOKUP($B22,'1-2.(소매)매장이익'!$A$24:$P$275,8,0),0) -> 16369315 | Q22: =IFERROR(VLOOKUP($B22,'1-2.(소매)매장이익'!$A$24:$P$275,16,0),0) -> 14174145 | R22: =Q22/P22 -> 0.86589726 | S22: =IFERROR(MAX(0,MIN($S$4*1.2,$S$4*R22)),0) -> 4.3294863
B23: YC00225 | C23: 강북 | D23: 강북소매 | E23: KT플라자 금릉역점 | G23: =SUM(O23,S23) -> 16.446554 | H23: =IFERROR(VLOOKUP($B23,'1-1.(소매)정책매출'!$B$25:$AJ$276,25,0),0) -> 41066417 | I23: =IFERROR(VLOOKUP($B23,'1-1.(소매)정책매출'!$B$25:$AJ$276,29,0),0) -> 42887752 | J23: =I23/H23 -> 1.044351 | K23: =I23/SUM($I$22:$I$273) -> 0.0041403182 | L23: =VLOOKUP(B23,'1-1.(소매)정책매출'!$B$25:$AJ$276,33,0) -> 0.0038359247 | M23: =K23-L23 -> 0.00030439344 | N23: =J23+M23 -> 1.0446554 | O23: =MIN($O$4*1.2,$O$4*N23) -> 10.446554 | P23: =IFERROR(VLOOKUP($B23,'1-2.(소매)매장이익'!$A$24:$P$275,8,0),0) -> 11581158 | Q23: =IFERROR(VLOOKUP($B23,'1-2.(소매)매장이익'!$A$24:$P$275,16,0),0) -> 18434955 | R23: =Q23/P23 -> 1.5918058 | S23: =IFERROR(MAX(0,MIN($S$4*1.2,$S$4*R23)),0) -> 6
B24: YC20691 | C24: 강북 | D24: 강북소매 | E24: KT플라자 일산점 | G24: =SUM(O24,S24) -> 9.4246922 | H24: =IFERROR(VLOOKUP($B24,'1-1.(소매)정책매출'!$B$25:$AJ$276,25,0),0) -> 33292310 | I24: =IFERROR(VLOOKUP($B24,'1-1.(소매)정책매출'!$B$25:$AJ$276,29,0),0) -> 23984924 | J24: =I24/H24 -> 0.72043436 | K24: =I24/SUM($I$22:$I$273) -> 0.002315468 | L24: =VLOOKUP(B24,'1-1.(소매)정책매출'!$B$25:$AJ$276,33,0) -> 0.0029664484 | M24: =K24-L24 -> -0.00065098047 | N24: =J24+M24 -> 0.71978338 | O24: =MIN($O$4*1.2,$O$4*N24) -> 7.1978338 | P24: =IFERROR(VLOOKUP($B24,'1-2.(소매)매장이익'!$A$24:$P$275,8,0),0) -> 9301096.4 | Q24: =IFERROR(VLOOKUP($B24,'1-2.(소매)매장이익'!$A$24:$P$275,16,0),0) -> 4142444.9 | R24: =Q24/P24 -> 0.44537168 | S24: =IFERROR(MAX(0,MIN($S$4*1.2,$S$4*R24)),0) -> 2.2268584
B25: YC00364 | C25: 강북 | D25: 강북소매 | E25: KT플라자 마두역점 | G25: =SUM(O25,S25) -> 13.294935 | H25: =IFERROR(VLOOKUP($B25,'1-1.(소매)정책매출'!$B$25:$AJ$276,25,0),0) -> 31785414 | I25: =IFERROR(VLOOKUP($B25,'1-1.(소매)정책매출'!$B$25:$AJ$276,29,0),0) -> 26112651 | J25: =I25/H25 -> 0.82152937 | K25: =I25/SUM($I$22:$I$273) -> 0.0025208755 | L25: =VLOOKUP(B25,'1-1.(소매)정책매출'!$B$25:$AJ$276,33,0) -> 0.0033244681 | M25: =K25-L25 -> -0.00080359259 | N25: =J25+M25 -> 0.82072578 | O25: =MIN($O$4*1.2,$O$4*N25) -> 8.2072578 | P25: =IFERROR(VLOOKUP($B25,'1-2.(소매)매장이익'!$A$24:$P$275,8,0),0) -> 7600646.3 | Q25: =IFERROR(VLOOKUP($B25,'1-2.(소매)매장이익'!$A$24:$P$275,16,0),0) -> 7733926.2 | R25: =Q25/P25 -> 1.0175353 | S25: =IFERROR(MAX(0,MIN($S$4*1.2,$S$4*R25)),0) -> 5.0876767
B26: YC00406 | C26: 강북 | D26: 강북소매 | E26: KT플라자 원흥역점 | G26: =SUM(O26,S26) -> 11.409373 | H26: =IFERROR(VLOOKUP($B26,'1-1.(소매)정책매출'!$B$25:$AJ$276,25,0),0) -> 30102417 | I26: =IFERROR(VLOOKUP($B26,'1-1.(소매)정책매출'!$B$25:$AJ$276,29,0),0) -> 20072720 | J26: =I26/H26 -> 0.66681422 | K26: =I26/SUM($I$22:$I$273) -> 0.0019377898 | L26: =VLOOKUP(B26,'1-1.(소매)정책매출'!$B$25:$AJ$276,33,0) -> 0.0022504092 | M26: =K26-L26 -> -0.0003126194 | N26: =J26+M26 -> 0.6665016 | O26: =MIN($O$4*1.2,$O$4*N26) -> 6.665016 | P26: =IFERROR(VLOOKUP($B26,'1-2.(소매)매장이익'!$A$24:$P$275,8,0),0) -> 6785845.1 | Q26: =IFERROR(VLOOKUP($B26,'1-2.(소매)매장이익'!$A$24:$P$275,16,0),0) -> 6438894.3 | R26: =Q26/P26 -> 0.94887141 | S26: =IFERROR(MAX(0,MIN($S$4*1.2,$S$4*R26)),0) -> 4.744357
B27: YC00318 | C27: 강북 | D27: 강북소매 | E27: KT플라자 연신내역점 | G27: =SUM(O27,S27) -> 13.883254 | H27: =IFERROR(VLOOKUP($B27,'1-1.(소매)정책매출'!$B$25:$AJ$276,25,0),0) -> 50956530 | I27: =IFERROR(VLOOKUP($B27,'1-1.(소매)정책매출'!$B$25:$AJ$276,29,0),0) -> 40253778 | J27: =I27/H27 -> 0.78996309 | K27: =I27/SUM($I$22:$I$273) -> 0.0038860383 | L27: =VLOOKUP(B27,'1-1.(소매)정책매출'!$B$25:$AJ$276,33,0) -> 0.0055237316 | M27: =K27-L27 -> -0.0016376933 | N27: =J27+M27 -> 0.78832539 | O27: =MIN($O$4*1.2,$O$4*N27) -> 7.8832539 | P27: =IFERROR(VLOOKUP($B27,'1-2.(소매)매장이익'!$A$24:$P$275,8,0),0) -> 14507435 | Q27: =IFERROR(VLOOKUP($B27,'1-2.(소매)매장이익'!$A$24:$P$275,16,0),0) -> 27310444 | R27: =Q27/P27 -> 1.8825136 | S27: =IFERROR(MAX(0,MIN($S$4*1.2,$S$4*R27)),0) -> 6
B28: YC00428 | C28: 강북 | D28: 강북소매 | E28: KT플라자 구파발점 | G28: =SUM(O28,S28) -> 18 | H28: =IFERROR(VLOOKUP($B28,'1-1.(소매)정책매출'!$B$25:$AJ$276,25,0),0) -> 39688443 | I28: =IFERROR(VLOOKUP($B28,'1-1.(소매)정책매출'!$B$25:$AJ$276,29,0),0) -> 48366816 | J28: =I28/H28 -> 1.2186625 | K28: =I28/SUM($I$22:$I$273) -> 0.0046692586 | L28: =VLOOKUP(B28,'1-1.(소매)정책매출'!$B$25:$AJ$276,33,0) -> 0.0051657119 | M28: =K28-L28 -> -0.00049645331 | N28: =J28+M28 -> 1.218166 | O28: =MIN($O$4*1.2,$O$4*N28) -> 12 | P28: =IFERROR(VLOOKUP($B28,'1-2.(소매)매장이익'!$A$24:$P$275,8,0),0) -> 12688218 | Q28: =IFERROR(VLOOKUP($B28,'1-2.(소매)매장이익'!$A$24:$P$275,16,0),0) -> 28465697 | R28: =Q28/P28 -> 2.2434747 | S28: =IFERROR(MAX(0,MIN($S$4*1.2,$S$4*R28)),0) -> 6
B29: YC20680 | C29: 강북 | D29: 강북소매 | E29: KT플라자 응암역점 | G29: =SUM(O29,S29) -> 13.356067 | H29: =IFERROR(VLOOKUP($B29,'1-1.(소매)정책매출'!$B$25:$AJ$276,25,0),0) -> 41290629 | I29: =IFERROR(VLOOKUP($B29,'1-1.(소매)정책매출'!$B$25:$AJ$276,29,0),0) -> 30396104 | J29: =I29/H29 -> 0.73615018 | K29: =I29/SUM($I$22:$I$273) -> 0.0029343935 | L29: =VLOOKUP(B29,'1-1.(소매)정책매출'!$B$25:$AJ$276,33,0) -> 0.0034779051 | M29: =K29-L29 -> -0.00054351156 | N29: =J29+M29 -> 0.73560667 | O29: =MIN($O$4*1.2,$O$4*N29) -> 7.3560667 | P29: =IFERROR(VLOOKUP($B29,'1-2.(소매)매장이익'!$A$24:$P$275,8,0),0) -> 10446708 | Q29: =IFERROR(VLOOKUP($B29,'1-2.(소매)매장이익'!$A$24:$P$275,16,0),0) -> 13396044 | R29: =Q29/P29 -> 1.2823221 | S29: =IFERROR(MAX(0,MIN($S$4*1.2,$S$4*R29)),0) -> 6
B30: YC00484 | C30: 강북 | D30: 강북소매 | E30: 상암애드샵 | G30: =SUM(O30,S30) -> 15.989509 | H30: =IFERROR(VLOOKUP($B30,'1-1.(소매)정책매출'!$B$25:$AJ$276,25,0),0) -> 32410874 | I30: =IFERROR(VLOOKUP($B30,'1-1.(소매)정책매출'!$B$25:$AJ$276,29,0),0) -> 33678237 | J30: =I30/H30 -> 1.039103 | K30: =I30/SUM($I$22:$I$273) -> 0.0032512456 | L30: =VLOOKUP(B30,'1-1.(소매)정책매출'!$B$25:$AJ$276,33,0) -> 0.0035801964 | M30: =K30-L30 -> -0.00032895078 | N30: =J30+M30 -> 1.0387741 | O30: =MIN($O$4*1.2,$O$4*N30) -> 10.387741 | P30: =IFERROR(VLOOKUP($B30,'1-2.(소매)매장이익'!$A$24:$P$275,8,0),0) -> 18915344 | Q30: =IFERROR(VLOOKUP($B30,'1-2.(소매)매장이익'!$A$24:$P$275,16,0),0) -> 21191876 | R30: =Q30/P30 -> 1.1203537 | S30: =IFERROR(MAX(0,MIN($S$4*1.2,$S$4*R30)),0) -> 5.6017686
B31: YC00288 | C31: 강북 | D31: 강북소매 | E31: KT플라자 정릉점 | G31: =SUM(O31,S31) -> 12.491972 | H31: =IFERROR(VLOOKUP($B31,'1-1.(소매)정책매출'!$B$25:$AJ$276,25,0),0) -> 36850751 | I31: =IFERROR(VLOOKUP($B31,'1-1.(소매)정책매출'!$B$25:$AJ$276,29,0),0) -> 29107029 | J31: =I31/H31 -> 0.78986256 | K31: =I31/SUM($I$22:$I$273) -> 0.0028099482 | L31: =VLOOKUP(B31,'1-1.(소매)정책매출'!$B$25:$AJ$276,33,0) -> 0.0031710311 | M31: =K31-L31 -> -0.00036108292 | N31: =J31+M31 -> 0.78950148 | O31: =MIN($O$4*1.2,$O$4*N31) -> 7.8950148 | P31: =IFERROR(VLOOKUP($B31,'1-2.(소매)매장이익'!$A$24:$P$275,8,0),0) -> 10820591 | Q31: =IFERROR(VLOOKUP($B31,'1-2.(소매)매장이익'!$A$24:$P$275,16,0),0) -> 9948357.9 | R31: =Q31/P31 -> 0.91939136 | S31: =IFERROR(MAX(0,MIN($S$4*1.2,$S$4*R31)),0) -> 4.5969568
B32: YC00298 | C32: 강북 | D32: 강북소매 | E32: KT플라자 신용산역점 | G32: =SUM(O32,S32) -> 14.736428 | H32: =IFERROR(VLOOKUP($B32,'1-1.(소매)정책매출'!$B$25:$AJ$276,25,0),0) -> 48904985 | I32: =IFERROR(VLOOKUP($B32,'1-1.(소매)정책매출'!$B$25:$AJ$276,29,0),0) -> 53832820 | J32: =I32/H32 -> 1.1007635 | K32: =I32/SUM($I$22:$I$273) -> 0.0051969383 | L32: =VLOOKUP(B32,'1-1.(소매)정책매출'!$B$25:$AJ$276,33,0) -> 0.004551964 | M32: =K32-L32 -> 0.00064497433 | N32: =J32+M32 -> 1.1014084 | O32: =MIN($O$4*1.2,$O$4*N32) -> 11.014084 | P32: =IFERROR(VLOOKUP($B32,'1-2.(소매)매장이익'!$A$24:$P$275,8,0),0) -> 19048908 | Q32: =IFERROR(VLOOKUP($B32,'1-2.(소매)매장이익'!$A$24:$P$275,16,0),0) -> 14181317 | R32: =Q32/P32 -> 0.74446879 | S32: =IFERROR(MAX(0,MIN($S$4*1.2,$S$4*R32)),0) -> 3.722344
B33: YC20174 | C33: 강북 | D33: 강북소매 | E33: KT플라자 신당점 | G33: =SUM(O33,S33) -> 17.336873 | H33: =IFERROR(VLOOKUP($B33,'1-1.(소매)정책매출'!$B$25:$AJ$276,25,0),0) -> 47205639 | I33: =IFERROR(VLOOKUP($B33,'1-1.(소매)정책매출'!$B$25:$AJ$276,29,0),0) -> 53528417 | J33: =I33/H33 -> 1.1339411 | K33: =I33/SUM($I$22:$I$273) -> 0.0051675517 | L33: =VLOOKUP(B33,'1-1.(소매)정책매출'!$B$25:$AJ$276,33,0) -> 0.0054214403 | M33: =K33-L33 -> -0.00025388854 | N33: =J33+M33 -> 1.1336873 | O33: =MIN($O$4*1.2,$O$4*N33) -> 11.336873 | P33: =IFERROR(VLOOKUP($B33,'1-2.(소매)매장이익'!$A$24:$P$275,8,0),0) -> 15164188 | Q33: =IFERROR(VLOOKUP($B33,'1-2.(소매)매장이익'!$A$24:$P$275,16,0),0) -> 35779527 | R33: =Q33/P33 -> 2.3594753 | S33: =IFERROR(MAX(0,MIN($S$4*1.2,$S$4*R33)),0) -> 6
... B273: YC00581 | C273: 서부 | D273: 호남소매 | E273: KT플라자 서귀시청점 | G273: =SUM(O273,S273) -> #DIV/0! | H273: =IFERROR(VLOOKUP($B273,'1-1.(소매)정책매출'!$B$25:$AJ$276,25,0),0) -> 0 | I273: =IFERROR(VLOOKUP($B273,'1-1.(소매)정책매출'!$B$25:$AJ$276,29,0),0) -> 0 | J273: =I273/H273 -> #DIV/0! | K273: =I273/SUM($I$22:$I$273) -> 0 | L273: =VLOOKUP(B273,'1-1.(소매)정책매출'!$B$25:$AJ$276,33,0) -> 0 | M273: =K273-L273 -> 0 | N273: =J273+M273 -> #DIV/0! | O273: =MIN($O$4*1.2,$O$4*N273) -> #DIV/0! | P273: =IFERROR(VLOOKUP($B273,'1-2.(소매)매장이익'!$A$24:$P$275,8,0),0) -> 0 | Q273: =IFERROR(VLOOKUP($B273,'1-2.(소매)매장이익'!$A$24:$P$275,16,0),0) -> 0 | R273: =Q273/P273 -> #DIV/0! | S273: =IFERROR(MAX(0,MIN($S$4*1.2,$S$4*R273)),0) -> 0

Sheet (이익) 도매
B2: ■ '26년 도매 추가수익
B3: 1 | C3: 2 | D3: 3 | E3: 4 | F3: 5
C4: 구분 | D4: 이익항목
B5: 조직 | C5: 총 득점 | D5: 도매 추가 수익 : 유심, 엣지 등 | G5: 5
C6: =G5 -> 5 | D6: 목표 | E6: 실적 | F6: 달성률 | G6: 득점
B7: 전사 | C7: =G7 -> 6 | D7: =SUM(D8:D12) -> 250000000 | E7: =SUM(E8:E12) -> 3.1556856e+08 | F7: =E7/D7 -> 1.2622742 | G7: =MAX(0,MIN(5*1.2,$F7*$G$5)) -> 6
B8: 강북본부 | C8: =G8 -> 5.3947342 | D8: 47087496 | E8: 50804905 | F8: 1.0789468 | G8: =MAX(0,MIN(5*1.2,$F8*$G$5)) -> 5.3947342
B9: 강남본부 | C9: =G9 -> 5.0029107 | D9: 32829120 | E9: 32848231 | F9: 1.0005821 | G9: =MAX(0,MIN(5*1.2,$F9*$G$5)) -> 5.0029107
B10: 강서본부 | C10: =G10 -> 5.2685119 | D10: 32829127 | E10: 34592129 | F10: 1.0537024 | G10: =MAX(0,MIN(5*1.2,$F10*$G$5)) -> 5.2685119
B11: 동부본부 | C11: =G11 -> 6 | D11: 71259863 | E11: 1.1472136e+08 | F11: 1.6099015 | G11: =MAX(0,MIN(5*1.2,$F11*$G$5)) -> 6
B12: 서부본부 | C12: =G12 -> 6 | D12: 65994395 | E12: 82601934 | F12: 1.2516508 | G12: =MAX(0,MIN(5*1.2,$F12*$G$5)) -> 6
B13: 강북도매 | C13: =G13 -> 5.3947342 | D13: 47087496 | E13: 50804905 | F13: 1.0789468 | G13: =MAX(0,MIN(5*1.2,$F13*$G$5)) -> 5.3947342
B14: 강남도매 | C14: =G14 -> 5.0029107 | D14: 32829120 | E14: 32848231 | F14: 1.0005821 | G14: =MAX(0,MIN(5*1.2,$F14*$G$5)) -> 5.0029107
B15: 강서도매 | C15: =G15 -> 5.2685119 | D15: 32829127 | E15: 34592129 | F15: 1.0537024 | G15: =MAX(0,MIN(5*1.2,$F15*$G$5)) -> 5.2685119
B16: 부산도매 | C16: =G16 -> 5.936144 | D16: 43305681 | E16: 51413752 | F16: 1.1872288 | G16: =MAX(0,MIN(5*1.2,$F16*$G$5)) -> 5.936144
B17: 대구도매 | C17: =G17 -> 6 | D17: 27954182 | E17: 63307606 | F17: 2.2646918 | G17: =MAX(0,MIN(5*1.2,$F17*$G$5)) -> 6
B18: 충청도매 | C18: =G18 -> 5.3960475 | D18: 39256676 | E18: 42366178 | F18: 1.0792095 | G18: =MAX(0,MIN(5*1.2,$F18*$G$5)) -> 5.3960475
B19: 호남도매 | C19: =G19 -> 6 | D19: 26737718 | E19: 40235756 | F19: 1.5048313 | G19: =MAX(0,MIN(5*1.2,$F19*$G$5)) -> 6

Sheet (이익)소상공인
C2: ○ '26년 소상공인 이익 평가 (※ 흑자인 본부는 1천만원 당 0.2점 추가/적자인 본부는 1천만원 당 0.2점 차감)
D3: 구분
A4: no | C4: 조직 | D4: 총 득점 | E4: 영업이익 | H4: 20
D5: 20 | E5: 목표 | F5: 실적 | G5: 달성률 | H5: 득점
C6: 본부 계 | D6: =H6 -> 17.795797 | E6: =SUM(E7:E11) -> 0 | F6: =SUM(F7:F11) -> -110210149 | G6: =F6/E6 -> #DIV/0! | H6: =20-(F6/10000000)*-0.2 -> 17.795797
C7: 강북본부 | D7: =H7 -> 19.413231 | E7: 0 | F7: -29338440 | G7: =F7/E7 -> #DIV/0! | H7: =20-(F7/10000000)*-0.2 -> 19.413231
C8: 강남본부 | D8: =H8 -> 19.427737 | E8: 0 | F8: -28613142 | G8: =F8/E8 -> #DIV/0! | H8: =20-(F8/10000000)*-0.2 -> 19.427737
C9: 강서본부 | D9: =H9 -> 19.49856 | E9: 0 | F9: -25071981 | G9: =F9/E9 -> #DIV/0! | H9: =20-(F9/10000000)*-0.2 -> 19.49856
C10: 동부본부 | D10: =H10 -> 18.677829 | E10: 0 | F10: -66108561 | G10: =F10/E10 -> #DIV/0! | H10: =20-(F10/10000000)*-0.2 -> 18.677829
C11: 서부본부 | D11: =H11 -> 20.77844 | E11: 0 | F11: 38921975 | G11: 1 | H11: =20-(F11/10000000)*-0.2 -> 20.77844

Sheet (이익)디지털 B2B
C2: ○ '26년 디지털 이익 평가
D3: 구분
A4: no | C4: 조직 | D4: 총 득점 | E4: 영업이익 | H4: 10
D5: 10 | E5: 목표 | F5: 실적 | G5: 달성률 | H5: 득점
C6: 디지털 | D6: =H6 -> 7.5 | E6: 120000000 | F6: 90000000 | G6: =F6/E6 -> 0.75 | H6: =G6*10 -> 7.5

Sheet 1-1.(소매)정책매출
B1: ▣ '22년 소매 이익 KPI 득점 현황 | F1: ㅇ 목표 : 소매강화팀 기준 유/무선 정책매출 목표 합 | L1: ㅇ득점 = MIN(배점 X 120%, 목표달성률* X 배점) *(실적 / 목표) X 100% ※ 목표달성률 보정 = 목표달성률 + (정책매출 비중 – 후불실적 비중) (달성률 120%까지 인정) (실적 집계 : 소매강화팀)
B4: ▣ '26년 소매 정책매출 KPI 득점 현황
F5: =F9=SUM(F25:F276) -> TRUE | G5: =G9=SUM(G25:G276) -> TRUE | H5: =H9=SUM(H25:H276) -> TRUE | I5: =I9=SUM(I25:I276) -> TRUE | J5: =J9=SUM(J25:J276) -> TRUE | K5: =K9=SUM(K25:K276) -> FALSE | L5: =L9=SUM(L25:L276) -> TRUE | M5: =M9=SUM(M25:M276) -> TRUE | ... AD5: =AD9=SUM(AD25:AD276) -> TRUE | AF5: =AF9=SUM(AF25:AF276) -> TRUE | AG5: =AG9=SUM(AG25:AG276) -> TRUE | AH5: =AH9=SUM(AH25:AH276) -> FALSE | AO5: 후불Capa
B6: 코드 | C6: 본부 | D6: 지사 | E6: 조직 | F6: 무선 | O6: 유선 | W6: 1분기 유/무선 | AE6: 목표달성률 | AF6: 정책실적 비중 (A) | AG6: 후불CAPA 실적 | AH6: 후불CAPA 실적 비중 (B) | AI6: (A) - (B) | AJ6: 보정된 목표달성률
J7: 실적 | O7: 목표 | S7: 실적 | W7: 목표 | AA7: 실적
F8: 1월 | G8: 2월 | H8: 3월 | I8: 합계 | J8: 0월 | K8: 1월 | L8: 2월 | M8: 3월 | N8: 합계 | O8: 1월 | P8: 2월 | Q8: 3월 | R8: 합계 | S8: 1월 | T8: 2월 | U8: 3월 | V8: 합계 | W8: 1월 | X8: 2월 | Y8: 3월 | Z8: 합계 | AA8: 1월 | AB8: 2월 | AC8: 3월 | AD8: 합계 | AO8: 1월 | AP8: 2월 | AQ8: 3월
C9: 전사 | E9: 전사 | F9: =SUM(F10:F14) -> 9.2969942e+09 | G9: =SUM(G10:G14) -> 0 | H9: =SUM(H10:H14) -> 0 | I9: =SUM(F9:H9) -> 9.2969942e+09 | K9: =SUM(K10:K14) -> 8.7501537e+09 | L9: =SUM(L10:L14) -> 0 | M9: =SUM(M10:M14) -> 0 | N9: =SUM(J9:M9) -> 8.7501537e+09 | O9: =SUM(O10:O14) -> 1.62509e+09 | P9: =SUM(P10:P14) -> 0 | Q9: =SUM(Q10:Q14) -> 0 | R9: =SUM(O9:Q9) -> 1.62509e+09 | S9: =SUM(S10:S14) -> 1608410679 | T9: =SUM(T10:T14) -> 0 | U9: =SUM(U10:U14) -> 0 | V9: =SUM(S9:U9) -> 1608410679 | W9: =SUM(F9,O9) -> 1.0922084e+10 | X9: =SUM(G9,P9) -> 0 | Y9: =SUM(H9,Q9) -> 0 | Z9: =SUM(W9:Y9) -> 1.0922084e+10 | AA9: =SUM(K9,S9) -> 1.0358564e+10 | AB9: =SUM(L9,T9) -> 0 | AC9: =SUM(M9,U9) -> 0 | AD9: =SUM(AA9:AC9) -> 1.0358564e+10 | AE9: =AD9/Z9 -> 0.94840547 | AF9: =AD9/$AD$9 -> 1 | AG9: =SUM(AG10:AG14) -> 19552 | AH9: =AG9/$AG$9 -> 1 | AI9: =AF9-AH9 -> 0 | AJ9: =AE9+AI9 -> 0.94840547
C10: 강북영업본부 | E10: 강북본부 | F10: =SUMIF($C$15:F$24,$E10,F$15:F$24) -> 1.5640869e+09 | G10: =SUMIF($C$15:G$24,$E10,G$15:G$24) -> 0 | H10: =SUMIF($C$15:H$24,$E10,H$15:H$24) -> 0 | I10: =SUM(F10:H10) -> 1.5640869e+09 | K10: =SUMIF($C$15:K$24,$E10,K$15:K$24) -> 1.5100769e+09 | L10: =SUMIF($C$15:L$24,$E10,L$15:L$24) -> 0 | M10: =SUMIF($C$15:M$24,$E10,M$15:M$24) -> 0 | N10: =SUM(J10:M10) -> 1.5100769e+09 | O10: =SUMIF($C$15:O$24,$E10,O$15:O$24) -> 2.5042464e+08 | P10: =SUMIF($C$15:P$24,$E10,P$15:P$24) -> 0 | Q10: =SUMIF($C$15:Q$24,$E10,Q$15:Q$24) -> 0 | R10: =SUM(O10:Q10) -> 2.5042464e+08 | S10: =SUMIF($C$15:S$24,$E10,S$15:S$24) -> 234246293 | T10: =SUMIF($C$15:T$24,$E10,T$15:T$24) -> 0 | U10: =SUMIF($C$15:U$24,$E10,U$15:U$24) -> 0 | V10: =SUM(S10:U10) -> 234246293 | W10: =SUM(F10,O10) -> 1.8145116e+09 | X10: =SUM(G10,P10) -> 0 | Y10: =SUM(H10,Q10) -> 0 | Z10: =SUM(W10:Y10) -> 1.8145116e+09 | AA10: =SUM(K10,S10) -> 1.7443232e+09 | AB10: =SUM(L10,T10) -> 0 | AC10: =SUM(M10,U10) -> 0 | AD10: =SUM(AA10:AC10) -> 1.7443232e+09 | AE10: =AD10/Z10 -> 0.96131833 | AF10: =AD10/$AD$9 -> 0.1683943 | AG10: =SUMIF($C$15:$AG$24,E10,$AG$15:$AG$24) -> 3366 | AH10: =AG10/$AG$9 -> 0.1721563 | AI10: =AF10-AH10 -> -0.0037619968 | AJ10: =AE10+AI10 -> 0.95755634
C11: 강남영업본부 | E11: 강남본부 | F11: =SUMIF($C$15:F$24,$E11,F$15:F$24) -> 1.520576e+09 | G11: =SUMIF($C$15:G$24,$E11,G$15:G$24) -> 0 | H11: =SUMIF($C$15:H$24,$E11,H$15:H$24) -> 0 | I11: =SUM(F11:H11) -> 1.520576e+09 | K11: =SUMIF($C$15:K$24,$E11,K$15:K$24) -> 1400356128 | L11: =SUMIF($C$15:L$24,$E11,L$15:L$24) -> 0 | M11: =SUMIF($C$15:M$24,$E11,M$15:M$24) -> 0 | N11: =SUM(J11:M11) -> 1400356128 | O11: =SUMIF($C$15:O$24,$E11,O$15:O$24) -> 2.7294121e+08 | P11: =SUMIF($C$15:P$24,$E11,P$15:P$24) -> 0 | Q11: =SUMIF($C$15:Q$24,$E11,Q$15:Q$24) -> 0 | R11: =SUM(O11:Q11) -> 2.7294121e+08 | S11: =SUMIF($C$15:S$24,$E11,S$15:S$24) -> 292643908 | T11: =SUMIF($C$15:T$24,$E11,T$15:T$24) -> 0 | U11: =SUMIF($C$15:U$24,$E11,U$15:U$24) -> 0 | V11: =SUM(S11:U11) -> 292643908 | W11: =SUM(F11,O11) -> 1.7935172e+09 | X11: =SUM(G11,P11) -> 0 | Y11: =SUM(H11,Q11) -> 0 | Z11: =SUM(W11:Y11) -> 1.7935172e+09 | AA11: =SUM(K11,S11) -> 1693000036 | AB11: =SUM(L11,T11) -> 0 | AC11: =SUM(M11,U11) -> 0 | AD11: =SUM(AA11:AC11) -> 1693000036 | AE11: =AD11/Z11 -> 0.94395529 | AF11: =AD11/$AD$9 -> 0.16343964 | AG11: =SUMIF($C$15:$AG$24,E11,$AG$15:$AG$24) -> 3345 | AH11: =AG11/$AG$9 -> 0.17108224 | AI11: =AF11-AH11 -> -0.0076426014 | AJ11: =AE11+AI11 -> 0.93631269
C12: 강서영업본부 | E12: 강서본부 | F12: =SUMIF($C$15:F$24,$E12,F$15:F$24) -> 2100582000 | G12: =SUMIF($C$15:G$24,$E12,G$15:G$24) -> 0 | H12: =SUMIF($C$15:H$24,$E12,H$15:H$24) -> 0 | I12: =SUM(F12:H12) -> 2100582000 | K12: =SUMIF($C$15:K$24,$E12,K$15:K$24) -> 1.9678494e+09 | L12: =SUMIF($C$15:L$24,$E12,L$15:L$24) -> 0 | M12: =SUMIF($C$15:M$24,$E12,M$15:M$24) -> 0 | N12: =SUM(J12:M12) -> 1.9678494e+09 | O12: =SUMIF($C$15:O$24,$E12,O$15:O$24) -> 3.7681572e+08 | P12: =SUMIF($C$15:P$24,$E12,P$15:P$24) -> 0 | Q12: =SUMIF($C$15:Q$24,$E12,Q$15:Q$24) -> 0 | R12: =SUM(O12:Q12) -> 3.7681572e+08 | S12: =SUMIF($C$15:S$24,$E12,S$15:S$24) -> 400430681 | T12: =SUMIF($C$15:T$24,$E12,T$15:T$24) -> 0 | U12: =SUMIF($C$15:U$24,$E12,U$15:U$24) -> 0 | V12: =SUM(S12:U12) -> 400430681 | W12: =SUM(F12,O12) -> 2.4773977e+09 | X12: =SUM(G12,P12) -> 0 | Y12: =SUM(H12,Q12) -> 0 | Z12: =SUM(W12:Y12) -> 2.4773977e+09 | AA12: =SUM(K12,S12) -> 2.3682801e+09 | AB12: =SUM(L12,T12) -> 0 | AC12: =SUM(M12,U12) -> 0 | AD12: =SUM(AA12:AC12) -> 2.3682801e+09 | AE12: =AD12/Z12 -> 0.95595475 | AF12: =AD12/$AD$9 -> 0.22863015 | AG12: =SUMIF($C$15:$AG$24,E12,$AG$15:$AG$24) -> 4177 | AH12: =AG12/$AG$9 -> 0.21363543 | AI12: =AF12-AH12 -> 0.014994716 | AJ12: =AE12+AI12 -> 0.97094946
C13: 동부영업본부 | E13: 동부본부 | F13: =SUMIF($C$15:F$24,$E13,F$15:F$24) -> 2286104000 | G13: =SUMIF($C$15:G$24,$E13,G$15:G$24) -> 0 | H13: =SUMIF($C$15:H$24,$E13,H$15:H$24) -> 0 | I13: =SUM(F13:H13) -> 2286104000 | K13: =SUMIF($C$15:K$24,$E13,K$15:K$24) -> 2.1330541e+09 | L13: =SUMIF($C$15:L$24,$E13,L$15:L$24) -> 0 | M13: =SUMIF($C$15:M$24,$E13,M$15:M$24) -> 0 | N13: =SUM(J13:M13) -> 2.1330541e+09 | O13: =SUMIF($C$15:O$24,$E13,O$15:O$24) -> 4.3993909e+08 | P13: =SUMIF($C$15:P$24,$E13,P$15:P$24) -> 0 | Q13: =SUMIF($C$15:Q$24,$E13,Q$15:Q$24) -> 0 | R13: =SUM(O13:Q13) -> 4.3993909e+08 | S13: =SUMIF($C$15:S$24,$E13,S$15:S$24) -> 430676529 | T13: =SUMIF($C$15:T$24,$E13,T$15:T$24) -> 0 | U13: =SUMIF($C$15:U$24,$E13,U$15:U$24) -> 0 | V13: =SUM(S13:U13) -> 430676529 | W13: =SUM(F13,O13) -> 2.7260431e+09 | X13: =SUM(G13,P13) -> 0 | Y13: =SUM(H13,Q13) -> 0 | Z13: =SUM(W13:Y13) -> 2.7260431e+09 | AA13: =SUM(K13,S13) -> 2.5637306e+09 | AB13: =SUM(L13,T13) -> 0 | AC13: =SUM(M13,U13) -> 0 | AD13: =SUM(AA13:AC13) -> 2.5637306e+09 | AE13: =AD13/Z13 -> 0.94045857 | AF13: =AD13/$AD$9 -> 0.24749864 | AG13: =SUMIF($C$15:$AG$24,E13,$AG$15:$AG$24) -> 4760 | AH13: =AG13/$AG$9 -> 0.24345336 | AI13: =AF13-AH13 -> 0.0040452851 | AJ13: =AE13+AI13 -> 0.94450386
C14: 서부영업본부 | E14: 서부본부 | F14: =SUMIF($C$15:F$24,$E14,F$15:F$24) -> 1.8256453e+09 | G14: =SUMIF($C$15:G$24,$E14,G$15:G$24) -> 0 | H14: =SUMIF($C$15:H$24,$E14,H$15:H$24) -> 0 | I14: =SUM(F14:H14) -> 1.8256453e+09 | K14: =SUMIF($C$15:K$24,$E14,K$15:K$24) -> 1.7388171e+09 | L14: =SUMIF($C$15:L$24,$E14,L$15:L$24) -> 0 | M14: =SUMIF($C$15:M$24,$E14,M$15:M$24) -> 0 | N14: =SUM(J14:M14) -> 1.7388171e+09 | O14: =SUMIF($C$15:O$24,$E14,O$15:O$24) -> 2.8496929e+08 | P14: =SUMIF($C$15:P$24,$E14,P$15:P$24) -> 0 | Q14: =SUMIF($C$15:Q$24,$E14,Q$15:Q$24) -> 0 | R14: =SUM(O14:Q14) -> 2.8496929e+08 | S14: =SUMIF($C$15:S$24,$E14,S$15:S$24) -> 250413268 | T14: =SUMIF($C$15:T$24,$E14,T$15:T$24) -> 0 | U14: =SUMIF($C$15:U$24,$E14,U$15:U$24) -> 0 | V14: =SUM(S14:U14) -> 250413268 | W14: =SUM(F14,O14) -> 2.1106146e+09 | X14: =SUM(G14,P14) -> 0 | Y14: =SUM(H14,Q14) -> 0 | Z14: =SUM(W14:Y14) -> 2.1106146e+09 | AA14: =SUM(K14,S14) -> 1.9892304e+09 | AB14: =SUM(L14,T14) -> 0 | AC14: =SUM(M14,U14) -> 0 | AD14: =SUM(AA14:AC14) -> 1.9892304e+09 | AE14: =AD14/Z14 -> 0.94248867 | AF14: =AD14/$AD$9 -> 0.19203727 | AG14: =SUMIF($C$15:$AG$24,E14,$AG$15:$AG$24) -> 3904 | AH14: =AG14/$AG$9 -> 0.19967267 | AI14: =AF14-AH14 -> -0.0076354026 | AJ14: =AE14+AI14 -> 0.93485327
C15: 강북본부 | E15: 강북소매 | F15: =SUMIF($D$25:F$276,$E15,F$25:F$276) -> 735992000 | G15: =SUMIF($D$25:G$276,$E15,G$25:G$276) -> 0 | H15: =SUMIF($D$25:H$276,$E15,H$25:H$276) -> 0 | I15: =SUM(F15:H15) -> 735992000 | K15: =SUMIF($D$25:K$276,$E15,K$25:K$276) -> 719462952 | L15: =SUMIF($D$25:L$276,$E15,L$25:L$276) -> 0 | M15: =SUMIF($D$25:M$276,$E15,M$25:M$276) -> 0 | N15: =SUM(J15:M15) -> 719462952 | O15: =SUMIF($D$25:O$276,$E15,O$25:O$276) -> 1.2230153e+08 | P15: =SUMIF($D$25:P$276,$E15,P$25:P$276) -> 0 | Q15: =SUMIF($D$25:Q$276,$E15,Q$25:Q$276) -> 0 | R15: =SUM(O15:Q15) -> 1.2230153e+08 | S15: =SUMIF($D$25:S$276,$E15,S$25:S$276) -> 119430153 | T15: =SUMIF($D$25:T$276,$E15,T$25:T$276) -> 0 | U15: =SUMIF($D$25:U$276,$E15,U$25:U$276) -> 0 | V15: =SUM(S15:U15) -> 119430153 | W15: =SUM(F15,O15) -> 8.5829353e+08 | X15: =SUM(G15,P15) -> 0 | Y15: =SUM(H15,Q15) -> 0 | Z15: =SUM(W15:Y15) -> 8.5829353e+08 | AA15: =SUM(K15,S15) -> 838893105 | AB15: =SUM(L15,T15) -> 0 | AC15: =SUM(M15,U15) -> 0 | AD15: =SUM(AA15:AC15) -> 838893105 | AE15: =AD15/Z15 -> 0.97739652 | AF15: =AD15/$AD$9 -> 0.080985461 | AG15: =SUMIF($D$25:$AG$276,E15,$AG$25:$AG$276) -> 1727 | AH15: =AG15/$AG$9 -> 0.08832856 | AI15: =AF15-AH15 -> -0.0073430991 | AJ15: =AE15+AI15 -> 0.97005342
C16: 강북본부 | E16: 강동소매 | F16: =SUMIF($D$25:F$276,$E16,F$25:F$276) -> 8.2809493e+08 | G16: =SUMIF($D$25:G$276,$E16,G$25:G$276) -> 0 | H16: =SUMIF($D$25:H$276,$E16,H$25:H$276) -> 0 | I16: =SUM(F16:H16) -> 8.2809493e+08 | K16: =SUMIF($D$25:K$276,$E16,K$25:K$276) -> 7.9061399e+08 | L16: =SUMIF($D$25:L$276,$E16,L$25:L$276) -> 0 | M16: =SUMIF($D$25:M$276,$E16,M$25:M$276) -> 0 | N16: =SUM(J16:M16) -> 7.9061399e+08 | O16: =SUMIF($D$25:O$276,$E16,O$25:O$276) -> 1.2812312e+08 | P16: =SUMIF($D$25:P$276,$E16,P$25:P$276) -> 0 | Q16: =SUMIF($D$25:Q$276,$E16,Q$25:Q$276) -> 0 | R16: =SUM(O16:Q16) -> 1.2812312e+08 | S16: =SUMIF($D$25:S$276,$E16,S$25:S$276) -> 114816140 | T16: =SUMIF($D$25:T$276,$E16,T$25:T$276) -> 0 | U16: =SUMIF($D$25:U$276,$E16,U$25:U$276) -> 0 | V16: =SUM(S16:U16) -> 114816140 | W16: =SUM(F16,O16) -> 9.5621804e+08 | X16: =SUM(G16,P16) -> 0 | Y16: =SUM(H16,Q16) -> 0 | Z16: =SUM(W16:Y16) -> 9.5621804e+08 | AA16: =SUM(K16,S16) -> 9.0543013e+08 | AB16: =SUM(L16,T16) -> 0 | AC16: =SUM(M16,U16) -> 0 | AD16: =SUM(AA16:AC16) -> 9.0543013e+08 | AE16: =AD16/Z16 -> 0.94688668 | AF16: =AD16/$AD$9 -> 0.087408844 | AG16: =SUMIF($D$25:$AG$276,E16,$AG$25:$AG$276) -> 1639 | AH16: =AG16/$AG$9 -> 0.083827741 | AI16: =AF16-AH16 -> 0.0035811023 | AJ16: =AE16+AI16 -> 0.95046779
C17: 강남본부 | E17: 강남소매 | F17: =SUMIF($D$25:F$276,$E17,F$25:F$276) -> 6.6165098e+08 | G17: =SUMIF($D$25:G$276,$E17,G$25:G$276) -> 0 | H17: =SUMIF($D$25:H$276,$E17,H$25:H$276) -> 0 | I17: =SUM(F17:H17) -> 6.6165098e+08 | K17: =SUMIF($D$25:K$276,$E17,K$25:K$276) -> 579712677 | L17: =SUMIF($D$25:L$276,$E17,L$25:L$276) -> 0 | M17: =SUMIF($D$25:M$276,$E17,M$25:M$276) -> 0 | N17: =SUM(J17:M17) -> 579712677 | O17: =SUMIF($D$25:O$276,$E17,O$25:O$276) -> 1.1489223e+08 | P17: =SUMIF($D$25:P$276,$E17,P$25:P$276) -> 0 | Q17: =SUMIF($D$25:Q$276,$E17,Q$25:Q$276) -> 0 | R17: =SUM(O17:Q17) -> 1.1489223e+08 | S17: =SUMIF($D$25:S$276,$E17,S$25:S$276) -> 109255180 | T17: =SUMIF($D$25:T$276,$E17,T$25:T$276) -> 0 | U17: =SUMIF($D$25:U$276,$E17,U$25:U$276) -> 0 | V17: =SUM(S17:U17) -> 109255180 | W17: =SUM(F17,O17) -> 7.7654321e+08 | X17: =SUM(G17,P17) -> 0 | Y17: =SUM(H17,Q17) -> 0 | Z17: =SUM(W17:Y17) -> 7.7654321e+08 | AA17: =SUM(K17,S17) -> 688967857 | AB17: =SUM(L17,T17) -> 0 | AC17: =SUM(M17,U17) -> 0 | AD17: =SUM(AA17:AC17) -> 688967857 | AE17: =AD17/Z17 -> 0.88722411 | AF17: =AD17/$AD$9 -> 0.066511906 | AG17: =SUMIF($D$25:$AG$276,E17,$AG$25:$AG$276) -> 1449 | AH17: =AG17/$AG$9 -> 0.074110065 | AI17: =AF17-AH17 -> -0.0075981596 | AJ17: =AE17+AI17 -> 0.87962595
C18: 강남본부 | E18: 남부소매 | F18: =SUMIF($D$25:F$276,$E18,F$25:F$276) -> 8.58925e+08 | G18: =SUMIF($D$25:G$276,$E18,G$25:G$276) -> 0 | H18: =SUMIF($D$25:H$276,$E18,H$25:H$276) -> 0 | I18: =SUM(F18:H18) -> 8.58925e+08 | K18: =SUMIF($D$25:K$276,$E18,K$25:K$276) -> 820643451 | L18: =SUMIF($D$25:L$276,$E18,L$25:L$276) -> 0 | M18: =SUMIF($D$25:M$276,$E18,M$25:M$276) -> 0 | N18: =SUM(J18:M18) -> 820643451 | O18: =SUMIF($D$25:O$276,$E18,O$25:O$276) -> 1.5804898e+08 | P18: =SUMIF($D$25:P$276,$E18,P$25:P$276) -> 0 | Q18: =SUMIF($D$25:Q$276,$E18,Q$25:Q$276) -> 0 | R18: =SUM(O18:Q18) -> 1.5804898e+08 | S18: =SUMIF($D$25:S$276,$E18,S$25:S$276) -> 183388728 | T18: =SUMIF($D$25:T$276,$E18,T$25:T$276) -> 0 | U18: =SUMIF($D$25:U$276,$E18,U$25:U$276) -> 0 | V18: =SUM(S18:U18) -> 183388728 | W18: =SUM(F18,O18) -> 1.016974e+09 | X18: =SUM(G18,P18) -> 0 | Y18: =SUM(H18,Q18) -> 0 | Z18: =SUM(W18:Y18) -> 1.016974e+09 | AA18: =SUM(K18,S18) -> 1004032179 | AB18: =SUM(L18,T18) -> 0 | AC18: =SUM(M18,U18) -> 0 | AD18: =SUM(AA18:AC18) -> 1004032179 | AE18: =AD18/Z18 -> 0.9872742 | AF18: =AD18/$AD$9 -> 0.096927735 | AG18: =SUMIF($D$25:$AG$276,E18,$AG$25:$AG$276) -> 1896 | AH18: =AG18/$AG$9 -> 0.096972177 | AI18: =AF18-AH18 -> -4.4441851e-05 | AJ18: =AE18+AI18 -> 0.98722976
C19: 강서본부 | E19: 강서소매 | F19: =SUMIF($D$25:F$276,$E19,F$25:F$276) -> 1257917000 | G19: =SUMIF($D$25:G$276,$E19,G$25:G$276) -> 0 | H19: =SUMIF($D$25:H$276,$E19,H$25:H$276) -> 0 | I19: =SUM(F19:H19) -> 1257917000 | K19: =SUMIF($D$25:K$276,$E19,K$25:K$276) -> 1.170379e+09 | L19: =SUMIF($D$25:L$276,$E19,L$25:L$276) -> 0 | M19: =SUMIF($D$25:M$276,$E19,M$25:M$276) -> 0 | N19: =SUM(J19:M19) -> 1.170379e+09 | O19: =SUMIF($D$25:O$276,$E19,O$25:O$276) -> 2.2165347e+08 | P19: =SUMIF($D$25:P$276,$E19,P$25:P$276) -> 0 | Q19: =SUMIF($D$25:Q$276,$E19,Q$25:Q$276) -> 0 | R19: =SUM(O19:Q19) -> 2.2165347e+08 | S19: =SUMIF($D$25:S$276,$E19,S$25:S$276) -> 221362257 | T19: =SUMIF($D$25:T$276,$E19,T$25:T$276) -> 0 | U19: =SUMIF($D$25:U$276,$E19,U$25:U$276) -> 0 | V19: =SUM(S19:U19) -> 221362257 | W19: =SUM(F19,O19) -> 1.4795705e+09 | X19: =SUM(G19,P19) -> 0 | Y19: =SUM(H19,Q19) -> 0 | Z19: =SUM(W19:Y19) -> 1.4795705e+09 | AA19: =SUM(K19,S19) -> 1.3917412e+09 | AB19: =SUM(L19,T19) -> 0 | AC19: =SUM(M19,U19) -> 0 | AD19: =SUM(AA19:AC19) -> 1.3917412e+09 | AE19: =AD19/Z19 -> 0.9406387 | AF19: =AD19/$AD$9 -> 0.13435658 | AG19: =SUMIF($D$25:$AG$276,E19,$AG$25:$AG$276) -> 2485 | AH19: =AG19/$AG$9 -> 0.12709697 | AI19: =AF19-AH19 -> 0.0072596048 | AJ19: =AE19+AI19 -> 0.94789831
C20: 강서본부 | E20: 인천소매 | F20: =SUMIF($D$25:F$276,$E20,F$25:F$276) -> 842665000 | G20: =SUMIF($D$25:G$276,$E20,G$25:G$276) -> 0 | H20: =SUMIF($D$25:H$276,$E20,H$25:H$276) -> 0 | I20: =SUM(F20:H20) -> 842665000 | K20: =SUMIF($D$25:K$276,$E20,K$25:K$276) -> 797470442 | L20: =SUMIF($D$25:L$276,$E20,L$25:L$276) -> 0 | M20: =SUMIF($D$25:M$276,$E20,M$25:M$276) -> 0 | N20: =SUM(J20:M20) -> 797470442 | O20: =SUMIF($D$25:O$276,$E20,O$25:O$276) -> 1.5516224e+08 | P20: =SUMIF($D$25:P$276,$E20,P$25:P$276) -> 0 | Q20: =SUMIF($D$25:Q$276,$E20,Q$25:Q$276) -> 0 | R20: =SUM(O20:Q20) -> 1.5516224e+08 | S20: =SUMIF($D$25:S$276,$E20,S$25:S$276) -> 179068424 | T20: =SUMIF($D$25:T$276,$E20,T$25:T$276) -> 0 | U20: =SUMIF($D$25:U$276,$E20,U$25:U$276) -> 0 | V20: =SUM(S20:U20) -> 179068424 | W20: =SUM(F20,O20) -> 9.9782724e+08 | X20: =SUM(G20,P20) -> 0 | Y20: =SUM(H20,Q20) -> 0 | Z20: =SUM(W20:Y20) -> 9.9782724e+08 | AA20: =SUM(K20,S20) -> 976538866 | AB20: =SUM(L20,T20) -> 0 | AC20: =SUM(M20,U20) -> 0 | AD20: =SUM(AA20:AC20) -> 976538866 | AE20: =AD20/Z20 -> 0.97866527 | AF20: =AD20/$AD$9 -> 0.094273572 | AG20: =SUMIF($D$25:$AG$276,E20,$AG$25:$AG$276) -> 1692 | AH20: =AG20/$AG$9 -> 0.086538462 | AI20: =AF20-AH20 -> 0.0077351109 | AJ20: =AE20+AI20 -> 0.98640038
C21: 동부본부 | E21: 부산소매 | F21: =SUMIF($D$25:F$276,$E21,F$25:F$276) -> 1220649000 | G21: =SUMIF($D$25:G$276,$E21,G$25:G$276) -> 0 | H21: =SUMIF($D$25:H$276,$E21,H$25:H$276) -> 0 | I21: =SUM(F21:H21) -> 1220649000 | K21: =SUMIF($D$25:K$276,$E21,K$25:K$276) -> 1181320740 | L21: =SUMIF($D$25:L$276,$E21,L$25:L$276) -> 0 | M21: =SUMIF($D$25:M$276,$E21,M$25:M$276) -> 0 | N21: =SUM(J21:M21) -> 1181320740 | O21: =SUMIF($D$25:O$276,$E21,O$25:O$276) -> 2.6201971e+08 | P21: =SUMIF($D$25:P$276,$E21,P$25:P$276) -> 0 | Q21: =SUMIF($D$25:Q$276,$E21,Q$25:Q$276) -> 0 | R21: =SUM(O21:Q21) -> 2.6201971e+08 | S21: =SUMIF($D$25:S$276,$E21,S$25:S$276) -> 248510715 | T21: =SUMIF($D$25:T$276,$E21,T$25:T$276) -> 0 | U21: =SUMIF($D$25:U$276,$E21,U$25:U$276) -> 0 | V21: =SUM(S21:U21) -> 248510715 | W21: =SUM(F21,O21) -> 1.4826687e+09 | X21: =SUM(G21,P21) -> 0 | Y21: =SUM(H21,Q21) -> 0 | Z21: =SUM(W21:Y21) -> 1.4826687e+09 | AA21: =SUM(K21,S21) -> 1429831455 | AB21: =SUM(L21,T21) -> 0 | AC21: =SUM(M21,U21) -> 0 | AD21: =SUM(AA21:AC21) -> 1429831455 | AE21: =AD21/Z21 -> 0.96436341 | AF21: =AD21/$AD$9 -> 0.13803375 | AG21: =SUMIF($D$25:$AG$276,E21,$AG$25:$AG$276) -> 2376 | AH21: =AG21/$AG$9 -> 0.12152209 | AI21: =AF21-AH21 -> 0.016511653 | AJ21: =AE21+AI21 -> 0.98087506
C22: 동부본부 | E22: 대구소매 | F22: =SUMIF($D$25:F$276,$E22,F$25:F$276) -> 1.065455e+09 | G22: =SUMIF($D$25:G$276,$E22,G$25:G$276) -> 0 | H22: =SUMIF($D$25:H$276,$E22,H$25:H$276) -> 0 | I22: =SUM(F22:H22) -> 1.065455e+09 | K22: =SUMIF($D$25:K$276,$E22,K$25:K$276) -> 9.5173332e+08 | L22: =SUMIF($D$25:L$276,$E22,L$25:L$276) -> 0 | M22: =SUMIF($D$25:M$276,$E22,M$25:M$276) -> 0 | N22: =SUM(J22:M22) -> 9.5173332e+08 | O22: =SUMIF($D$25:O$276,$E22,O$25:O$276) -> 1.7791937e+08 | P22: =SUMIF($D$25:P$276,$E22,P$25:P$276) -> 0 | Q22: =SUMIF($D$25:Q$276,$E22,Q$25:Q$276) -> 0 | R22: =SUM(O22:Q22) -> 1.7791937e+08 | S22: =SUMIF($D$25:S$276,$E22,S$25:S$276) -> 182165814 | T22: =SUMIF($D$25:T$276,$E22,T$25:T$276) -> 0 | U22: =SUMIF($D$25:U$276,$E22,U$25:U$276) -> 0 | V22: =SUM(S22:U22) -> 182165814 | W22: =SUM(F22,O22) -> 1.2433744e+09 | X22: =SUM(G22,P22) -> 0 | Y22: =SUM(H22,Q22) -> 0 | Z22: =SUM(W22:Y22) -> 1.2433744e+09 | AA22: =SUM(K22,S22) -> 1.1338991e+09 | AB22: =SUM(L22,T22) -> 0 | AC22: =SUM(M22,U22) -> 0 | AD22: =SUM(AA22:AC22) -> 1.1338991e+09 | AE22: =AD22/Z22 -> 0.91195312 | AF22: =AD22/$AD$9 -> 0.10946489 | AG22: =SUMIF($D$25:$AG$276,E22,$AG$25:$AG$276) -> 2384 | AH22: =AG22/$AG$9 -> 0.12193126 | AI22: =AF22-AH22 -> -0.012466367 | AJ22: =AE22+AI22 -> 0.89948675
C23: 서부본부 | E23: 충청소매 | F23: =SUMIF($D$25:F$276,$E23,F$25:F$276) -> 9.36189e+08 | G23: =SUMIF($D$25:G$276,$E23,G$25:G$276) -> 0 | H23: =SUMIF($D$25:H$276,$E23,H$25:H$276) -> 0 | I23: =SUM(F23:H23) -> 9.36189e+08 | K23: =SUMIF($D$25:K$276,$E23,K$25:K$276) -> 854071855 | L23: =SUMIF($D$25:L$276,$E23,L$25:L$276) -> 0 | M23: =SUMIF($D$25:M$276,$E23,M$25:M$276) -> 0 | N23: =SUM(J23:M23) -> 854071855 | O23: =SUMIF($D$25:O$276,$E23,O$25:O$276) -> 1.5179438e+08 | P23: =SUMIF($D$25:P$276,$E23,P$25:P$276) -> 0 | Q23: =SUMIF($D$25:Q$276,$E23,Q$25:Q$276) -> 0 | R23: =SUM(O23:Q23) -> 1.5179438e+08 | S23: =SUMIF($D$25:S$276,$E23,S$25:S$276) -> 119141731 | T23: =SUMIF($D$25:T$276,$E23,T$25:T$276) -> 0 | U23: =SUMIF($D$25:U$276,$E23,U$25:U$276) -> 0 | V23: =SUM(S23:U23) -> 119141731 | W23: =SUM(F23,O23) -> 1.0879834e+09 | X23: =SUM(G23,P23) -> 0 | Y23: =SUM(H23,Q23) -> 0 | Z23: =SUM(W23:Y23) -> 1.0879834e+09 | AA23: =SUM(K23,S23) -> 973213586 | AB23: =SUM(L23,T23) -> 0 | AC23: =SUM(M23,U23) -> 0 | AD23: =SUM(AA23:AC23) -> 973213586 | AE23: =AD23/Z23 -> 0.89451144 | AF23: =AD23/$AD$9 -> 0.093952555 | AG23: =SUMIF($D$25:$AG$276,E23,$AG$25:$AG$276) -> 1884 | AH23: =AG23/$AG$9 -> 0.096358429 | AI23: =AF23-AH23 -> -0.0024058739 | AJ23: =AE23+AI23 -> 0.89210557
C24: 서부본부 | E24: 호남소매 | F24: =SUMIF($D$25:F$276,$E24,F$25:F$276) -> 8.8945632e+08 | G24: =SUMIF($D$25:G$276,$E24,G$25:G$276) -> 0 | H24: =SUMIF($D$25:H$276,$E24,H$25:H$276) -> 0 | I24: =SUM(F24:H24) -> 8.8945632e+08 | K24: =SUMIF($D$25:K$276,$E24,K$25:K$276) -> 8.8474524e+08 | L24: =SUMIF($D$25:L$276,$E24,L$25:L$276) -> 0 | M24: =SUMIF($D$25:M$276,$E24,M$25:M$276) -> 0 | N24: =SUM(J24:M24) -> 8.8474524e+08 | O24: =SUMIF($D$25:O$276,$E24,O$25:O$276) -> 1.3317491e+08 | P24: =SUMIF($D$25:P$276,$E24,P$25:P$276) -> 0 | Q24: =SUMIF($D$25:Q$276,$E24,Q$25:Q$276) -> 0 | R24: =SUM(O24:Q24) -> 1.3317491e+08 | S24: =SUMIF($D$25:S$276,$E24,S$25:S$276) -> 131271537 | T24: =SUMIF($D$25:T$276,$E24,T$25:T$276) -> 0 | U24: =SUMIF($D$25:U$276,$E24,U$25:U$276) -> 0 | V24: =SUM(S24:U24) -> 131271537 | W24: =SUM(F24,O24) -> 1.0226312e+09 | X24: =SUM(G24,P24) -> 0 | Y24: =SUM(H24,Q24) -> 0 | Z24: =SUM(W24:Y24) -> 1.0226312e+09 | AA24: =SUM(K24,S24) -> 1.0160168e+09 | AB24: =SUM(L24,T24) -> 0 | AC24: =SUM(M24,U24) -> 0 | AD24: =SUM(AA24:AC24) -> 1.0160168e+09 | AE24: =AD24/Z24 -> 0.99353193 | AF24: =AD24/$AD$9 -> 0.09808471 | AG24: =SUMIF($D$25:$AG$276,E24,$AG$25:$AG$276) -> 2020 | AH24: =AG24/$AG$9 -> 0.10331424 | AI24: =AF24-AH24 -> -0.0052295288 | AJ24: =AE24+AI24 -> 0.9883024 | AL24: 기존
B25: YC20667 | C25: 강북 | D25: 강북소매 | E25: KT플라자 화정역점 | F25: 41030913 | I25: =SUM(F25:H25) -> 41030913 | K25: 41910555 | N25: =SUM(J25:M25) -> 41910555 | O25: =VLOOKUP($B25,[1]점별현황!$B$3:$E$302,3,0) -> 7264960.9 | R25: =SUM(O25:Q25) -> 7264960.9 | S25: 7846763 | V25: =SUM(S25:U25) -> 7846763 | W25: =SUM(F25,O25) -> 48295874 | X25: =SUM(G25,P25) -> 0 | Y25: =SUM(H25,Q25) -> 0 | Z25: =SUM(W25:Y25) -> 48295874 | AA25: =SUM(K25,S25) -> 49757318 | AB25: =SUM(L25,T25) -> 0 | AC25: =SUM(M25,U25) -> 0 | AD25: =SUM(AA25:AC25) -> 49757318 | AE25: =AD25/Z25 -> 1.0302602 | AF25: =AD25/$AD$9 -> 0.0048034956 | AG25: =AO25+AP25+AQ25 -> 95 | AH25: =AG25/$AG$9 -> 0.004858838 | AI25: =AF25-AH25 -> -5.5342396e-05 | AJ25: =AE25+AI25 -> 1.0302049 | AL25: =AG25 -> 95 | AM25: =AL25=AO25+AP25+AQ25 -> TRUE | AO25: 95
B26: YC00225 | C26: 강북 | D26: 강북소매 | E26: KT플라자 금릉역점 | F26: 35389162 | I26: =SUM(F26:H26) -> 35389162 | K26: 36725612 | N26: =SUM(J26:M26) -> 36725612 | O26: =VLOOKUP($B26,[1]점별현황!$B$3:$E$302,3,0) -> 5677254.2 | R26: =SUM(O26:Q26) -> 5677254.2 | S26: 6162140 | V26: =SUM(S26:U26) -> 6162140 | W26: =SUM(F26,O26) -> 41066417 | X26: =SUM(G26,P26) -> 0 | Y26: =SUM(H26,Q26) -> 0 | Z26: =SUM(W26:Y26) -> 41066417 | AA26: =SUM(K26,S26) -> 42887752 | AB26: =SUM(L26,T26) -> 0 | AC26: =SUM(M26,U26) -> 0 | AD26: =SUM(AA26:AC26) -> 42887752 | AE26: =AD26/Z26 -> 1.044351 | AF26: =AD26/$AD$9 -> 0.0041403182 | AG26: =AO26+AP26+AQ26 -> 75 | AH26: =AG26/$AG$9 -> 0.0038359247 | AI26: =AF26-AH26 -> 0.00030439344 | AJ26: =AE26+AI26 -> 1.0446554 | AL26: =AG26 -> 75 | AM26: =AL26=AO26+AP26+AQ26 -> TRUE | AO26: 75
B27: YC20691 | C27: 강북 | D27: 강북소매 | E27: KT플라자 일산점 | F27: 28721639 | I27: =SUM(F27:H27) -> 28721639 | K27: 22002324 | N27: =SUM(J27:M27) -> 22002324 | O27: =VLOOKUP($B27,[1]점별현황!$B$3:$E$302,3,0) -> 4570670.7 | R27: =SUM(O27:Q27) -> 4570670.7 | S27: 1982600 | V27: =SUM(S27:U27) -> 1982600 | W27: =SUM(F27,O27) -> 33292310 | X27: =SUM(G27,P27) -> 0 | Y27: =SUM(H27,Q27) -> 0 | Z27: =SUM(W27:Y27) -> 33292310 | AA27: =SUM(K27,S27) -> 23984924 | AB27: =SUM(L27,T27) -> 0 | AC27: =SUM(M27,U27) -> 0 | AD27: =SUM(AA27:AC27) -> 23984924 | AE27: =AD27/Z27 -> 0.72043436 | AF27: =AD27/$AD$9 -> 0.002315468 | AG27: =AO27+AP27+AQ27 -> 58 | AH27: =AG27/$AG$9 -> 0.0029664484 | AI27: =AF27-AH27 -> -0.00065098047 | AJ27: =AE27+AI27 -> 0.71978338 | AL27: =AG27 -> 58 | AM27: =AL27=AO27+AP27+AQ27 -> TRUE | AO27: 58
B28: YC00364 | C28: 강북 | D28: 강북소매 | E28: KT플라자 마두역점 | F28: 27695866 | I28: =SUM(F28:H28) -> 27695866 | K28: 20186991 | N28: =SUM(J28:M28) -> 20186991 | O28: =VLOOKUP($B28,[1]점별현황!$B$3:$E$302,3,0) -> 4089547.5 | R28: =SUM(O28:Q28) -> 4089547.5 | S28: 5925660 | V28: =SUM(S28:U28) -> 5925660 | W28: =SUM(F28,O28) -> 31785414 | X28: =SUM(G28,P28) -> 0 | Y28: =SUM(H28,Q28) -> 0 | Z28: =SUM(W28:Y28) -> 31785414 | AA28: =SUM(K28,S28) -> 26112651 | AB28: =SUM(L28,T28) -> 0 | AC28: =SUM(M28,U28) -> 0 | AD28: =SUM(AA28:AC28) -> 26112651 | AE28: =AD28/Z28 -> 0.82152937 | AF28: =AD28/$AD$9 -> 0.0025208755 | AG28: =AO28+AP28+AQ28 -> 65 | AH28: =AG28/$AG$9 -> 0.0033244681 | AI28: =AF28-AH28 -> -0.00080359259 | AJ28: =AE28+AI28 -> 0.82072578 | AL28: =AG28 -> 65 | AM28: =AL28=AO28+AP28+AQ28 -> TRUE | AO28: 65
B29: YC00406 | C29: 강북 | D29: 강북소매 | E29: KT플라자 원흥역점 | F29: 26157207 | I29: =SUM(F29:H29) -> 26157207 | K29: 17389270 | N29: =SUM(J29:M29) -> 17389270 | O29: =VLOOKUP($B29,[1]점별현황!$B$3:$E$302,3,0) -> 3945210.5 | R29: =SUM(O29:Q29) -> 3945210.5 | S29: 2683450 | V29: =SUM(S29:U29) -> 2683450 | W29: =SUM(F29,O29) -> 30102417 | X29: =SUM(G29,P29) -> 0 | Y29: =SUM(H29,Q29) -> 0 | Z29: =SUM(W29:Y29) -> 30102417 | AA29: =SUM(K29,S29) -> 20072720 | AB29: =SUM(L29,T29) -> 0 | AC29: =SUM(M29,U29) -> 0 | AD29: =SUM(AA29:AC29) -> 20072720 | AE29: =AD29/Z29 -> 0.66681422 | AF29: =AD29/$AD$9 -> 0.0019377898 | AG29: =AO29+AP29+AQ29 -> 44 | AH29: =AG29/$AG$9 -> 0.0022504092 | AI29: =AF29-AH29 -> -0.0003126194 | AJ29: =AE29+AI29 -> 0.6665016 | AL29: =AG29 -> 44 | AM29: =AL29=AO29+AP29+AQ29 -> TRUE | AO29: 44
B30: YC00318 | C30: 강북 | D30: 강북소매 | E30: KT플라자 연신내역점 | F30: 43595345 | I30: =SUM(F30:H30) -> 43595345 | K30: 35611251 | N30: =SUM(J30:M30) -> 35611251 | O30: =VLOOKUP($B30,[1]점별현황!$B$3:$E$302,3,0) -> 7361185.5 | R30: =SUM(O30:Q30) -> 7361185.5 | S30: 4642527 | V30: =SUM(S30:U30) -> 4642527 | W30: =SUM(F30,O30) -> 50956530 | X30: =SUM(G30,P30) -> 0 | Y30: =SUM(H30,Q30) -> 0 | Z30: =SUM(W30:Y30) -> 50956530 | AA30: =SUM(K30,S30) -> 40253778 | AB30: =SUM(L30,T30) -> 0 | AC30: =SUM(M30,U30) -> 0 | AD30: =SUM(AA30:AC30) -> 40253778 | AE30: =AD30/Z30 -> 0.78996309 | AF30: =AD30/$AD$9 -> 0.0038860383 | AG30: =AO30+AP30+AQ30 -> 108 | AH30: =AG30/$AG$9 -> 0.0055237316 | AI30: =AF30-AH30 -> -0.0016376933 | AJ30: =AE30+AI30 -> 0.78832539 | AL30: =AG30 -> 108 | AM30: =AL30=AO30+AP30+AQ30 -> TRUE | AO30: 108
B31: YC00428 | C31: 강북 | D31: 강북소매 | E31: KT플라자 구파발점 | F31: 33337617 | I31: =SUM(F31:H31) -> 33337617 | K31: 38018596 | N31: =SUM(J31:M31) -> 38018596 | O31: =VLOOKUP($B31,[1]점별현황!$B$3:$E$302,3,0) -> 6350826.7 | R31: =SUM(O31:Q31) -> 6350826.7 | S31: 10348220 | V31: =SUM(S31:U31) -> 10348220 | W31: =SUM(F31,O31) -> 39688443 | X31: =SUM(G31,P31) -> 0 | Y31: =SUM(H31,Q31) -> 0 | Z31: =SUM(W31:Y31) -> 39688443 | AA31: =SUM(K31,S31) -> 48366816 | AB31: =SUM(L31,T31) -> 0 | AC31: =SUM(M31,U31) -> 0 | AD31: =SUM(AA31:AC31) -> 48366816 | AE31: =AD31/Z31 -> 1.2186625 | AF31: =AD31/$AD$9 -> 0.0046692586 | AG31: =AO31+AP31+AQ31 -> 101 | AH31: =AG31/$AG$9 -> 0.0051657119 | AI31: =AF31-AH31 -> -0.00049645331 | AJ31: =AE31+AI31 -> 1.218166 | AL31: =AG31 -> 101 | AM31: =AL31=AO31+AP31+AQ31 -> TRUE | AO31: 101
B32: YC20680 | C32: 강북 | D32: 강북소매 | E32: KT플라자 응암역점 | F32: 35902049 | I32: =SUM(F32:H32) -> 35902049 | K32: 26200004 | N32: =SUM(J32:M32) -> 26200004 | O32: =VLOOKUP($B32,[1]점별현황!$B$3:$E$302,3,0) -> 5388580.2 | R32: =SUM(O32:Q32) -> 5388580.2 | S32: 4196100 | V32: =SUM(S32:U32) -> 4196100 | W32: =SUM(F32,O32) -> 41290629 | X32: =SUM(G32,P32) -> 0 | Y32: =SUM(H32,Q32) -> 0 | Z32: =SUM(W32:Y32) -> 41290629 | AA32: =SUM(K32,S32) -> 30396104 | AB32: =SUM(L32,T32) -> 0 | AC32: =SUM(M32,U32) -> 0 | AD32: =SUM(AA32:AC32) -> 30396104 | AE32: =AD32/Z32 -> 0.73615018 | AF32: =AD32/$AD$9 -> 0.0029343935 | AG32: =AO32+AP32+AQ32 -> 68 | AH32: =AG32/$AG$9 -> 0.0034779051 | AI32: =AF32-AH32 -> -0.00054351156 | AJ32: =AE32+AI32 -> 0.73560667 | AL32: =AG32 -> 68 | AM32: =AL32=AO32+AP32+AQ32 -> TRUE | AO32: 68
B33: YC00484 | C33: 강북 | D33: 강북소매 | E33: 상암애드샵 | F33: 27695866 | I33: =SUM(F33:H33) -> 27695866 | K33: 28870171 | N33: =SUM(J33:M33) -> 28870171 | O33: =VLOOKUP($B33,[1]점별현황!$B$3:$E$302,3,0) -> 4715007.7 | R33: =SUM(O33:Q33) -> 4715007.7 | S33: 4808066 | V33: =SUM(S33:U33) -> 4808066 | W33: =SUM(F33,O33) -> 32410874 | X33: =SUM(G33,P33) -> 0 | Y33: =SUM(H33,Q33) -> 0 | Z33: =SUM(W33:Y33) -> 32410874 | AA33: =SUM(K33,S33) -> 33678237 | AB33: =SUM(L33,T33) -> 0 | AC33: =SUM(M33,U33) -> 0 | AD33: =SUM(AA33:AC33) -> 33678237 | AE33: =AD33/Z33 -> 1.039103 | AF33: =AD33/$AD$9 -> 0.0032512456 | AG33: =AO33+AP33+AQ33 -> 70 | AH33: =AG33/$AG$9 -> 0.0035801964 | AI33: =AF33-AH33 -> -0.00032895078 | AJ33: =AE33+AI33 -> 1.0387741 | AL33: =AG33 -> 70 | AM33: =AL33=AO33+AP33+AQ33 -> TRUE | AO33: 70
B34: YC00288 | C34: 강북 | D34: 강북소매 | E34: KT플라자 정릉점 | F34: 31798957 | I34: =SUM(F34:H34) -> 31798957 | K34: 25596737 | N34: =SUM(J34:M34) -> 25596737 | O34: =VLOOKUP($B34,[1]점별현황!$B$3:$E$302,3,0) -> 5051794 | R34: =SUM(O34:Q34) -> 5051794 | S34: 3510292 | V34: =SUM(S34:U34) -> 3510292 | W34: =SUM(F34,O34) -> 36850751 | X34: =SUM(G34,P34) -> 0 | Y34: =SUM(H34,Q34) -> 0 | Z34: =SUM(W34:Y34) -> 36850751 | AA34: =SUM(K34,S34) -> 29107029 | AB34: =SUM(L34,T34) -> 0 | AC34: =SUM(M34,U34) -> 0 | AD34: =SUM(AA34:AC34) -> 29107029 | AE34: =AD34/Z34 -> 0.78986256 | AF34: =AD34/$AD$9 -> 0.0028099482 | AG34: =AO34+AP34+AQ34 -> 62 | AH34: =AG34/$AG$9 -> 0.0031710311 | AI34: =AF34-AH34 -> -0.00036108292 | AJ34: =AE34+AI34 -> 0.78950148 | AL34: =AG34 -> 62 | AM34: =AL34=AO34+AP34+AQ34 -> TRUE | AO34: 62
B35: YC00298 | C35: 강북 | D35: 강북소매 | E35: KT플라자 신용산역점 | F35: 41543799 | I35: =SUM(F35:H35) -> 41543799 | K35: 45920536 | N35: =SUM(J35:M35) -> 45920536 | O35: =VLOOKUP($B35,[1]점별현황!$B$3:$E$302,3,0) -> 7361185.5 | R35: =SUM(O35:Q35) -> 7361185.5 | S35: 7912284 | V35: =SUM(S35:U35) -> 7912284 | W35: =SUM(F35,O35) -> 48904985 | X35: =SUM(G35,P35) -> 0 | Y35: =SUM(H35,Q35) -> 0 | Z35: =SUM(W35:Y35) -> 48904985 | AA35: =SUM(K35,S35) -> 53832820 | AB35: =SUM(L35,T35) -> 0 | AC35: =SUM(M35,U35) -> 0 | AD35: =SUM(AA35:AC35) -> 53832820 | AE35: =AD35/Z35 -> 1.1007635 | AF35: =AD35/$AD$9 -> 0.0051969383 | AG35: =AO35+AP35+AQ35 -> 89 | AH35: =AG35/$AG$9 -> 0.004551964 | AI35: =AF35-AH35 -> 0.00064497433 | AJ35: =AE35+AI35 -> 1.1014084 | AL35: =AG35 -> 89 | AM35: =AL35=AO35+AP35+AQ35 -> TRUE | AO35: 89
B36: YC20174 | C36: 강북 | D36: 강북소매 | E36: KT플라자 신당점 | F36: 40518026 | I36: =SUM(F36:H36) -> 40518026 | K36: 44297592 | N36: =SUM(J36:M36) -> 44297592 | O36: =VLOOKUP($B36,[1]점별현황!$B$3:$E$302,3,0) -> 6687613 | R36: =SUM(O36:Q36) -> 6687613 | S36: 9230825 | V36: =SUM(S36:U36) -> 9230825 | W36: =SUM(F36,O36) -> 47205639 | X36: =SUM(G36,P36) -> 0 | Y36: =SUM(H36,Q36) -> 0 | Z36: =SUM(W36:Y36) -> 47205639 | AA36: =SUM(K36,S36) -> 53528417 | AB36: =SUM(L36,T36) -> 0 | AC36: =SUM(M36,U36) -> 0 | AD36: =SUM(AA36:AC36) -> 53528417 | AE36: =AD36/Z36 -> 1.1339411 | AF36: =AD36/$AD$9 -> 0.0051675517 | AG36: =AO36+AP36+AQ36 -> 106 | AH36: =AG36/$AG$9 -> 0.0054214403 | AI36: =AF36-AH36 -> -0.00025388854 | AJ36: =AE36+AI36 -> 1.1336873 | AL36: =AG36 -> 106 | AM36: =AL36=AO36+AP36+AQ36 -> TRUE | AO36: 106
... B71: YC00543 | C71: 강북 | D71: 강동소매 | E71: KT플라자 지행역점 | F71: 30587791 | I71: =SUM(F71:H71) -> 30587791 | K71: 18485155 | N71: =SUM(J71:M71) -> 18485155 | O71: =VLOOKUP($B71,[1]점별현황!$B$3:$E$302,3,0) -> 4570670.7 | R71: =SUM(O71:Q71) -> 4570670.7 | S71: 1367550 | V71: =SUM(S71:U71) -> 1367550 | W71: =SUM(F71,O71) -> 35158462 | X71: =SUM(G71,P71) -> 0 | Y71: =SUM(H71,Q71) -> 0 | Z71: =SUM(W71:Y71) -> 35158462 | AA71: =SUM(K71,S71) -> 19852705 | AB71: =SUM(L71,T71) -> 0 | AC71: =SUM(M71,U71) -> 0 | AD71: =SUM(AA71:AC71) -> 19852705 | AE71: =AD71/Z71 -> 0.56466364 | AF71: =AD71/$AD$9 -> 0.0019165499 | AG71: =AO71+AP71+AQ71 -> 45 | AH71: =AG71/$AG$9 -> 0.0023015548 | AI71: =AF71-AH71 -> -0.00038500497 | AJ71: =AE71+AI71 -> 0.56427863 | AL71: =AG71 -> 45 | AM71: =AL71=AO71+AP71+AQ71 -> TRUE | AO71: 45
A72: 12월 출점 | B72: YC00584 | C72: 강북 | D72: 강동소매 | E72: KT플라자 다산신도시점 | I72: =SUM(F72:H72) -> 0 | N72: =SUM(J72:M72) -> 0 | R72: =SUM(O72:Q72) -> 0 | V72: =SUM(S72:U72) -> 0 | W72: =SUM(F72,O72) -> 0 | X72: =SUM(G72,P72) -> 0 | Y72: =SUM(H72,Q72) -> 0 | Z72: =SUM(W72:Y72) -> 0 | AA72: =SUM(K72,S72) -> 0 | AB72: =SUM(L72,T72) -> 0 | AC72: =SUM(M72,U72) -> 0 | AD72: =SUM(AA72:AC72) -> 0 | AE72: =AD72/Z72 -> #DIV/0! | AF72: =AD72/$AD$9 -> 0 | AG72: =AO72+AP72+AQ72 -> 0 | AH72: =AG72/$AG$9 -> 0 | AI72: =AF72-AH72 -> 0 | AJ72: =AE72+AI72 -> #DIV/0! | AL72: =AG72 -> 0 | AM72: =AL72=AO72+AP72+AQ72 -> TRUE
A73: 26년 1월 출점 | B73: YC00588 | C73: 강북 | D73: 강동소매 | E73: KT플라자 강릉유천점 | I73: =SUM(F73:H73) -> 0 | N73: =SUM(J73:M73) -> 0 | R73: =SUM(O73:Q73) -> 0 | V73: =SUM(S73:U73) -> 0 | W73: =SUM(F73,O73) -> 0 | X73: =SUM(G73,P73) -> 0 | Y73: =SUM(H73,Q73) -> 0 | Z73: =SUM(W73:Y73) -> 0 | AA73: =SUM(K73,S73) -> 0 | AB73: =SUM(L73,T73) -> 0 | AC73: =SUM(M73,U73) -> 0 | AD73: =SUM(AA73:AC73) -> 0 | AE73: =AD73/Z73 -> #DIV/0! | AF73: =AD73/$AD$9 -> 0 | AG73: =AO73+AP73+AQ73 -> 0 | AH73: =AG73/$AG$9 -> 0 | AI73: =AF73-AH73 -> 0 | AJ73: =AE73+AI73 -> #DIV/0! | AL73: =AG73 -> 0 | AM73: =AL73=AO73+AP73+AQ73 -> TRUE
B74: YC20122 | C74: 강남 | D74: 남부소매 | E74: KT플라자 인계점 | F74: 32585181 | I74: =SUM(F74:H74) -> 32585181 | K74: 36081061 | N74: =SUM(J74:M74) -> 36081061 | O74: =VLOOKUP($B74,[1]점별현황!$B$3:$E$302,3,0) -> 6543276 | R74: =SUM(O74:Q74) -> 6543276 | S74: 11948406 | V74: =SUM(S74:U74) -> 11948406 | W74: =SUM(F74,O74) -> 39128457 | X74: =SUM(G74,P74) -> 0 | Y74: =SUM(H74,Q74) -> 0 | Z74: =SUM(W74:Y74) -> 39128457 | AA74: =SUM(K74,S74) -> 48029467 | AB74: =SUM(L74,T74) -> 0 | AC74: =SUM(M74,U74) -> 0 | AD74: =SUM(AA74:AC74) -> 48029467 | AE74: =AD74/Z74 -> 1.2274818 | AF74: =AD74/$AD$9 -> 0.0046366915 | AG74: =AO74+AP74+AQ74 -> 72 | AH74: =AG74/$AG$9 -> 0.0036824877 | AI74: =AF74-AH74 -> 0.00095420375 | AJ74: =AE74+AI74 -> 1.228436 | AL74: =AG74 -> 72 | AM74: =AL74=AO74+AP74+AQ74 -> TRUE | AO74: 72
B75: YC20605 | C75: 강남 | D75: 남부소매 | E75: KT플라자 신영통점 | F75: 38185759 | I75: =SUM(F75:H75) -> 38185759 | K75: 37483754 | N75: =SUM(J75:M75) -> 37483754 | O75: =VLOOKUP($B75,[1]점별현황!$B$3:$E$302,3,0) -> 7697971.8 | R75: =SUM(O75:Q75) -> 7697971.8 | S75: 7967489 | V75: =SUM(S75:U75) -> 7967489 | W75: =SUM(F75,O75) -> 45883731 | X75: =SUM(G75,P75) -> 0 | Y75: =SUM(H75,Q75) -> 0 | Z75: =SUM(W75:Y75) -> 45883731 | AA75: =SUM(K75,S75) -> 45451243 | AB75: =SUM(L75,T75) -> 0 | AC75: =SUM(M75,U75) -> 0 | AD75: =SUM(AA75:AC75) -> 45451243 | AE75: =AD75/Z75 -> 0.99057427 | AF75: =AD75/$AD$9 -> 0.0043877937 | AG75: =AO75+AP75+AQ75 -> 100 | AH75: =AG75/$AG$9 -> 0.0051145663 | AI75: =AF75-AH75 -> -0.00072677262 | AJ75: =AE75+AI75 -> 0.9898475 | AL75: =AG75 -> 100 | AM75: =AL75=AO75+AP75+AQ75 -> TRUE | AO75: 100
B76: YC00154 | C76: 강남 | D76: 남부소매 | E76: KT플라자 영통구청점 | F76: 30548607 | I76: =SUM(F76:H76) -> 30548607 | K76: 25746799 | N76: =SUM(J76:M76) -> 25746799 | O76: =VLOOKUP($B76,[1]점별현황!$B$3:$E$302,3,0) -> 5051794 | R76: =SUM(O76:Q76) -> 5051794 | S76: 5998816 | V76: =SUM(S76:U76) -> 5998816 | W76: =SUM(F76,O76) -> 35600401 | X76: =SUM(G76,P76) -> 0 | Y76: =SUM(H76,Q76) -> 0 | Z76: =SUM(W76:Y76) -> 35600401 | AA76: =SUM(K76,S76) -> 31745615 | AB76: =SUM(L76,T76) -> 0 | AC76: =SUM(M76,U76) -> 0 | AD76: =SUM(AA76:AC76) -> 31745615 | AE76: =AD76/Z76 -> 0.89172071 | AF76: =AD76/$AD$9 -> 0.0030646732 | AG76: =AO76+AP76+AQ76 -> 56 | AH76: =AG76/$AG$9 -> 0.0028641571 | AI76: =AF76-AH76 -> 0.00020051612 | AJ76: =AE76+AI76 -> 0.89192123 | AL76: =AG76 -> 56 | AM76: =AL76=AO76+AP76+AQ76 -> TRUE | AO76: 56
B77: YC00174 | C77: 강남 | D77: 남부소매 | E77: KT플라자 화서점 | F77: 37676615 | I77: =SUM(F77:H77) -> 37676615 | K77: 28960185 | N77: =SUM(J77:M77) -> 28960185 | O77: =VLOOKUP($B77,[1]점별현황!$B$3:$E$302,3,0) -> 5869703.5 | R77: =SUM(O77:Q77) -> 5869703.5 | S77: 6197580 | V77: =SUM(S77:U77) -> 6197580 | W77: =SUM(F77,O77) -> 43546319 | X77: =SUM(G77,P77) -> 0 | Y77: =SUM(H77,Q77) -> 0 | Z77: =SUM(W77:Y77) -> 43546319 | AA77: =SUM(K77,S77) -> 35157765 | AB77: =SUM(L77,T77) -> 0 | AC77: =SUM(M77,U77) -> 0 | AD77: =SUM(AA77:AC77) -> 35157765 | AE77: =AD77/Z77 -> 0.8073648 | AF77: =AD77/$AD$9 -> 0.003394077 | AG77: =AO77+AP77+AQ77 -> 72 | AH77: =AG77/$AG$9 -> 0.0036824877 | AI77: =AF77-AH77 -> -0.00028841073 | AJ77: =AE77+AI77 -> 0.80707639 | AL77: =AG77 -> 72 | AM77: =AL77=AO77+AP77+AQ77 -> TRUE | AO77: 72
B78: YC00412 | C78: 강남 | D78: 남부소매 | E78: KT플라자 영통역점 | F78: 28512033 | I78: =SUM(F78:H78) -> 28512033 | K78: 25889866 | N78: =SUM(J78:M78) -> 25889866 | O78: =VLOOKUP($B78,[1]점별현황!$B$3:$E$302,3,0) -> 4378221.4 | R78: =SUM(O78:Q78) -> 4378221.4 | S78: 2838664 | V78: =SUM(S78:U78) -> 2838664 | W78: =SUM(F78,O78) -> 32890255 | X78: =SUM(G78,P78) -> 0 | Y78: =SUM(H78,Q78) -> 0 | Z78: =SUM(W78:Y78) -> 32890255 | AA78: =SUM(K78,S78) -> 28728530 | AB78: =SUM(L78,T78) -> 0 | AC78: =SUM(M78,U78) -> 0 | AD78: =SUM(AA78:AC78) -> 28728530 | AE78: =AD78/Z78 -> 0.87346633 | AF78: =AD78/$AD$9 -> 0.0027734085 | AG78: =AO78+AP78+AQ78 -> 56 | AH78: =AG78/$AG$9 -> 0.0028641571 | AI78: =AF78-AH78 -> -9.0748659e-05 | AJ78: =AE78+AI78 -> 0.87337558 | AL78: =AG78 -> 56 | AM78: =AL78=AO78+AP78+AQ78 -> TRUE | AO78: 56
B79: YC00413 | C79: 강남 | D79: 남부소매 | E79: KT플라자 수원매탄점 | F79: 31566894 | I79: =SUM(F79:H79) -> 31566894 | K79: 30321534 | N79: =SUM(J79:M79) -> 30321534 | O79: =VLOOKUP($B79,[1]점별현황!$B$3:$E$302,3,0) -> 4089547.5 | R79: =SUM(O79:Q79) -> 4089547.5 | S79: 5563537 | V79: =SUM(S79:U79) -> 5563537 | W79: =SUM(F79,O79) -> 35656441 | X79: =SUM(G79,P79) -> 0 | Y79: =SUM(H79,Q79) -> 0 | Z79: =SUM(W79:Y79) -> 35656441 | AA79: =SUM(K79,S79) -> 35885071 | AB79: =SUM(L79,T79) -> 0 | AC79: =SUM(M79,U79) -> 0 | AD79: =SUM(AA79:AC79) -> 35885071 | AE79: =AD79/Z79 -> 1.006412 | AF79: =AD79/$AD$9 -> 0.00346429 | AG79: =AO79+AP79+AQ79 -> 62 | AH79: =AG79/$AG$9 -> 0.0031710311 | AI79: =AF79-AH79 -> 0.00029325892 | AJ79: =AE79+AI79 -> 1.0067053 | AL79: =AG79 -> 62 | AM79: =AL79=AO79+AP79+AQ79 -> TRUE | AO79: 62
B80: YC00024 | C80: 강남 | D80: 남부소매 | E80: KT플라자 수지구청점 | F80: 31566894 | I80: =SUM(F80:H80) -> 31566894 | K80: 25339404 | N80: =SUM(J80:M80) -> 25339404 | O80: =VLOOKUP($B80,[1]점별현황!$B$3:$E$302,3,0) -> 5725366.5 | R80: =SUM(O80:Q80) -> 5725366.5 | S80: 7962932 | V80: =SUM(S80:U80) -> 7962932 | W80: =SUM(F80,O80) -> 37292260 | X80: =SUM(G80,P80) -> 0 | Y80: =SUM(H80,Q80) -> 0 | Z80: =SUM(W80:Y80) -> 37292260 | AA80: =SUM(K80,S80) -> 33302336 | AB80: =SUM(L80,T80) -> 0 | AC80: =SUM(M80,U80) -> 0 | AD80: =SUM(AA80:AC80) -> 33302336 | AE80: =AD80/Z80 -> 0.89300932 | AF80: =AD80/$AD$9 -> 0.0032149567 | AG80: =AO80+AP80+AQ80 -> 76 | AH80: =AG80/$AG$9 -> 0.0038870704 | AI80: =AF80-AH80 -> -0.00067211366 | AJ80: =AE80+AI80 -> 0.8923372 | AL80: =AG80 -> 76 | AM80: =AL80=AO80+AP80+AQ80 -> TRUE | AO80: 76
B81: YC20725 | C81: 강남 | D81: 남부소매 | E81: KT플라자 김량장점 | F81: 39204046 | I81: =SUM(F81:H81) -> 39204046 | K81: 47590187 | N81: =SUM(J81:M81) -> 47590187 | O81: =VLOOKUP($B81,[1]점별현황!$B$3:$E$302,3,0) -> 8419656.6 | R81: =SUM(O81:Q81) -> 8419656.6 | S81: 13732712 | V81: =SUM(S81:U81) -> 13732712 | W81: =SUM(F81,O81) -> 47623702 | X81: =SUM(G81,P81) -> 0 | Y81: =SUM(H81,Q81) -> 0 | Z81: =SUM(W81:Y81) -> 47623702 | AA81: =SUM(K81,S81) -> 61322899 | AB81: =SUM(L81,T81) -> 0 | AC81: =SUM(M81,U81) -> 0 | AD81: =SUM(AA81:AC81) -> 61322899 | AE81: =AD81/Z81 -> 1.287655 | AF81: =AD81/$AD$9 -> 0.0059200191 | AG81: =AO81+AP81+AQ81 -> 95 | AH81: =AG81/$AG$9 -> 0.004858838 | AI81: =AF81-AH81 -> 0.0010611812 | AJ81: =AE81+AI81 -> 1.2887162 | AL81: =AG81 -> 95 | AM81: =AL81=AO81+AP81+AQ81 -> TRUE | AO81: 95
B82: YC00325 | C82: 강남 | D82: 남부소매 | E82: KT플라자 보정점 | F82: 33603468 | I82: =SUM(F82:H82) -> 33603468 | K82: 33613426 | N82: =SUM(J82:M82) -> 33613426 | O82: =VLOOKUP($B82,[1]점별현황!$B$3:$E$302,3,0) -> 6062152.8 | R82: =SUM(O82:Q82) -> 6062152.8 | S82: 7236740 | V82: =SUM(S82:U82) -> 7236740 | W82: =SUM(F82,O82) -> 39665620 | X82: =SUM(G82,P82) -> 0 | Y82: =SUM(H82,Q82) -> 0 | Z82: =SUM(W82:Y82) -> 39665620 | AA82: =SUM(K82,S82) -> 40850166 | AB82: =SUM(L82,T82) -> 0 | AC82: =SUM(M82,U82) -> 0 | AD82: =SUM(AA82:AC82) -> 40850166 | AE82: =AD82/Z82 -> 1.0298633 | AF82: =AD82/$AD$9 -> 0.0039436127 | AG82: =AO82+AP82+AQ82 -> 83 | AH82: =AG82/$AG$9 -> 0.00424509 | AI82: =AF82-AH82 -> -0.00030147731 | AJ82: =AE82+AI82 -> 1.0295618 | AL82: =AG82 -> 83 | AM82: =AL82=AO82+AP82+AQ82 -> TRUE | AO82: 83
B83: YC00407 | C83: 강남 | D83: 남부소매 | E83: KT플라자 상현점 | F83: 28512033 | I83: =SUM(F83:H83) -> 28512033 | K83: 27565515 | N83: =SUM(J83:M83) -> 27565515 | O83: =VLOOKUP($B83,[1]점별현황!$B$3:$E$302,3,0) -> 5388580.2 | R83: =SUM(O83:Q83) -> 5388580.2 | S83: 5888762 | V83: =SUM(S83:U83) -> 5888762 | W83: =SUM(F83,O83) -> 33900613 | X83: =SUM(G83,P83) -> 0 | Y83: =SUM(H83,Q83) -> 0 | Z83: =SUM(W83:Y83) -> 33900613 | AA83: =SUM(K83,S83) -> 33454277 | AB83: =SUM(L83,T83) -> 0 | AC83: =SUM(M83,U83) -> 0 | AD83: =SUM(AA83:AC83) -> 33454277 | AE83: =AD83/Z83 -> 0.98683397 | AF83: =AD83/$AD$9 -> 0.0032296249 | AG83: =AO83+AP83+AQ83 -> 68 | AH83: =AG83/$AG$9 -> 0.0034779051 | AI83: =AF83-AH83 -> -0.00024828021 | AJ83: =AE83+AI83 -> 0.98658569 | AL83: =AG83 -> 68 | AM83: =AL83=AO83+AP83+AQ83 -> TRUE | AO83: 68
B84: YC00422 | C84: 강남 | D84: 남부소매 | E84: KT플라자 광교상현역점 | F84: 32076037 | I84: =SUM(F84:H84) -> 32076037 | K84: 38031115 | N84: =SUM(J84:M84) -> 38031115 | O84: =VLOOKUP($B84,[1]점별현황!$B$3:$E$302,3,0) -> 6735725.3 | R84: =SUM(O84:Q84) -> 6735725.3 | S84: 5450280 | V84: =SUM(S84:U84) -> 5450280 | W84: =SUM(F84,O84) -> 38811763 | X84: =SUM(G84,P84) -> 0 | Y84: =SUM(H84,Q84) -> 0 | Z84: =SUM(W84:Y84) -> 38811763 | AA84: =SUM(K84,S84) -> 43481395 | AB84: =SUM(L84,T84) -> 0 | AC84: =SUM(M84,U84) -> 0 | AD84: =SUM(AA84:AC84) -> 43481395 | AE84: =AD84/Z84 -> 1.1203149 | AF84: =AD84/$AD$9 -> 0.0041976275 | AG84: =AO84+AP84+AQ84 -> 71 | AH84: =AG84/$AG$9 -> 0.0036313421 | AI84: =AF84-AH84 -> 0.00056628548 | AJ84: =AE84+AI84 -> 1.1208812 | AL84: =AG84 -> 71 | AM84: =AL84=AO84+AP84+AQ84 -> TRUE | AO84: 71
B85: YC00126 | C85: 강남 | D85: 남부소매 | E85: KT플라자 안성중앙점 | F85: 35640041 | I85: =SUM(F85:H85) -> 35640041 | K85: 29011185 | N85: =SUM(J85:M85) -> 29011185 | O85: =VLOOKUP($B85,[1]점별현황!$B$3:$E$302,3,0) -> 6976286.9 | R85: =SUM(O85:Q85) -> 6976286.9 | S85: 13807243 | V85: =SUM(S85:U85) -> 13807243 | W85: =SUM(F85,O85) -> 42616328 | X85: =SUM(G85,P85) -> 0 | Y85: =SUM(H85,Q85) -> 0 | Z85: =SUM(W85:Y85) -> 42616328 | AA85: =SUM(K85,S85) -> 42818428 | AB85: =SUM(L85,T85) -> 0 | AC85: =SUM(M85,U85) -> 0 | AD85: =SUM(AA85:AC85) -> 42818428 | AE85: =AD85/Z85 -> 1.0047423 | AF85: =AD85/$AD$9 -> 0.0041336257 | AG85: =AO85+AP85+AQ85 -> 67 | AH85: =AG85/$AG$9 -> 0.0034267594 | AI85: =AF85-AH85 -> 0.00070686631 | AJ85: =AE85+AI85 -> 1.0054492 | AL85: =AG85 -> 67 | AM85: =AL85=AO85+AP85+AQ85 -> TRUE | AO85: 67
... B114: YC00560 | C114: 강남 | D114: 강남소매 | E114: KT플라자 둔촌역점 | F114: 29300164 | I114: =SUM(F114:H114) -> 29300164 | K114: 38749393 | N114: =SUM(J114:M114) -> 38749393 | O114: =VLOOKUP($B114,[1]점별현황!$B$3:$E$302,3,0) -> 6783837.6 | R114: =SUM(O114:Q114) -> 6783837.6 | S114: 3691676 | V114: =SUM(S114:U114) -> 3691676 | W114: =SUM(F114,O114) -> 36084002 | X114: =SUM(G114,P114) -> 0 | Y114: =SUM(H114,Q114) -> 0 | Z114: =SUM(W114:Y114) -> 36084002 | AA114: =SUM(K114,S114) -> 42441069 | AB114: =SUM(L114,T114) -> 0 | AC114: =SUM(M114,U114) -> 0 | AD114: =SUM(AA114:AC114) -> 42441069 | AE114: =AD114/Z114 -> 1.1761741 | AF114: =AD114/$AD$9 -> 0.004097196 | AG114: =AO114+AP114+AQ114 -> 67 | AH114: =AG114/$AG$9 -> 0.0034267594 | AI114: =AF114-AH114 -> 0.00067043663 | AJ114: =AE114+AI114 -> 1.1768446 | AL114: =AG114 -> 67 | AM114: =AL114=AO114+AP114+AQ114 -> TRUE | AO114: 67
A115: 26년 1월 출점 | B115: YC00586 | C115: 강남 | D115: 강남소매 | E115: KT플라자 학동역점 | I115: =SUM(F115:H115) -> 0 | N115: =SUM(J115:M115) -> 0 | R115: =SUM(O115:Q115) -> 0 | V115: =SUM(S115:U115) -> 0 | W115: =SUM(F115,O115) -> 0 | X115: =SUM(G115,P115) -> 0 | Y115: =SUM(H115,Q115) -> 0 | Z115: =SUM(W115:Y115) -> 0 | AA115: =SUM(K115,S115) -> 0 | AB115: =SUM(L115,T115) -> 0 | AC115: =SUM(M115,U115) -> 0 | AD115: =SUM(AA115:AC115) -> 0 | AE115: =AD115/Z115 -> #DIV/0! | AF115: =AD115/$AD$9 -> 0 | AG115: =AO115+AP115+AQ115 -> 0 | AH115: =AG115/$AG$9 -> 0 | AI115: =AF115-AH115 -> 0 | AJ115: =AE115+AI115 -> #DIV/0! | AL115: =AG115 -> 0 | AM115: =AL115=AO115+AP115+AQ115 -> TRUE
B116: YC20679 | C116: 강서 | D116: 강서소매 | E116: KT플라자 여의도역점 | F116: 47608297 | I116: =SUM(F116:H116) -> 47608297 | K116: 37896978 | N116: =SUM(J116:M116) -> 37896978 | O116: =VLOOKUP($B116,[1]점별현황!$B$3:$E$302,3,0) -> 7168736.2 | R116: =SUM(O116:Q116) -> 7168736.2 | S116: 4298150 | V116: =SUM(S116:U116) -> 4298150 | W116: =SUM(F116,O116) -> 54777033 | X116: =SUM(G116,P116) -> 0 | Y116: =SUM(H116,Q116) -> 0 | Z116: =SUM(W116:Y116) -> 54777033 | AA116: =SUM(K116,S116) -> 42195128 | AB116: =SUM(L116,T116) -> 0 | AC116: =SUM(M116,U116) -> 0 | AD116: =SUM(AA116:AC116) -> 42195128 | AE116: =AD116/Z116 -> 0.77030692 | AF116: =AD116/$AD$9 -> 0.0040734533 | AG116: =AO116+AP116+AQ116 -> 91 | AH116: =AG116/$AG$9 -> 0.0046542553 | AI116: =AF116-AH116 -> -0.00058080206 | AJ116: =AE116+AI116 -> 0.76972612 | AL116: =AG116 -> 91 | AM116: =AL116=AO116+AP116+AQ116 -> TRUE | AO116: 91
B117: AA00264 | C117: 강서 | D117: 강서소매 | E117: KT플라자 신길점 | F117: 42318486 | I117: =SUM(F117:H117) -> 42318486 | K117: 40493887 | N117: =SUM(J117:M117) -> 40493887 | O117: =VLOOKUP($B117,[1]점별현황!$B$3:$E$302,3,0) -> 7024399.2 | R117: =SUM(O117:Q117) -> 7024399.2 | S117: 7613930 | V117: =SUM(S117:U117) -> 7613930 | W117: =SUM(F117,O117) -> 49342885 | X117: =SUM(G117,P117) -> 0 | Y117: =SUM(H117,Q117) -> 0 | Z117: =SUM(W117:Y117) -> 49342885 | AA117: =SUM(K117,S117) -> 48107817 | AB117: =SUM(L117,T117) -> 0 | AC117: =SUM(M117,U117) -> 0 | AD117: =SUM(AA117:AC117) -> 48107817 | AE117: =AD117/Z117 -> 0.97496967 | AF117: =AD117/$AD$9 -> 0.0046442552 | AG117: =AO117+AP117+AQ117 -> 91 | AH117: =AG117/$AG$9 -> 0.0046542553 | AI117: =AF117-AH117 -> -1.000008e-05 | AJ117: =AE117+AI117 -> 0.97495967 | AL117: =AG117 -> 91 | AM117: =AL117=AO117+AP117+AQ117 -> TRUE | AO117: 91
B118: YC00420 | C118: 강서 | D118: 강서소매 | E118: KT플라자 신길뉴타운점 | F118: 31738865 | I118: =SUM(F118:H118) -> 31738865 | K118: 22452448 | N118: =SUM(J118:M118) -> 22452448 | O118: =VLOOKUP($B118,[1]점별현황!$B$3:$E$302,3,0) -> 6062152.8 | R118: =SUM(O118:Q118) -> 6062152.8 | S118: 4084886 | V118: =SUM(S118:U118) -> 4084886 | W118: =SUM(F118,O118) -> 37801017 | X118: =SUM(G118,P118) -> 0 | Y118: =SUM(H118,Q118) -> 0 | Z118: =SUM(W118:Y118) -> 37801017 | AA118: =SUM(K118,S118) -> 26537334 | AB118: =SUM(L118,T118) -> 0 | AC118: =SUM(M118,U118) -> 0 | AD118: =SUM(AA118:AC118) -> 26537334 | AE118: =AD118/Z118 -> 0.70202697 | AF118: =AD118/$AD$9 -> 0.0025618737 | AG118: =AO118+AP118+AQ118 -> 42 | AH118: =AG118/$AG$9 -> 0.0021481178 | AI118: =AF118-AH118 -> 0.00041375588 | AJ118: =AE118+AI118 -> 0.70244073 | AL118: =AG118 -> 42 | AM118: =AL118=AO118+AP118+AQ118 -> TRUE | AO118: 42
B119: YC20124 | C119: 강서 | D119: 강서소매 | E119: KT플라자 당산점 | F119: 60832824 | I119: =SUM(F119:H119) -> 60832824 | K119: 63495833 | N119: =SUM(J119:M119) -> 63495833 | O119: =VLOOKUP($B119,[1]점별현황!$B$3:$E$302,3,0) -> 11498845 | R119: =SUM(O119:Q119) -> 11498845 | S119: 18875560 | V119: =SUM(S119:U119) -> 18875560 | W119: =SUM(F119,O119) -> 72331669 | X119: =SUM(G119,P119) -> 0 | Y119: =SUM(H119,Q119) -> 0 | Z119: =SUM(W119:Y119) -> 72331669 | AA119: =SUM(K119,S119) -> 82371393 | AB119: =SUM(L119,T119) -> 0 | AC119: =SUM(M119,U119) -> 0 | AD119: =SUM(AA119:AC119) -> 82371393 | AE119: =AD119/Z119 -> 1.1388012 | AF119: =AD119/$AD$9 -> 0.0079520086 | AG119: =AO119+AP119+AQ119 -> 122 | AH119: =AG119/$AG$9 -> 0.0062397709 | AI119: =AF119-AH119 -> 0.0017122377 | AJ119: =AE119+AI119 -> 1.1405135 | AL119: =AG119 -> 122 | AM119: =AL119=AO119+AP119+AQ119 -> TRUE | AO119: 122
B120: AA00278 | C120: 강서 | D120: 강서소매 | E120: KT플라자 영등포구청역점 | F120: 38086638 | I120: =SUM(F120:H120) -> 38086638 | K120: 23338609 | N120: =SUM(J120:M120) -> 23338609 | O120: =VLOOKUP($B120,[1]점별현황!$B$3:$E$302,3,0) -> 6543276 | R120: =SUM(O120:Q120) -> 6543276 | S120: 6025359 | V120: =SUM(S120:U120) -> 6025359 | W120: =SUM(F120,O120) -> 44629914 | X120: =SUM(G120,P120) -> 0 | Y120: =SUM(H120,Q120) -> 0 | Z120: =SUM(W120:Y120) -> 44629914 | AA120: =SUM(K120,S120) -> 29363968 | AB120: =SUM(L120,T120) -> 0 | AC120: =SUM(M120,U120) -> 0 | AD120: =SUM(AA120:AC120) -> 29363968 | AE120: =AD120/Z120 -> 0.65794364 | AF120: =AD120/$AD$9 -> 0.0028347527 | AG120: =AO120+AP120+AQ120 -> 72 | AH120: =AG120/$AG$9 -> 0.0036824877 | AI120: =AF120-AH120 -> -0.00084773507 | AJ120: =AE120+AI120 -> 0.6570959 | AL120: =AG120 -> 72 | AM120: =AL120=AO120+AP120+AQ120 -> TRUE | AO120: 72
B121: YC00400 | C121: 강서 | D121: 강서소매 | E121: KT플라자 대림역점 | F121: 48137278 | I121: =SUM(F121:H121) -> 48137278 | K121: 53958216 | N121: =SUM(J121:M121) -> 53958216 | O121: =VLOOKUP($B121,[1]점별현황!$B$3:$E$302,3,0) -> 7216848.5 | R121: =SUM(O121:Q121) -> 7216848.5 | S121: 7183670 | V121: =SUM(S121:U121) -> 7183670 | W121: =SUM(F121,O121) -> 55354126 | X121: =SUM(G121,P121) -> 0 | Y121: =SUM(H121,Q121) -> 0 | Z121: =SUM(W121:Y121) -> 55354126 | AA121: =SUM(K121,S121) -> 61141886 | AB121: =SUM(L121,T121) -> 0 | AC121: =SUM(M121,U121) -> 0 | AD121: =SUM(AA121:AC121) -> 61141886 | AE121: =AD121/Z121 -> 1.1045588 | AF121: =AD121/$AD$9 -> 0.0059025444 | AG121: =AO121+AP121+AQ121 -> 121 | AH121: =AG121/$AG$9 -> 0.0061886252 | AI121: =AF121-AH121 -> -0.00028608083 | AJ121: =AE121+AI121 -> 1.1042727 | AL121: =AG121 -> 121 | AM121: =AL121=AO121+AP121+AQ121 -> TRUE | AO121: 121
B122: YC20630 | C122: 강서 | D122: 강서소매 | E122: KT플라자 오목교점 | F122: 62948748 | I122: =SUM(F122:H122) -> 62948748 | K122: 76902413 | N122: =SUM(J122:M122) -> 76902413 | O122: =VLOOKUP($B122,[1]점별현황!$B$3:$E$302,3,0) -> 10921497 | R122: =SUM(O122:Q122) -> 10921497 | S122: 17035173 | V122: =SUM(S122:U122) -> 17035173 | W122: =SUM(F122,O122) -> 73870246 | X122: =SUM(G122,P122) -> 0 | Y122: =SUM(H122,Q122) -> 0 | Z122: =SUM(W122:Y122) -> 73870246 | AA122: =SUM(K122,S122) -> 93937586 | AB122: =SUM(L122,T122) -> 0 | AC122: =SUM(M122,U122) -> 0 | AD122: =SUM(AA122:AC122) -> 93937586 | AE122: =AD122/Z122 -> 1.2716566 | AF122: =AD122/$AD$9 -> 0.0090685912 | AG122: =AO122+AP122+AQ122 -> 135 | AH122: =AG122/$AG$9 -> 0.0069046645 | AI122: =AF122-AH122 -> 0.0021639267 | AJ122: =AE122+AI122 -> 1.2738205 | AL122: =AG122 -> 135 | AM122: =AL122=AO122+AP122+AQ122 -> TRUE | AO122: 135
