Workbook

Sheet 종합
A1: 계정명 | B1: 합계 | C1: 전사 공통비 (경총) | D1: 채널공통비 (영총/영기/역강 등) | E1: 채널별 소계 | F1: 유통영업혁신단 | I1: 법인영업혁신단 | M1: 유통플랫폼 | O1: 유통플랫폼사업단 | V1: 계정명 | W1: 유통플랫폼사업단
F2: 소매 | G2: 도매 | H2: 디지털 | I2: 기업/공공 | J2: IoT | K2: 법인영업 | L2: 소상공인 | O2: 코코넛 | P2: 굿바이 | Q2: 시연폰 | R2: AS대행 | S2: 임대폰대행 | T2: 리본(모바일/신촌) | W2: 코코넛 | X2: 굿바이 | Y2: 시연폰 | Z2: 리본(모바일+신촌) | AA2: 기타(AS대행/임대폰)
A3: 매 출 | B3: ='1월'!B3+'2월'!B3+'3월'!B3+'4월'!B3+'5월'!B3+'6월'!B3+'7월'!B3+'8월'!B3+'9월'!B3+'10월'!B3+'11월'!B3+'12월'!B3 -> 753458029468 | C3: ='1월'!C3+'2월'!C3+'3월'!C3+'4월'!C3+'5월'!C3+'6월'!C3+'7월'!C3+'8월'!C3+'9월'!C3+'10월'!C3+'11월'!C3+'12월'!C3 -> -20632121414 | D3: ='1월'!D3+'2월'!D3+'3월'!D3+'4월'!D3+'5월'!D3+'6월'!D3+'7월'!D3+'8월'!D3+'9월'!D3+'10월'!D3+'11월'!D3+'12월'!D3 -> 2370259975 | E3: ='1월'!E3+'2월'!E3+'3월'!E3+'4월'!E3+'5월'!E3+'6월'!E3+'7월'!E3+'8월'!E3+'9월'!E3+'10월'!E3+'11월'!E3+'12월'!E3 -> 771719890907 | F3: ='1월'!F3+'2월'!F3+'3월'!F3+'4월'!F3+'5월'!F3+'6월'!F3+'7월'!F3+'8월'!F3+'9월'!F3+'10월'!F3+'11월'!F3+'12월'!F3 -> 3.3494819e+11 | G3: ='1월'!H3+'2월'!G3+'3월'!G3+'4월'!G3+'5월'!G3+'6월'!G3+'7월'!G3+'8월'!G3+'9월'!G3+'10월'!G3+'11월'!G3+'12월'!G3 -> 4.6718302e+10 | H3: ='1월'!J3+'2월'!H3+'3월'!H3+'4월'!H3+'5월'!H3+'6월'!H3+'7월'!H3+'8월'!H3+'9월'!H3+'10월'!H3+'11월'!H3+'12월'!H3 -> 197616419350 | I3: ='1월'!K3+'2월'!I3+'3월'!I3+'4월'!I3+'5월'!I3+'6월'!I3+'7월'!I3+'8월'!I3+'9월'!I3+'10월'!I3+'11월'!I3+'12월'!I3 -> 13381087574 | J3: ='1월'!L3+'2월'!J3+'3월'!J3+'4월'!J3+'5월'!J3+'6월'!J3+'7월'!J3+'8월'!J3+'9월'!J3+'10월'!J3+'11월'!J3+'12월'!J3 -> 9138411901 | K3: ='1월'!M3+'2월'!K3+'3월'!K3+'4월'!K3+'5월'!K3+'6월'!K3+'7월'!K3+'8월'!K3+'9월'!K3+'10월'!K3+'11월'!K3+'12월'!K3 -> 97967838290 | L3: ='1월'!N3+'2월'!L3+'3월'!L3+'4월'!L3+'5월'!L3+'6월'!L3+'7월'!L3+'8월'!L3+'9월'!L3+'10월'!L3+'11월'!L3+'12월'!L3 -> 16291219584 | M3: ='1월'!O3+'2월'!M3+'3월'!M3+'4월'!M3+'5월'!M3+'6월'!M3+'7월'!M3+'8월'!M3+'9월'!M3+'10월'!M3+'11월'!M3+'12월'!M3 -> 55658424026 | O3: =IFERROR(VLOOKUP($A3,[1]플랫폼1!$A:$B,2,FALSE),0) -> 6682762318 | P3: =IFERROR(VLOOKUP($A3,[1]플랫폼2!$A:$M,12,FALSE),0)+IFERROR(VLOOKUP($A3,[1]플랫폼2!$A:$M,13,FALSE),0) -> 10165249491 | Q3: =IFERROR(VLOOKUP($A3,[1]플랫폼2!$A:$M,7,FALSE),0)+IFERROR(VLOOKUP($A3,[1]플랫폼2!$A:$M,12,FALSE),0) -> 37119426563 | R3: =IFERROR(VLOOKUP($A3,[1]모바일!$A:$S,17,FALSE),0) -> 357710000 | S3: =IFERROR(VLOOKUP($A3,[1]모바일!$A:$S,18,FALSE),0) -> 441954966 | T3: =IFERROR(VLOOKUP(A3,[1]플랫폼2!$A:$O,15,0),0) -> 891320688 | V3: 매 출 | W3: =VLOOKUP(V3,$A:$S,15,0) -> 6682762318 | X3: =VLOOKUP(V3,$A:$S,16,0) -> 10165249491 | Y3: =VLOOKUP(V3,$A:$S,17,0) -> 37119426563 | Z3: =VLOOKUP(V3,$A:$S,18,0) -> 357710000 | AA3: =VLOOKUP(V3,$A:$S,19,0) -> 441954966
A4: 상 품 매 출 | B4: ='1월'!B4+'2월'!B4+'3월'!B4+'4월'!B4+'5월'!B4+'6월'!B4+'7월'!B4+'8월'!B4+'9월'!B4+'10월'!B4+'11월'!B4+'12월'!B4 -> 467696067414 | C4: ='1월'!C4+'2월'!C4+'3월'!C4+'4월'!C4+'5월'!C4+'6월'!C4+'7월'!C4+'8월'!C4+'9월'!C4+'10월'!C4+'11월'!C4+'12월'!C4 -> 1582917344 | D4: ='1월'!D4+'2월'!D4+'3월'!D4+'4월'!D4+'5월'!D4+'6월'!D4+'7월'!D4+'8월'!D4+'9월'!D4+'10월'!D4+'11월'!D4+'12월'!D4 -> 794310339 | E4: ='1월'!E4+'2월'!E4+'3월'!E4+'4월'!E4+'5월'!E4+'6월'!E4+'7월'!E4+'8월'!E4+'9월'!E4+'10월'!E4+'11월'!E4+'12월'!E4 -> 465318839731 | F4: ='1월'!F4+'2월'!F4+'3월'!F4+'4월'!F4+'5월'!F4+'6월'!F4+'7월'!F4+'8월'!F4+'9월'!F4+'10월'!F4+'11월'!F4+'12월'!F4 -> 177125950486 | G4: ='1월'!H4+'2월'!G4+'3월'!G4+'4월'!G4+'5월'!G4+'6월'!G4+'7월'!G4+'8월'!G4+'9월'!G4+'10월'!G4+'11월'!G4+'12월'!G4 -> 3752066349 | H4: ='1월'!J4+'2월'!H4+'3월'!H4+'4월'!H4+'5월'!H4+'6월'!H4+'7월'!H4+'8월'!H4+'9월'!H4+'10월'!H4+'11월'!H4+'12월'!H4 -> 144601540733 | I4: ='1월'!K4+'2월'!I4+'3월'!I4+'4월'!I4+'5월'!I4+'6월'!I4+'7월'!I4+'8월'!I4+'9월'!I4+'10월'!I4+'11월'!I4+'12월'!I4 -> 4342427594 | J4: ='1월'!L4+'2월'!J4+'3월'!J4+'4월'!J4+'5월'!J4+'6월'!J4+'7월'!J4+'8월'!J4+'9월'!J4+'10월'!J4+'11월'!J4+'12월'!J4 -> 168737180 | K4: ='1월'!M4+'2월'!K4+'3월'!K4+'4월'!K4+'5월'!K4+'6월'!K4+'7월'!K4+'8월'!K4+'9월'!K4+'10월'!K4+'11월'!K4+'12월'!K4 -> 83027784583 | L4: ='1월'!N4+'2월'!L4+'3월'!L4+'4월'!L4+'5월'!L4+'6월'!L4+'7월'!L4+'8월'!L4+'9월'!L4+'10월'!L4+'11월'!L4+'12월'!L4 -> 1284494654 | M4: ='1월'!O4+'2월'!M4+'3월'!M4+'4월'!M4+'5월'!M4+'6월'!M4+'7월'!M4+'8월'!M4+'9월'!M4+'10월'!M4+'11월'!M4+'12월'!M4 -> 51015838152 | O4: =IFERROR(VLOOKUP($A4,[1]플랫폼1!$A:$B,2,FALSE),0) -> 4557133512 | P4: =IFERROR(VLOOKUP($A4,[1]플랫폼2!$A:$M,12,FALSE),0)+IFERROR(VLOOKUP($A4,[1]플랫폼2!$A:$M,13,FALSE),0) -> 9035257470 | Q4: =IFERROR(VLOOKUP($A4,[1]플랫폼2!$A:$M,7,FALSE),0)+IFERROR(VLOOKUP($A4,[1]플랫폼2!$A:$M,12,FALSE),0) -> 36850308300 | R4: =IFERROR(VLOOKUP($A4,[1]모바일!$A:$S,17,FALSE),0) -> 0 | S4: =IFERROR(VLOOKUP($A4,[1]모바일!$A:$S,18,FALSE),0) -> 0 | T4: =IFERROR(VLOOKUP(A4,[1]플랫폼2!$A:$O,15,0),0) -> 573138870 | V4: 상 품 매 출 | W4: =VLOOKUP(V4,$A:$S,15,0) -> 4557133512 | X4: =VLOOKUP(V4,$A:$S,16,0) -> 9035257470 | Y4: =VLOOKUP(V4,$A:$S,17,0) -> 36850308300 | Z4: =VLOOKUP(V4,$A:$S,18,0) -> 0 | AA4: =VLOOKUP(V4,$A:$S,19,0) -> 0
A5: 상품단말기매출-고객 | B5: ='1월'!B5+'2월'!B5+'3월'!B5+'4월'!B5+'5월'!B5+'6월'!B5+'7월'!B5+'8월'!B5+'9월'!B5+'10월'!B5+'11월'!B5+'12월'!B5 -> 154445609578 | C5: ='1월'!C5+'2월'!C5+'3월'!C5+'4월'!C5+'5월'!C5+'6월'!C5+'7월'!C5+'8월'!C5+'9월'!C5+'10월'!C5+'11월'!C5+'12월'!C5 -> 978744394 | D5: ='1월'!D5+'2월'!D5+'3월'!D5+'4월'!D5+'5월'!D5+'6월'!D5+'7월'!D5+'8월'!D5+'9월'!D5+'10월'!D5+'11월'!D5+'12월'!D5 -> 776398697 | E5: ='1월'!E5+'2월'!E5+'3월'!E5+'4월'!E5+'5월'!E5+'6월'!E5+'7월'!E5+'8월'!E5+'9월'!E5+'10월'!E5+'11월'!E5+'12월'!E5 -> 152690466487 | F5: ='1월'!F5+'2월'!F5+'3월'!F5+'4월'!F5+'5월'!F5+'6월'!F5+'7월'!F5+'8월'!F5+'9월'!F5+'10월'!F5+'11월'!F5+'12월'!F5 -> 692356879 | G5: ='1월'!H5+'2월'!G5+'3월'!G5+'4월'!G5+'5월'!G5+'6월'!G5+'7월'!G5+'8월'!G5+'9월'!G5+'10월'!G5+'11월'!G5+'12월'!G5 -> 3450105232 | H5: ='1월'!J5+'2월'!H5+'3월'!H5+'4월'!H5+'5월'!H5+'6월'!H5+'7월'!H5+'8월'!H5+'9월'!H5+'10월'!H5+'11월'!H5+'12월'!H5 -> 27510540057 | I5: ='1월'!K5+'2월'!I5+'3월'!I5+'4월'!I5+'5월'!I5+'6월'!I5+'7월'!I5+'8월'!I5+'9월'!I5+'10월'!I5+'11월'!I5+'12월'!I5 -> 759926064 | J5: ='1월'!L5+'2월'!J5+'3월'!J5+'4월'!J5+'5월'!J5+'6월'!J5+'7월'!J5+'8월'!J5+'9월'!J5+'10월'!J5+'11월'!J5+'12월'!J5 -> 110690400 | K5: ='1월'!M5+'2월'!K5+'3월'!K5+'4월'!K5+'5월'!K5+'6월'!K5+'7월'!K5+'8월'!K5+'9월'!K5+'10월'!K5+'11월'!K5+'12월'!K5 -> 74124783411 | L5: ='1월'!N5+'2월'!L5+'3월'!L5+'4월'!L5+'5월'!L5+'6월'!L5+'7월'!L5+'8월'!L5+'9월'!L5+'10월'!L5+'11월'!L5+'12월'!L5 -> 510364 | M5: ='1월'!O5+'2월'!M5+'3월'!M5+'4월'!M5+'5월'!M5+'6월'!M5+'7월'!M5+'8월'!M5+'9월'!M5+'10월'!M5+'11월'!M5+'12월'!M5 -> 46041554080 | O5: =IFERROR(VLOOKUP($A5,[1]플랫폼1!$A:$B,2,FALSE),0) -> 0 | P5: =IFERROR(VLOOKUP($A5,[1]플랫폼2!$A:$M,12,FALSE),0)+IFERROR(VLOOKUP($A5,[1]플랫폼2!$A:$M,13,FALSE),0) -> 9035257470 | Q5: =IFERROR(VLOOKUP($A5,[1]플랫폼2!$A:$M,7,FALSE),0)+IFERROR(VLOOKUP($A5,[1]플랫폼2!$A:$M,12,FALSE),0) -> 36840381032 | R5: =IFERROR(VLOOKUP($A5,[1]모바일!$A:$S,17,FALSE),0) -> 0 | S5: =IFERROR(VLOOKUP($A5,[1]모바일!$A:$S,18,FALSE),0) -> 0 | T5: =IFERROR(VLOOKUP(A5,[1]플랫폼2!$A:$O,15,0),0) -> 165915578 | V5: 수수료수입 | W5: =VLOOKUP(V5,$A:$S,15,0) -> 2125628806 | X5: =VLOOKUP(V5,$A:$S,16,0) -> 1129992021 | Y5: =VLOOKUP(V5,$A:$S,17,0) -> 269118263 | Z5: =VLOOKUP(V5,$A:$S,18,0) -> 357710000 | AA5: =VLOOKUP(V5,$A:$S,19,0) -> 441954966
A6: 상품단말기매출-판매점 | B6: ='1월'!B6+'2월'!B6+'3월'!B6+'4월'!B6+'5월'!B6+'6월'!B6+'7월'!B6+'8월'!B6+'9월'!B6+'10월'!B6+'11월'!B6+'12월'!B6 -> 4935000 | C6: ='1월'!C6+'2월'!C6+'3월'!C6+'4월'!C6+'5월'!C6+'6월'!C6+'7월'!C6+'8월'!C6+'9월'!C6+'10월'!C6+'11월'!C6+'12월'!C6 -> 0 | D6: ='1월'!D6+'2월'!D6+'3월'!D6+'4월'!D6+'5월'!D6+'6월'!D6+'7월'!D6+'8월'!D6+'9월'!D6+'10월'!D6+'11월'!D6+'12월'!D6 -> 0 | E6: ='1월'!E6+'2월'!E6+'3월'!E6+'4월'!E6+'5월'!E6+'6월'!E6+'7월'!E6+'8월'!E6+'9월'!E6+'10월'!E6+'11월'!E6+'12월'!E6 -> 4935000 | F6: ='1월'!F6+'2월'!F6+'3월'!F6+'4월'!F6+'5월'!F6+'6월'!F6+'7월'!F6+'8월'!F6+'9월'!F6+'10월'!F6+'11월'!F6+'12월'!F6 -> 0 | G6: ='1월'!H6+'2월'!G6+'3월'!G6+'4월'!G6+'5월'!G6+'6월'!G6+'7월'!G6+'8월'!G6+'9월'!G6+'10월'!G6+'11월'!G6+'12월'!G6 -> 4935000 | H6: ='1월'!J6+'2월'!H6+'3월'!H6+'4월'!H6+'5월'!H6+'6월'!H6+'7월'!H6+'8월'!H6+'9월'!H6+'10월'!H6+'11월'!H6+'12월'!H6 -> 0 | I6: ='1월'!K6+'2월'!I6+'3월'!I6+'4월'!I6+'5월'!I6+'6월'!I6+'7월'!I6+'8월'!I6+'9월'!I6+'10월'!I6+'11월'!I6+'12월'!I6 -> 0 | J6: ='1월'!L6+'2월'!J6+'3월'!J6+'4월'!J6+'5월'!J6+'6월'!J6+'7월'!J6+'8월'!J6+'9월'!J6+'10월'!J6+'11월'!J6+'12월'!J6 -> 0 | K6: ='1월'!M6+'2월'!K6+'3월'!K6+'4월'!K6+'5월'!K6+'6월'!K6+'7월'!K6+'8월'!K6+'9월'!K6+'10월'!K6+'11월'!K6+'12월'!K6 -> 0 | L6: ='1월'!N6+'2월'!L6+'3월'!L6+'4월'!L6+'5월'!L6+'6월'!L6+'7월'!L6+'8월'!L6+'9월'!L6+'10월'!L6+'11월'!L6+'12월'!L6 -> 0 | M6: ='1월'!O6+'2월'!M6+'3월'!M6+'4월'!M6+'5월'!M6+'6월'!M6+'7월'!M6+'8월'!M6+'9월'!M6+'10월'!M6+'11월'!M6+'12월'!M6 -> 0 | O6: =IFERROR(VLOOKUP($A6,[1]플랫폼1!$A:$B,2,FALSE),0) -> 0 | P6: =IFERROR(VLOOKUP($A6,[1]플랫폼2!$A:$M,12,FALSE),0)+IFERROR(VLOOKUP($A6,[1]플랫폼2!$A:$M,13,FALSE),0) -> 0 | Q6: =IFERROR(VLOOKUP($A6,[1]플랫폼2!$A:$M,7,FALSE),0)+IFERROR(VLOOKUP($A6,[1]플랫폼2!$A:$M,12,FALSE),0) -> 0 | R6: =IFERROR(VLOOKUP($A6,[1]모바일!$A:$S,17,FALSE),0) -> 0 | S6: =IFERROR(VLOOKUP($A6,[1]모바일!$A:$S,18,FALSE),0) -> 0 | T6: =IFERROR(VLOOKUP(A6,[1]플랫폼2!$A:$O,15,0),0) -> 0 | V6: 정책수수료 | W6: =O14 -> 1870069164 | X6: =P14 -> 905442987 | Y6: =Q14 -> 220883899 | Z6: =R14 -> 0 | AA6: =S14 -> 0
A7: 상품매출액-대형유통 | B7: ='1월'!B7+'2월'!B7+'3월'!B7+'4월'!B7+'5월'!B7+'6월'!B7+'7월'!B7+'8월'!B7+'9월'!B7+'10월'!B7+'11월'!B7+'12월'!B7 -> 0 | C7: ='1월'!C7+'2월'!C7+'3월'!C7+'4월'!C7+'5월'!C7+'6월'!C7+'7월'!C7+'8월'!C7+'9월'!C7+'10월'!C7+'11월'!C7+'12월'!C7 -> 0 | D7: ='1월'!D7+'2월'!D7+'3월'!D7+'4월'!D7+'5월'!D7+'6월'!D7+'7월'!D7+'8월'!D7+'9월'!D7+'10월'!D7+'11월'!D7+'12월'!D7 -> 0 | E7: ='1월'!E7+'2월'!E7+'3월'!E7+'4월'!E7+'5월'!E7+'6월'!E7+'7월'!E7+'8월'!E7+'9월'!E7+'10월'!E7+'11월'!E7+'12월'!E7 -> 0 | F7: ='1월'!F7+'2월'!F7+'3월'!F7+'4월'!F7+'5월'!F7+'6월'!F7+'7월'!F7+'8월'!F7+'9월'!F7+'10월'!F7+'11월'!F7+'12월'!F7 -> 0 | G7: ='1월'!H7+'2월'!G7+'3월'!G7+'4월'!G7+'5월'!G7+'6월'!G7+'7월'!G7+'8월'!G7+'9월'!G7+'10월'!G7+'11월'!G7+'12월'!G7 -> 0 | H7: ='1월'!J7+'2월'!H7+'3월'!H7+'4월'!H7+'5월'!H7+'6월'!H7+'7월'!H7+'8월'!H7+'9월'!H7+'10월'!H7+'11월'!H7+'12월'!H7 -> 0 | I7: ='1월'!K7+'2월'!I7+'3월'!I7+'4월'!I7+'5월'!I7+'6월'!I7+'7월'!I7+'8월'!I7+'9월'!I7+'10월'!I7+'11월'!I7+'12월'!I7 -> 0 | J7: ='1월'!L7+'2월'!J7+'3월'!J7+'4월'!J7+'5월'!J7+'6월'!J7+'7월'!J7+'8월'!J7+'9월'!J7+'10월'!J7+'11월'!J7+'12월'!J7 -> 0 | K7: ='1월'!M7+'2월'!K7+'3월'!K7+'4월'!K7+'5월'!K7+'6월'!K7+'7월'!K7+'8월'!K7+'9월'!K7+'10월'!K7+'11월'!K7+'12월'!K7 -> 0 | L7: ='1월'!N7+'2월'!L7+'3월'!L7+'4월'!L7+'5월'!L7+'6월'!L7+'7월'!L7+'8월'!L7+'9월'!L7+'10월'!L7+'11월'!L7+'12월'!L7 -> 0 | M7: ='1월'!O7+'2월'!M7+'3월'!M7+'4월'!M7+'5월'!M7+'6월'!M7+'7월'!M7+'8월'!M7+'9월'!M7+'10월'!M7+'11월'!M7+'12월'!M7 -> 0 | O7: =IFERROR(VLOOKUP($A7,[1]플랫폼1!$A:$B,2,FALSE),0) -> 0 | P7: =IFERROR(VLOOKUP($A7,[1]플랫폼2!$A:$M,12,FALSE),0)+IFERROR(VLOOKUP($A7,[1]플랫폼2!$A:$M,13,FALSE),0) -> 0 | Q7: =IFERROR(VLOOKUP($A7,[1]플랫폼2!$A:$M,7,FALSE),0)+IFERROR(VLOOKUP($A7,[1]플랫폼2!$A:$M,12,FALSE),0) -> 0 | R7: =IFERROR(VLOOKUP($A7,[1]모바일!$A:$S,17,FALSE),0) -> 0 | S7: =IFERROR(VLOOKUP($A7,[1]모바일!$A:$S,18,FALSE),0) -> 0 | T7: =IFERROR(VLOOKUP(A7,[1]플랫폼2!$A:$O,15,0),0) -> 0 | V7: 관리수수료 | W7: =O16 -> 0 | X7: =P16 -> 0 | Y7: =Q16 -> 0 | Z7: =R16 -> 0 | AA7: =S16 -> 0
A8: 상품매출액-채권승계 | B8: ='1월'!B8+'2월'!B8+'3월'!B8+'4월'!B8+'5월'!B8+'6월'!B8+'7월'!B8+'8월'!B8+'9월'!B8+'10월'!B8+'11월'!B8+'12월'!B8 -> 298850591023 | C8: ='1월'!C8+'2월'!C8+'3월'!C8+'4월'!C8+'5월'!C8+'6월'!C8+'7월'!C8+'8월'!C8+'9월'!C8+'10월'!C8+'11월'!C8+'12월'!C8 -> 605789315 | D8: ='1월'!D8+'2월'!D8+'3월'!D8+'4월'!D8+'5월'!D8+'6월'!D8+'7월'!D8+'8월'!D8+'9월'!D8+'10월'!D8+'11월'!D8+'12월'!D8 -> 0 | E8: ='1월'!E8+'2월'!E8+'3월'!E8+'4월'!E8+'5월'!E8+'6월'!E8+'7월'!E8+'8월'!E8+'9월'!E8+'10월'!E8+'11월'!E8+'12월'!E8 -> 298244801708 | F8: ='1월'!F8+'2월'!F8+'3월'!F8+'4월'!F8+'5월'!F8+'6월'!F8+'7월'!F8+'8월'!F8+'9월'!F8+'10월'!F8+'11월'!F8+'12월'!F8 -> 169990202006 | G8: ='1월'!H8+'2월'!G8+'3월'!G8+'4월'!G8+'5월'!G8+'6월'!G8+'7월'!G8+'8월'!G8+'9월'!G8+'10월'!G8+'11월'!G8+'12월'!G8 -> 294294662 | H8: ='1월'!J8+'2월'!H8+'3월'!H8+'4월'!H8+'5월'!H8+'6월'!H8+'7월'!H8+'8월'!H8+'9월'!H8+'10월'!H8+'11월'!H8+'12월'!H8 -> 114400243123 | I8: ='1월'!K8+'2월'!I8+'3월'!I8+'4월'!I8+'5월'!I8+'6월'!I8+'7월'!I8+'8월'!I8+'9월'!I8+'10월'!I8+'11월'!I8+'12월'!I8 -> 3568957613 | J8: ='1월'!L8+'2월'!J8+'3월'!J8+'4월'!J8+'5월'!J8+'6월'!J8+'7월'!J8+'8월'!J8+'9월'!J8+'10월'!J8+'11월'!J8+'12월'!J8 -> 13329998 | K8: ='1월'!M8+'2월'!K8+'3월'!K8+'4월'!K8+'5월'!K8+'6월'!K8+'7월'!K8+'8월'!K8+'9월'!K8+'10월'!K8+'11월'!K8+'12월'!K8 -> 8706214016 | L8: ='1월'!N8+'2월'!L8+'3월'!L8+'4월'!L8+'5월'!L8+'6월'!L8+'7월'!L8+'8월'!L8+'9월'!L8+'10월'!L8+'11월'!L8+'12월'!L8 -> 1271560290 | M8: ='1월'!O8+'2월'!M8+'3월'!M8+'4월'!M8+'5월'!M8+'6월'!M8+'7월'!M8+'8월'!M8+'9월'!M8+'10월'!M8+'11월'!M8+'12월'!M8 -> 0 | O8: =IFERROR(VLOOKUP($A8,[1]플랫폼1!$A:$B,2,FALSE),0) -> 0 | P8: =IFERROR(VLOOKUP($A8,[1]플랫폼2!$A:$M,12,FALSE),0)+IFERROR(VLOOKUP($A8,[1]플랫폼2!$A:$M,13,FALSE),0) -> 0 | Q8: =IFERROR(VLOOKUP($A8,[1]플랫폼2!$A:$M,7,FALSE),0)+IFERROR(VLOOKUP($A8,[1]플랫폼2!$A:$M,12,FALSE),0) -> 0 | R8: =IFERROR(VLOOKUP($A8,[1]모바일!$A:$S,17,FALSE),0) -> 0 | S8: =IFERROR(VLOOKUP($A8,[1]모바일!$A:$S,18,FALSE),0) -> 0 | T8: =IFERROR(VLOOKUP(A8,[1]플랫폼2!$A:$O,15,0),0) -> 0 | V8: 기타수수료 | W8: =O15 -> 255559642 | X8: =P15+P22 -> 224549034 | Y8: =Q15 -> 48234364 | Z8: =R15 -> 0 | AA8: =S22 -> 441954966
A9: 상품매출액-신용카드매출 | B9: ='1월'!B9+'2월'!B9+'3월'!B9+'4월'!B9+'5월'!B9+'6월'!B9+'7월'!B9+'8월'!B9+'9월'!B9+'10월'!B9+'11월'!B9+'12월'!B9 -> 3607447906 | C9: ='1월'!C9+'2월'!C9+'3월'!C9+'4월'!C9+'5월'!C9+'6월'!C9+'7월'!C9+'8월'!C9+'9월'!C9+'10월'!C9+'11월'!C9+'12월'!C9 -> -7737093 | D9: ='1월'!D9+'2월'!D9+'3월'!D9+'4월'!D9+'5월'!D9+'6월'!D9+'7월'!D9+'8월'!D9+'9월'!D9+'10월'!D9+'11월'!D9+'12월'!D9 -> 17911642 | E9: ='1월'!E9+'2월'!E9+'3월'!E9+'4월'!E9+'5월'!E9+'6월'!E9+'7월'!E9+'8월'!E9+'9월'!E9+'10월'!E9+'11월'!E9+'12월'!E9 -> 3597273357 | F9: ='1월'!F9+'2월'!F9+'3월'!F9+'4월'!F9+'5월'!F9+'6월'!F9+'7월'!F9+'8월'!F9+'9월'!F9+'10월'!F9+'11월'!F9+'12월'!F9 -> 3011229218 | G9: ='1월'!H9+'2월'!G9+'3월'!G9+'4월'!G9+'5월'!G9+'6월'!G9+'7월'!G9+'8월'!G9+'9월'!G9+'10월'!G9+'11월'!G9+'12월'!G9 -> 2731455 | H9: ='1월'!J9+'2월'!H9+'3월'!H9+'4월'!H9+'5월'!H9+'6월'!H9+'7월'!H9+'8월'!H9+'9월'!H9+'10월'!H9+'11월'!H9+'12월'!H9 -> 141399046 | I9: ='1월'!K9+'2월'!I9+'3월'!I9+'4월'!I9+'5월'!I9+'6월'!I9+'7월'!I9+'8월'!I9+'9월'!I9+'10월'!I9+'11월'!I9+'12월'!I9 -> 11694091 | J9: ='1월'!L9+'2월'!J9+'3월'!J9+'4월'!J9+'5월'!J9+'6월'!J9+'7월'!J9+'8월'!J9+'9월'!J9+'10월'!J9+'11월'!J9+'12월'!J9 -> 0 | K9: ='1월'!M9+'2월'!K9+'3월'!K9+'4월'!K9+'5월'!K9+'6월'!K9+'7월'!K9+'8월'!K9+'9월'!K9+'10월'!K9+'11월'!K9+'12월'!K9 -> 10572255 | L9: ='1월'!N9+'2월'!L9+'3월'!L9+'4월'!L9+'5월'!L9+'6월'!L9+'7월'!L9+'8월'!L9+'9월'!L9+'10월'!L9+'11월'!L9+'12월'!L9 -> 12424000 | M9: ='1월'!O9+'2월'!M9+'3월'!M9+'4월'!M9+'5월'!M9+'6월'!M9+'7월'!M9+'8월'!M9+'9월'!M9+'10월'!M9+'11월'!M9+'12월'!M9 -> 407223292 | O9: =IFERROR(VLOOKUP($A9,[1]플랫폼1!$A:$B,2,FALSE),0) -> 0 | P9: =IFERROR(VLOOKUP($A9,[1]플랫폼2!$A:$M,12,FALSE),0)+IFERROR(VLOOKUP($A9,[1]플랫폼2!$A:$M,13,FALSE),0) -> 0 | Q9: =IFERROR(VLOOKUP($A9,[1]플랫폼2!$A:$M,7,FALSE),0)+IFERROR(VLOOKUP($A9,[1]플랫폼2!$A:$M,12,FALSE),0) -> 0 | R9: =IFERROR(VLOOKUP($A9,[1]모바일!$A:$S,17,FALSE),0) -> 0 | S9: =IFERROR(VLOOKUP($A9,[1]모바일!$A:$S,18,FALSE),0) -> 0 | T9: 407223292 | V9: 매 출 원 가 | W9: =VLOOKUP(V9,$A:$S,15,0) -> 4110141099 | X9: =VLOOKUP(V9,$A:$S,16,0) -> 7894223749 | Y9: =VLOOKUP(V9,$A:$S,17,0) -> 29895506448 | Z9: =VLOOKUP(V9,$A:$S,18,0) -> 728333.33 | AA9: =VLOOKUP(V9,$A:$S,19,0) -> 728333.33
A10: 상품매출액-부분납 | B10: ='1월'!B10+'2월'!B10+'3월'!B10+'4월'!B10+'5월'!B10+'6월'!B10+'7월'!B10+'8월'!B10+'9월'!B10+'10월'!B10+'11월'!B10+'12월'!B10 -> 2073581510 | C10: ='1월'!C10+'2월'!C10+'3월'!C10+'4월'!C10+'5월'!C10+'6월'!C10+'7월'!C10+'8월'!C10+'9월'!C10+'10월'!C10+'11월'!C10+'12월'!C10 -> 0 | D10: ='1월'!D10+'2월'!D10+'3월'!D10+'4월'!D10+'5월'!D10+'6월'!D10+'7월'!D10+'8월'!D10+'9월'!D10+'10월'!D10+'11월'!D10+'12월'!D10 -> 0 | E10: ='1월'!E10+'2월'!E10+'3월'!E10+'4월'!E10+'5월'!E10+'6월'!E10+'7월'!E10+'8월'!E10+'9월'!E10+'10월'!E10+'11월'!E10+'12월'!E10 -> 2073581510 | F10: ='1월'!F10+'2월'!F10+'3월'!F10+'4월'!F10+'5월'!F10+'6월'!F10+'7월'!F10+'8월'!F10+'9월'!F10+'10월'!F10+'11월'!F10+'12월'!F10 -> 0 | G10: ='1월'!H10+'2월'!G10+'3월'!G10+'4월'!G10+'5월'!G10+'6월'!G10+'7월'!G10+'8월'!G10+'9월'!G10+'10월'!G10+'11월'!G10+'12월'!G10 -> 0 | H10: ='1월'!J10+'2월'!H10+'3월'!H10+'4월'!H10+'5월'!H10+'6월'!H10+'7월'!H10+'8월'!H10+'9월'!H10+'10월'!H10+'11월'!H10+'12월'!H10 -> 1840800001 | I10: ='1월'!K10+'2월'!I10+'3월'!I10+'4월'!I10+'5월'!I10+'6월'!I10+'7월'!I10+'8월'!I10+'9월'!I10+'10월'!I10+'11월'!I10+'12월'!I10 -> 1849826 | J10: ='1월'!L10+'2월'!J10+'3월'!J10+'4월'!J10+'5월'!J10+'6월'!J10+'7월'!J10+'8월'!J10+'9월'!J10+'10월'!J10+'11월'!J10+'12월'!J10 -> 44716782 | K10: ='1월'!M10+'2월'!K10+'3월'!K10+'4월'!K10+'5월'!K10+'6월'!K10+'7월'!K10+'8월'!K10+'9월'!K10+'10월'!K10+'11월'!K10+'12월'!K10 -> 186214901 | L10: ='1월'!N10+'2월'!L10+'3월'!L10+'4월'!L10+'5월'!L10+'6월'!L10+'7월'!L10+'8월'!L10+'9월'!L10+'10월'!L10+'11월'!L10+'12월'!L10 -> 0 | M10: ='1월'!O10+'2월'!M10+'3월'!M10+'4월'!M10+'5월'!M10+'6월'!M10+'7월'!M10+'8월'!M10+'9월'!M10+'10월'!M10+'11월'!M10+'12월'!M10 -> 0 | O10: =IFERROR(VLOOKUP($A10,[1]플랫폼1!$A:$B,2,FALSE),0) -> 0 | P10: =IFERROR(VLOOKUP($A10,[1]플랫폼2!$A:$M,12,FALSE),0)+IFERROR(VLOOKUP($A10,[1]플랫폼2!$A:$M,13,FALSE),0) -> 0 | Q10: =IFERROR(VLOOKUP($A10,[1]플랫폼2!$A:$M,7,FALSE),0)+IFERROR(VLOOKUP($A10,[1]플랫폼2!$A:$M,12,FALSE),0) -> 0 | R10: =IFERROR(VLOOKUP($A10,[1]모바일!$A:$S,17,FALSE),0) -> 0 | S10: =IFERROR(VLOOKUP($A10,[1]모바일!$A:$S,18,FALSE),0) -> 0 | T10: =IFERROR(VLOOKUP(A10,[1]플랫폼2!$A:$O,15,0),0) -> 0 | V10: 매 출 총 이 익 | W10: =VLOOKUP(V10,$A:$S,15,0) -> 2572621219 | X10: =VLOOKUP(V10,$A:$S,16,0) -> 2271025742 | Y10: =VLOOKUP(V10,$A:$S,17,0) -> 7223920115 | Z10: =VLOOKUP(V10,$A:$S,18,0) -> 3.5698167e+08 | AA10: =VLOOKUP(V10,$A:$S,19,0) -> 4.4122663e+08
A11: 상품매출액-보험매출 | B11: ='1월'!B11+'2월'!B11+'3월'!B11+'4월'!B11+'5월'!B11+'6월'!B11+'7월'!B11+'8월'!B11+'9월'!B11+'10월'!B11+'11월'!B11+'12월'!B11 -> 4144008217 | C11: ='1월'!C11+'2월'!C11+'3월'!C11+'4월'!C11+'5월'!C11+'6월'!C11+'7월'!C11+'8월'!C11+'9월'!C11+'10월'!C11+'11월'!C11+'12월'!C11 -> 2850728 | D11: ='1월'!D11+'2월'!D11+'3월'!D11+'4월'!D11+'5월'!D11+'6월'!D11+'7월'!D11+'8월'!D11+'9월'!D11+'10월'!D11+'11월'!D11+'12월'!D11 -> 0 | E11: ='1월'!E11+'2월'!E11+'3월'!E11+'4월'!E11+'5월'!E11+'6월'!E11+'7월'!E11+'8월'!E11+'9월'!E11+'10월'!E11+'11월'!E11+'12월'!E11 -> 4141157489 | F11: ='1월'!F11+'2월'!F11+'3월'!F11+'4월'!F11+'5월'!F11+'6월'!F11+'7월'!F11+'8월'!F11+'9월'!F11+'10월'!F11+'11월'!F11+'12월'!F11 -> 3432162383 | G11: ='1월'!H11+'2월'!G11+'3월'!G11+'4월'!G11+'5월'!G11+'6월'!G11+'7월'!G11+'8월'!G11+'9월'!G11+'10월'!G11+'11월'!G11+'12월'!G11 -> 0 | H11: ='1월'!J11+'2월'!H11+'3월'!H11+'4월'!H11+'5월'!H11+'6월'!H11+'7월'!H11+'8월'!H11+'9월'!H11+'10월'!H11+'11월'!H11+'12월'!H11 -> 708995106 | I11: ='1월'!K11+'2월'!I11+'3월'!I11+'4월'!I11+'5월'!I11+'6월'!I11+'7월'!I11+'8월'!I11+'9월'!I11+'10월'!I11+'11월'!I11+'12월'!I11 -> 0 | J11: ='1월'!L11+'2월'!J11+'3월'!J11+'4월'!J11+'5월'!J11+'6월'!J11+'7월'!J11+'8월'!J11+'9월'!J11+'10월'!J11+'11월'!J11+'12월'!J11 -> 0 | K11: ='1월'!M11+'2월'!K11+'3월'!K11+'4월'!K11+'5월'!K11+'6월'!K11+'7월'!K11+'8월'!K11+'9월'!K11+'10월'!K11+'11월'!K11+'12월'!K11 -> 0 | L11: ='1월'!N11+'2월'!L11+'3월'!L11+'4월'!L11+'5월'!L11+'6월'!L11+'7월'!L11+'8월'!L11+'9월'!L11+'10월'!L11+'11월'!L11+'12월'!L11 -> 0 | M11: ='1월'!O11+'2월'!M11+'3월'!M11+'4월'!M11+'5월'!M11+'6월'!M11+'7월'!M11+'8월'!M11+'9월'!M11+'10월'!M11+'11월'!M11+'12월'!M11 -> 0 | O11: =IFERROR(VLOOKUP($A11,[1]플랫폼1!$A:$B,2,FALSE),0) -> 0 | P11: =IFERROR(VLOOKUP($A11,[1]플랫폼2!$A:$M,12,FALSE),0)+IFERROR(VLOOKUP($A11,[1]플랫폼2!$A:$M,13,FALSE),0) -> 0 | Q11: =IFERROR(VLOOKUP($A11,[1]플랫폼2!$A:$M,7,FALSE),0)+IFERROR(VLOOKUP($A11,[1]플랫폼2!$A:$M,12,FALSE),0) -> 0 | R11: =IFERROR(VLOOKUP($A11,[1]모바일!$A:$S,17,FALSE),0) -> 0 | S11: =IFERROR(VLOOKUP($A11,[1]모바일!$A:$S,18,FALSE),0) -> 0 | T11: =IFERROR(VLOOKUP(A11,[1]플랫폼2!$A:$O,15,0),0) -> 0 | V11: 판매비와일반관리비 | W11: =VLOOKUP(V11,$A:$S,15,0) -> 2870898509 | X11: =VLOOKUP(V11,$A:$S,16,0) -> 1864003365 | Y11: =VLOOKUP(V11,$A:$S,17,0) -> 1362120999 | Z11: =VLOOKUP(V11,$A:$S,18,0) -> 3.1150064e+08 | AA11: =VLOOKUP(V11,$A:$S,19,0) -> 1.7168388e+08
A12: 상품매출-기타 | B12: ='1월'!B12+'2월'!B12+'3월'!B12+'4월'!B12+'5월'!B12+'6월'!B12+'7월'!B12+'8월'!B12+'9월'!B12+'10월'!B12+'11월'!B12+'12월'!B12 -> 4569894180 | C12: ='1월'!C12+'2월'!C12+'3월'!C12+'4월'!C12+'5월'!C12+'6월'!C12+'7월'!C12+'8월'!C12+'9월'!C12+'10월'!C12+'11월'!C12+'12월'!C12 -> 2833400 | D12: ='1월'!D12+'2월'!D12+'3월'!D12+'4월'!D12+'5월'!D12+'6월'!D12+'7월'!D12+'8월'!D12+'9월'!D12+'10월'!D12+'11월'!D12+'12월'!D12 -> 0 | E12: ='1월'!E12+'2월'!E12+'3월'!E12+'4월'!E12+'5월'!E12+'6월'!E12+'7월'!E12+'8월'!E12+'9월'!E12+'10월'!E12+'11월'!E12+'12월'!E12 -> 4567060780 | F12: ='1월'!F12+'2월'!F12+'3월'!F12+'4월'!F12+'5월'!F12+'6월'!F12+'7월'!F12+'8월'!F12+'9월'!F12+'10월'!F12+'11월'!F12+'12월'!F12 -> 0 | G12: ='1월'!H12+'2월'!G12+'3월'!G12+'4월'!G12+'5월'!G12+'6월'!G12+'7월'!G12+'8월'!G12+'9월'!G12+'10월'!G12+'11월'!G12+'12월'!G12 -> 0 | H12: ='1월'!J12+'2월'!H12+'3월'!H12+'4월'!H12+'5월'!H12+'6월'!H12+'7월'!H12+'8월'!H12+'9월'!H12+'10월'!H12+'11월'!H12+'12월'!H12 -> 0 | I12: ='1월'!K12+'2월'!I12+'3월'!I12+'4월'!I12+'5월'!I12+'6월'!I12+'7월'!I12+'8월'!I12+'9월'!I12+'10월'!I12+'11월'!I12+'12월'!I12 -> 0 | J12: ='1월'!L12+'2월'!J12+'3월'!J12+'4월'!J12+'5월'!J12+'6월'!J12+'7월'!J12+'8월'!J12+'9월'!J12+'10월'!J12+'11월'!J12+'12월'!J12 -> 0 | K12: ='1월'!M12+'2월'!K12+'3월'!K12+'4월'!K12+'5월'!K12+'6월'!K12+'7월'!K12+'8월'!K12+'9월'!K12+'10월'!K12+'11월'!K12+'12월'!K12 -> 0 | L12: ='1월'!N12+'2월'!L12+'3월'!L12+'4월'!L12+'5월'!L12+'6월'!L12+'7월'!L12+'8월'!L12+'9월'!L12+'10월'!L12+'11월'!L12+'12월'!L12 -> 0 | M12: ='1월'!O12+'2월'!M12+'3월'!M12+'4월'!M12+'5월'!M12+'6월'!M12+'7월'!M12+'8월'!M12+'9월'!M12+'10월'!M12+'11월'!M12+'12월'!M12 -> 4567060780 | O12: =IFERROR(VLOOKUP($A12,[1]플랫폼1!$A:$B,2,FALSE),0) -> 4557133512 | P12: =IFERROR(VLOOKUP($A12,[1]플랫폼2!$A:$M,12,FALSE),0)+IFERROR(VLOOKUP($A12,[1]플랫폼2!$A:$M,13,FALSE),0) -> 0 | Q12: =IFERROR(VLOOKUP($A12,[1]플랫폼2!$A:$M,7,FALSE),0)+IFERROR(VLOOKUP($A12,[1]플랫폼2!$A:$M,12,FALSE),0) -> 9927268 | R12: =IFERROR(VLOOKUP($A12,[1]모바일!$A:$S,17,FALSE),0) -> 0 | S12: =IFERROR(VLOOKUP($A12,[1]모바일!$A:$S,18,FALSE),0) -> 0 | T12: =IFERROR(VLOOKUP(A12,[1]플랫폼2!$A:$O,15,0),0) -> 0 | V12: 인건비 | W12: =O29+O30+O63+O70+O71+O73+O74 -> 362867576 | X12: =P29+P30+P63+P70+P71+P73+P74 -> 2.6140635e+08 | Y12: =Q29+Q30+Q63+Q70+Q71+Q73+Q74 -> 2.6140635e+08 | Z12: =R29+R30+R63+R70+R71+R73+R74 -> 37300458 | AA12: =S29+S30+S63+S70+S71+S73+S74 -> 37300458
A13: 수수료수입 | B13: ='1월'!B13+'2월'!B13+'3월'!B13+'4월'!B13+'5월'!B13+'6월'!B13+'7월'!B13+'8월'!B13+'9월'!B13+'10월'!B13+'11월'!B13+'12월'!B13 -> 285761962054 | C13: ='1월'!C13+'2월'!C13+'3월'!C13+'4월'!C13+'5월'!C13+'6월'!C13+'7월'!C13+'8월'!C13+'9월'!C13+'10월'!C13+'11월'!C13+'12월'!C13 -> -22215038758 | D13: ='1월'!D13+'2월'!D13+'3월'!D13+'4월'!D13+'5월'!D13+'6월'!D13+'7월'!D13+'8월'!D13+'9월'!D13+'10월'!D13+'11월'!D13+'12월'!D13 -> 1575949636 | E13: ='1월'!E13+'2월'!E13+'3월'!E13+'4월'!E13+'5월'!E13+'6월'!E13+'7월'!E13+'8월'!E13+'9월'!E13+'10월'!E13+'11월'!E13+'12월'!E13 -> 306401051176 | F13: ='1월'!F13+'2월'!F13+'3월'!F13+'4월'!F13+'5월'!F13+'6월'!F13+'7월'!F13+'8월'!F13+'9월'!F13+'10월'!F13+'11월'!F13+'12월'!F13 -> 1.5782224e+11 | G13: ='1월'!H13+'2월'!G13+'3월'!G13+'4월'!G13+'5월'!G13+'6월'!G13+'7월'!G13+'8월'!G13+'9월'!G13+'10월'!G13+'11월'!G13+'12월'!G13 -> 4.2966236e+10 | H13: ='1월'!J13+'2월'!H13+'3월'!H13+'4월'!H13+'5월'!H13+'6월'!H13+'7월'!H13+'8월'!H13+'9월'!H13+'10월'!H13+'11월'!H13+'12월'!H13 -> 53014878617 | I13: ='1월'!K13+'2월'!I13+'3월'!I13+'4월'!I13+'5월'!I13+'6월'!I13+'7월'!I13+'8월'!I13+'9월'!I13+'10월'!I13+'11월'!I13+'12월'!I13 -> 9038659980 | J13: ='1월'!L13+'2월'!J13+'3월'!J13+'4월'!J13+'5월'!J13+'6월'!J13+'7월'!J13+'8월'!J13+'9월'!J13+'10월'!J13+'11월'!J13+'12월'!J13 -> 8969674721 | K13: ='1월'!M13+'2월'!K13+'3월'!K13+'4월'!K13+'5월'!K13+'6월'!K13+'7월'!K13+'8월'!K13+'9월'!K13+'10월'!K13+'11월'!K13+'12월'!K13 -> 14940053707 | L13: ='1월'!N13+'2월'!L13+'3월'!L13+'4월'!L13+'5월'!L13+'6월'!L13+'7월'!L13+'8월'!L13+'9월'!L13+'10월'!L13+'11월'!L13+'12월'!L13 -> 15006724930 | M13: ='1월'!O13+'2월'!M13+'3월'!M13+'4월'!M13+'5월'!M13+'6월'!M13+'7월'!M13+'8월'!M13+'9월'!M13+'10월'!M13+'11월'!M13+'12월'!M13 -> 4642585874 | O13: =IFERROR(VLOOKUP($A13,[1]플랫폼1!$A:$B,2,FALSE),0) -> 2125628806 | P13: =IFERROR(VLOOKUP($A13,[1]플랫폼2!$A:$M,12,FALSE),0)+IFERROR(VLOOKUP($A13,[1]플랫폼2!$A:$M,13,FALSE),0) -> 1129992021 | Q13: =IFERROR(VLOOKUP($A13,[1]플랫폼2!$A:$M,7,FALSE),0)+IFERROR(VLOOKUP($A13,[1]플랫폼2!$A:$M,12,FALSE),0) -> 269118263 | R13: =IFERROR(VLOOKUP($A13,[1]모바일!$A:$S,17,FALSE),0) -> 357710000 | S13: =IFERROR(VLOOKUP($A13,[1]모바일!$A:$S,18,FALSE),0) -> 441954966 | T13: =IFERROR(VLOOKUP(A13,[1]플랫폼2!$A:$O,15,0),0) -> 318181818 | V13: 마케팅비 | W13: =O217+O215+O229 -> 142022820 | X13: =P217+P215+P229 -> 1.3802355e+08 | Y13: =Q217+Q215+Q229 -> 1.4117993e+08 | Z13: =R217+R215+R229 -> 2167737 | AA13: =S217+S215+S229 -> 2167737
A14: 수수료수입-KT(RDS) | B14: ='1월'!B14+'2월'!B14+'3월'!B14+'4월'!B14+'5월'!B14+'6월'!B14+'7월'!B14+'8월'!B14+'9월'!B14+'10월'!B14+'11월'!B14+'12월'!B14 -> 159859732685 | C14: ='1월'!C14+'2월'!C14+'3월'!C14+'4월'!C14+'5월'!C14+'6월'!C14+'7월'!C14+'8월'!C14+'9월'!C14+'10월'!C14+'11월'!C14+'12월'!C14 -> 217903319 | D14: ='1월'!D14+'2월'!D14+'3월'!D14+'4월'!D14+'5월'!D14+'6월'!D14+'7월'!D14+'8월'!D14+'9월'!D14+'10월'!D14+'11월'!D14+'12월'!D14 -> 16381820 | E14: ='1월'!E14+'2월'!E14+'3월'!E14+'4월'!E14+'5월'!E14+'6월'!E14+'7월'!E14+'8월'!E14+'9월'!E14+'10월'!E14+'11월'!E14+'12월'!E14 -> 159625447546 | F14: ='1월'!F14+'2월'!F14+'3월'!F14+'4월'!F14+'5월'!F14+'6월'!F14+'7월'!F14+'8월'!F14+'9월'!F14+'10월'!F14+'11월'!F14+'12월'!F14 -> 9.7276205e+10 | G14: ='1월'!H14+'2월'!G14+'3월'!G14+'4월'!G14+'5월'!G14+'6월'!G14+'7월'!G14+'8월'!G14+'9월'!G14+'10월'!G14+'11월'!G14+'12월'!G14 -> 1.4486641e+09 | H14: ='1월'!J14+'2월'!H14+'3월'!H14+'4월'!H14+'5월'!H14+'6월'!H14+'7월'!H14+'8월'!H14+'9월'!H14+'10월'!H14+'11월'!H14+'12월'!H14 -> 32359921971 | I14: ='1월'!K14+'2월'!I14+'3월'!I14+'4월'!I14+'5월'!I14+'6월'!I14+'7월'!I14+'8월'!I14+'9월'!I14+'10월'!I14+'11월'!I14+'12월'!I14 -> 6296962972 | J14: ='1월'!L14+'2월'!J14+'3월'!J14+'4월'!J14+'5월'!J14+'6월'!J14+'7월'!J14+'8월'!J14+'9월'!J14+'10월'!J14+'11월'!J14+'12월'!J14 -> 7108576733 | K14: ='1월'!M14+'2월'!K14+'3월'!K14+'4월'!K14+'5월'!K14+'6월'!K14+'7월'!K14+'8월'!K14+'9월'!K14+'10월'!K14+'11월'!K14+'12월'!K14 -> 10924392547 | L14: ='1월'!N14+'2월'!L14+'3월'!L14+'4월'!L14+'5월'!L14+'6월'!L14+'7월'!L14+'8월'!L14+'9월'!L14+'10월'!L14+'11월'!L14+'12월'!L14 -> 896146592 | M14: ='1월'!O14+'2월'!M14+'3월'!M14+'4월'!M14+'5월'!M14+'6월'!M14+'7월'!M14+'8월'!M14+'9월'!M14+'10월'!M14+'11월'!M14+'12월'!M14 -> 3314577868 | O14: =IFERROR(VLOOKUP($A14,[1]플랫폼1!$A:$B,2,FALSE),0) -> 1870069164 | P14: =IFERROR(VLOOKUP($A14,[1]플랫폼2!$A:$M,12,FALSE),0)+IFERROR(VLOOKUP($A14,[1]플랫폼2!$A:$M,13,FALSE),0) -> 905442987 | Q14: =IFERROR(VLOOKUP($A14,[1]플랫폼2!$A:$M,7,FALSE),0)+IFERROR(VLOOKUP($A14,[1]플랫폼2!$A:$M,12,FALSE),0) -> 220883899 | R14: =IFERROR(VLOOKUP($A14,[1]모바일!$A:$S,17,FALSE),0) -> 0 | S14: =IFERROR(VLOOKUP($A14,[1]모바일!$A:$S,18,FALSE),0) -> 0 | T14: =IFERROR(VLOOKUP(A14,[1]플랫폼2!$A:$O,15,0),0) -> 318181818 | V14: 임차관리비 | W14: =O142+O133 -> 0 | X14: =P142+P133 -> 17929443 | Y14: =Q142+Q133 -> 32369094 | Z14: =R142+R133 -> 18795740 | AA14: =S142+S133 -> 26627313
A15: 수수료수입-기타 | B15: ='1월'!B15+'2월'!B15+'3월'!B15+'4월'!B15+'5월'!B15+'6월'!B15+'7월'!B15+'8월'!B15+'9월'!B15+'10월'!B15+'11월'!B15+'12월'!B15 -> 2592202339 | C15: ='1월'!C15+'2월'!C15+'3월'!C15+'4월'!C15+'5월'!C15+'6월'!C15+'7월'!C15+'8월'!C15+'9월'!C15+'10월'!C15+'11월'!C15+'12월'!C15 -> 1030531090 | D15: ='1월'!D15+'2월'!D15+'3월'!D15+'4월'!D15+'5월'!D15+'6월'!D15+'7월'!D15+'8월'!D15+'9월'!D15+'10월'!D15+'11월'!D15+'12월'!D15 -> -15158638 | E15: ='1월'!E15+'2월'!E15+'3월'!E15+'4월'!E15+'5월'!E15+'6월'!E15+'7월'!E15+'8월'!E15+'9월'!E15+'10월'!E15+'11월'!E15+'12월'!E15 -> 1576829887 | F15: ='1월'!F15+'2월'!F15+'3월'!F15+'4월'!F15+'5월'!F15+'6월'!F15+'7월'!F15+'8월'!F15+'9월'!F15+'10월'!F15+'11월'!F15+'12월'!F15 -> 218321943 | G15: ='1월'!H15+'2월'!G15+'3월'!G15+'4월'!G15+'5월'!G15+'6월'!G15+'7월'!G15+'8월'!G15+'9월'!G15+'10월'!G15+'11월'!G15+'12월'!G15 -> 6272727 | H15: ='1월'!J15+'2월'!H15+'3월'!H15+'4월'!H15+'5월'!H15+'6월'!H15+'7월'!H15+'8월'!H15+'9월'!H15+'10월'!H15+'11월'!H15+'12월'!H15 -> 157286169 | I15: ='1월'!K15+'2월'!I15+'3월'!I15+'4월'!I15+'5월'!I15+'6월'!I15+'7월'!I15+'8월'!I15+'9월'!I15+'10월'!I15+'11월'!I15+'12월'!I15 -> 0 | J15: ='1월'!L15+'2월'!J15+'3월'!J15+'4월'!J15+'5월'!J15+'6월'!J15+'7월'!J15+'8월'!J15+'9월'!J15+'10월'!J15+'11월'!J15+'12월'!J15 -> 27989232 | K15: ='1월'!M15+'2월'!K15+'3월'!K15+'4월'!K15+'5월'!K15+'6월'!K15+'7월'!K15+'8월'!K15+'9월'!K15+'10월'!K15+'11월'!K15+'12월'!K15 -> 0 | L15: ='1월'!N15+'2월'!L15+'3월'!L15+'4월'!L15+'5월'!L15+'6월'!L15+'7월'!L15+'8월'!L15+'9월'!L15+'10월'!L15+'11월'!L15+'12월'!L15 -> 861071810 | M15: ='1월'!O15+'2월'!M15+'3월'!M15+'4월'!M15+'5월'!M15+'6월'!M15+'7월'!M15+'8월'!M15+'9월'!M15+'10월'!M15+'11월'!M15+'12월'!M15 -> 305888006 | O15: =IFERROR(VLOOKUP($A15,[1]플랫폼1!$A:$B,2,FALSE),0) -> 255559642 | P15: =IFERROR(VLOOKUP($A15,[1]플랫폼2!$A:$M,12,FALSE),0)+IFERROR(VLOOKUP($A15,[1]플랫폼2!$A:$M,13,FALSE),0) -> 2094000 | Q15: =IFERROR(VLOOKUP($A15,[1]플랫폼2!$A:$M,7,FALSE),0)+IFERROR(VLOOKUP($A15,[1]플랫폼2!$A:$M,12,FALSE),0) -> 48234364 | R15: =IFERROR(VLOOKUP($A15,[1]모바일!$A:$S,17,FALSE),0) -> 0 | S15: =IFERROR(VLOOKUP($A15,[1]모바일!$A:$S,18,FALSE),0) -> 0 | T15: =IFERROR(VLOOKUP(A15,[1]플랫폼2!$A:$O,15,0),0) -> 0 | V15: 감가상각비 | W15: =O141+O238 -> 30000000 | X15: =P141+P238 -> 319799989 | Y15: =Q141+Q238 -> 0 | Z15: =R141+R238 -> 0 | AA15: =S141+S238 -> 0
A16: 수수료수입-관리 | B16: ='1월'!B16+'2월'!B16+'3월'!B16+'4월'!B16+'5월'!B16+'6월'!B16+'7월'!B16+'8월'!B16+'9월'!B16+'10월'!B16+'11월'!B16+'12월'!B16 -> 52505720873 | C16: ='1월'!C16+'2월'!C16+'3월'!C16+'4월'!C16+'5월'!C16+'6월'!C16+'7월'!C16+'8월'!C16+'9월'!C16+'10월'!C16+'11월'!C16+'12월'!C16 -> -135643018 | D16: ='1월'!D16+'2월'!D16+'3월'!D16+'4월'!D16+'5월'!D16+'6월'!D16+'7월'!D16+'8월'!D16+'9월'!D16+'10월'!D16+'11월'!D16+'12월'!D16 -> 0 | E16: ='1월'!E16+'2월'!E16+'3월'!E16+'4월'!E16+'5월'!E16+'6월'!E16+'7월'!E16+'8월'!E16+'9월'!E16+'10월'!E16+'11월'!E16+'12월'!E16 -> 52641363891 | F16: ='1월'!F16+'2월'!F16+'3월'!F16+'4월'!F16+'5월'!F16+'6월'!F16+'7월'!F16+'8월'!F16+'9월'!F16+'10월'!F16+'11월'!F16+'12월'!F16 -> 2.9908803e+10 | G16: ='1월'!H16+'2월'!G16+'3월'!G16+'4월'!G16+'5월'!G16+'6월'!G16+'7월'!G16+'8월'!G16+'9월'!G16+'10월'!G16+'11월'!G16+'12월'!G16 -> 9.8731705e+09 | H16: ='1월'!J16+'2월'!H16+'3월'!H16+'4월'!H16+'5월'!H16+'6월'!H16+'7월'!H16+'8월'!H16+'9월'!H16+'10월'!H16+'11월'!H16+'12월'!H16 -> 5984211784 | I16: ='1월'!K16+'2월'!I16+'3월'!I16+'4월'!I16+'5월'!I16+'6월'!I16+'7월'!I16+'8월'!I16+'9월'!I16+'10월'!I16+'11월'!I16+'12월'!I16 -> 936586111 | J16: ='1월'!L16+'2월'!J16+'3월'!J16+'4월'!J16+'5월'!J16+'6월'!J16+'7월'!J16+'8월'!J16+'9월'!J16+'10월'!J16+'11월'!J16+'12월'!J16 -> 1558828667 | K16: ='1월'!M16+'2월'!K16+'3월'!K16+'4월'!K16+'5월'!K16+'6월'!K16+'7월'!K16+'8월'!K16+'9월'!K16+'10월'!K16+'11월'!K16+'12월'!K16 -> 2917135810 | L16: ='1월'!N16+'2월'!L16+'3월'!L16+'4월'!L16+'5월'!L16+'6월'!L16+'7월'!L16+'8월'!L16+'9월'!L16+'10월'!L16+'11월'!L16+'12월'!L16 -> 1462628020 | M16: ='1월'!O16+'2월'!M16+'3월'!M16+'4월'!M16+'5월'!M16+'6월'!M16+'7월'!M16+'8월'!M16+'9월'!M16+'10월'!M16+'11월'!M16+'12월'!M16 -> 0 | O16: =IFERROR(VLOOKUP($A16,[1]플랫폼1!$A:$B,2,FALSE),0) -> 0 | P16: =IFERROR(VLOOKUP($A16,[1]플랫폼2!$A:$M,12,FALSE),0)+IFERROR(VLOOKUP($A16,[1]플랫폼2!$A:$M,13,FALSE),0) -> 0 | Q16: =IFERROR(VLOOKUP($A16,[1]플랫폼2!$A:$M,7,FALSE),0)+IFERROR(VLOOKUP($A16,[1]플랫폼2!$A:$M,12,FALSE),0) -> 0 | R16: =IFERROR(VLOOKUP($A16,[1]모바일!$A:$S,17,FALSE),0) -> 0 | S16: =IFERROR(VLOOKUP($A16,[1]모바일!$A:$S,18,FALSE),0) -> 0 | T16: =IFERROR(VLOOKUP(A16,[1]플랫폼2!$A:$O,15,0),0) -> 0 | V16: 기타운영비 | W16: =O115+O122+O126+O136+O151+O156+O164+O171+O178+O181+O193+O199 -> 2336008113 | X16: =P115+P122+P126+P136+P151+P156+P164+P171+P178+P181+P193+P199 -> 1126844035 | Y16: =Q115+Q122+Q126+Q136+Q151+Q156+Q164+Q171+Q178+Q181+Q193+Q199 -> 927165627 | Z16: =R115+R122+R126+R136+R151+R156+R164+R171+R178+R181+R193+R199 -> 2.532367e+08 | AA16: =S115+S122+S126+S136+S151+S156+S164+S171+S178+S181+S193+S199 -> 1.0558838e+08
A17: 수수료수입-매장성 | B17: ='1월'!B17+'2월'!B17+'3월'!B17+'4월'!B17+'5월'!B17+'6월'!B17+'7월'!B17+'8월'!B17+'9월'!B17+'10월'!B17+'11월'!B17+'12월'!B17 -> 918177211 | C17: ='1월'!C17+'2월'!C17+'3월'!C17+'4월'!C17+'5월'!C17+'6월'!C17+'7월'!C17+'8월'!C17+'9월'!C17+'10월'!C17+'11월'!C17+'12월'!C17 -> 79291398 | D17: ='1월'!D17+'2월'!D17+'3월'!D17+'4월'!D17+'5월'!D17+'6월'!D17+'7월'!D17+'8월'!D17+'9월'!D17+'10월'!D17+'11월'!D17+'12월'!D17 -> 0 | E17: ='1월'!E17+'2월'!E17+'3월'!E17+'4월'!E17+'5월'!E17+'6월'!E17+'7월'!E17+'8월'!E17+'9월'!E17+'10월'!E17+'11월'!E17+'12월'!E17 -> 838885813 | F17: ='1월'!F17+'2월'!F17+'3월'!F17+'4월'!F17+'5월'!F17+'6월'!F17+'7월'!F17+'8월'!F17+'9월'!F17+'10월'!F17+'11월'!F17+'12월'!F17 -> 777172701 | G17: ='1월'!H17+'2월'!G17+'3월'!G17+'4월'!G17+'5월'!G17+'6월'!G17+'7월'!G17+'8월'!G17+'9월'!G17+'10월'!G17+'11월'!G17+'12월'!G17 -> 15747028 | H17: ='1월'!J17+'2월'!H17+'3월'!H17+'4월'!H17+'5월'!H17+'6월'!H17+'7월'!H17+'8월'!H17+'9월'!H17+'10월'!H17+'11월'!H17+'12월'!H17 -> 28386448 | I17: ='1월'!K17+'2월'!I17+'3월'!I17+'4월'!I17+'5월'!I17+'6월'!I17+'7월'!I17+'8월'!I17+'9월'!I17+'10월'!I17+'11월'!I17+'12월'!I17 -> 790000 | J17: ='1월'!L17+'2월'!J17+'3월'!J17+'4월'!J17+'5월'!J17+'6월'!J17+'7월'!J17+'8월'!J17+'9월'!J17+'10월'!J17+'11월'!J17+'12월'!J17 -> 14287909 | K17: ='1월'!M17+'2월'!K17+'3월'!K17+'4월'!K17+'5월'!K17+'6월'!K17+'7월'!K17+'8월'!K17+'9월'!K17+'10월'!K17+'11월'!K17+'12월'!K17 -> 2501727 | L17: ='1월'!N17+'2월'!L17+'3월'!L17+'4월'!L17+'5월'!L17+'6월'!L17+'7월'!L17+'8월'!L17+'9월'!L17+'10월'!L17+'11월'!L17+'12월'!L17 -> 0 | M17: ='1월'!O17+'2월'!M17+'3월'!M17+'4월'!M17+'5월'!M17+'6월'!M17+'7월'!M17+'8월'!M17+'9월'!M17+'10월'!M17+'11월'!M17+'12월'!M17 -> 0 | O17: =IFERROR(VLOOKUP($A17,[1]플랫폼1!$A:$B,2,FALSE),0) -> 0 | P17: =IFERROR(VLOOKUP($A17,[1]플랫폼2!$A:$M,12,FALSE),0)+IFERROR(VLOOKUP($A17,[1]플랫폼2!$A:$M,13,FALSE),0) -> 0 | Q17: =IFERROR(VLOOKUP($A17,[1]플랫폼2!$A:$M,7,FALSE),0)+IFERROR(VLOOKUP($A17,[1]플랫폼2!$A:$M,12,FALSE),0) -> 0 | R17: =IFERROR(VLOOKUP($A17,[1]모바일!$A:$S,17,FALSE),0) -> 0 | S17: =IFERROR(VLOOKUP($A17,[1]모바일!$A:$S,18,FALSE),0) -> 0 | T17: =IFERROR(VLOOKUP(A17,[1]플랫폼2!$A:$O,15,0),0) -> 0 | V17: 영 업 이 익 | W17: =VLOOKUP(V17,$A:$S,15,0) -> -298277290 | X17: =VLOOKUP(V17,$A:$S,16,0) -> 407022377 | Y17: =VLOOKUP(V17,$A:$S,17,0) -> 5861799116 | Z17: =VLOOKUP(V17,$A:$S,18,0) -> 45481029 | AA17: =VLOOKUP(V17,$A:$S,19,0) -> 2.6954275e+08
A18: 수수료수입-유선 | B18: ='1월'!B18+'2월'!B18+'3월'!B18+'4월'!B18+'5월'!B18+'6월'!B18+'7월'!B18+'8월'!B18+'9월'!B18+'10월'!B18+'11월'!B18+'12월'!B18 -> 31133304661 | C18: ='1월'!C18+'2월'!C18+'3월'!C18+'4월'!C18+'5월'!C18+'6월'!C18+'7월'!C18+'8월'!C18+'9월'!C18+'10월'!C18+'11월'!C18+'12월'!C18 -> -1293610322 | D18: ='1월'!D18+'2월'!D18+'3월'!D18+'4월'!D18+'5월'!D18+'6월'!D18+'7월'!D18+'8월'!D18+'9월'!D18+'10월'!D18+'11월'!D18+'12월'!D18 -> 14545454 | E18: ='1월'!E18+'2월'!E18+'3월'!E18+'4월'!E18+'5월'!E18+'6월'!E18+'7월'!E18+'8월'!E18+'9월'!E18+'10월'!E18+'11월'!E18+'12월'!E18 -> 32412369529 | F18: ='1월'!F18+'2월'!F18+'3월'!F18+'4월'!F18+'5월'!F18+'6월'!F18+'7월'!F18+'8월'!F18+'9월'!F18+'10월'!F18+'11월'!F18+'12월'!F18 -> 1.9968208e+10 | G18: ='1월'!H18+'2월'!G18+'3월'!G18+'4월'!G18+'5월'!G18+'6월'!G18+'7월'!G18+'8월'!G18+'9월'!G18+'10월'!G18+'11월'!G18+'12월'!G18 -> 2913760.5 | H18: ='1월'!J18+'2월'!H18+'3월'!H18+'4월'!H18+'5월'!H18+'6월'!H18+'7월'!H18+'8월'!H18+'9월'!H18+'10월'!H18+'11월'!H18+'12월'!H18 -> 479447248 | I18: ='1월'!K18+'2월'!I18+'3월'!I18+'4월'!I18+'5월'!I18+'6월'!I18+'7월'!I18+'8월'!I18+'9월'!I18+'10월'!I18+'11월'!I18+'12월'!I18 -> 18745461 | J18: ='1월'!L18+'2월'!J18+'3월'!J18+'4월'!J18+'5월'!J18+'6월'!J18+'7월'!J18+'8월'!J18+'9월'!J18+'10월'!J18+'11월'!J18+'12월'!J18 -> 0 | K18: ='1월'!M18+'2월'!K18+'3월'!K18+'4월'!K18+'5월'!K18+'6월'!K18+'7월'!K18+'8월'!K18+'9월'!K18+'10월'!K18+'11월'!K18+'12월'!K18 -> 156176906 | L18: ='1월'!N18+'2월'!L18+'3월'!L18+'4월'!L18+'5월'!L18+'6월'!L18+'7월'!L18+'8월'!L18+'9월'!L18+'10월'!L18+'11월'!L18+'12월'!L18 -> 11786878508 | M18: ='1월'!O18+'2월'!M18+'3월'!M18+'4월'!M18+'5월'!M18+'6월'!M18+'7월'!M18+'8월'!M18+'9월'!M18+'10월'!M18+'11월'!M18+'12월'!M18 -> 0 | O18: =IFERROR(VLOOKUP($A18,[1]플랫폼1!$A:$B,2,FALSE),0) -> 0 | P18: =IFERROR(VLOOKUP($A18,[1]플랫폼2!$A:$M,12,FALSE),0)+IFERROR(VLOOKUP($A18,[1]플랫폼2!$A:$M,13,FALSE),0) -> 0 | Q18: =IFERROR(VLOOKUP($A18,[1]플랫폼2!$A:$M,7,FALSE),0)+IFERROR(VLOOKUP($A18,[1]플랫폼2!$A:$M,12,FALSE),0) -> 0 | R18: =IFERROR(VLOOKUP($A18,[1]모바일!$A:$S,17,FALSE),0) -> 0 | S18: =IFERROR(VLOOKUP($A18,[1]모바일!$A:$S,18,FALSE),0) -> 0 | T18: =IFERROR(VLOOKUP(A18,[1]플랫폼2!$A:$O,15,0),0) -> 0
A19: 수수료수입-순액처리 | B19: ='1월'!B19+'2월'!B19+'3월'!B19+'4월'!B19+'5월'!B19+'6월'!B19+'7월'!B19+'8월'!B19+'9월'!B19+'10월'!B19+'11월'!B19+'12월'!B19 -> -20803985180 | C19: ='1월'!C19+'2월'!C19+'3월'!C19+'4월'!C19+'5월'!C19+'6월'!C19+'7월'!C19+'8월'!C19+'9월'!C19+'10월'!C19+'11월'!C19+'12월'!C19 -> -20803985180 | D19: ='1월'!D19+'2월'!D19+'3월'!D19+'4월'!D19+'5월'!D19+'6월'!D19+'7월'!D19+'8월'!D19+'9월'!D19+'10월'!D19+'11월'!D19+'12월'!D19 -> 0 | E19: ='1월'!E19+'2월'!E19+'3월'!E19+'4월'!E19+'5월'!E19+'6월'!E19+'7월'!E19+'8월'!E19+'9월'!E19+'10월'!E19+'11월'!E19+'12월'!E19 -> 0 | F19: ='1월'!F19+'2월'!F19+'3월'!F19+'4월'!F19+'5월'!F19+'6월'!F19+'7월'!F19+'8월'!F19+'9월'!F19+'10월'!F19+'11월'!F19+'12월'!F19 -> 0 | G19: ='1월'!H19+'2월'!G19+'3월'!G19+'4월'!G19+'5월'!G19+'6월'!G19+'7월'!G19+'8월'!G19+'9월'!G19+'10월'!G19+'11월'!G19+'12월'!G19 -> 0 | H19: ='1월'!J19+'2월'!H19+'3월'!H19+'4월'!H19+'5월'!H19+'6월'!H19+'7월'!H19+'8월'!H19+'9월'!H19+'10월'!H19+'11월'!H19+'12월'!H19 -> 0 | I19: ='1월'!K19+'2월'!I19+'3월'!I19+'4월'!I19+'5월'!I19+'6월'!I19+'7월'!I19+'8월'!I19+'9월'!I19+'10월'!I19+'11월'!I19+'12월'!I19 -> 0 | J19: ='1월'!L19+'2월'!J19+'3월'!J19+'4월'!J19+'5월'!J19+'6월'!J19+'7월'!J19+'8월'!J19+'9월'!J19+'10월'!J19+'11월'!J19+'12월'!J19 -> 0 | K19: ='1월'!M19+'2월'!K19+'3월'!K19+'4월'!K19+'5월'!K19+'6월'!K19+'7월'!K19+'8월'!K19+'9월'!K19+'10월'!K19+'11월'!K19+'12월'!K19 -> 0 | L19: ='1월'!N19+'2월'!L19+'3월'!L19+'4월'!L19+'5월'!L19+'6월'!L19+'7월'!L19+'8월'!L19+'9월'!L19+'10월'!L19+'11월'!L19+'12월'!L19 -> 0 | M19: ='1월'!O19+'2월'!M19+'3월'!M19+'4월'!M19+'5월'!M19+'6월'!M19+'7월'!M19+'8월'!M19+'9월'!M19+'10월'!M19+'11월'!M19+'12월'!M19 -> 0 | O19: =IFERROR(VLOOKUP($A19,[1]플랫폼1!$A:$B,2,FALSE),0) -> 0 | P19: =IFERROR(VLOOKUP($A19,[1]플랫폼2!$A:$M,12,FALSE),0)+IFERROR(VLOOKUP($A19,[1]플랫폼2!$A:$M,13,FALSE),0) -> 0 | Q19: =IFERROR(VLOOKUP($A19,[1]플랫폼2!$A:$M,7,FALSE),0)+IFERROR(VLOOKUP($A19,[1]플랫폼2!$A:$M,12,FALSE),0) -> 0 | R19: =IFERROR(VLOOKUP($A19,[1]모바일!$A:$S,17,FALSE),0) -> 0 | S19: =IFERROR(VLOOKUP($A19,[1]모바일!$A:$S,18,FALSE),0) -> 0 | T19: =IFERROR(VLOOKUP(A19,[1]플랫폼2!$A:$O,15,0),0) -> 0
A20: 수수료수입-AS | B20: ='1월'!B20+'2월'!B20+'3월'!B20+'4월'!B20+'5월'!B20+'6월'!B20+'7월'!B20+'8월'!B20+'9월'!B20+'10월'!B20+'11월'!B20+'12월'!B20 -> 0 | C20: ='1월'!C20+'2월'!C20+'3월'!C20+'4월'!C20+'5월'!C20+'6월'!C20+'7월'!C20+'8월'!C20+'9월'!C20+'10월'!C20+'11월'!C20+'12월'!C20 -> 0 | D20: ='1월'!D20+'2월'!D20+'3월'!D20+'4월'!D20+'5월'!D20+'6월'!D20+'7월'!D20+'8월'!D20+'9월'!D20+'10월'!D20+'11월'!D20+'12월'!D20 -> 0 | E20: ='1월'!E20+'2월'!E20+'3월'!E20+'4월'!E20+'5월'!E20+'6월'!E20+'7월'!E20+'8월'!E20+'9월'!E20+'10월'!E20+'11월'!E20+'12월'!E20 -> 0 | F20: ='1월'!F20+'2월'!F20+'3월'!F20+'4월'!F20+'5월'!F20+'6월'!F20+'7월'!F20+'8월'!F20+'9월'!F20+'10월'!F20+'11월'!F20+'12월'!F20 -> 0 | G20: ='1월'!H20+'2월'!G20+'3월'!G20+'4월'!G20+'5월'!G20+'6월'!G20+'7월'!G20+'8월'!G20+'9월'!G20+'10월'!G20+'11월'!G20+'12월'!G20 -> 0 | H20: ='1월'!J20+'2월'!H20+'3월'!H20+'4월'!H20+'5월'!H20+'6월'!H20+'7월'!H20+'8월'!H20+'9월'!H20+'10월'!H20+'11월'!H20+'12월'!H20 -> 0 | I20: ='1월'!K20+'2월'!I20+'3월'!I20+'4월'!I20+'5월'!I20+'6월'!I20+'7월'!I20+'8월'!I20+'9월'!I20+'10월'!I20+'11월'!I20+'12월'!I20 -> 0 | J20: ='1월'!L20+'2월'!J20+'3월'!J20+'4월'!J20+'5월'!J20+'6월'!J20+'7월'!J20+'8월'!J20+'9월'!J20+'10월'!J20+'11월'!J20+'12월'!J20 -> 0 | K20: ='1월'!M20+'2월'!K20+'3월'!K20+'4월'!K20+'5월'!K20+'6월'!K20+'7월'!K20+'8월'!K20+'9월'!K20+'10월'!K20+'11월'!K20+'12월'!K20 -> 0 | L20: ='1월'!N20+'2월'!L20+'3월'!L20+'4월'!L20+'5월'!L20+'6월'!L20+'7월'!L20+'8월'!L20+'9월'!L20+'10월'!L20+'11월'!L20+'12월'!L20 -> 0 | M20: ='1월'!O20+'2월'!M20+'3월'!M20+'4월'!M20+'5월'!M20+'6월'!M20+'7월'!M20+'8월'!M20+'9월'!M20+'10월'!M20+'11월'!M20+'12월'!M20 -> 0 | O20: =IFERROR(VLOOKUP($A20,[1]플랫폼1!$A:$B,2,FALSE),0) -> 0 | P20: =IFERROR(VLOOKUP($A20,[1]플랫폼2!$A:$M,12,FALSE),0)+IFERROR(VLOOKUP($A20,[1]플랫폼2!$A:$M,13,FALSE),0) -> 0 | Q20: =IFERROR(VLOOKUP($A20,[1]플랫폼2!$A:$M,7,FALSE),0)+IFERROR(VLOOKUP($A20,[1]플랫폼2!$A:$M,12,FALSE),0) -> 0 | R20: =IFERROR(VLOOKUP($A20,[1]모바일!$A:$S,17,FALSE),0) -> 0 | S20: =IFERROR(VLOOKUP($A20,[1]모바일!$A:$S,18,FALSE),0) -> 0 | T20: =IFERROR(VLOOKUP(A20,[1]플랫폼2!$A:$O,15,0),0) -> 0
A21: 수수료수입-정책 | B21: ='1월'!B21+'2월'!B21+'3월'!B21+'4월'!B21+'5월'!B21+'6월'!B21+'7월'!B21+'8월'!B21+'9월'!B21+'10월'!B21+'11월'!B21+'12월'!B21 -> 6028736368 | C21: ='1월'!C21+'2월'!C21+'3월'!C21+'4월'!C21+'5월'!C21+'6월'!C21+'7월'!C21+'8월'!C21+'9월'!C21+'10월'!C21+'11월'!C21+'12월'!C21 -> 45818182 | D21: ='1월'!D21+'2월'!D21+'3월'!D21+'4월'!D21+'5월'!D21+'6월'!D21+'7월'!D21+'8월'!D21+'9월'!D21+'10월'!D21+'11월'!D21+'12월'!D21 -> 0 | E21: ='1월'!E21+'2월'!E21+'3월'!E21+'4월'!E21+'5월'!E21+'6월'!E21+'7월'!E21+'8월'!E21+'9월'!E21+'10월'!E21+'11월'!E21+'12월'!E21 -> 5982918186 | F21: ='1월'!F21+'2월'!F21+'3월'!F21+'4월'!F21+'5월'!F21+'6월'!F21+'7월'!F21+'8월'!F21+'9월'!F21+'10월'!F21+'11월'!F21+'12월'!F21 -> 1.7782662e+08 | G21: ='1월'!H21+'2월'!G21+'3월'!G21+'4월'!G21+'5월'!G21+'6월'!G21+'7월'!G21+'8월'!G21+'9월'!G21+'10월'!G21+'11월'!G21+'12월'!G21 -> 4706119.6 | H21: ='1월'!J21+'2월'!H21+'3월'!H21+'4월'!H21+'5월'!H21+'6월'!H21+'7월'!H21+'8월'!H21+'9월'!H21+'10월'!H21+'11월'!H21+'12월'!H21 -> 3566370717 | I21: ='1월'!K21+'2월'!I21+'3월'!I21+'4월'!I21+'5월'!I21+'6월'!I21+'7월'!I21+'8월'!I21+'9월'!I21+'10월'!I21+'11월'!I21+'12월'!I21 -> 1769020436 | J21: ='1월'!L21+'2월'!J21+'3월'!J21+'4월'!J21+'5월'!J21+'6월'!J21+'7월'!J21+'8월'!J21+'9월'!J21+'10월'!J21+'11월'!J21+'12월'!J21 -> 8890909 | K21: ='1월'!M21+'2월'!K21+'3월'!K21+'4월'!K21+'5월'!K21+'6월'!K21+'7월'!K21+'8월'!K21+'9월'!K21+'10월'!K21+'11월'!K21+'12월'!K21 -> 456103387 | L21: ='1월'!N21+'2월'!L21+'3월'!L21+'4월'!L21+'5월'!L21+'6월'!L21+'7월'!L21+'8월'!L21+'9월'!L21+'10월'!L21+'11월'!L21+'12월'!L21 -> 0 | M21: ='1월'!O21+'2월'!M21+'3월'!M21+'4월'!M21+'5월'!M21+'6월'!M21+'7월'!M21+'8월'!M21+'9월'!M21+'10월'!M21+'11월'!M21+'12월'!M21 -> 0 | O21: =IFERROR(VLOOKUP($A21,[1]플랫폼1!$A:$B,2,FALSE),0) -> 0 | P21: =IFERROR(VLOOKUP($A21,[1]플랫폼2!$A:$M,12,FALSE),0)+IFERROR(VLOOKUP($A21,[1]플랫폼2!$A:$M,13,FALSE),0) -> 0 | Q21: =IFERROR(VLOOKUP($A21,[1]플랫폼2!$A:$M,7,FALSE),0)+IFERROR(VLOOKUP($A21,[1]플랫폼2!$A:$M,12,FALSE),0) -> 0 | R21: =IFERROR(VLOOKUP($A21,[1]모바일!$A:$S,17,FALSE),0) -> 0 | S21: =IFERROR(VLOOKUP($A21,[1]모바일!$A:$S,18,FALSE),0) -> 0 | T21: =IFERROR(VLOOKUP(A21,[1]플랫폼2!$A:$O,15,0),0) -> 0
A22: 수수료수입-용역 | B22: ='1월'!B22+'2월'!B22+'3월'!B22+'4월'!B22+'5월'!B22+'6월'!B22+'7월'!B22+'8월'!B22+'9월'!B22+'10월'!B22+'11월'!B22+'12월'!B22 -> 45387716427 | C22: ='1월'!C22+'2월'!C22+'3월'!C22+'4월'!C22+'5월'!C22+'6월'!C22+'7월'!C22+'8월'!C22+'9월'!C22+'10월'!C22+'11월'!C22+'12월'!C22 -> -720606000 | D22: ='1월'!D22+'2월'!D22+'3월'!D22+'4월'!D22+'5월'!D22+'6월'!D22+'7월'!D22+'8월'!D22+'9월'!D22+'10월'!D22+'11월'!D22+'12월'!D22 -> 1560181000 | E22: ='1월'!E22+'2월'!E22+'3월'!E22+'4월'!E22+'5월'!E22+'6월'!E22+'7월'!E22+'8월'!E22+'9월'!E22+'10월'!E22+'11월'!E22+'12월'!E22 -> 44548141427 | F22: ='1월'!F22+'2월'!F22+'3월'!F22+'4월'!F22+'5월'!F22+'6월'!F22+'7월'!F22+'8월'!F22+'9월'!F22+'10월'!F22+'11월'!F22+'12월'!F22 -> 720606000 | G22: ='1월'!H22+'2월'!G22+'3월'!G22+'4월'!G22+'5월'!G22+'6월'!G22+'7월'!G22+'8월'!G22+'9월'!G22+'10월'!G22+'11월'!G22+'12월'!G22 -> 31614761546 | H22: ='1월'!J22+'2월'!H22+'3월'!H22+'4월'!H22+'5월'!H22+'6월'!H22+'7월'!H22+'8월'!H22+'9월'!H22+'10월'!H22+'11월'!H22+'12월'!H22 -> 10439254280 | I22: ='1월'!K22+'2월'!I22+'3월'!I22+'4월'!I22+'5월'!I22+'6월'!I22+'7월'!I22+'8월'!I22+'9월'!I22+'10월'!I22+'11월'!I22+'12월'!I22 -> 16555000 | J22: ='1월'!L22+'2월'!J22+'3월'!J22+'4월'!J22+'5월'!J22+'6월'!J22+'7월'!J22+'8월'!J22+'9월'!J22+'10월'!J22+'11월'!J22+'12월'!J22 -> 251101271 | K22: ='1월'!M22+'2월'!K22+'3월'!K22+'4월'!K22+'5월'!K22+'6월'!K22+'7월'!K22+'8월'!K22+'9월'!K22+'10월'!K22+'11월'!K22+'12월'!K22 -> 483743330 | L22: ='1월'!N22+'2월'!L22+'3월'!L22+'4월'!L22+'5월'!L22+'6월'!L22+'7월'!L22+'8월'!L22+'9월'!L22+'10월'!L22+'11월'!L22+'12월'!L22 -> 0 | M22: ='1월'!O22+'2월'!M22+'3월'!M22+'4월'!M22+'5월'!M22+'6월'!M22+'7월'!M22+'8월'!M22+'9월'!M22+'10월'!M22+'11월'!M22+'12월'!M22 -> 1022120000 | O22: =IFERROR(VLOOKUP($A22,[1]플랫폼1!$A:$B,2,FALSE),0) -> 0 | P22: =IFERROR(VLOOKUP($A22,[1]플랫폼2!$A:$M,12,FALSE),0)+IFERROR(VLOOKUP($A22,[1]플랫폼2!$A:$M,13,FALSE),0) -> 222455034 | Q22: =IFERROR(VLOOKUP($A22,[1]플랫폼2!$A:$M,7,FALSE),0)+IFERROR(VLOOKUP($A22,[1]플랫폼2!$A:$M,12,FALSE),0) -> 0 | R22: =IFERROR(VLOOKUP($A22,[1]모바일!$A:$S,17,FALSE),0) -> 357710000 | S22: =IFERROR(VLOOKUP($A22,[1]모바일!$A:$S,18,FALSE),0) -> 441954966 | T22: =IFERROR(VLOOKUP(A22,[1]플랫폼2!$A:$O,15,0),0) -> 0
A23: 수수료수입-P3.0 | B23: ='1월'!B23+'2월'!B23+'3월'!B23+'4월'!B23+'5월'!B23+'6월'!B23+'7월'!B23+'8월'!B23+'9월'!B23+'10월'!B23+'11월'!B23+'12월'!B23 -> 8140356670 | C23: ='1월'!C23+'2월'!C23+'3월'!C23+'4월'!C23+'5월'!C23+'6월'!C23+'7월'!C23+'8월'!C23+'9월'!C23+'10월'!C23+'11월'!C23+'12월'!C23 -> -634738227 | D23: ='1월'!D23+'2월'!D23+'3월'!D23+'4월'!D23+'5월'!D23+'6월'!D23+'7월'!D23+'8월'!D23+'9월'!D23+'10월'!D23+'11월'!D23+'12월'!D23 -> 0 | E23: ='1월'!E23+'2월'!E23+'3월'!E23+'4월'!E23+'5월'!E23+'6월'!E23+'7월'!E23+'8월'!E23+'9월'!E23+'10월'!E23+'11월'!E23+'12월'!E23 -> 8775094897 | F23: ='1월'!F23+'2월'!F23+'3월'!F23+'4월'!F23+'5월'!F23+'6월'!F23+'7월'!F23+'8월'!F23+'9월'!F23+'10월'!F23+'11월'!F23+'12월'!F23 -> 8775094897 | G23: ='1월'!H23+'2월'!G23+'3월'!G23+'4월'!G23+'5월'!G23+'6월'!G23+'7월'!G23+'8월'!G23+'9월'!G23+'10월'!G23+'11월'!G23+'12월'!G23 -> 0 | H23: ='1월'!J23+'2월'!H23+'3월'!H23+'4월'!H23+'5월'!H23+'6월'!H23+'7월'!H23+'8월'!H23+'9월'!H23+'10월'!H23+'11월'!H23+'12월'!H23 -> 0 | I23: ='1월'!K23+'2월'!I23+'3월'!I23+'4월'!I23+'5월'!I23+'6월'!I23+'7월'!I23+'8월'!I23+'9월'!I23+'10월'!I23+'11월'!I23+'12월'!I23 -> 0 | J23: ='1월'!L23+'2월'!J23+'3월'!J23+'4월'!J23+'5월'!J23+'6월'!J23+'7월'!J23+'8월'!J23+'9월'!J23+'10월'!J23+'11월'!J23+'12월'!J23 -> 0 | K23: ='1월'!M23+'2월'!K23+'3월'!K23+'4월'!K23+'5월'!K23+'6월'!K23+'7월'!K23+'8월'!K23+'9월'!K23+'10월'!K23+'11월'!K23+'12월'!K23 -> 0 | L23: ='1월'!N23+'2월'!L23+'3월'!L23+'4월'!L23+'5월'!L23+'6월'!L23+'7월'!L23+'8월'!L23+'9월'!L23+'10월'!L23+'11월'!L23+'12월'!L23 -> 0 | M23: ='1월'!O23+'2월'!M23+'3월'!M23+'4월'!M23+'5월'!M23+'6월'!M23+'7월'!M23+'8월'!M23+'9월'!M23+'10월'!M23+'11월'!M23+'12월'!M23 -> 0 | O23: =IFERROR(VLOOKUP($A23,[1]플랫폼1!$A:$B,2,FALSE),0) -> 0 | P23: =IFERROR(VLOOKUP($A23,[1]플랫폼2!$A:$M,12,FALSE),0)+IFERROR(VLOOKUP($A23,[1]플랫폼2!$A:$M,13,FALSE),0) -> 0 | Q23: =IFERROR(VLOOKUP($A23,[1]플랫폼2!$A:$M,7,FALSE),0)+IFERROR(VLOOKUP($A23,[1]플랫폼2!$A:$M,12,FALSE),0) -> 0 | R23: =IFERROR(VLOOKUP($A23,[1]모바일!$A:$S,17,FALSE),0) -> 0 | S23: =IFERROR(VLOOKUP($A23,[1]모바일!$A:$S,18,FALSE),0) -> 0 | T23: =IFERROR(VLOOKUP(A23,[1]플랫폼2!$A:$O,15,0),0) -> 0
A24: 수수료수입-신사업 | B24: ='1월'!B24+'2월'!B24+'3월'!B24+'4월'!B24+'5월'!B24+'6월'!B24+'7월'!B24+'8월'!B24+'9월'!B24+'10월'!B24+'11월'!B24+'12월'!B24 -> 0 | C24: ='1월'!C24+'2월'!C24+'3월'!C24+'4월'!C24+'5월'!C24+'6월'!C24+'7월'!C24+'8월'!C24+'9월'!C24+'10월'!C24+'11월'!C24+'12월'!C24 -> 0 | D24: ='1월'!D24+'2월'!D24+'3월'!D24+'4월'!D24+'5월'!D24+'6월'!D24+'7월'!D24+'8월'!D24+'9월'!D24+'10월'!D24+'11월'!D24+'12월'!D24 -> 0 | E24: ='1월'!E24+'2월'!E24+'3월'!E24+'4월'!E24+'5월'!E24+'6월'!E24+'7월'!E24+'8월'!E24+'9월'!E24+'10월'!E24+'11월'!E24+'12월'!E24 -> 0 | F24: ='1월'!F24+'2월'!F24+'3월'!F24+'4월'!F24+'5월'!F24+'6월'!F24+'7월'!F24+'8월'!F24+'9월'!F24+'10월'!F24+'11월'!F24+'12월'!F24 -> 0 | G24: ='1월'!H24+'2월'!G24+'3월'!G24+'4월'!G24+'5월'!G24+'6월'!G24+'7월'!G24+'8월'!G24+'9월'!G24+'10월'!G24+'11월'!G24+'12월'!G24 -> 0 | H24: ='1월'!J24+'2월'!H24+'3월'!H24+'4월'!H24+'5월'!H24+'6월'!H24+'7월'!H24+'8월'!H24+'9월'!H24+'10월'!H24+'11월'!H24+'12월'!H24 -> 0 | I24: ='1월'!K24+'2월'!I24+'3월'!I24+'4월'!I24+'5월'!I24+'6월'!I24+'7월'!I24+'8월'!I24+'9월'!I24+'10월'!I24+'11월'!I24+'12월'!I24 -> 0 | J24: ='1월'!L24+'2월'!J24+'3월'!J24+'4월'!J24+'5월'!J24+'6월'!J24+'7월'!J24+'8월'!J24+'9월'!J24+'10월'!J24+'11월'!J24+'12월'!J24 -> 0 | K24: ='1월'!M24+'2월'!K24+'3월'!K24+'4월'!K24+'5월'!K24+'6월'!K24+'7월'!K24+'8월'!K24+'9월'!K24+'10월'!K24+'11월'!K24+'12월'!K24 -> 0 | L24: ='1월'!N24+'2월'!L24+'3월'!L24+'4월'!L24+'5월'!L24+'6월'!L24+'7월'!L24+'8월'!L24+'9월'!L24+'10월'!L24+'11월'!L24+'12월'!L24 -> 0 | M24: ='1월'!O24+'2월'!M24+'3월'!M24+'4월'!M24+'5월'!M24+'6월'!M24+'7월'!M24+'8월'!M24+'9월'!M24+'10월'!M24+'11월'!M24+'12월'!M24 -> 0 | O24: =IFERROR(VLOOKUP($A24,[1]플랫폼1!$A:$B,2,FALSE),0) -> 0 | P24: =IFERROR(VLOOKUP($A24,[1]플랫폼2!$A:$M,12,FALSE),0)+IFERROR(VLOOKUP($A24,[1]플랫폼2!$A:$M,13,FALSE),0) -> 0 | Q24: =IFERROR(VLOOKUP($A24,[1]플랫폼2!$A:$M,7,FALSE),0)+IFERROR(VLOOKUP($A24,[1]플랫폼2!$A:$M,12,FALSE),0) -> 0 | R24: =IFERROR(VLOOKUP($A24,[1]모바일!$A:$S,17,FALSE),0) -> 0 | S24: =IFERROR(VLOOKUP($A24,[1]모바일!$A:$S,18,FALSE),0) -> 0 | T24: =IFERROR(VLOOKUP(A24,[1]플랫폼2!$A:$O,15,0),0) -> 0
A25: 매 출 원 가 | B25: ='1월'!B25+'2월'!B25+'3월'!B25+'4월'!B25+'5월'!B25+'6월'!B25+'7월'!B25+'8월'!B25+'9월'!B25+'10월'!B25+'11월'!B25+'12월'!B25 -> 501271152573 | C25: ='1월'!C25+'2월'!C25+'3월'!C25+'4월'!C25+'5월'!C25+'6월'!C25+'7월'!C25+'8월'!C25+'9월'!C25+'10월'!C25+'11월'!C25+'12월'!C25 -> 1534112483 | D25: ='1월'!D25+'2월'!D25+'3월'!D25+'4월'!D25+'5월'!D25+'6월'!D25+'7월'!D25+'8월'!D25+'9월'!D25+'10월'!D25+'11월'!D25+'12월'!D25 -> 0 | E25: ='1월'!E25+'2월'!E25+'3월'!E25+'4월'!E25+'5월'!E25+'6월'!E25+'7월'!E25+'8월'!E25+'9월'!E25+'10월'!E25+'11월'!E25+'12월'!E25 -> 499737040090 | F25: ='1월'!F25+'2월'!F25+'3월'!F25+'4월'!F25+'5월'!F25+'6월'!F25+'7월'!F25+'8월'!F25+'9월'!F25+'10월'!F25+'11월'!F25+'12월'!F25 -> 202129592685 | G25: ='1월'!H25+'2월'!G25+'3월'!G25+'4월'!G25+'5월'!G25+'6월'!G25+'7월'!G25+'8월'!G25+'9월'!G25+'10월'!G25+'11월'!G25+'12월'!G25 -> 1993607273 | H25: ='1월'!J25+'2월'!H25+'3월'!H25+'4월'!H25+'5월'!H25+'6월'!H25+'7월'!H25+'8월'!H25+'9월'!H25+'10월'!H25+'11월'!H25+'12월'!H25 -> 156462654054 | I25: ='1월'!K25+'2월'!I25+'3월'!I25+'4월'!I25+'5월'!I25+'6월'!I25+'7월'!I25+'8월'!I25+'9월'!I25+'10월'!I25+'11월'!I25+'12월'!I25 -> 7909686446 | J25: ='1월'!L25+'2월'!J25+'3월'!J25+'4월'!J25+'5월'!J25+'6월'!J25+'7월'!J25+'8월'!J25+'9월'!J25+'10월'!J25+'11월'!J25+'12월'!J25 -> -2042112539 | K25: ='1월'!M25+'2월'!K25+'3월'!K25+'4월'!K25+'5월'!K25+'6월'!K25+'7월'!K25+'8월'!K25+'9월'!K25+'10월'!K25+'11월'!K25+'12월'!K25 -> 89200802536 | L25: ='1월'!N25+'2월'!L25+'3월'!L25+'4월'!L25+'5월'!L25+'6월'!L25+'7월'!L25+'8월'!L25+'9월'!L25+'10월'!L25+'11월'!L25+'12월'!L25 -> 1734628341 | M25: ='1월'!O25+'2월'!M25+'3월'!M25+'4월'!M25+'5월'!M25+'6월'!M25+'7월'!M25+'8월'!M25+'9월'!M25+'10월'!M25+'11월'!M25+'12월'!M25 -> 42348181294 | O25: =IFERROR(VLOOKUP($A25,[1]플랫폼1!$A:$B,2,FALSE),0) -> 4110141099 | P25: =IFERROR(VLOOKUP($A25,[1]플랫폼2!$A:$M,12,FALSE),0)+IFERROR(VLOOKUP($A25,[1]플랫폼2!$A:$M,13,FALSE),0) -> 7894223749 | Q25: =IFERROR(VLOOKUP($A25,[1]플랫폼2!$A:$M,7,FALSE),0)+IFERROR(VLOOKUP($A25,[1]플랫폼2!$A:$M,12,FALSE),0) -> 29895506448 | R25: =IFERROR(VLOOKUP($A25,[1]모바일!$A:$S,17,FALSE),0) -> 728333.33 | S25: =IFERROR(VLOOKUP($A25,[1]모바일!$A:$S,18,FALSE),0) -> 728333.33 | T25: =IFERROR(VLOOKUP(A25,[1]플랫폼2!$A:$O,15,0),0) -> 4.4685333e+08
A26: 상 품 매 출 원 가 | B26: ='1월'!B26+'2월'!B26+'3월'!B26+'4월'!B26+'5월'!B26+'6월'!B26+'7월'!B26+'8월'!B26+'9월'!B26+'10월'!B26+'11월'!B26+'12월'!B26 -> 501271152573 | C26: ='1월'!C26+'2월'!C26+'3월'!C26+'4월'!C26+'5월'!C26+'6월'!C26+'7월'!C26+'8월'!C26+'9월'!C26+'10월'!C26+'11월'!C26+'12월'!C26 -> 1534112483 | D26: ='1월'!D26+'2월'!D26+'3월'!D26+'4월'!D26+'5월'!D26+'6월'!D26+'7월'!D26+'8월'!D26+'9월'!D26+'10월'!D26+'11월'!D26+'12월'!D26 -> 0 | E26: ='1월'!E26+'2월'!E26+'3월'!E26+'4월'!E26+'5월'!E26+'6월'!E26+'7월'!E26+'8월'!E26+'9월'!E26+'10월'!E26+'11월'!E26+'12월'!E26 -> 499737040090 | F26: ='1월'!F26+'2월'!F26+'3월'!F26+'4월'!F26+'5월'!F26+'6월'!F26+'7월'!F26+'8월'!F26+'9월'!F26+'10월'!F26+'11월'!F26+'12월'!F26 -> 202129592685 | G26: ='1월'!H26+'2월'!G26+'3월'!G26+'4월'!G26+'5월'!G26+'6월'!G26+'7월'!G26+'8월'!G26+'9월'!G26+'10월'!G26+'11월'!G26+'12월'!G26 -> 1993607273 | H26: ='1월'!J26+'2월'!H26+'3월'!H26+'4월'!H26+'5월'!H26+'6월'!H26+'7월'!H26+'8월'!H26+'9월'!H26+'10월'!H26+'11월'!H26+'12월'!H26 -> 156462654054 | I26: ='1월'!K26+'2월'!I26+'3월'!I26+'4월'!I26+'5월'!I26+'6월'!I26+'7월'!I26+'8월'!I26+'9월'!I26+'10월'!I26+'11월'!I26+'12월'!I26 -> 7909686446 | J26: ='1월'!L26+'2월'!J26+'3월'!J26+'4월'!J26+'5월'!J26+'6월'!J26+'7월'!J26+'8월'!J26+'9월'!J26+'10월'!J26+'11월'!J26+'12월'!J26 -> -2042112539 | K26: ='1월'!M26+'2월'!K26+'3월'!K26+'4월'!K26+'5월'!K26+'6월'!K26+'7월'!K26+'8월'!K26+'9월'!K26+'10월'!K26+'11월'!K26+'12월'!K26 -> 89200802536 | L26: ='1월'!N26+'2월'!L26+'3월'!L26+'4월'!L26+'5월'!L26+'6월'!L26+'7월'!L26+'8월'!L26+'9월'!L26+'10월'!L26+'11월'!L26+'12월'!L26 -> 1734628341 | M26: ='1월'!O26+'2월'!M26+'3월'!M26+'4월'!M26+'5월'!M26+'6월'!M26+'7월'!M26+'8월'!M26+'9월'!M26+'10월'!M26+'11월'!M26+'12월'!M26 -> 42348181294 | O26: =IFERROR(VLOOKUP($A26,[1]플랫폼1!$A:$B,2,FALSE),0) -> 4110141099 | P26: =IFERROR(VLOOKUP($A26,[1]플랫폼2!$A:$M,12,FALSE),0)+IFERROR(VLOOKUP($A26,[1]플랫폼2!$A:$M,13,FALSE),0) -> 7894223749 | Q26: =IFERROR(VLOOKUP($A26,[1]플랫폼2!$A:$M,7,FALSE),0)+IFERROR(VLOOKUP($A26,[1]플랫폼2!$A:$M,12,FALSE),0) -> 29895506448 | R26: =IFERROR(VLOOKUP($A26,[1]모바일!$A:$S,17,FALSE),0) -> 728333.33 | S26: =IFERROR(VLOOKUP($A26,[1]모바일!$A:$S,18,FALSE),0) -> 728333.33 | T26: =IFERROR(VLOOKUP(A26,[1]플랫폼2!$A:$O,15,0),0) -> 4.4685333e+08
A27: 매 출 총 이 익 | B27: ='1월'!B27+'2월'!B27+'3월'!B27+'4월'!B27+'5월'!B27+'6월'!B27+'7월'!B27+'8월'!B27+'9월'!B27+'10월'!B27+'11월'!B27+'12월'!B27 -> 252186876895 | C27: ='1월'!C27+'2월'!C27+'3월'!C27+'4월'!C27+'5월'!C27+'6월'!C27+'7월'!C27+'8월'!C27+'9월'!C27+'10월'!C27+'11월'!C27+'12월'!C27 -> -22166233897 | D27: ='1월'!D27+'2월'!D27+'3월'!D27+'4월'!D27+'5월'!D27+'6월'!D27+'7월'!D27+'8월'!D27+'9월'!D27+'10월'!D27+'11월'!D27+'12월'!D27 -> 2370259975 | E27: ='1월'!E27+'2월'!E27+'3월'!E27+'4월'!E27+'5월'!E27+'6월'!E27+'7월'!E27+'8월'!E27+'9월'!E27+'10월'!E27+'11월'!E27+'12월'!E27 -> 271982850817 | F27: ='1월'!F27+'2월'!F27+'3월'!F27+'4월'!F27+'5월'!F27+'6월'!F27+'7월'!F27+'8월'!F27+'9월'!F27+'10월'!F27+'11월'!F27+'12월'!F27 -> 1.328186e+11 | G27: ='1월'!H27+'2월'!G27+'3월'!G27+'4월'!G27+'5월'!G27+'6월'!G27+'7월'!G27+'8월'!G27+'9월'!G27+'10월'!G27+'11월'!G27+'12월'!G27 -> 4.4724695e+10 | H27: ='1월'!J27+'2월'!H27+'3월'!H27+'4월'!H27+'5월'!H27+'6월'!H27+'7월'!H27+'8월'!H27+'9월'!H27+'10월'!H27+'11월'!H27+'12월'!H27 -> 41153765296 | I27: ='1월'!K27+'2월'!I27+'3월'!I27+'4월'!I27+'5월'!I27+'6월'!I27+'7월'!I27+'8월'!I27+'9월'!I27+'10월'!I27+'11월'!I27+'12월'!I27 -> 5471401128 | J27: ='1월'!L27+'2월'!J27+'3월'!J27+'4월'!J27+'5월'!J27+'6월'!J27+'7월'!J27+'8월'!J27+'9월'!J27+'10월'!J27+'11월'!J27+'12월'!J27 -> 11180524440 | K27: ='1월'!M27+'2월'!K27+'3월'!K27+'4월'!K27+'5월'!K27+'6월'!K27+'7월'!K27+'8월'!K27+'9월'!K27+'10월'!K27+'11월'!K27+'12월'!K27 -> 8767035754 | L27: ='1월'!N27+'2월'!L27+'3월'!L27+'4월'!L27+'5월'!L27+'6월'!L27+'7월'!L27+'8월'!L27+'9월'!L27+'10월'!L27+'11월'!L27+'12월'!L27 -> 14556591243 | M27: ='1월'!O27+'2월'!M27+'3월'!M27+'4월'!M27+'5월'!M27+'6월'!M27+'7월'!M27+'8월'!M27+'9월'!M27+'10월'!M27+'11월'!M27+'12월'!M27 -> 13310242732 | O27: =IFERROR(VLOOKUP($A27,[1]플랫폼1!$A:$B,2,FALSE),0) -> 2572621219 | P27: =IFERROR(VLOOKUP($A27,[1]플랫폼2!$A:$M,12,FALSE),0)+IFERROR(VLOOKUP($A27,[1]플랫폼2!$A:$M,13,FALSE),0) -> 2271025742 | Q27: =IFERROR(VLOOKUP($A27,[1]플랫폼2!$A:$M,7,FALSE),0)+IFERROR(VLOOKUP($A27,[1]플랫폼2!$A:$M,12,FALSE),0) -> 7223920115 | R27: =IFERROR(VLOOKUP($A27,[1]모바일!$A:$S,17,FALSE),0) -> 3.5698167e+08 | S27: =IFERROR(VLOOKUP($A27,[1]모바일!$A:$S,18,FALSE),0) -> 4.4122663e+08 | T27: =IFERROR(VLOOKUP(A27,[1]플랫폼2!$A:$O,15,0),0) -> 4.4446736e+08
A28: 판매비와일반관리비 | B28: ='1월'!B28+'2월'!B28+'3월'!B28+'4월'!B28+'5월'!B28+'6월'!B28+'7월'!B28+'8월'!B28+'9월'!B28+'10월'!B28+'11월'!B28+'12월'!B28 -> 235845461647 | C28: ='1월'!C28+'2월'!C28+'3월'!C28+'4월'!C28+'5월'!C28+'6월'!C28+'7월'!C28+'8월'!C28+'9월'!C28+'10월'!C28+'11월'!C28+'12월'!C28 -> -3.1615557e+08 | D28: ='1월'!D28+'2월'!D28+'3월'!D28+'4월'!D28+'5월'!D28+'6월'!D28+'7월'!D28+'8월'!D28+'9월'!D28+'10월'!D28+'11월'!D28+'12월'!D28 -> 7754690736 | E28: ='1월'!E28+'2월'!E28+'3월'!E28+'4월'!E28+'5월'!E28+'6월'!E28+'7월'!E28+'8월'!E28+'9월'!E28+'10월'!E28+'11월'!E28+'12월'!E28 -> 2.2840693e+11 | F28: ='1월'!F28+'2월'!F28+'3월'!F28+'4월'!F28+'5월'!F28+'6월'!F28+'7월'!F28+'8월'!F28+'9월'!F28+'10월'!F28+'11월'!F28+'12월'!F28 -> 1.1417634e+11 | G28: ='1월'!H28+'2월'!G28+'3월'!G28+'4월'!G28+'5월'!G28+'6월'!G28+'7월'!G28+'8월'!G28+'9월'!G28+'10월'!G28+'11월'!G28+'12월'!G28 -> 3.1804172e+10 | H28: ='1월'!J28+'2월'!H28+'3월'!H28+'4월'!H28+'5월'!H28+'6월'!H28+'7월'!H28+'8월'!H28+'9월'!H28+'10월'!H28+'11월'!H28+'12월'!H28 -> 3.30393e+10 | I28: ='1월'!K28+'2월'!I28+'3월'!I28+'4월'!I28+'5월'!I28+'6월'!I28+'7월'!I28+'8월'!I28+'9월'!I28+'10월'!I28+'11월'!I28+'12월'!I28 -> 4.9290773e+09 | J28: ='1월'!L28+'2월'!J28+'3월'!J28+'4월'!J28+'5월'!J28+'6월'!J28+'7월'!J28+'8월'!J28+'9월'!J28+'10월'!J28+'11월'!J28+'12월'!J28 -> 1.0183082e+10 | K28: ='1월'!M28+'2월'!K28+'3월'!K28+'4월'!K28+'5월'!K28+'6월'!K28+'7월'!K28+'8월'!K28+'9월'!K28+'10월'!K28+'11월'!K28+'12월'!K28 -> 7.738158e+09 | L28: ='1월'!N28+'2월'!L28+'3월'!L28+'4월'!L28+'5월'!L28+'6월'!L28+'7월'!L28+'8월'!L28+'9월'!L28+'10월'!L28+'11월'!L28+'12월'!L28 -> 1.8821416e+10 | M28: ='1월'!O28+'2월'!M28+'3월'!M28+'4월'!M28+'5월'!M28+'6월'!M28+'7월'!M28+'8월'!M28+'9월'!M28+'10월'!M28+'11월'!M28+'12월'!M28 -> 7715380593 | O28: =IFERROR(VLOOKUP($A28,[1]플랫폼1!$A:$B,2,FALSE),0) -> 2870898509 | P28: =IFERROR(VLOOKUP($A28,[1]플랫폼2!$A:$M,12,FALSE),0)+IFERROR(VLOOKUP($A28,[1]플랫폼2!$A:$M,13,FALSE),0) -> 1864003365 | Q28: =IFERROR(VLOOKUP($A28,[1]플랫폼2!$A:$M,7,FALSE),0)+IFERROR(VLOOKUP($A28,[1]플랫폼2!$A:$M,12,FALSE),0) -> 1362120999 | R28: =IFERROR(VLOOKUP($A28,[1]모바일!$A:$S,17,FALSE),0) -> 3.1150064e+08 | S28: =IFERROR(VLOOKUP($A28,[1]모바일!$A:$S,18,FALSE),0) -> 1.7168388e+08 | T28: =IFERROR(VLOOKUP(A28,[1]플랫폼2!$A:$O,15,0),0) -> 1135188061
A29: 임 원 급 여 | B29: ='1월'!B29+'2월'!B29+'3월'!B29+'4월'!B29+'5월'!B29+'6월'!B29+'7월'!B29+'8월'!B29+'9월'!B29+'10월'!B29+'11월'!B29+'12월'!B29 -> 1305190900 | C29: ='1월'!C29+'2월'!C29+'3월'!C29+'4월'!C29+'5월'!C29+'6월'!C29+'7월'!C29+'8월'!C29+'9월'!C29+'10월'!C29+'11월'!C29+'12월'!C29 -> 4.1946261e+08 | D29: ='1월'!D29+'2월'!D29+'3월'!D29+'4월'!D29+'5월'!D29+'6월'!D29+'7월'!D29+'8월'!D29+'9월'!D29+'10월'!D29+'11월'!D29+'12월'!D29 -> 194526450 | E29: ='1월'!E29+'2월'!E29+'3월'!E29+'4월'!E29+'5월'!E29+'6월'!E29+'7월'!E29+'8월'!E29+'9월'!E29+'10월'!E29+'11월'!E29+'12월'!E29 -> 6.9120184e+08 | F29: ='1월'!F29+'2월'!F29+'3월'!F29+'4월'!F29+'5월'!F29+'6월'!F29+'7월'!F29+'8월'!F29+'9월'!F29+'10월'!F29+'11월'!F29+'12월'!F29 -> 5.667791e+08 | G29: ='1월'!H29+'2월'!G29+'3월'!G29+'4월'!G29+'5월'!G29+'6월'!G29+'7월'!G29+'8월'!G29+'9월'!G29+'10월'!G29+'11월'!G29+'12월'!G29 -> 67539468 | H29: ='1월'!J29+'2월'!H29+'3월'!H29+'4월'!H29+'5월'!H29+'6월'!H29+'7월'!H29+'8월'!H29+'9월'!H29+'10월'!H29+'11월'!H29+'12월'!H29 -> 0 | I29: ='1월'!K29+'2월'!I29+'3월'!I29+'4월'!I29+'5월'!I29+'6월'!I29+'7월'!I29+'8월'!I29+'9월'!I29+'10월'!I29+'11월'!I29+'12월'!I29 -> 6804987.6 | J29: ='1월'!L29+'2월'!J29+'3월'!J29+'4월'!J29+'5월'!J29+'6월'!J29+'7월'!J29+'8월'!J29+'9월'!J29+'10월'!J29+'11월'!J29+'12월'!J29 -> 8031578.8 | K29: ='1월'!M29+'2월'!K29+'3월'!K29+'4월'!K29+'5월'!K29+'6월'!K29+'7월'!K29+'8월'!K29+'9월'!K29+'10월'!K29+'11월'!K29+'12월'!K29 -> 34524521 | L29: ='1월'!N29+'2월'!L29+'3월'!L29+'4월'!L29+'5월'!L29+'6월'!L29+'7월'!L29+'8월'!L29+'9월'!L29+'10월'!L29+'11월'!L29+'12월'!L29 -> 7522183.5 | M29: ='1월'!O29+'2월'!M29+'3월'!M29+'4월'!M29+'5월'!M29+'6월'!M29+'7월'!M29+'8월'!M29+'9월'!M29+'10월'!M29+'11월'!M29+'12월'!M29 -> 0 | O29: =IFERROR(VLOOKUP($A29,[1]플랫폼1!$A:$B,2,FALSE),0) -> 0 | P29: =IFERROR(VLOOKUP($A29,[1]플랫폼2!$A:$M,12,FALSE),0)+IFERROR(VLOOKUP($A29,[1]플랫폼2!$A:$M,13,FALSE),0) -> 0 | Q29: =IFERROR(VLOOKUP($A29,[1]플랫폼2!$A:$M,7,FALSE),0)+IFERROR(VLOOKUP($A29,[1]플랫폼2!$A:$M,12,FALSE),0) -> 0 | R29: =IFERROR(VLOOKUP($A29,[1]모바일!$A:$S,17,FALSE),0) -> 0 | S29: =IFERROR(VLOOKUP($A29,[1]모바일!$A:$S,18,FALSE),0) -> 0 | T29: =IFERROR(VLOOKUP(A29,[1]플랫폼2!$A:$O,15,0),0) -> 0
... A49: 초과근무수당-영업직 | B49: ='1월'!B49+'2월'!B49+'3월'!B49+'4월'!B49+'5월'!B49+'6월'!B49+'7월'!B49+'8월'!B49+'9월'!B49+'10월'!B49+'11월'!B49+'12월'!B49 -> 8301326610 | C49: ='1월'!C49+'2월'!C49+'3월'!C49+'4월'!C49+'5월'!C49+'6월'!C49+'7월'!C49+'8월'!C49+'9월'!C49+'10월'!C49+'11월'!C49+'12월'!C49 -> 172517450 | D49: ='1월'!D49+'2월'!D49+'3월'!D49+'4월'!D49+'5월'!D49+'6월'!D49+'7월'!D49+'8월'!D49+'9월'!D49+'10월'!D49+'11월'!D49+'12월'!D49 -> 135145870 | E49: ='1월'!E49+'2월'!E49+'3월'!E49+'4월'!E49+'5월'!E49+'6월'!E49+'7월'!E49+'8월'!E49+'9월'!E49+'10월'!E49+'11월'!E49+'12월'!E49 -> 7993663290 | F49: ='1월'!F49+'2월'!F49+'3월'!F49+'4월'!F49+'5월'!F49+'6월'!F49+'7월'!F49+'8월'!F49+'9월'!F49+'10월'!F49+'11월'!F49+'12월'!F49 -> 5.3244382e+09 | G49: ='1월'!H49+'2월'!G49+'3월'!G49+'4월'!G49+'5월'!G49+'6월'!G49+'7월'!G49+'8월'!G49+'9월'!G49+'10월'!G49+'11월'!G49+'12월'!G49 -> 1.7064268e+09 | H49: ='1월'!J49+'2월'!H49+'3월'!H49+'4월'!H49+'5월'!H49+'6월'!H49+'7월'!H49+'8월'!H49+'9월'!H49+'10월'!H49+'11월'!H49+'12월'!H49 -> 51606420 | I49: ='1월'!K49+'2월'!I49+'3월'!I49+'4월'!I49+'5월'!I49+'6월'!I49+'7월'!I49+'8월'!I49+'9월'!I49+'10월'!I49+'11월'!I49+'12월'!I49 -> 52664296 | J49: ='1월'!L49+'2월'!J49+'3월'!J49+'4월'!J49+'5월'!J49+'6월'!J49+'7월'!J49+'8월'!J49+'9월'!J49+'10월'!J49+'11월'!J49+'12월'!J49 -> 55185064 | K49: ='1월'!M49+'2월'!K49+'3월'!K49+'4월'!K49+'5월'!K49+'6월'!K49+'7월'!K49+'8월'!K49+'9월'!K49+'10월'!K49+'11월'!K49+'12월'!K49 -> 259778170 | L49: ='1월'!N49+'2월'!L49+'3월'!L49+'4월'!L49+'5월'!L49+'6월'!L49+'7월'!L49+'8월'!L49+'9월'!L49+'10월'!L49+'11월'!L49+'12월'!L49 -> 507816300 | M49: ='1월'!O49+'2월'!M49+'3월'!M49+'4월'!M49+'5월'!M49+'6월'!M49+'7월'!M49+'8월'!M49+'9월'!M49+'10월'!M49+'11월'!M49+'12월'!M49 -> 35747970 | O49: =IFERROR(VLOOKUP($A49,[1]플랫폼1!$A:$B,2,FALSE),0) -> 4378510 | P49: =IFERROR(VLOOKUP($A49,[1]플랫폼2!$A:$M,12,FALSE),0)+IFERROR(VLOOKUP($A49,[1]플랫폼2!$A:$M,13,FALSE),0) -> 3004925 | Q49: =IFERROR(VLOOKUP($A49,[1]플랫폼2!$A:$M,7,FALSE),0)+IFERROR(VLOOKUP($A49,[1]플랫폼2!$A:$M,12,FALSE),0) -> 3004925 | R49: =IFERROR(VLOOKUP($A49,[1]모바일!$A:$S,17,FALSE),0) -> 837272.5 | S49: =IFERROR(VLOOKUP($A49,[1]모바일!$A:$S,18,FALSE),0) -> 837272.5 | T49: =IFERROR(VLOOKUP(A49,[1]플랫폼2!$A:$O,15,0),0) -> 23685065
A50: 직책수당-영업직 | B50: ='1월'!B50+'2월'!B50+'3월'!B50+'4월'!B50+'5월'!B50+'6월'!B50+'7월'!B50+'8월'!B50+'9월'!B50+'10월'!B50+'11월'!B50+'12월'!B50 -> 1528441970 | C50: ='1월'!C50+'2월'!C50+'3월'!C50+'4월'!C50+'5월'!C50+'6월'!C50+'7월'!C50+'8월'!C50+'9월'!C50+'10월'!C50+'11월'!C50+'12월'!C50 -> 69536950 | D50: ='1월'!D50+'2월'!D50+'3월'!D50+'4월'!D50+'5월'!D50+'6월'!D50+'7월'!D50+'8월'!D50+'9월'!D50+'10월'!D50+'11월'!D50+'12월'!D50 -> 7200000 | E50: ='1월'!E50+'2월'!E50+'3월'!E50+'4월'!E50+'5월'!E50+'6월'!E50+'7월'!E50+'8월'!E50+'9월'!E50+'10월'!E50+'11월'!E50+'12월'!E50 -> 1451705020 | F50: ='1월'!F50+'2월'!F50+'3월'!F50+'4월'!F50+'5월'!F50+'6월'!F50+'7월'!F50+'8월'!F50+'9월'!F50+'10월'!F50+'11월'!F50+'12월'!F50 -> 1059616160 | G50: ='1월'!H50+'2월'!G50+'3월'!G50+'4월'!G50+'5월'!G50+'6월'!G50+'7월'!G50+'8월'!G50+'9월'!G50+'10월'!G50+'11월'!G50+'12월'!G50 -> 300495210 | H50: ='1월'!J50+'2월'!H50+'3월'!H50+'4월'!H50+'5월'!H50+'6월'!H50+'7월'!H50+'8월'!H50+'9월'!H50+'10월'!H50+'11월'!H50+'12월'!H50 -> 14400000 | I50: ='1월'!K50+'2월'!I50+'3월'!I50+'4월'!I50+'5월'!I50+'6월'!I50+'7월'!I50+'8월'!I50+'9월'!I50+'10월'!I50+'11월'!I50+'12월'!I50 -> 5281145 | J50: ='1월'!L50+'2월'!J50+'3월'!J50+'4월'!J50+'5월'!J50+'6월'!J50+'7월'!J50+'8월'!J50+'9월'!J50+'10월'!J50+'11월'!J50+'12월'!J50 -> 5564305 | K50: ='1월'!M50+'2월'!K50+'3월'!K50+'4월'!K50+'5월'!K50+'6월'!K50+'7월'!K50+'8월'!K50+'9월'!K50+'10월'!K50+'11월'!K50+'12월'!K50 -> 36679640 | L50: ='1월'!N50+'2월'!L50+'3월'!L50+'4월'!L50+'5월'!L50+'6월'!L50+'7월'!L50+'8월'!L50+'9월'!L50+'10월'!L50+'11월'!L50+'12월'!L50 -> 29518560 | M50: ='1월'!O50+'2월'!M50+'3월'!M50+'4월'!M50+'5월'!M50+'6월'!M50+'7월'!M50+'8월'!M50+'9월'!M50+'10월'!M50+'11월'!M50+'12월'!M50 -> 150000 | O50: =IFERROR(VLOOKUP($A50,[1]플랫폼1!$A:$B,2,FALSE),0) -> 0 | P50: =IFERROR(VLOOKUP($A50,[1]플랫폼2!$A:$M,12,FALSE),0)+IFERROR(VLOOKUP($A50,[1]플랫폼2!$A:$M,13,FALSE),0) -> 0 | Q50: =IFERROR(VLOOKUP($A50,[1]플랫폼2!$A:$M,7,FALSE),0)+IFERROR(VLOOKUP($A50,[1]플랫폼2!$A:$M,12,FALSE),0) -> 0 | R50: =IFERROR(VLOOKUP($A50,[1]모바일!$A:$S,17,FALSE),0) -> 0 | S50: =IFERROR(VLOOKUP($A50,[1]모바일!$A:$S,18,FALSE),0) -> 0 | T50: 150000
A51: 복리급식보조비-영업직 | B51: ='1월'!B51+'2월'!B51+'3월'!B51+'4월'!B51+'5월'!B51+'6월'!B51+'7월'!B51+'8월'!B51+'9월'!B51+'10월'!B51+'11월'!B51+'12월'!B51 -> 3292607760 | C51: ='1월'!C51+'2월'!C51+'3월'!C51+'4월'!C51+'5월'!C51+'6월'!C51+'7월'!C51+'8월'!C51+'9월'!C51+'10월'!C51+'11월'!C51+'12월'!C51 -> 64866280 | D51: ='1월'!D51+'2월'!D51+'3월'!D51+'4월'!D51+'5월'!D51+'6월'!D51+'7월'!D51+'8월'!D51+'9월'!D51+'10월'!D51+'11월'!D51+'12월'!D51 -> 52628440 | E51: ='1월'!E51+'2월'!E51+'3월'!E51+'4월'!E51+'5월'!E51+'6월'!E51+'7월'!E51+'8월'!E51+'9월'!E51+'10월'!E51+'11월'!E51+'12월'!E51 -> 3175113040 | F51: ='1월'!F51+'2월'!F51+'3월'!F51+'4월'!F51+'5월'!F51+'6월'!F51+'7월'!F51+'8월'!F51+'9월'!F51+'10월'!F51+'11월'!F51+'12월'!F51 -> 2.1204217e+09 | G51: ='1월'!H51+'2월'!G51+'3월'!G51+'4월'!G51+'5월'!G51+'6월'!G51+'7월'!G51+'8월'!G51+'9월'!G51+'10월'!G51+'11월'!G51+'12월'!G51 -> 6.7546435e+08 | H51: ='1월'!J51+'2월'!H51+'3월'!H51+'4월'!H51+'5월'!H51+'6월'!H51+'7월'!H51+'8월'!H51+'9월'!H51+'10월'!H51+'11월'!H51+'12월'!H51 -> 18915170 | I51: ='1월'!K51+'2월'!I51+'3월'!I51+'4월'!I51+'5월'!I51+'6월'!I51+'7월'!I51+'8월'!I51+'9월'!I51+'10월'!I51+'11월'!I51+'12월'!I51 -> 22477782 | J51: ='1월'!L51+'2월'!J51+'3월'!J51+'4월'!J51+'5월'!J51+'6월'!J51+'7월'!J51+'8월'!J51+'9월'!J51+'10월'!J51+'11월'!J51+'12월'!J51 -> 23553358 | K51: ='1월'!M51+'2월'!K51+'3월'!K51+'4월'!K51+'5월'!K51+'6월'!K51+'7월'!K51+'8월'!K51+'9월'!K51+'10월'!K51+'11월'!K51+'12월'!K51 -> 100622490 | L51: ='1월'!N51+'2월'!L51+'3월'!L51+'4월'!L51+'5월'!L51+'6월'!L51+'7월'!L51+'8월'!L51+'9월'!L51+'10월'!L51+'11월'!L51+'12월'!L51 -> 198898700 | M51: ='1월'!O51+'2월'!M51+'3월'!M51+'4월'!M51+'5월'!M51+'6월'!M51+'7월'!M51+'8월'!M51+'9월'!M51+'10월'!M51+'11월'!M51+'12월'!M51 -> 14759500 | O51: =IFERROR(VLOOKUP($A51,[1]플랫폼1!$A:$B,2,FALSE),0) -> 1860000 | P51: =IFERROR(VLOOKUP($A51,[1]플랫폼2!$A:$M,12,FALSE),0)+IFERROR(VLOOKUP($A51,[1]플랫폼2!$A:$M,13,FALSE),0) -> 1351500 | Q51: =IFERROR(VLOOKUP($A51,[1]플랫폼2!$A:$M,7,FALSE),0)+IFERROR(VLOOKUP($A51,[1]플랫폼2!$A:$M,12,FALSE),0) -> 1351500 | R51: =IFERROR(VLOOKUP($A51,[1]모바일!$A:$S,17,FALSE),0) -> 310000 | S51: =IFERROR(VLOOKUP($A51,[1]모바일!$A:$S,18,FALSE),0) -> 310000 | T51: =IFERROR(VLOOKUP(A51,[1]플랫폼2!$A:$O,15,0),0) -> 9576500
A52: 사내강사비 | B52: ='1월'!B52+'2월'!B52+'3월'!B52+'4월'!B52+'5월'!B52+'6월'!B52+'7월'!B52+'8월'!B52+'9월'!B52+'10월'!B52+'11월'!B52+'12월'!B52 -> 2300000 | C52: ='1월'!C52+'2월'!C52+'3월'!C52+'4월'!C52+'5월'!C52+'6월'!C52+'7월'!C52+'8월'!C52+'9월'!C52+'10월'!C52+'11월'!C52+'12월'!C52 -> 1080000 | D52: ='1월'!D52+'2월'!D52+'3월'!D52+'4월'!D52+'5월'!D52+'6월'!D52+'7월'!D52+'8월'!D52+'9월'!D52+'10월'!D52+'11월'!D52+'12월'!D52 -> 920000 | E52: ='1월'!E52+'2월'!E52+'3월'!E52+'4월'!E52+'5월'!E52+'6월'!E52+'7월'!E52+'8월'!E52+'9월'!E52+'10월'!E52+'11월'!E52+'12월'!E52 -> 300000 | F52: ='1월'!F52+'2월'!F52+'3월'!F52+'4월'!F52+'5월'!F52+'6월'!F52+'7월'!F52+'8월'!F52+'9월'!F52+'10월'!F52+'11월'!F52+'12월'!F52 -> 220000 | G52: ='1월'!H52+'2월'!G52+'3월'!G52+'4월'!G52+'5월'!G52+'6월'!G52+'7월'!G52+'8월'!G52+'9월'!G52+'10월'!G52+'11월'!G52+'12월'!G52 -> 0 | H52: ='1월'!J52+'2월'!H52+'3월'!H52+'4월'!H52+'5월'!H52+'6월'!H52+'7월'!H52+'8월'!H52+'9월'!H52+'10월'!H52+'11월'!H52+'12월'!H52 -> 0 | I52: ='1월'!K52+'2월'!I52+'3월'!I52+'4월'!I52+'5월'!I52+'6월'!I52+'7월'!I52+'8월'!I52+'9월'!I52+'10월'!I52+'11월'!I52+'12월'!I52 -> 0 | J52: ='1월'!L52+'2월'!J52+'3월'!J52+'4월'!J52+'5월'!J52+'6월'!J52+'7월'!J52+'8월'!J52+'9월'!J52+'10월'!J52+'11월'!J52+'12월'!J52 -> 0 | K52: ='1월'!M52+'2월'!K52+'3월'!K52+'4월'!K52+'5월'!K52+'6월'!K52+'7월'!K52+'8월'!K52+'9월'!K52+'10월'!K52+'11월'!K52+'12월'!K52 -> 0 | L52: ='1월'!N52+'2월'!L52+'3월'!L52+'4월'!L52+'5월'!L52+'6월'!L52+'7월'!L52+'8월'!L52+'9월'!L52+'10월'!L52+'11월'!L52+'12월'!L52 -> 80000 | M52: ='1월'!O52+'2월'!M52+'3월'!M52+'4월'!M52+'5월'!M52+'6월'!M52+'7월'!M52+'8월'!M52+'9월'!M52+'10월'!M52+'11월'!M52+'12월'!M52 -> 0 | O52: =IFERROR(VLOOKUP($A52,[1]플랫폼1!$A:$B,2,FALSE),0) -> 0 | P52: =IFERROR(VLOOKUP($A52,[1]플랫폼2!$A:$M,12,FALSE),0)+IFERROR(VLOOKUP($A52,[1]플랫폼2!$A:$M,13,FALSE),0) -> 0 | Q52: =IFERROR(VLOOKUP($A52,[1]플랫폼2!$A:$M,7,FALSE),0)+IFERROR(VLOOKUP($A52,[1]플랫폼2!$A:$M,12,FALSE),0) -> 0 | R52: =IFERROR(VLOOKUP($A52,[1]모바일!$A:$S,17,FALSE),0) -> 0 | S52: =IFERROR(VLOOKUP($A52,[1]모바일!$A:$S,18,FALSE),0) -> 0 | T52: =IFERROR(VLOOKUP(A52,[1]플랫폼2!$A:$O,15,0),0) -> 0
A53: 시상비(마케팅) | B53: ='1월'!B53+'2월'!B53+'3월'!B53+'4월'!B53+'5월'!B53+'6월'!B53+'7월'!B53+'8월'!B53+'9월'!B53+'10월'!B53+'11월'!B53+'12월'!B53 -> 0 | C53: ='1월'!C53+'2월'!C53+'3월'!C53+'4월'!C53+'5월'!C53+'6월'!C53+'7월'!C53+'8월'!C53+'9월'!C53+'10월'!C53+'11월'!C53+'12월'!C53 -> 0 | D53: ='1월'!D53+'2월'!D53+'3월'!D53+'4월'!D53+'5월'!D53+'6월'!D53+'7월'!D53+'8월'!D53+'9월'!D53+'10월'!D53+'11월'!D53+'12월'!D53 -> 0 | E53: ='1월'!E53+'2월'!E53+'3월'!E53+'4월'!E53+'5월'!E53+'6월'!E53+'7월'!E53+'8월'!E53+'9월'!E53+'10월'!E53+'11월'!E53+'12월'!E53 -> 0 | F53: ='1월'!F53+'2월'!F53+'3월'!F53+'4월'!F53+'5월'!F53+'6월'!F53+'7월'!F53+'8월'!F53+'9월'!F53+'10월'!F53+'11월'!F53+'12월'!F53 -> 0 | G53: ='1월'!H53+'2월'!G53+'3월'!G53+'4월'!G53+'5월'!G53+'6월'!G53+'7월'!G53+'8월'!G53+'9월'!G53+'10월'!G53+'11월'!G53+'12월'!G53 -> 0 | H53: ='1월'!J53+'2월'!H53+'3월'!H53+'4월'!H53+'5월'!H53+'6월'!H53+'7월'!H53+'8월'!H53+'9월'!H53+'10월'!H53+'11월'!H53+'12월'!H53 -> 0 | I53: ='1월'!K53+'2월'!I53+'3월'!I53+'4월'!I53+'5월'!I53+'6월'!I53+'7월'!I53+'8월'!I53+'9월'!I53+'10월'!I53+'11월'!I53+'12월'!I53 -> 0 | J53: ='1월'!L53+'2월'!J53+'3월'!J53+'4월'!J53+'5월'!J53+'6월'!J53+'7월'!J53+'8월'!J53+'9월'!J53+'10월'!J53+'11월'!J53+'12월'!J53 -> 0 | K53: ='1월'!M53+'2월'!K53+'3월'!K53+'4월'!K53+'5월'!K53+'6월'!K53+'7월'!K53+'8월'!K53+'9월'!K53+'10월'!K53+'11월'!K53+'12월'!K53 -> 0 | L53: ='1월'!N53+'2월'!L53+'3월'!L53+'4월'!L53+'5월'!L53+'6월'!L53+'7월'!L53+'8월'!L53+'9월'!L53+'10월'!L53+'11월'!L53+'12월'!L53 -> 0 | M53: ='1월'!O53+'2월'!M53+'3월'!M53+'4월'!M53+'5월'!M53+'6월'!M53+'7월'!M53+'8월'!M53+'9월'!M53+'10월'!M53+'11월'!M53+'12월'!M53 -> 0 | O53: =IFERROR(VLOOKUP($A53,[1]플랫폼1!$A:$B,2,FALSE),0) -> 0 | P53: =IFERROR(VLOOKUP($A53,[1]플랫폼2!$A:$M,12,FALSE),0)+IFERROR(VLOOKUP($A53,[1]플랫폼2!$A:$M,13,FALSE),0) -> 0 | Q53: =IFERROR(VLOOKUP($A53,[1]플랫폼2!$A:$M,7,FALSE),0)+IFERROR(VLOOKUP($A53,[1]플랫폼2!$A:$M,12,FALSE),0) -> 0 | R53: =IFERROR(VLOOKUP($A53,[1]모바일!$A:$S,17,FALSE),0) -> 0 | S53: =IFERROR(VLOOKUP($A53,[1]모바일!$A:$S,18,FALSE),0) -> 0 | T53: =IFERROR(VLOOKUP(A53,[1]플랫폼2!$A:$O,15,0),0) -> 0
A54: 연차수당-영업직 | B54: ='1월'!B54+'2월'!B54+'3월'!B54+'4월'!B54+'5월'!B54+'6월'!B54+'7월'!B54+'8월'!B54+'9월'!B54+'10월'!B54+'11월'!B54+'12월'!B54 -> 229931350 | C54: ='1월'!C54+'2월'!C54+'3월'!C54+'4월'!C54+'5월'!C54+'6월'!C54+'7월'!C54+'8월'!C54+'9월'!C54+'10월'!C54+'11월'!C54+'12월'!C54 -> 45929410 | D54: ='1월'!D54+'2월'!D54+'3월'!D54+'4월'!D54+'5월'!D54+'6월'!D54+'7월'!D54+'8월'!D54+'9월'!D54+'10월'!D54+'11월'!D54+'12월'!D54 -> 821480 | E54: ='1월'!E54+'2월'!E54+'3월'!E54+'4월'!E54+'5월'!E54+'6월'!E54+'7월'!E54+'8월'!E54+'9월'!E54+'10월'!E54+'11월'!E54+'12월'!E54 -> 183180460 | F54: ='1월'!F54+'2월'!F54+'3월'!F54+'4월'!F54+'5월'!F54+'6월'!F54+'7월'!F54+'8월'!F54+'9월'!F54+'10월'!F54+'11월'!F54+'12월'!F54 -> 125053950 | G54: ='1월'!H54+'2월'!G54+'3월'!G54+'4월'!G54+'5월'!G54+'6월'!G54+'7월'!G54+'8월'!G54+'9월'!G54+'10월'!G54+'11월'!G54+'12월'!G54 -> 40910450 | H54: ='1월'!J54+'2월'!H54+'3월'!H54+'4월'!H54+'5월'!H54+'6월'!H54+'7월'!H54+'8월'!H54+'9월'!H54+'10월'!H54+'11월'!H54+'12월'!H54 -> 0 | I54: ='1월'!K54+'2월'!I54+'3월'!I54+'4월'!I54+'5월'!I54+'6월'!I54+'7월'!I54+'8월'!I54+'9월'!I54+'10월'!I54+'11월'!I54+'12월'!I54 -> 22000 | J54: ='1월'!L54+'2월'!J54+'3월'!J54+'4월'!J54+'5월'!J54+'6월'!J54+'7월'!J54+'8월'!J54+'9월'!J54+'10월'!J54+'11월'!J54+'12월'!J54 -> 22000 | K54: ='1월'!M54+'2월'!K54+'3월'!K54+'4월'!K54+'5월'!K54+'6월'!K54+'7월'!K54+'8월'!K54+'9월'!K54+'10월'!K54+'11월'!K54+'12월'!K54 -> 4620670 | L54: ='1월'!N54+'2월'!L54+'3월'!L54+'4월'!L54+'5월'!L54+'6월'!L54+'7월'!L54+'8월'!L54+'9월'!L54+'10월'!L54+'11월'!L54+'12월'!L54 -> 12280020 | M54: ='1월'!O54+'2월'!M54+'3월'!M54+'4월'!M54+'5월'!M54+'6월'!M54+'7월'!M54+'8월'!M54+'9월'!M54+'10월'!M54+'11월'!M54+'12월'!M54 -> 271370 | O54: =IFERROR(VLOOKUP($A54,[1]플랫폼1!$A:$B,2,FALSE),0) -> 0 | P54: =IFERROR(VLOOKUP($A54,[1]플랫폼2!$A:$M,12,FALSE),0)+IFERROR(VLOOKUP($A54,[1]플랫폼2!$A:$M,13,FALSE),0) -> 135685 | Q54: =IFERROR(VLOOKUP($A54,[1]플랫폼2!$A:$M,7,FALSE),0)+IFERROR(VLOOKUP($A54,[1]플랫폼2!$A:$M,12,FALSE),0) -> 135685 | R54: =IFERROR(VLOOKUP($A54,[1]모바일!$A:$S,17,FALSE),0) -> 0 | S54: =IFERROR(VLOOKUP($A54,[1]모바일!$A:$S,18,FALSE),0) -> 0 | T54: =IFERROR(VLOOKUP(A54,[1]플랫폼2!$A:$O,15,0),0) -> 0
A55: 급료와임금-기타직 | B55: ='1월'!B55+'2월'!B55+'3월'!B55+'4월'!B55+'5월'!B55+'6월'!B55+'7월'!B55+'8월'!B55+'9월'!B55+'10월'!B55+'11월'!B55+'12월'!B55 -> 633611580 | C55: ='1월'!C55+'2월'!C55+'3월'!C55+'4월'!C55+'5월'!C55+'6월'!C55+'7월'!C55+'8월'!C55+'9월'!C55+'10월'!C55+'11월'!C55+'12월'!C55 -> 0 | D55: ='1월'!D55+'2월'!D55+'3월'!D55+'4월'!D55+'5월'!D55+'6월'!D55+'7월'!D55+'8월'!D55+'9월'!D55+'10월'!D55+'11월'!D55+'12월'!D55 -> 0 | E55: ='1월'!E55+'2월'!E55+'3월'!E55+'4월'!E55+'5월'!E55+'6월'!E55+'7월'!E55+'8월'!E55+'9월'!E55+'10월'!E55+'11월'!E55+'12월'!E55 -> 633611580 | F55: ='1월'!F55+'2월'!F55+'3월'!F55+'4월'!F55+'5월'!F55+'6월'!F55+'7월'!F55+'8월'!F55+'9월'!F55+'10월'!F55+'11월'!F55+'12월'!F55 -> 0 | G55: ='1월'!H55+'2월'!G55+'3월'!G55+'4월'!G55+'5월'!G55+'6월'!G55+'7월'!G55+'8월'!G55+'9월'!G55+'10월'!G55+'11월'!G55+'12월'!G55 -> 0 | H55: ='1월'!J55+'2월'!H55+'3월'!H55+'4월'!H55+'5월'!H55+'6월'!H55+'7월'!H55+'8월'!H55+'9월'!H55+'10월'!H55+'11월'!H55+'12월'!H55 -> 0 | I55: ='1월'!K55+'2월'!I55+'3월'!I55+'4월'!I55+'5월'!I55+'6월'!I55+'7월'!I55+'8월'!I55+'9월'!I55+'10월'!I55+'11월'!I55+'12월'!I55 -> 0 | J55: ='1월'!L55+'2월'!J55+'3월'!J55+'4월'!J55+'5월'!J55+'6월'!J55+'7월'!J55+'8월'!J55+'9월'!J55+'10월'!J55+'11월'!J55+'12월'!J55 -> 0 | K55: ='1월'!M55+'2월'!K55+'3월'!K55+'4월'!K55+'5월'!K55+'6월'!K55+'7월'!K55+'8월'!K55+'9월'!K55+'10월'!K55+'11월'!K55+'12월'!K55 -> 0 | L55: ='1월'!N55+'2월'!L55+'3월'!L55+'4월'!L55+'5월'!L55+'6월'!L55+'7월'!L55+'8월'!L55+'9월'!L55+'10월'!L55+'11월'!L55+'12월'!L55 -> 633611580 | M55: ='1월'!O55+'2월'!M55+'3월'!M55+'4월'!M55+'5월'!M55+'6월'!M55+'7월'!M55+'8월'!M55+'9월'!M55+'10월'!M55+'11월'!M55+'12월'!M55 -> 0 | O55: =IFERROR(VLOOKUP($A55,[1]플랫폼1!$A:$B,2,FALSE),0) -> 0 | P55: =IFERROR(VLOOKUP($A55,[1]플랫폼2!$A:$M,12,FALSE),0)+IFERROR(VLOOKUP($A55,[1]플랫폼2!$A:$M,13,FALSE),0) -> 0 | Q55: =IFERROR(VLOOKUP($A55,[1]플랫폼2!$A:$M,7,FALSE),0)+IFERROR(VLOOKUP($A55,[1]플랫폼2!$A:$M,12,FALSE),0) -> 0 | R55: =IFERROR(VLOOKUP($A55,[1]모바일!$A:$S,17,FALSE),0) -> 0 | S55: =IFERROR(VLOOKUP($A55,[1]모바일!$A:$S,18,FALSE),0) -> 0 | T55: =IFERROR(VLOOKUP(A55,[1]플랫폼2!$A:$O,15,0),0) -> 0
A56: 연차수당-기타직 | B56: ='1월'!B56+'2월'!B56+'3월'!B56+'4월'!B56+'5월'!B56+'6월'!B56+'7월'!B56+'8월'!B56+'9월'!B56+'10월'!B56+'11월'!B56+'12월'!B56 -> 4823670 | C56: ='1월'!C56+'2월'!C56+'3월'!C56+'4월'!C56+'5월'!C56+'6월'!C56+'7월'!C56+'8월'!C56+'9월'!C56+'10월'!C56+'11월'!C56+'12월'!C56 -> 0 | D56: ='1월'!D56+'2월'!D56+'3월'!D56+'4월'!D56+'5월'!D56+'6월'!D56+'7월'!D56+'8월'!D56+'9월'!D56+'10월'!D56+'11월'!D56+'12월'!D56 -> 0 | E56: ='1월'!E56+'2월'!E56+'3월'!E56+'4월'!E56+'5월'!E56+'6월'!E56+'7월'!E56+'8월'!E56+'9월'!E56+'10월'!E56+'11월'!E56+'12월'!E56 -> 4823670 | F56: ='1월'!F56+'2월'!F56+'3월'!F56+'4월'!F56+'5월'!F56+'6월'!F56+'7월'!F56+'8월'!F56+'9월'!F56+'10월'!F56+'11월'!F56+'12월'!F56 -> 0 | G56: ='1월'!H56+'2월'!G56+'3월'!G56+'4월'!G56+'5월'!G56+'6월'!G56+'7월'!G56+'8월'!G56+'9월'!G56+'10월'!G56+'11월'!G56+'12월'!G56 -> 0 | H56: ='1월'!J56+'2월'!H56+'3월'!H56+'4월'!H56+'5월'!H56+'6월'!H56+'7월'!H56+'8월'!H56+'9월'!H56+'10월'!H56+'11월'!H56+'12월'!H56 -> 0 | I56: ='1월'!K56+'2월'!I56+'3월'!I56+'4월'!I56+'5월'!I56+'6월'!I56+'7월'!I56+'8월'!I56+'9월'!I56+'10월'!I56+'11월'!I56+'12월'!I56 -> 0 | J56: ='1월'!L56+'2월'!J56+'3월'!J56+'4월'!J56+'5월'!J56+'6월'!J56+'7월'!J56+'8월'!J56+'9월'!J56+'10월'!J56+'11월'!J56+'12월'!J56 -> 0 | K56: ='1월'!M56+'2월'!K56+'3월'!K56+'4월'!K56+'5월'!K56+'6월'!K56+'7월'!K56+'8월'!K56+'9월'!K56+'10월'!K56+'11월'!K56+'12월'!K56 -> 0 | L56: ='1월'!N56+'2월'!L56+'3월'!L56+'4월'!L56+'5월'!L56+'6월'!L56+'7월'!L56+'8월'!L56+'9월'!L56+'10월'!L56+'11월'!L56+'12월'!L56 -> 4823670 | M56: ='1월'!O56+'2월'!M56+'3월'!M56+'4월'!M56+'5월'!M56+'6월'!M56+'7월'!M56+'8월'!M56+'9월'!M56+'10월'!M56+'11월'!M56+'12월'!M56 -> 0 | O56: =IFERROR(VLOOKUP($A56,[1]플랫폼1!$A:$B,2,FALSE),0) -> 0 | P56: =IFERROR(VLOOKUP($A56,[1]플랫폼2!$A:$M,12,FALSE),0)+IFERROR(VLOOKUP($A56,[1]플랫폼2!$A:$M,13,FALSE),0) -> 0 | Q56: =IFERROR(VLOOKUP($A56,[1]플랫폼2!$A:$M,7,FALSE),0)+IFERROR(VLOOKUP($A56,[1]플랫폼2!$A:$M,12,FALSE),0) -> 0 | R56: =IFERROR(VLOOKUP($A56,[1]모바일!$A:$S,17,FALSE),0) -> 0 | S56: =IFERROR(VLOOKUP($A56,[1]모바일!$A:$S,18,FALSE),0) -> 0 | T56: =IFERROR(VLOOKUP(A56,[1]플랫폼2!$A:$O,15,0),0) -> 0
A57: 휴일근무수당-기타직 | B57: ='1월'!B57+'2월'!B57+'3월'!B57+'4월'!B57+'5월'!B57+'6월'!B57+'7월'!B57+'8월'!B57+'9월'!B57+'10월'!B57+'11월'!B57+'12월'!B57 -> 0 | C57: ='1월'!C57+'2월'!C57+'3월'!C57+'4월'!C57+'5월'!C57+'6월'!C57+'7월'!C57+'8월'!C57+'9월'!C57+'10월'!C57+'11월'!C57+'12월'!C57 -> 0 | D57: ='1월'!D57+'2월'!D57+'3월'!D57+'4월'!D57+'5월'!D57+'6월'!D57+'7월'!D57+'8월'!D57+'9월'!D57+'10월'!D57+'11월'!D57+'12월'!D57 -> 0 | E57: ='1월'!E57+'2월'!E57+'3월'!E57+'4월'!E57+'5월'!E57+'6월'!E57+'7월'!E57+'8월'!E57+'9월'!E57+'10월'!E57+'11월'!E57+'12월'!E57 -> 0 | F57: ='1월'!F57+'2월'!F57+'3월'!F57+'4월'!F57+'5월'!F57+'6월'!F57+'7월'!F57+'8월'!F57+'9월'!F57+'10월'!F57+'11월'!F57+'12월'!F57 -> 0 | G57: ='1월'!H57+'2월'!G57+'3월'!G57+'4월'!G57+'5월'!G57+'6월'!G57+'7월'!G57+'8월'!G57+'9월'!G57+'10월'!G57+'11월'!G57+'12월'!G57 -> 0 | H57: ='1월'!J57+'2월'!H57+'3월'!H57+'4월'!H57+'5월'!H57+'6월'!H57+'7월'!H57+'8월'!H57+'9월'!H57+'10월'!H57+'11월'!H57+'12월'!H57 -> 0 | I57: ='1월'!K57+'2월'!I57+'3월'!I57+'4월'!I57+'5월'!I57+'6월'!I57+'7월'!I57+'8월'!I57+'9월'!I57+'10월'!I57+'11월'!I57+'12월'!I57 -> 0 | J57: ='1월'!L57+'2월'!J57+'3월'!J57+'4월'!J57+'5월'!J57+'6월'!J57+'7월'!J57+'8월'!J57+'9월'!J57+'10월'!J57+'11월'!J57+'12월'!J57 -> 0 | K57: ='1월'!M57+'2월'!K57+'3월'!K57+'4월'!K57+'5월'!K57+'6월'!K57+'7월'!K57+'8월'!K57+'9월'!K57+'10월'!K57+'11월'!K57+'12월'!K57 -> 0 | L57: ='1월'!N57+'2월'!L57+'3월'!L57+'4월'!L57+'5월'!L57+'6월'!L57+'7월'!L57+'8월'!L57+'9월'!L57+'10월'!L57+'11월'!L57+'12월'!L57 -> 0 | M57: ='1월'!O57+'2월'!M57+'3월'!M57+'4월'!M57+'5월'!M57+'6월'!M57+'7월'!M57+'8월'!M57+'9월'!M57+'10월'!M57+'11월'!M57+'12월'!M57 -> 0 | O57: =IFERROR(VLOOKUP($A57,[1]플랫폼1!$A:$B,2,FALSE),0) -> 0 | P57: =IFERROR(VLOOKUP($A57,[1]플랫폼2!$A:$M,12,FALSE),0)+IFERROR(VLOOKUP($A57,[1]플랫폼2!$A:$M,13,FALSE),0) -> 0 | Q57: =IFERROR(VLOOKUP($A57,[1]플랫폼2!$A:$M,7,FALSE),0)+IFERROR(VLOOKUP($A57,[1]플랫폼2!$A:$M,12,FALSE),0) -> 0 | R57: =IFERROR(VLOOKUP($A57,[1]모바일!$A:$S,17,FALSE),0) -> 0 | S57: =IFERROR(VLOOKUP($A57,[1]모바일!$A:$S,18,FALSE),0) -> 0 | T57: =IFERROR(VLOOKUP(A57,[1]플랫폼2!$A:$O,15,0),0) -> 0
A58: 휴일근무수당-영업직 | B58: ='1월'!B58+'2월'!B58+'3월'!B58+'4월'!B58+'5월'!B58+'6월'!B58+'7월'!B58+'8월'!B58+'9월'!B58+'10월'!B58+'11월'!B58+'12월'!B58 -> 183692050 | C58: ='1월'!C58+'2월'!C58+'3월'!C58+'4월'!C58+'5월'!C58+'6월'!C58+'7월'!C58+'8월'!C58+'9월'!C58+'10월'!C58+'11월'!C58+'12월'!C58 -> 28265910 | D58: ='1월'!D58+'2월'!D58+'3월'!D58+'4월'!D58+'5월'!D58+'6월'!D58+'7월'!D58+'8월'!D58+'9월'!D58+'10월'!D58+'11월'!D58+'12월'!D58 -> 3320210 | E58: ='1월'!E58+'2월'!E58+'3월'!E58+'4월'!E58+'5월'!E58+'6월'!E58+'7월'!E58+'8월'!E58+'9월'!E58+'10월'!E58+'11월'!E58+'12월'!E58 -> 152105930 | F58: ='1월'!F58+'2월'!F58+'3월'!F58+'4월'!F58+'5월'!F58+'6월'!F58+'7월'!F58+'8월'!F58+'9월'!F58+'10월'!F58+'11월'!F58+'12월'!F58 -> 98745558 | G58: ='1월'!H58+'2월'!G58+'3월'!G58+'4월'!G58+'5월'!G58+'6월'!G58+'7월'!G58+'8월'!G58+'9월'!G58+'10월'!G58+'11월'!G58+'12월'!G58 -> 48075642 | H58: ='1월'!J58+'2월'!H58+'3월'!H58+'4월'!H58+'5월'!H58+'6월'!H58+'7월'!H58+'8월'!H58+'9월'!H58+'10월'!H58+'11월'!H58+'12월'!H58 -> 3166530 | I58: ='1월'!K58+'2월'!I58+'3월'!I58+'4월'!I58+'5월'!I58+'6월'!I58+'7월'!I58+'8월'!I58+'9월'!I58+'10월'!I58+'11월'!I58+'12월'!I58 -> 0 | J58: ='1월'!L58+'2월'!J58+'3월'!J58+'4월'!J58+'5월'!J58+'6월'!J58+'7월'!J58+'8월'!J58+'9월'!J58+'10월'!J58+'11월'!J58+'12월'!J58 -> 0 | K58: ='1월'!M58+'2월'!K58+'3월'!K58+'4월'!K58+'5월'!K58+'6월'!K58+'7월'!K58+'8월'!K58+'9월'!K58+'10월'!K58+'11월'!K58+'12월'!K58 -> 143810 | L58: ='1월'!N58+'2월'!L58+'3월'!L58+'4월'!L58+'5월'!L58+'6월'!L58+'7월'!L58+'8월'!L58+'9월'!L58+'10월'!L58+'11월'!L58+'12월'!L58 -> 1159400 | M58: ='1월'!O58+'2월'!M58+'3월'!M58+'4월'!M58+'5월'!M58+'6월'!M58+'7월'!M58+'8월'!M58+'9월'!M58+'10월'!M58+'11월'!M58+'12월'!M58 -> 814990 | O58: =IFERROR(VLOOKUP($A58,[1]플랫폼1!$A:$B,2,FALSE),0) -> 0 | P58: =IFERROR(VLOOKUP($A58,[1]플랫폼2!$A:$M,12,FALSE),0)+IFERROR(VLOOKUP($A58,[1]플랫폼2!$A:$M,13,FALSE),0) -> 290460 | Q58: =IFERROR(VLOOKUP($A58,[1]플랫폼2!$A:$M,7,FALSE),0)+IFERROR(VLOOKUP($A58,[1]플랫폼2!$A:$M,12,FALSE),0) -> 290460 | R58: =IFERROR(VLOOKUP($A58,[1]모바일!$A:$S,17,FALSE),0) -> 19505.833 | S58: =IFERROR(VLOOKUP($A58,[1]모바일!$A:$S,18,FALSE),0) -> 19505.833 | T58: =IFERROR(VLOOKUP(A58,[1]플랫폼2!$A:$O,15,0),0) -> 195058.33
A59: 심야근무수당-영업직 | B59: ='1월'!B59+'2월'!B59+'3월'!B59+'4월'!B59+'5월'!B59+'6월'!B59+'7월'!B59+'8월'!B59+'9월'!B59+'10월'!B59+'11월'!B59+'12월'!B59 -> 0 | C59: ='1월'!C59+'2월'!C59+'3월'!C59+'4월'!C59+'5월'!C59+'6월'!C59+'7월'!C59+'8월'!C59+'9월'!C59+'10월'!C59+'11월'!C59+'12월'!C59 -> 0 | D59: ='1월'!D59+'2월'!D59+'3월'!D59+'4월'!D59+'5월'!D59+'6월'!D59+'7월'!D59+'8월'!D59+'9월'!D59+'10월'!D59+'11월'!D59+'12월'!D59 -> 0 | E59: ='1월'!E59+'2월'!E59+'3월'!E59+'4월'!E59+'5월'!E59+'6월'!E59+'7월'!E59+'8월'!E59+'9월'!E59+'10월'!E59+'11월'!E59+'12월'!E59 -> 0 | F59: ='1월'!F59+'2월'!F59+'3월'!F59+'4월'!F59+'5월'!F59+'6월'!F59+'7월'!F59+'8월'!F59+'9월'!F59+'10월'!F59+'11월'!F59+'12월'!F59 -> 0 | G59: ='1월'!H59+'2월'!G59+'3월'!G59+'4월'!G59+'5월'!G59+'6월'!G59+'7월'!G59+'8월'!G59+'9월'!G59+'10월'!G59+'11월'!G59+'12월'!G59 -> 0 | H59: ='1월'!J59+'2월'!H59+'3월'!H59+'4월'!H59+'5월'!H59+'6월'!H59+'7월'!H59+'8월'!H59+'9월'!H59+'10월'!H59+'11월'!H59+'12월'!H59 -> 0 | I59: ='1월'!K59+'2월'!I59+'3월'!I59+'4월'!I59+'5월'!I59+'6월'!I59+'7월'!I59+'8월'!I59+'9월'!I59+'10월'!I59+'11월'!I59+'12월'!I59 -> 0 | J59: ='1월'!L59+'2월'!J59+'3월'!J59+'4월'!J59+'5월'!J59+'6월'!J59+'7월'!J59+'8월'!J59+'9월'!J59+'10월'!J59+'11월'!J59+'12월'!J59 -> 0 | K59: ='1월'!M59+'2월'!K59+'3월'!K59+'4월'!K59+'5월'!K59+'6월'!K59+'7월'!K59+'8월'!K59+'9월'!K59+'10월'!K59+'11월'!K59+'12월'!K59 -> 0 | L59: ='1월'!N59+'2월'!L59+'3월'!L59+'4월'!L59+'5월'!L59+'6월'!L59+'7월'!L59+'8월'!L59+'9월'!L59+'10월'!L59+'11월'!L59+'12월'!L59 -> 0 | M59: ='1월'!O59+'2월'!M59+'3월'!M59+'4월'!M59+'5월'!M59+'6월'!M59+'7월'!M59+'8월'!M59+'9월'!M59+'10월'!M59+'11월'!M59+'12월'!M59 -> 0 | O59: =IFERROR(VLOOKUP($A59,[1]플랫폼1!$A:$B,2,FALSE),0) -> 0 | P59: =IFERROR(VLOOKUP($A59,[1]플랫폼2!$A:$M,12,FALSE),0)+IFERROR(VLOOKUP($A59,[1]플랫폼2!$A:$M,13,FALSE),0) -> 0 | Q59: =IFERROR(VLOOKUP($A59,[1]플랫폼2!$A:$M,7,FALSE),0)+IFERROR(VLOOKUP($A59,[1]플랫폼2!$A:$M,12,FALSE),0) -> 0 | R59: =IFERROR(VLOOKUP($A59,[1]모바일!$A:$S,17,FALSE),0) -> 0 | S59: =IFERROR(VLOOKUP($A59,[1]모바일!$A:$S,18,FALSE),0) -> 0 | T59: =IFERROR(VLOOKUP(A59,[1]플랫폼2!$A:$O,15,0),0) -> 0
A60: 제수당기타-영업직 | B60: ='1월'!B60+'2월'!B60+'3월'!B60+'4월'!B60+'5월'!B60+'6월'!B60+'7월'!B60+'8월'!B60+'9월'!B60+'10월'!B60+'11월'!B60+'12월'!B60 -> 179870802 | C60: ='1월'!C60+'2월'!C60+'3월'!C60+'4월'!C60+'5월'!C60+'6월'!C60+'7월'!C60+'8월'!C60+'9월'!C60+'10월'!C60+'11월'!C60+'12월'!C60 -> 18325000 | D60: ='1월'!D60+'2월'!D60+'3월'!D60+'4월'!D60+'5월'!D60+'6월'!D60+'7월'!D60+'8월'!D60+'9월'!D60+'10월'!D60+'11월'!D60+'12월'!D60 -> 6733080 | E60: ='1월'!E60+'2월'!E60+'3월'!E60+'4월'!E60+'5월'!E60+'6월'!E60+'7월'!E60+'8월'!E60+'9월'!E60+'10월'!E60+'11월'!E60+'12월'!E60 -> 154812722 | F60: ='1월'!F60+'2월'!F60+'3월'!F60+'4월'!F60+'5월'!F60+'6월'!F60+'7월'!F60+'8월'!F60+'9월'!F60+'10월'!F60+'11월'!F60+'12월'!F60 -> 35621218 | G60: ='1월'!H60+'2월'!G60+'3월'!G60+'4월'!G60+'5월'!G60+'6월'!G60+'7월'!G60+'8월'!G60+'9월'!G60+'10월'!G60+'11월'!G60+'12월'!G60 -> 47793230 | H60: ='1월'!J60+'2월'!H60+'3월'!H60+'4월'!H60+'5월'!H60+'6월'!H60+'7월'!H60+'8월'!H60+'9월'!H60+'10월'!H60+'11월'!H60+'12월'!H60 -> 2000000 | I60: ='1월'!K60+'2월'!I60+'3월'!I60+'4월'!I60+'5월'!I60+'6월'!I60+'7월'!I60+'8월'!I60+'9월'!I60+'10월'!I60+'11월'!I60+'12월'!I60 -> 0 | J60: ='1월'!L60+'2월'!J60+'3월'!J60+'4월'!J60+'5월'!J60+'6월'!J60+'7월'!J60+'8월'!J60+'9월'!J60+'10월'!J60+'11월'!J60+'12월'!J60 -> 0 | K60: ='1월'!M60+'2월'!K60+'3월'!K60+'4월'!K60+'5월'!K60+'6월'!K60+'7월'!K60+'8월'!K60+'9월'!K60+'10월'!K60+'11월'!K60+'12월'!K60 -> 0 | L60: ='1월'!N60+'2월'!L60+'3월'!L60+'4월'!L60+'5월'!L60+'6월'!L60+'7월'!L60+'8월'!L60+'9월'!L60+'10월'!L60+'11월'!L60+'12월'!L60 -> 57398274 | M60: ='1월'!O60+'2월'!M60+'3월'!M60+'4월'!M60+'5월'!M60+'6월'!M60+'7월'!M60+'8월'!M60+'9월'!M60+'10월'!M60+'11월'!M60+'12월'!M60 -> 12000000 | O60: =IFERROR(VLOOKUP($A60,[1]플랫폼1!$A:$B,2,FALSE),0) -> 6000000 | P60: =IFERROR(VLOOKUP($A60,[1]플랫폼2!$A:$M,12,FALSE),0)+IFERROR(VLOOKUP($A60,[1]플랫폼2!$A:$M,13,FALSE),0) -> 0 | Q60: =IFERROR(VLOOKUP($A60,[1]플랫폼2!$A:$M,7,FALSE),0)+IFERROR(VLOOKUP($A60,[1]플랫폼2!$A:$M,12,FALSE),0) -> 0 | R60: 500000 | S60: 500000 | T60: 5000000
A61: 프로모션-기타직 | B61: ='1월'!B61+'2월'!B61+'3월'!B61+'4월'!B61+'5월'!B61+'6월'!B61+'7월'!B61+'8월'!B61+'9월'!B61+'10월'!B61+'11월'!B61+'12월'!B61 -> 9768571 | C61: ='1월'!C61+'2월'!C61+'3월'!C61+'4월'!C61+'5월'!C61+'6월'!C61+'7월'!C61+'8월'!C61+'9월'!C61+'10월'!C61+'11월'!C61+'12월'!C61 -> 0 | D61: ='1월'!D61+'2월'!D61+'3월'!D61+'4월'!D61+'5월'!D61+'6월'!D61+'7월'!D61+'8월'!D61+'9월'!D61+'10월'!D61+'11월'!D61+'12월'!D61 -> 0 | E61: ='1월'!E61+'2월'!E61+'3월'!E61+'4월'!E61+'5월'!E61+'6월'!E61+'7월'!E61+'8월'!E61+'9월'!E61+'10월'!E61+'11월'!E61+'12월'!E61 -> 9768571 | F61: ='1월'!F61+'2월'!F61+'3월'!F61+'4월'!F61+'5월'!F61+'6월'!F61+'7월'!F61+'8월'!F61+'9월'!F61+'10월'!F61+'11월'!F61+'12월'!F61 -> 0 | G61: ='1월'!H61+'2월'!G61+'3월'!G61+'4월'!G61+'5월'!G61+'6월'!G61+'7월'!G61+'8월'!G61+'9월'!G61+'10월'!G61+'11월'!G61+'12월'!G61 -> 0 | H61: ='1월'!J61+'2월'!H61+'3월'!H61+'4월'!H61+'5월'!H61+'6월'!H61+'7월'!H61+'8월'!H61+'9월'!H61+'10월'!H61+'11월'!H61+'12월'!H61 -> 0 | I61: ='1월'!K61+'2월'!I61+'3월'!I61+'4월'!I61+'5월'!I61+'6월'!I61+'7월'!I61+'8월'!I61+'9월'!I61+'10월'!I61+'11월'!I61+'12월'!I61 -> 0 | J61: ='1월'!L61+'2월'!J61+'3월'!J61+'4월'!J61+'5월'!J61+'6월'!J61+'7월'!J61+'8월'!J61+'9월'!J61+'10월'!J61+'11월'!J61+'12월'!J61 -> 0 | K61: ='1월'!M61+'2월'!K61+'3월'!K61+'4월'!K61+'5월'!K61+'6월'!K61+'7월'!K61+'8월'!K61+'9월'!K61+'10월'!K61+'11월'!K61+'12월'!K61 -> 0 | L61: ='1월'!N61+'2월'!L61+'3월'!L61+'4월'!L61+'5월'!L61+'6월'!L61+'7월'!L61+'8월'!L61+'9월'!L61+'10월'!L61+'11월'!L61+'12월'!L61 -> 9768571 | M61: ='1월'!O61+'2월'!M61+'3월'!M61+'4월'!M61+'5월'!M61+'6월'!M61+'7월'!M61+'8월'!M61+'9월'!M61+'10월'!M61+'11월'!M61+'12월'!M61 -> 0 | O61: =IFERROR(VLOOKUP($A61,[1]플랫폼1!$A:$B,2,FALSE),0) -> 0 | P61: =IFERROR(VLOOKUP($A61,[1]플랫폼2!$A:$M,12,FALSE),0)+IFERROR(VLOOKUP($A61,[1]플랫폼2!$A:$M,13,FALSE),0) -> 0 | Q61: =IFERROR(VLOOKUP($A61,[1]플랫폼2!$A:$M,7,FALSE),0)+IFERROR(VLOOKUP($A61,[1]플랫폼2!$A:$M,12,FALSE),0) -> 0 | R61: =IFERROR(VLOOKUP($A61,[1]모바일!$A:$S,17,FALSE),0) -> 0 | S61: =IFERROR(VLOOKUP($A61,[1]모바일!$A:$S,18,FALSE),0) -> 0 | T61: =IFERROR(VLOOKUP(A61,[1]플랫폼2!$A:$O,15,0),0) -> 0
A62: 특별격려금 | B62: ='1월'!B62+'2월'!B62+'3월'!B62+'4월'!B62+'5월'!B62+'6월'!B62+'7월'!B62+'8월'!B62+'9월'!B62+'10월'!B62+'11월'!B62+'12월'!B62 -> 2896500000 | C62: ='1월'!C62+'2월'!C62+'3월'!C62+'4월'!C62+'5월'!C62+'6월'!C62+'7월'!C62+'8월'!C62+'9월'!C62+'10월'!C62+'11월'!C62+'12월'!C62 -> 163500000 | D62: ='1월'!D62+'2월'!D62+'3월'!D62+'4월'!D62+'5월'!D62+'6월'!D62+'7월'!D62+'8월'!D62+'9월'!D62+'10월'!D62+'11월'!D62+'12월'!D62 -> 63000000 | E62: ='1월'!E62+'2월'!E62+'3월'!E62+'4월'!E62+'5월'!E62+'6월'!E62+'7월'!E62+'8월'!E62+'9월'!E62+'10월'!E62+'11월'!E62+'12월'!E62 -> 2670000000 | F62: ='1월'!F62+'2월'!F62+'3월'!F62+'4월'!F62+'5월'!F62+'6월'!F62+'7월'!F62+'8월'!F62+'9월'!F62+'10월'!F62+'11월'!F62+'12월'!F62 -> 1.6201195e+09 | G62: ='1월'!H62+'2월'!G62+'3월'!G62+'4월'!G62+'5월'!G62+'6월'!G62+'7월'!G62+'8월'!G62+'9월'!G62+'10월'!G62+'11월'!G62+'12월'!G62 -> 5.1425625e+08 | H62: ='1월'!J62+'2월'!H62+'3월'!H62+'4월'!H62+'5월'!H62+'6월'!H62+'7월'!H62+'8월'!H62+'9월'!H62+'10월'!H62+'11월'!H62+'12월'!H62 -> 1.9662423e+08 | I62: ='1월'!K62+'2월'!I62+'3월'!I62+'4월'!I62+'5월'!I62+'6월'!I62+'7월'!I62+'8월'!I62+'9월'!I62+'10월'!I62+'11월'!I62+'12월'!I62 -> 21215132 | J62: ='1월'!L62+'2월'!J62+'3월'!J62+'4월'!J62+'5월'!J62+'6월'!J62+'7월'!J62+'8월'!J62+'9월'!J62+'10월'!J62+'11월'!J62+'12월'!J62 -> 18197664 | K62: ='1월'!M62+'2월'!K62+'3월'!K62+'4월'!K62+'5월'!K62+'6월'!K62+'7월'!K62+'8월'!K62+'9월'!K62+'10월'!K62+'11월'!K62+'12월'!K62 -> 87933523 | L62: ='1월'!N62+'2월'!L62+'3월'!L62+'4월'!L62+'5월'!L62+'6월'!L62+'7월'!L62+'8월'!L62+'9월'!L62+'10월'!L62+'11월'!L62+'12월'!L62 -> 1.8615368e+08 | M62: ='1월'!O62+'2월'!M62+'3월'!M62+'4월'!M62+'5월'!M62+'6월'!M62+'7월'!M62+'8월'!M62+'9월'!M62+'10월'!M62+'11월'!M62+'12월'!M62 -> 25500000 | O62: =IFERROR(VLOOKUP($A62,[1]플랫폼1!$A:$B,2,FALSE),0) -> 7500000 | P62: =IFERROR(VLOOKUP($A62,[1]플랫폼2!$A:$M,12,FALSE),0)+IFERROR(VLOOKUP($A62,[1]플랫폼2!$A:$M,13,FALSE),0) -> 3750000 | Q62: =IFERROR(VLOOKUP($A62,[1]플랫폼2!$A:$M,7,FALSE),0)+IFERROR(VLOOKUP($A62,[1]플랫폼2!$A:$M,12,FALSE),0) -> 3750000 | R62: =IFERROR(VLOOKUP($A62,[1]모바일!$A:$S,17,FALSE),0) -> 500000 | S62: =IFERROR(VLOOKUP($A62,[1]모바일!$A:$S,18,FALSE),0) -> 500000 | T62: =IFERROR(VLOOKUP(A62,[1]플랫폼2!$A:$O,15,0),0) -> 9500000
A63: 상 여 금 | B63: ='1월'!B63+'2월'!B63+'3월'!B63+'4월'!B63+'5월'!B63+'6월'!B63+'7월'!B63+'8월'!B63+'9월'!B63+'10월'!B63+'11월'!B63+'12월'!B63 -> 12174894660 | C63: ='1월'!C63+'2월'!C63+'3월'!C63+'4월'!C63+'5월'!C63+'6월'!C63+'7월'!C63+'8월'!C63+'9월'!C63+'10월'!C63+'11월'!C63+'12월'!C63 -> 1.7620771e+09 | D63: ='1월'!D63+'2월'!D63+'3월'!D63+'4월'!D63+'5월'!D63+'6월'!D63+'7월'!D63+'8월'!D63+'9월'!D63+'10월'!D63+'11월'!D63+'12월'!D63 -> 591678160 | E63: ='1월'!E63+'2월'!E63+'3월'!E63+'4월'!E63+'5월'!E63+'6월'!E63+'7월'!E63+'8월'!E63+'9월'!E63+'10월'!E63+'11월'!E63+'12월'!E63 -> 9.8211394e+09 | F63: ='1월'!F63+'2월'!F63+'3월'!F63+'4월'!F63+'5월'!F63+'6월'!F63+'7월'!F63+'8월'!F63+'9월'!F63+'10월'!F63+'11월'!F63+'12월'!F63 -> 6.1220099e+09 | G63: ='1월'!H63+'2월'!G63+'3월'!G63+'4월'!G63+'5월'!G63+'6월'!G63+'7월'!G63+'8월'!G63+'9월'!G63+'10월'!G63+'11월'!G63+'12월'!G63 -> 1.8903715e+09 | H63: ='1월'!J63+'2월'!H63+'3월'!H63+'4월'!H63+'5월'!H63+'6월'!H63+'7월'!H63+'8월'!H63+'9월'!H63+'10월'!H63+'11월'!H63+'12월'!H63 -> 4.5373096e+08 | I63: ='1월'!K63+'2월'!I63+'3월'!I63+'4월'!I63+'5월'!I63+'6월'!I63+'7월'!I63+'8월'!I63+'9월'!I63+'10월'!I63+'11월'!I63+'12월'!I63 -> 81300869 | J63: ='1월'!L63+'2월'!J63+'3월'!J63+'4월'!J63+'5월'!J63+'6월'!J63+'7월'!J63+'8월'!J63+'9월'!J63+'10월'!J63+'11월'!J63+'12월'!J63 -> 82675962 | K63: ='1월'!M63+'2월'!K63+'3월'!K63+'4월'!K63+'5월'!K63+'6월'!K63+'7월'!K63+'8월'!K63+'9월'!K63+'10월'!K63+'11월'!K63+'12월'!K63 -> 3.1298674e+08 | L63: ='1월'!N63+'2월'!L63+'3월'!L63+'4월'!L63+'5월'!L63+'6월'!L63+'7월'!L63+'8월'!L63+'9월'!L63+'10월'!L63+'11월'!L63+'12월'!L63 -> 6.65608e+08 | M63: ='1월'!O63+'2월'!M63+'3월'!M63+'4월'!M63+'5월'!M63+'6월'!M63+'7월'!M63+'8월'!M63+'9월'!M63+'10월'!M63+'11월'!M63+'12월'!M63 -> 212455470 | O63: =IFERROR(VLOOKUP($A63,[1]플랫폼1!$A:$B,2,FALSE),0) -> 52137050 | P63: =IFERROR(VLOOKUP($A63,[1]플랫폼2!$A:$M,12,FALSE),0)+IFERROR(VLOOKUP($A63,[1]플랫폼2!$A:$M,13,FALSE),0) -> 46140320 | Q63: =IFERROR(VLOOKUP($A63,[1]플랫폼2!$A:$M,7,FALSE),0)+IFERROR(VLOOKUP($A63,[1]플랫폼2!$A:$M,12,FALSE),0) -> 46140320 | R63: =IFERROR(VLOOKUP($A63,[1]모바일!$A:$S,17,FALSE),0) -> 5399500 | S63: =IFERROR(VLOOKUP($A63,[1]모바일!$A:$S,18,FALSE),0) -> 5399500 | T63: =IFERROR(VLOOKUP(A63,[1]플랫폼2!$A:$O,15,0),0) -> 57238780
A64: 정기상여수당 | B64: ='1월'!B64+'2월'!B64+'3월'!B64+'4월'!B64+'5월'!B64+'6월'!B64+'7월'!B64+'8월'!B64+'9월'!B64+'10월'!B64+'11월'!B64+'12월'!B64 -> 1556647500 | C64: ='1월'!C64+'2월'!C64+'3월'!C64+'4월'!C64+'5월'!C64+'6월'!C64+'7월'!C64+'8월'!C64+'9월'!C64+'10월'!C64+'11월'!C64+'12월'!C64 -> 4.9814713e+08 | D64: ='1월'!D64+'2월'!D64+'3월'!D64+'4월'!D64+'5월'!D64+'6월'!D64+'7월'!D64+'8월'!D64+'9월'!D64+'10월'!D64+'11월'!D64+'12월'!D64 -> 135428910 | E64: ='1월'!E64+'2월'!E64+'3월'!E64+'4월'!E64+'5월'!E64+'6월'!E64+'7월'!E64+'8월'!E64+'9월'!E64+'10월'!E64+'11월'!E64+'12월'!E64 -> 9.2307146e+08 | F64: ='1월'!F64+'2월'!F64+'3월'!F64+'4월'!F64+'5월'!F64+'6월'!F64+'7월'!F64+'8월'!F64+'9월'!F64+'10월'!F64+'11월'!F64+'12월'!F64 -> 4.5147454e+08 | G64: ='1월'!H64+'2월'!G64+'3월'!G64+'4월'!G64+'5월'!G64+'6월'!G64+'7월'!G64+'8월'!G64+'9월'!G64+'10월'!G64+'11월'!G64+'12월'!G64 -> 1.9842651e+08 | H64: ='1월'!J64+'2월'!H64+'3월'!H64+'4월'!H64+'5월'!H64+'6월'!H64+'7월'!H64+'8월'!H64+'9월'!H64+'10월'!H64+'11월'!H64+'12월'!H64 -> 52560603 | I64: ='1월'!K64+'2월'!I64+'3월'!I64+'4월'!I64+'5월'!I64+'6월'!I64+'7월'!I64+'8월'!I64+'9월'!I64+'10월'!I64+'11월'!I64+'12월'!I64 -> 17567498 | J64: ='1월'!L64+'2월'!J64+'3월'!J64+'4월'!J64+'5월'!J64+'6월'!J64+'7월'!J64+'8월'!J64+'9월'!J64+'10월'!J64+'11월'!J64+'12월'!J64 -> 14888430 | K64: ='1월'!M64+'2월'!K64+'3월'!K64+'4월'!K64+'5월'!K64+'6월'!K64+'7월'!K64+'8월'!K64+'9월'!K64+'10월'!K64+'11월'!K64+'12월'!K64 -> 34394373 | L64: ='1월'!N64+'2월'!L64+'3월'!L64+'4월'!L64+'5월'!L64+'6월'!L64+'7월'!L64+'8월'!L64+'9월'!L64+'10월'!L64+'11월'!L64+'12월'!L64 -> 67129903 | M64: ='1월'!O64+'2월'!M64+'3월'!M64+'4월'!M64+'5월'!M64+'6월'!M64+'7월'!M64+'8월'!M64+'9월'!M64+'10월'!M64+'11월'!M64+'12월'!M64 -> 86629610 | O64: =IFERROR(VLOOKUP($A64,[1]플랫폼1!$A:$B,2,FALSE),0) -> 26381150 | P64: =IFERROR(VLOOKUP($A64,[1]플랫폼2!$A:$M,12,FALSE),0)+IFERROR(VLOOKUP($A64,[1]플랫폼2!$A:$M,13,FALSE),0) -> 18333915 | Q64: =IFERROR(VLOOKUP($A64,[1]플랫폼2!$A:$M,7,FALSE),0)+IFERROR(VLOOKUP($A64,[1]플랫폼2!$A:$M,12,FALSE),0) -> 18333915 | R64: =IFERROR(VLOOKUP($A64,[1]모바일!$A:$S,17,FALSE),0) -> 1965052.5 | S64: =IFERROR(VLOOKUP($A64,[1]모바일!$A:$S,18,FALSE),0) -> 1965052.5 | T64: =IFERROR(VLOOKUP(A64,[1]플랫폼2!$A:$O,15,0),0) -> 19650525
A65: 특별상여수당 | B65: ='1월'!B65+'2월'!B65+'3월'!B65+'4월'!B65+'5월'!B65+'6월'!B65+'7월'!B65+'8월'!B65+'9월'!B65+'10월'!B65+'11월'!B65+'12월'!B65 -> 1927637970 | C65: ='1월'!C65+'2월'!C65+'3월'!C65+'4월'!C65+'5월'!C65+'6월'!C65+'7월'!C65+'8월'!C65+'9월'!C65+'10월'!C65+'11월'!C65+'12월'!C65 -> 503722450 | D65: ='1월'!D65+'2월'!D65+'3월'!D65+'4월'!D65+'5월'!D65+'6월'!D65+'7월'!D65+'8월'!D65+'9월'!D65+'10월'!D65+'11월'!D65+'12월'!D65 -> 190069460 | E65: ='1월'!E65+'2월'!E65+'3월'!E65+'4월'!E65+'5월'!E65+'6월'!E65+'7월'!E65+'8월'!E65+'9월'!E65+'10월'!E65+'11월'!E65+'12월'!E65 -> 1233846060 | F65: ='1월'!F65+'2월'!F65+'3월'!F65+'4월'!F65+'5월'!F65+'6월'!F65+'7월'!F65+'8월'!F65+'9월'!F65+'10월'!F65+'11월'!F65+'12월'!F65 -> 5.6964929e+08 | G65: ='1월'!H65+'2월'!G65+'3월'!G65+'4월'!G65+'5월'!G65+'6월'!G65+'7월'!G65+'8월'!G65+'9월'!G65+'10월'!G65+'11월'!G65+'12월'!G65 -> 2.5351806e+08 | H65: ='1월'!J65+'2월'!H65+'3월'!H65+'4월'!H65+'5월'!H65+'6월'!H65+'7월'!H65+'8월'!H65+'9월'!H65+'10월'!H65+'11월'!H65+'12월'!H65 -> 46811290 | I65: ='1월'!K65+'2월'!I65+'3월'!I65+'4월'!I65+'5월'!I65+'6월'!I65+'7월'!I65+'8월'!I65+'9월'!I65+'10월'!I65+'11월'!I65+'12월'!I65 -> 23778022 | J65: ='1월'!L65+'2월'!J65+'3월'!J65+'4월'!J65+'5월'!J65+'6월'!J65+'7월'!J65+'8월'!J65+'9월'!J65+'10월'!J65+'11월'!J65+'12월'!J65 -> 23664991 | K65: ='1월'!M65+'2월'!K65+'3월'!K65+'4월'!K65+'5월'!K65+'6월'!K65+'7월'!K65+'8월'!K65+'9월'!K65+'10월'!K65+'11월'!K65+'12월'!K65 -> 49360500 | L65: ='1월'!N65+'2월'!L65+'3월'!L65+'4월'!L65+'5월'!L65+'6월'!L65+'7월'!L65+'8월'!L65+'9월'!L65+'10월'!L65+'11월'!L65+'12월'!L65 -> 1.5785455e+08 | M65: ='1월'!O65+'2월'!M65+'3월'!M65+'4월'!M65+'5월'!M65+'6월'!M65+'7월'!M65+'8월'!M65+'9월'!M65+'10월'!M65+'11월'!M65+'12월'!M65 -> 109209360 | O65: =IFERROR(VLOOKUP($A65,[1]플랫폼1!$A:$B,2,FALSE),0) -> 23955900 | P65: =IFERROR(VLOOKUP($A65,[1]플랫폼2!$A:$M,12,FALSE),0)+IFERROR(VLOOKUP($A65,[1]플랫폼2!$A:$M,13,FALSE),0) -> 25221680 | Q65: =IFERROR(VLOOKUP($A65,[1]플랫폼2!$A:$M,7,FALSE),0)+IFERROR(VLOOKUP($A65,[1]플랫폼2!$A:$M,12,FALSE),0) -> 25221680 | R65: =IFERROR(VLOOKUP($A65,[1]모바일!$A:$S,17,FALSE),0) -> 2900841.7 | S65: =IFERROR(VLOOKUP($A65,[1]모바일!$A:$S,18,FALSE),0) -> 2900841.7 | T65: =IFERROR(VLOOKUP(A65,[1]플랫폼2!$A:$O,15,0),0) -> 29008417
A66: 임원상여수당 | B66: ='1월'!B66+'2월'!B66+'3월'!B66+'4월'!B66+'5월'!B66+'6월'!B66+'7월'!B66+'8월'!B66+'9월'!B66+'10월'!B66+'11월'!B66+'12월'!B66 -> 1039653560 | C66: ='1월'!C66+'2월'!C66+'3월'!C66+'4월'!C66+'5월'!C66+'6월'!C66+'7월'!C66+'8월'!C66+'9월'!C66+'10월'!C66+'11월'!C66+'12월'!C66 -> 357496000 | D66: ='1월'!D66+'2월'!D66+'3월'!D66+'4월'!D66+'5월'!D66+'6월'!D66+'7월'!D66+'8월'!D66+'9월'!D66+'10월'!D66+'11월'!D66+'12월'!D66 -> 171853160 | E66: ='1월'!E66+'2월'!E66+'3월'!E66+'4월'!E66+'5월'!E66+'6월'!E66+'7월'!E66+'8월'!E66+'9월'!E66+'10월'!E66+'11월'!E66+'12월'!E66 -> 510304400 | F66: ='1월'!F66+'2월'!F66+'3월'!F66+'4월'!F66+'5월'!F66+'6월'!F66+'7월'!F66+'8월'!F66+'9월'!F66+'10월'!F66+'11월'!F66+'12월'!F66 -> 4.4609129e+08 | G66: ='1월'!H66+'2월'!G66+'3월'!G66+'4월'!G66+'5월'!G66+'6월'!G66+'7월'!G66+'8월'!G66+'9월'!G66+'10월'!G66+'11월'!G66+'12월'!G66 -> 64213106 | H66: ='1월'!J66+'2월'!H66+'3월'!H66+'4월'!H66+'5월'!H66+'6월'!H66+'7월'!H66+'8월'!H66+'9월'!H66+'10월'!H66+'11월'!H66+'12월'!H66 -> 0 | I66: ='1월'!K66+'2월'!I66+'3월'!I66+'4월'!I66+'5월'!I66+'6월'!I66+'7월'!I66+'8월'!I66+'9월'!I66+'10월'!I66+'11월'!I66+'12월'!I66 -> 0 | J66: ='1월'!L66+'2월'!J66+'3월'!J66+'4월'!J66+'5월'!J66+'6월'!J66+'7월'!J66+'8월'!J66+'9월'!J66+'10월'!J66+'11월'!J66+'12월'!J66 -> 0 | K66: ='1월'!M66+'2월'!K66+'3월'!K66+'4월'!K66+'5월'!K66+'6월'!K66+'7월'!K66+'8월'!K66+'9월'!K66+'10월'!K66+'11월'!K66+'12월'!K66 -> 0 | L66: ='1월'!N66+'2월'!L66+'3월'!L66+'4월'!L66+'5월'!L66+'6월'!L66+'7월'!L66+'8월'!L66+'9월'!L66+'10월'!L66+'11월'!L66+'12월'!L66 -> 0 | M66: ='1월'!O66+'2월'!M66+'3월'!M66+'4월'!M66+'5월'!M66+'6월'!M66+'7월'!M66+'8월'!M66+'9월'!M66+'10월'!M66+'11월'!M66+'12월'!M66 -> 0 | O66: =IFERROR(VLOOKUP($A66,[1]플랫폼1!$A:$B,2,FALSE),0) -> 0 | P66: =IFERROR(VLOOKUP($A66,[1]플랫폼2!$A:$M,12,FALSE),0)+IFERROR(VLOOKUP($A66,[1]플랫폼2!$A:$M,13,FALSE),0) -> 0 | Q66: =IFERROR(VLOOKUP($A66,[1]플랫폼2!$A:$M,7,FALSE),0)+IFERROR(VLOOKUP($A66,[1]플랫폼2!$A:$M,12,FALSE),0) -> 0 | R66: =IFERROR(VLOOKUP($A66,[1]모바일!$A:$S,17,FALSE),0) -> 0 | S66: =IFERROR(VLOOKUP($A66,[1]모바일!$A:$S,18,FALSE),0) -> 0 | T66: =IFERROR(VLOOKUP(A66,[1]플랫폼2!$A:$O,15,0),0) -> 0
A67: 정기상여수당-SC직 | B67: ='1월'!B67+'2월'!B67+'3월'!B67+'4월'!B67+'5월'!B67+'6월'!B67+'7월'!B67+'8월'!B67+'9월'!B67+'10월'!B67+'11월'!B67+'12월'!B67 -> 374436180 | C67: ='1월'!C67+'2월'!C67+'3월'!C67+'4월'!C67+'5월'!C67+'6월'!C67+'7월'!C67+'8월'!C67+'9월'!C67+'10월'!C67+'11월'!C67+'12월'!C67 -> 19830664 | D67: ='1월'!D67+'2월'!D67+'3월'!D67+'4월'!D67+'5월'!D67+'6월'!D67+'7월'!D67+'8월'!D67+'9월'!D67+'10월'!D67+'11월'!D67+'12월'!D67 -> 0 | E67: ='1월'!E67+'2월'!E67+'3월'!E67+'4월'!E67+'5월'!E67+'6월'!E67+'7월'!E67+'8월'!E67+'9월'!E67+'10월'!E67+'11월'!E67+'12월'!E67 -> 3.5460552e+08 | F67: ='1월'!F67+'2월'!F67+'3월'!F67+'4월'!F67+'5월'!F67+'6월'!F67+'7월'!F67+'8월'!F67+'9월'!F67+'10월'!F67+'11월'!F67+'12월'!F67 -> 14520970 | G67: ='1월'!H67+'2월'!G67+'3월'!G67+'4월'!G67+'5월'!G67+'6월'!G67+'7월'!G67+'8월'!G67+'9월'!G67+'10월'!G67+'11월'!G67+'12월'!G67 -> 0 | H67: ='1월'!J67+'2월'!H67+'3월'!H67+'4월'!H67+'5월'!H67+'6월'!H67+'7월'!H67+'8월'!H67+'9월'!H67+'10월'!H67+'11월'!H67+'12월'!H67 -> 326757980 | I67: ='1월'!K67+'2월'!I67+'3월'!I67+'4월'!I67+'5월'!I67+'6월'!I67+'7월'!I67+'8월'!I67+'9월'!I67+'10월'!I67+'11월'!I67+'12월'!I67 -> 776997.26 | J67: ='1월'!L67+'2월'!J67+'3월'!J67+'4월'!J67+'5월'!J67+'6월'!J67+'7월'!J67+'8월'!J67+'9월'!J67+'10월'!J67+'11월'!J67+'12월'!J67 -> 761123.07 | K67: ='1월'!M67+'2월'!K67+'3월'!K67+'4월'!K67+'5월'!K67+'6월'!K67+'7월'!K67+'8월'!K67+'9월'!K67+'10월'!K67+'11월'!K67+'12월'!K67 -> 11547014 | L67: ='1월'!N67+'2월'!L67+'3월'!L67+'4월'!L67+'5월'!L67+'6월'!L67+'7월'!L67+'8월'!L67+'9월'!L67+'10월'!L67+'11월'!L67+'12월'!L67 -> 241431.55 | M67: ='1월'!O67+'2월'!M67+'3월'!M67+'4월'!M67+'5월'!M67+'6월'!M67+'7월'!M67+'8월'!M67+'9월'!M67+'10월'!M67+'11월'!M67+'12월'!M67 -> 0 | O67: =IFERROR(VLOOKUP($A67,[1]플랫폼1!$A:$B,2,FALSE),0) -> 0 | P67: =IFERROR(VLOOKUP($A67,[1]플랫폼2!$A:$M,12,FALSE),0)+IFERROR(VLOOKUP($A67,[1]플랫폼2!$A:$M,13,FALSE),0) -> 0 | Q67: =IFERROR(VLOOKUP($A67,[1]플랫폼2!$A:$M,7,FALSE),0)+IFERROR(VLOOKUP($A67,[1]플랫폼2!$A:$M,12,FALSE),0) -> 0 | R67: =IFERROR(VLOOKUP($A67,[1]모바일!$A:$S,17,FALSE),0) -> 0 | S67: =IFERROR(VLOOKUP($A67,[1]모바일!$A:$S,18,FALSE),0) -> 0 | T67: =IFERROR(VLOOKUP(A67,[1]플랫폼2!$A:$O,15,0),0) -> 0
A68: 정기상여수당-영업직 | B68: ='1월'!B68+'2월'!B68+'3월'!B68+'4월'!B68+'5월'!B68+'6월'!B68+'7월'!B68+'8월'!B68+'9월'!B68+'10월'!B68+'11월'!B68+'12월'!B68 -> 7202519430 | C68: ='1월'!C68+'2월'!C68+'3월'!C68+'4월'!C68+'5월'!C68+'6월'!C68+'7월'!C68+'8월'!C68+'9월'!C68+'10월'!C68+'11월'!C68+'12월'!C68 -> 382880850 | D68: ='1월'!D68+'2월'!D68+'3월'!D68+'4월'!D68+'5월'!D68+'6월'!D68+'7월'!D68+'8월'!D68+'9월'!D68+'10월'!D68+'11월'!D68+'12월'!D68 -> 94326630 | E68: ='1월'!E68+'2월'!E68+'3월'!E68+'4월'!E68+'5월'!E68+'6월'!E68+'7월'!E68+'8월'!E68+'9월'!E68+'10월'!E68+'11월'!E68+'12월'!E68 -> 6725311950 | F68: ='1월'!F68+'2월'!F68+'3월'!F68+'4월'!F68+'5월'!F68+'6월'!F68+'7월'!F68+'8월'!F68+'9월'!F68+'10월'!F68+'11월'!F68+'12월'!F68 -> 4.6402738e+09 | G68: ='1월'!H68+'2월'!G68+'3월'!G68+'4월'!G68+'5월'!G68+'6월'!G68+'7월'!G68+'8월'!G68+'9월'!G68+'10월'!G68+'11월'!G68+'12월'!G68 -> 1.3742139e+09 | H68: ='1월'!J68+'2월'!H68+'3월'!H68+'4월'!H68+'5월'!H68+'6월'!H68+'7월'!H68+'8월'!H68+'9월'!H68+'10월'!H68+'11월'!H68+'12월'!H68 -> 27601090 | I68: ='1월'!K68+'2월'!I68+'3월'!I68+'4월'!I68+'5월'!I68+'6월'!I68+'7월'!I68+'8월'!I68+'9월'!I68+'10월'!I68+'11월'!I68+'12월'!I68 -> 39178352 | J68: ='1월'!L68+'2월'!J68+'3월'!J68+'4월'!J68+'5월'!J68+'6월'!J68+'7월'!J68+'8월'!J68+'9월'!J68+'10월'!J68+'11월'!J68+'12월'!J68 -> 43361418 | K68: ='1월'!M68+'2월'!K68+'3월'!K68+'4월'!K68+'5월'!K68+'6월'!K68+'7월'!K68+'8월'!K68+'9월'!K68+'10월'!K68+'11월'!K68+'12월'!K68 -> 217684850 | L68: ='1월'!N68+'2월'!L68+'3월'!L68+'4월'!L68+'5월'!L68+'6월'!L68+'7월'!L68+'8월'!L68+'9월'!L68+'10월'!L68+'11월'!L68+'12월'!L68 -> 366382100 | M68: ='1월'!O68+'2월'!M68+'3월'!M68+'4월'!M68+'5월'!M68+'6월'!M68+'7월'!M68+'8월'!M68+'9월'!M68+'10월'!M68+'11월'!M68+'12월'!M68 -> 16616500 | O68: =IFERROR(VLOOKUP($A68,[1]플랫폼1!$A:$B,2,FALSE),0) -> 1800000 | P68: =IFERROR(VLOOKUP($A68,[1]플랫폼2!$A:$M,12,FALSE),0)+IFERROR(VLOOKUP($A68,[1]플랫폼2!$A:$M,13,FALSE),0) -> 2584725 | Q68: =IFERROR(VLOOKUP($A68,[1]플랫폼2!$A:$M,7,FALSE),0)+IFERROR(VLOOKUP($A68,[1]플랫폼2!$A:$M,12,FALSE),0) -> 2584725 | R68: =IFERROR(VLOOKUP($A68,[1]모바일!$A:$S,17,FALSE),0) -> 533605.83 | S68: =IFERROR(VLOOKUP($A68,[1]모바일!$A:$S,18,FALSE),0) -> 533605.83 | T68: =IFERROR(VLOOKUP(A68,[1]플랫폼2!$A:$O,15,0),0) -> 8579838.3
A69: 정기상여수당-기타직 | B69: ='1월'!B69+'2월'!B69+'3월'!B69+'4월'!B69+'5월'!B69+'6월'!B69+'7월'!B69+'8월'!B69+'9월'!B69+'10월'!B69+'11월'!B69+'12월'!B69 -> 74000020 | C69: ='1월'!C69+'2월'!C69+'3월'!C69+'4월'!C69+'5월'!C69+'6월'!C69+'7월'!C69+'8월'!C69+'9월'!C69+'10월'!C69+'11월'!C69+'12월'!C69 -> 0 | D69: ='1월'!D69+'2월'!D69+'3월'!D69+'4월'!D69+'5월'!D69+'6월'!D69+'7월'!D69+'8월'!D69+'9월'!D69+'10월'!D69+'11월'!D69+'12월'!D69 -> 0 | E69: ='1월'!E69+'2월'!E69+'3월'!E69+'4월'!E69+'5월'!E69+'6월'!E69+'7월'!E69+'8월'!E69+'9월'!E69+'10월'!E69+'11월'!E69+'12월'!E69 -> 74000020 | F69: ='1월'!F69+'2월'!F69+'3월'!F69+'4월'!F69+'5월'!F69+'6월'!F69+'7월'!F69+'8월'!F69+'9월'!F69+'10월'!F69+'11월'!F69+'12월'!F69 -> 0 | G69: ='1월'!H69+'2월'!G69+'3월'!G69+'4월'!G69+'5월'!G69+'6월'!G69+'7월'!G69+'8월'!G69+'9월'!G69+'10월'!G69+'11월'!G69+'12월'!G69 -> 0 | H69: ='1월'!J69+'2월'!H69+'3월'!H69+'4월'!H69+'5월'!H69+'6월'!H69+'7월'!H69+'8월'!H69+'9월'!H69+'10월'!H69+'11월'!H69+'12월'!H69 -> 0 | I69: ='1월'!K69+'2월'!I69+'3월'!I69+'4월'!I69+'5월'!I69+'6월'!I69+'7월'!I69+'8월'!I69+'9월'!I69+'10월'!I69+'11월'!I69+'12월'!I69 -> 0 | J69: ='1월'!L69+'2월'!J69+'3월'!J69+'4월'!J69+'5월'!J69+'6월'!J69+'7월'!J69+'8월'!J69+'9월'!J69+'10월'!J69+'11월'!J69+'12월'!J69 -> 0 | K69: ='1월'!M69+'2월'!K69+'3월'!K69+'4월'!K69+'5월'!K69+'6월'!K69+'7월'!K69+'8월'!K69+'9월'!K69+'10월'!K69+'11월'!K69+'12월'!K69 -> 0 | L69: ='1월'!N69+'2월'!L69+'3월'!L69+'4월'!L69+'5월'!L69+'6월'!L69+'7월'!L69+'8월'!L69+'9월'!L69+'10월'!L69+'11월'!L69+'12월'!L69 -> 74000020 | M69: ='1월'!O69+'2월'!M69+'3월'!M69+'4월'!M69+'5월'!M69+'6월'!M69+'7월'!M69+'8월'!M69+'9월'!M69+'10월'!M69+'11월'!M69+'12월'!M69 -> 0 | O69: =IFERROR(VLOOKUP($A69,[1]플랫폼1!$A:$B,2,FALSE),0) -> 0 | P69: =IFERROR(VLOOKUP($A69,[1]플랫폼2!$A:$M,12,FALSE),0)+IFERROR(VLOOKUP($A69,[1]플랫폼2!$A:$M,13,FALSE),0) -> 0 | Q69: =IFERROR(VLOOKUP($A69,[1]플랫폼2!$A:$M,7,FALSE),0)+IFERROR(VLOOKUP($A69,[1]플랫폼2!$A:$M,12,FALSE),0) -> 0 | R69: =IFERROR(VLOOKUP($A69,[1]모바일!$A:$S,17,FALSE),0) -> 0 | S69: =IFERROR(VLOOKUP($A69,[1]모바일!$A:$S,18,FALSE),0) -> 0 | T69: =IFERROR(VLOOKUP(A69,[1]플랫폼2!$A:$O,15,0),0) -> 0
A70: 잡 급 | B70: ='1월'!B70+'2월'!B70+'3월'!B70+'4월'!B70+'5월'!B70+'6월'!B70+'7월'!B70+'8월'!B70+'9월'!B70+'10월'!B70+'11월'!B70+'12월'!B70 -> 43501620 | C70: ='1월'!C70+'2월'!C70+'3월'!C70+'4월'!C70+'5월'!C70+'6월'!C70+'7월'!C70+'8월'!C70+'9월'!C70+'10월'!C70+'11월'!C70+'12월'!C70 -> 4803680 | D70: ='1월'!D70+'2월'!D70+'3월'!D70+'4월'!D70+'5월'!D70+'6월'!D70+'7월'!D70+'8월'!D70+'9월'!D70+'10월'!D70+'11월'!D70+'12월'!D70 -> 0 | E70: ='1월'!E70+'2월'!E70+'3월'!E70+'4월'!E70+'5월'!E70+'6월'!E70+'7월'!E70+'8월'!E70+'9월'!E70+'10월'!E70+'11월'!E70+'12월'!E70 -> 38697940 | F70: ='1월'!F70+'2월'!F70+'3월'!F70+'4월'!F70+'5월'!F70+'6월'!F70+'7월'!F70+'8월'!F70+'9월'!F70+'10월'!F70+'11월'!F70+'12월'!F70 -> 0 | G70: ='1월'!H70+'2월'!G70+'3월'!G70+'4월'!G70+'5월'!G70+'6월'!G70+'7월'!G70+'8월'!G70+'9월'!G70+'10월'!G70+'11월'!G70+'12월'!G70 -> 0 | H70: ='1월'!J70+'2월'!H70+'3월'!H70+'4월'!H70+'5월'!H70+'6월'!H70+'7월'!H70+'8월'!H70+'9월'!H70+'10월'!H70+'11월'!H70+'12월'!H70 -> 0 | I70: ='1월'!K70+'2월'!I70+'3월'!I70+'4월'!I70+'5월'!I70+'6월'!I70+'7월'!I70+'8월'!I70+'9월'!I70+'10월'!I70+'11월'!I70+'12월'!I70 -> 8613504 | J70: ='1월'!L70+'2월'!J70+'3월'!J70+'4월'!J70+'5월'!J70+'6월'!J70+'7월'!J70+'8월'!J70+'9월'!J70+'10월'!J70+'11월'!J70+'12월'!J70 -> 10786696 | K70: ='1월'!M70+'2월'!K70+'3월'!K70+'4월'!K70+'5월'!K70+'6월'!K70+'7월'!K70+'8월'!K70+'9월'!K70+'10월'!K70+'11월'!K70+'12월'!K70 -> 18527740 | L70: ='1월'!N70+'2월'!L70+'3월'!L70+'4월'!L70+'5월'!L70+'6월'!L70+'7월'!L70+'8월'!L70+'9월'!L70+'10월'!L70+'11월'!L70+'12월'!L70 -> 0 | M70: ='1월'!O70+'2월'!M70+'3월'!M70+'4월'!M70+'5월'!M70+'6월'!M70+'7월'!M70+'8월'!M70+'9월'!M70+'10월'!M70+'11월'!M70+'12월'!M70 -> 770000 | O70: =IFERROR(VLOOKUP($A70,[1]플랫폼1!$A:$B,2,FALSE),0) -> 0 | P70: =IFERROR(VLOOKUP($A70,[1]플랫폼2!$A:$M,12,FALSE),0)+IFERROR(VLOOKUP($A70,[1]플랫폼2!$A:$M,13,FALSE),0) -> 0 | Q70: =IFERROR(VLOOKUP($A70,[1]플랫폼2!$A:$M,7,FALSE),0)+IFERROR(VLOOKUP($A70,[1]플랫폼2!$A:$M,12,FALSE),0) -> 0 | R70: =IFERROR(VLOOKUP($A70,[1]모바일!$A:$S,17,FALSE),0) -> 0 | S70: =IFERROR(VLOOKUP($A70,[1]모바일!$A:$S,18,FALSE),0) -> 0 | T70: 770000
A71: 퇴직급여충당금전입 | B71: ='1월'!B71+'2월'!B71+'3월'!B71+'4월'!B71+'5월'!B71+'6월'!B71+'7월'!B71+'8월'!B71+'9월'!B71+'10월'!B71+'11월'!B71+'12월'!B71 -> 10263998378 | C71: ='1월'!C71+'2월'!C71+'3월'!C71+'4월'!C71+'5월'!C71+'6월'!C71+'7월'!C71+'8월'!C71+'9월'!C71+'10월'!C71+'11월'!C71+'12월'!C71 -> 1.0392926e+09 | D71: ='1월'!D71+'2월'!D71+'3월'!D71+'4월'!D71+'5월'!D71+'6월'!D71+'7월'!D71+'8월'!D71+'9월'!D71+'10월'!D71+'11월'!D71+'12월'!D71 -> 230979789 | E71: ='1월'!E71+'2월'!E71+'3월'!E71+'4월'!E71+'5월'!E71+'6월'!E71+'7월'!E71+'8월'!E71+'9월'!E71+'10월'!E71+'11월'!E71+'12월'!E71 -> 8.993726e+09 | F71: ='1월'!F71+'2월'!F71+'3월'!F71+'4월'!F71+'5월'!F71+'6월'!F71+'7월'!F71+'8월'!F71+'9월'!F71+'10월'!F71+'11월'!F71+'12월'!F71 -> 5.6453633e+09 | G71: ='1월'!H71+'2월'!G71+'3월'!G71+'4월'!G71+'5월'!G71+'6월'!G71+'7월'!G71+'8월'!G71+'9월'!G71+'10월'!G71+'11월'!G71+'12월'!G71 -> 1.6900756e+09 | H71: ='1월'!J71+'2월'!H71+'3월'!H71+'4월'!H71+'5월'!H71+'6월'!H71+'7월'!H71+'8월'!H71+'9월'!H71+'10월'!H71+'11월'!H71+'12월'!H71 -> 4.6477792e+08 | I71: ='1월'!K71+'2월'!I71+'3월'!I71+'4월'!I71+'5월'!I71+'6월'!I71+'7월'!I71+'8월'!I71+'9월'!I71+'10월'!I71+'11월'!I71+'12월'!I71 -> 69484378 | J71: ='1월'!L71+'2월'!J71+'3월'!J71+'4월'!J71+'5월'!J71+'6월'!J71+'7월'!J71+'8월'!J71+'9월'!J71+'10월'!J71+'11월'!J71+'12월'!J71 -> 69365482 | K71: ='1월'!M71+'2월'!K71+'3월'!K71+'4월'!K71+'5월'!K71+'6월'!K71+'7월'!K71+'8월'!K71+'9월'!K71+'10월'!K71+'11월'!K71+'12월'!K71 -> 3.0866435e+08 | L71: ='1월'!N71+'2월'!L71+'3월'!L71+'4월'!L71+'5월'!L71+'6월'!L71+'7월'!L71+'8월'!L71+'9월'!L71+'10월'!L71+'11월'!L71+'12월'!L71 -> 6.4963976e+08 | M71: ='1월'!O71+'2월'!M71+'3월'!M71+'4월'!M71+'5월'!M71+'6월'!M71+'7월'!M71+'8월'!M71+'9월'!M71+'10월'!M71+'11월'!M71+'12월'!M71 -> 96355182 | O71: =IFERROR(VLOOKUP($A71,[1]플랫폼1!$A:$B,2,FALSE),0) -> 20989541 | P71: =IFERROR(VLOOKUP($A71,[1]플랫폼2!$A:$M,12,FALSE),0)+IFERROR(VLOOKUP($A71,[1]플랫폼2!$A:$M,13,FALSE),0) -> 17836857 | Q71: =IFERROR(VLOOKUP($A71,[1]플랫폼2!$A:$M,7,FALSE),0)+IFERROR(VLOOKUP($A71,[1]플랫폼2!$A:$M,12,FALSE),0) -> 17836857 | R71: =IFERROR(VLOOKUP($A71,[1]모바일!$A:$S,17,FALSE),0) -> 2553073.1 | S71: =IFERROR(VLOOKUP($A71,[1]모바일!$A:$S,18,FALSE),0) -> 2553073.1 | T71: =IFERROR(VLOOKUP(A71,[1]플랫폼2!$A:$O,15,0),0) -> 34585781
A72: 퇴직급여충당금전입_부서별 | B72: ='1월'!B72+'2월'!B72+'3월'!B72+'4월'!B72+'5월'!B72+'6월'!B72+'7월'!B72+'8월'!B72+'9월'!B72+'10월'!B72+'11월'!B72+'12월'!B72 -> 10263998378 | C72: ='1월'!C72+'2월'!C72+'3월'!C72+'4월'!C72+'5월'!C72+'6월'!C72+'7월'!C72+'8월'!C72+'9월'!C72+'10월'!C72+'11월'!C72+'12월'!C72 -> 1.0392926e+09 | D72: ='1월'!D72+'2월'!D72+'3월'!D72+'4월'!D72+'5월'!D72+'6월'!D72+'7월'!D72+'8월'!D72+'9월'!D72+'10월'!D72+'11월'!D72+'12월'!D72 -> 230979789 | E72: ='1월'!E72+'2월'!E72+'3월'!E72+'4월'!E72+'5월'!E72+'6월'!E72+'7월'!E72+'8월'!E72+'9월'!E72+'10월'!E72+'11월'!E72+'12월'!E72 -> 8.993726e+09 | F72: ='1월'!F72+'2월'!F72+'3월'!F72+'4월'!F72+'5월'!F72+'6월'!F72+'7월'!F72+'8월'!F72+'9월'!F72+'10월'!F72+'11월'!F72+'12월'!F72 -> 5.6453633e+09 | G72: ='1월'!H72+'2월'!G72+'3월'!G72+'4월'!G72+'5월'!G72+'6월'!G72+'7월'!G72+'8월'!G72+'9월'!G72+'10월'!G72+'11월'!G72+'12월'!G72 -> 1.6900756e+09 | H72: ='1월'!J72+'2월'!H72+'3월'!H72+'4월'!H72+'5월'!H72+'6월'!H72+'7월'!H72+'8월'!H72+'9월'!H72+'10월'!H72+'11월'!H72+'12월'!H72 -> 4.6477792e+08 | I72: ='1월'!K72+'2월'!I72+'3월'!I72+'4월'!I72+'5월'!I72+'6월'!I72+'7월'!I72+'8월'!I72+'9월'!I72+'10월'!I72+'11월'!I72+'12월'!I72 -> 69484378 | J72: ='1월'!L72+'2월'!J72+'3월'!J72+'4월'!J72+'5월'!J72+'6월'!J72+'7월'!J72+'8월'!J72+'9월'!J72+'10월'!J72+'11월'!J72+'12월'!J72 -> 69365482 | K72: ='1월'!M72+'2월'!K72+'3월'!K72+'4월'!K72+'5월'!K72+'6월'!K72+'7월'!K72+'8월'!K72+'9월'!K72+'10월'!K72+'11월'!K72+'12월'!K72 -> 3.0866435e+08 | L72: ='1월'!N72+'2월'!L72+'3월'!L72+'4월'!L72+'5월'!L72+'6월'!L72+'7월'!L72+'8월'!L72+'9월'!L72+'10월'!L72+'11월'!L72+'12월'!L72 -> 6.4963976e+08 | M72: ='1월'!O72+'2월'!M72+'3월'!M72+'4월'!M72+'5월'!M72+'6월'!M72+'7월'!M72+'8월'!M72+'9월'!M72+'10월'!M72+'11월'!M72+'12월'!M72 -> 96355182 | O72: =IFERROR(VLOOKUP($A72,[1]플랫폼1!$A:$B,2,FALSE),0) -> 20989541 | P72: =IFERROR(VLOOKUP($A72,[1]플랫폼2!$A:$M,12,FALSE),0)+IFERROR(VLOOKUP($A72,[1]플랫폼2!$A:$M,13,FALSE),0) -> 17836857 | Q72: =IFERROR(VLOOKUP($A72,[1]플랫폼2!$A:$M,7,FALSE),0)+IFERROR(VLOOKUP($A72,[1]플랫폼2!$A:$M,12,FALSE),0) -> 17836857 | R72: =IFERROR(VLOOKUP($A72,[1]모바일!$A:$S,17,FALSE),0) -> 2553073.1 | S72: =IFERROR(VLOOKUP($A72,[1]모바일!$A:$S,18,FALSE),0) -> 2553073.1 | T72: =IFERROR(VLOOKUP(A72,[1]플랫폼2!$A:$O,15,0),0) -> 34585781
A73: 포상비 | B73: ='1월'!B73+'2월'!B73+'3월'!B73+'4월'!B73+'5월'!B73+'6월'!B73+'7월'!B73+'8월'!B73+'9월'!B73+'10월'!B73+'11월'!B73+'12월'!B73 -> 699441211 | C73: ='1월'!C73+'2월'!C73+'3월'!C73+'4월'!C73+'5월'!C73+'6월'!C73+'7월'!C73+'8월'!C73+'9월'!C73+'10월'!C73+'11월'!C73+'12월'!C73 -> 222981211 | D73: ='1월'!D73+'2월'!D73+'3월'!D73+'4월'!D73+'5월'!D73+'6월'!D73+'7월'!D73+'8월'!D73+'9월'!D73+'10월'!D73+'11월'!D73+'12월'!D73 -> 19500000 | E73: ='1월'!E73+'2월'!E73+'3월'!E73+'4월'!E73+'5월'!E73+'6월'!E73+'7월'!E73+'8월'!E73+'9월'!E73+'10월'!E73+'11월'!E73+'12월'!E73 -> 456960000 | F73: ='1월'!F73+'2월'!F73+'3월'!F73+'4월'!F73+'5월'!F73+'6월'!F73+'7월'!F73+'8월'!F73+'9월'!F73+'10월'!F73+'11월'!F73+'12월'!F73 -> 2.6783859e+08 | G73: ='1월'!H73+'2월'!G73+'3월'!G73+'4월'!G73+'5월'!G73+'6월'!G73+'7월'!G73+'8월'!G73+'9월'!G73+'10월'!G73+'11월'!G73+'12월'!G73 -> 85771406 | H73: ='1월'!J73+'2월'!H73+'3월'!H73+'4월'!H73+'5월'!H73+'6월'!H73+'7월'!H73+'8월'!H73+'9월'!H73+'10월'!H73+'11월'!H73+'12월'!H73 -> 39500000 | I73: ='1월'!K73+'2월'!I73+'3월'!I73+'4월'!I73+'5월'!I73+'6월'!I73+'7월'!I73+'8월'!I73+'9월'!I73+'10월'!I73+'11월'!I73+'12월'!I73 -> 7900000 | J73: ='1월'!L73+'2월'!J73+'3월'!J73+'4월'!J73+'5월'!J73+'6월'!J73+'7월'!J73+'8월'!J73+'9월'!J73+'10월'!J73+'11월'!J73+'12월'!J73 -> 7000000 | K73: ='1월'!M73+'2월'!K73+'3월'!K73+'4월'!K73+'5월'!K73+'6월'!K73+'7월'!K73+'8월'!K73+'9월'!K73+'10월'!K73+'11월'!K73+'12월'!K73 -> 14000000 | L73: ='1월'!N73+'2월'!L73+'3월'!L73+'4월'!L73+'5월'!L73+'6월'!L73+'7월'!L73+'8월'!L73+'9월'!L73+'10월'!L73+'11월'!L73+'12월'!L73 -> 31950000 | M73: ='1월'!O73+'2월'!M73+'3월'!M73+'4월'!M73+'5월'!M73+'6월'!M73+'7월'!M73+'8월'!M73+'9월'!M73+'10월'!M73+'11월'!M73+'12월'!M73 -> 3000000 | O73: =IFERROR(VLOOKUP($A73,[1]플랫폼1!$A:$B,2,FALSE),0) -> 0 | P73: =IFERROR(VLOOKUP($A73,[1]플랫폼2!$A:$M,12,FALSE),0)+IFERROR(VLOOKUP($A73,[1]플랫폼2!$A:$M,13,FALSE),0) -> 1000000 | Q73: =IFERROR(VLOOKUP($A73,[1]플랫폼2!$A:$M,7,FALSE),0)+IFERROR(VLOOKUP($A73,[1]플랫폼2!$A:$M,12,FALSE),0) -> 1000000 | R73: =IFERROR(VLOOKUP($A73,[1]모바일!$A:$S,17,FALSE),0) -> 83333.333 | S73: =IFERROR(VLOOKUP($A73,[1]모바일!$A:$S,18,FALSE),0) -> 83333.333 | T73: =IFERROR(VLOOKUP(A73,[1]플랫폼2!$A:$O,15,0),0) -> 833333.33
A74: 복 리 후 생 비 | B74: ='1월'!B74+'2월'!B74+'3월'!B74+'4월'!B74+'5월'!B74+'6월'!B74+'7월'!B74+'8월'!B74+'9월'!B74+'10월'!B74+'11월'!B74+'12월'!B74 -> 33976063200 | C74: ='1월'!C74+'2월'!C74+'3월'!C74+'4월'!C74+'5월'!C74+'6월'!C74+'7월'!C74+'8월'!C74+'9월'!C74+'10월'!C74+'11월'!C74+'12월'!C74 -> 2.6800282e+09 | D74: ='1월'!D74+'2월'!D74+'3월'!D74+'4월'!D74+'5월'!D74+'6월'!D74+'7월'!D74+'8월'!D74+'9월'!D74+'10월'!D74+'11월'!D74+'12월'!D74 -> 612141010 | E74: ='1월'!E74+'2월'!E74+'3월'!E74+'4월'!E74+'5월'!E74+'6월'!E74+'7월'!E74+'8월'!E74+'9월'!E74+'10월'!E74+'11월'!E74+'12월'!E74 -> 3.0683894e+10 | F74: ='1월'!F74+'2월'!F74+'3월'!F74+'4월'!F74+'5월'!F74+'6월'!F74+'7월'!F74+'8월'!F74+'9월'!F74+'10월'!F74+'11월'!F74+'12월'!F74 -> 2.024539e+10 | G74: ='1월'!H74+'2월'!G74+'3월'!G74+'4월'!G74+'5월'!G74+'6월'!G74+'7월'!G74+'8월'!G74+'9월'!G74+'10월'!G74+'11월'!G74+'12월'!G74 -> 4.795724e+09 | H74: ='1월'!J74+'2월'!H74+'3월'!H74+'4월'!H74+'5월'!H74+'6월'!H74+'7월'!H74+'8월'!H74+'9월'!H74+'10월'!H74+'11월'!H74+'12월'!H74 -> 1.6967292e+09 | I74: ='1월'!K74+'2월'!I74+'3월'!I74+'4월'!I74+'5월'!I74+'6월'!I74+'7월'!I74+'8월'!I74+'9월'!I74+'10월'!I74+'11월'!I74+'12월'!I74 -> 1.3606402e+08 | J74: ='1월'!L74+'2월'!J74+'3월'!J74+'4월'!J74+'5월'!J74+'6월'!J74+'7월'!J74+'8월'!J74+'9월'!J74+'10월'!J74+'11월'!J74+'12월'!J74 -> 1.3418311e+08 | K74: ='1월'!M74+'2월'!K74+'3월'!K74+'4월'!K74+'5월'!K74+'6월'!K74+'7월'!K74+'8월'!K74+'9월'!K74+'10월'!K74+'11월'!K74+'12월'!K74 -> 6.1244304e+08 | L74: ='1월'!N74+'2월'!L74+'3월'!L74+'4월'!L74+'5월'!L74+'6월'!L74+'7월'!L74+'8월'!L74+'9월'!L74+'10월'!L74+'11월'!L74+'12월'!L74 -> 2.8861867e+09 | M74: ='1월'!O74+'2월'!M74+'3월'!M74+'4월'!M74+'5월'!M74+'6월'!M74+'7월'!M74+'8월'!M74+'9월'!M74+'10월'!M74+'11월'!M74+'12월'!M74 -> 177173881 | O74: =IFERROR(VLOOKUP($A74,[1]플랫폼1!$A:$B,2,FALSE),0) -> 37582805 | P74: =IFERROR(VLOOKUP($A74,[1]플랫폼2!$A:$M,12,FALSE),0)+IFERROR(VLOOKUP($A74,[1]플랫폼2!$A:$M,13,FALSE),0) -> 29885396 | Q74: =IFERROR(VLOOKUP($A74,[1]플랫폼2!$A:$M,7,FALSE),0)+IFERROR(VLOOKUP($A74,[1]플랫폼2!$A:$M,12,FALSE),0) -> 29885396 | R74: =IFERROR(VLOOKUP($A74,[1]모바일!$A:$S,17,FALSE),0) -> 4250444 | S74: =IFERROR(VLOOKUP($A74,[1]모바일!$A:$S,18,FALSE),0) -> 4250444 | T74: =IFERROR(VLOOKUP(A74,[1]플랫폼2!$A:$O,15,0),0) -> 71319397
A75: 복리임원자기계발비 | B75: ='1월'!B75+'2월'!B75+'3월'!B75+'4월'!B75+'5월'!B75+'6월'!B75+'7월'!B75+'8월'!B75+'9월'!B75+'10월'!B75+'11월'!B75+'12월'!B75 -> 20000000 | C75: ='1월'!C75+'2월'!C75+'3월'!C75+'4월'!C75+'5월'!C75+'6월'!C75+'7월'!C75+'8월'!C75+'9월'!C75+'10월'!C75+'11월'!C75+'12월'!C75 -> 8000000 | D75: ='1월'!D75+'2월'!D75+'3월'!D75+'4월'!D75+'5월'!D75+'6월'!D75+'7월'!D75+'8월'!D75+'9월'!D75+'10월'!D75+'11월'!D75+'12월'!D75 -> 4000000 | E75: ='1월'!E75+'2월'!E75+'3월'!E75+'4월'!E75+'5월'!E75+'6월'!E75+'7월'!E75+'8월'!E75+'9월'!E75+'10월'!E75+'11월'!E75+'12월'!E75 -> 8000000 | F75: ='1월'!F75+'2월'!F75+'3월'!F75+'4월'!F75+'5월'!F75+'6월'!F75+'7월'!F75+'8월'!F75+'9월'!F75+'10월'!F75+'11월'!F75+'12월'!F75 -> 7168772.5 | G75: ='1월'!H75+'2월'!G75+'3월'!G75+'4월'!G75+'5월'!G75+'6월'!G75+'7월'!G75+'8월'!G75+'9월'!G75+'10월'!G75+'11월'!G75+'12월'!G75 -> 831227.47 | H75: ='1월'!J75+'2월'!H75+'3월'!H75+'4월'!H75+'5월'!H75+'6월'!H75+'7월'!H75+'8월'!H75+'9월'!H75+'10월'!H75+'11월'!H75+'12월'!H75 -> 0 | I75: ='1월'!K75+'2월'!I75+'3월'!I75+'4월'!I75+'5월'!I75+'6월'!I75+'7월'!I75+'8월'!I75+'9월'!I75+'10월'!I75+'11월'!I75+'12월'!I75 -> 0 | J75: ='1월'!L75+'2월'!J75+'3월'!J75+'4월'!J75+'5월'!J75+'6월'!J75+'7월'!J75+'8월'!J75+'9월'!J75+'10월'!J75+'11월'!J75+'12월'!J75 -> 0 | K75: ='1월'!M75+'2월'!K75+'3월'!K75+'4월'!K75+'5월'!K75+'6월'!K75+'7월'!K75+'8월'!K75+'9월'!K75+'10월'!K75+'11월'!K75+'12월'!K75 -> 0 | L75: ='1월'!N75+'2월'!L75+'3월'!L75+'4월'!L75+'5월'!L75+'6월'!L75+'7월'!L75+'8월'!L75+'9월'!L75+'10월'!L75+'11월'!L75+'12월'!L75 -> 0 | M75: ='1월'!O75+'2월'!M75+'3월'!M75+'4월'!M75+'5월'!M75+'6월'!M75+'7월'!M75+'8월'!M75+'9월'!M75+'10월'!M75+'11월'!M75+'12월'!M75 -> 0 | O75: =IFERROR(VLOOKUP($A75,[1]플랫폼1!$A:$B,2,FALSE),0) -> 0 | P75: =IFERROR(VLOOKUP($A75,[1]플랫폼2!$A:$M,12,FALSE),0)+IFERROR(VLOOKUP($A75,[1]플랫폼2!$A:$M,13,FALSE),0) -> 0 | Q75: =IFERROR(VLOOKUP($A75,[1]플랫폼2!$A:$M,7,FALSE),0)+IFERROR(VLOOKUP($A75,[1]플랫폼2!$A:$M,12,FALSE),0) -> 0 | R75: =IFERROR(VLOOKUP($A75,[1]모바일!$A:$S,17,FALSE),0) -> 0 | S75: =IFERROR(VLOOKUP($A75,[1]모바일!$A:$S,18,FALSE),0) -> 0 | T75: =IFERROR(VLOOKUP(A75,[1]플랫폼2!$A:$O,15,0),0) -> 0
A76: 복리산재보험료 | B76: ='1월'!B76+'2월'!B76+'3월'!B76+'4월'!B76+'5월'!B76+'6월'!B76+'7월'!B76+'8월'!B76+'9월'!B76+'10월'!B76+'11월'!B76+'12월'!B76 -> 843867520 | C76: ='1월'!C76+'2월'!C76+'3월'!C76+'4월'!C76+'5월'!C76+'6월'!C76+'7월'!C76+'8월'!C76+'9월'!C76+'10월'!C76+'11월'!C76+'12월'!C76 -> 48466178 | D76: ='1월'!D76+'2월'!D76+'3월'!D76+'4월'!D76+'5월'!D76+'6월'!D76+'7월'!D76+'8월'!D76+'9월'!D76+'10월'!D76+'11월'!D76+'12월'!D76 -> 22631769 | E76: ='1월'!E76+'2월'!E76+'3월'!E76+'4월'!E76+'5월'!E76+'6월'!E76+'7월'!E76+'8월'!E76+'9월'!E76+'10월'!E76+'11월'!E76+'12월'!E76 -> 7.7276957e+08 | F76: ='1월'!F76+'2월'!F76+'3월'!F76+'4월'!F76+'5월'!F76+'6월'!F76+'7월'!F76+'8월'!F76+'9월'!F76+'10월'!F76+'11월'!F76+'12월'!F76 -> 4.7863258e+08 | G76: ='1월'!H76+'2월'!G76+'3월'!G76+'4월'!G76+'5월'!G76+'6월'!G76+'7월'!G76+'8월'!G76+'9월'!G76+'10월'!G76+'11월'!G76+'12월'!G76 -> 1.4373411e+08 | H76: ='1월'!J76+'2월'!H76+'3월'!H76+'4월'!H76+'5월'!H76+'6월'!H76+'7월'!H76+'8월'!H76+'9월'!H76+'10월'!H76+'11월'!H76+'12월'!H76 -> 47675601 | I76: ='1월'!K76+'2월'!I76+'3월'!I76+'4월'!I76+'5월'!I76+'6월'!I76+'7월'!I76+'8월'!I76+'9월'!I76+'10월'!I76+'11월'!I76+'12월'!I76 -> 5158886.7 | J76: ='1월'!L76+'2월'!J76+'3월'!J76+'4월'!J76+'5월'!J76+'6월'!J76+'7월'!J76+'8월'!J76+'9월'!J76+'10월'!J76+'11월'!J76+'12월'!J76 -> 5357365.3 | K76: ='1월'!M76+'2월'!K76+'3월'!K76+'4월'!K76+'5월'!K76+'6월'!K76+'7월'!K76+'8월'!K76+'9월'!K76+'10월'!K76+'11월'!K76+'12월'!K76 -> 22324614 | L76: ='1월'!N76+'2월'!L76+'3월'!L76+'4월'!L76+'5월'!L76+'6월'!L76+'7월'!L76+'8월'!L76+'9월'!L76+'10월'!L76+'11월'!L76+'12월'!L76 -> 60748680 | M76: ='1월'!O76+'2월'!M76+'3월'!M76+'4월'!M76+'5월'!M76+'6월'!M76+'7월'!M76+'8월'!M76+'9월'!M76+'10월'!M76+'11월'!M76+'12월'!M76 -> 9137733 | O76: =IFERROR(VLOOKUP($A76,[1]플랫폼1!$A:$B,2,FALSE),0) -> 2231658 | P76: =IFERROR(VLOOKUP($A76,[1]플랫폼2!$A:$M,12,FALSE),0)+IFERROR(VLOOKUP($A76,[1]플랫폼2!$A:$M,13,FALSE),0) -> 1578037 | Q76: =IFERROR(VLOOKUP($A76,[1]플랫폼2!$A:$M,7,FALSE),0)+IFERROR(VLOOKUP($A76,[1]플랫폼2!$A:$M,12,FALSE),0) -> 1578037 | R76: =IFERROR(VLOOKUP($A76,[1]모바일!$A:$S,17,FALSE),0) -> 230980.25 | S76: =IFERROR(VLOOKUP($A76,[1]모바일!$A:$S,18,FALSE),0) -> 230980.25 | T76: =IFERROR(VLOOKUP(A76,[1]플랫폼2!$A:$O,15,0),0) -> 3288040.5
A77: 복리건강보험료 | B77: ='1월'!B77+'2월'!B77+'3월'!B77+'4월'!B77+'5월'!B77+'6월'!B77+'7월'!B77+'8월'!B77+'9월'!B77+'10월'!B77+'11월'!B77+'12월'!B77 -> 4299806990 | C77: ='1월'!C77+'2월'!C77+'3월'!C77+'4월'!C77+'5월'!C77+'6월'!C77+'7월'!C77+'8월'!C77+'9월'!C77+'10월'!C77+'11월'!C77+'12월'!C77 -> 2.6930015e+08 | D77: ='1월'!D77+'2월'!D77+'3월'!D77+'4월'!D77+'5월'!D77+'6월'!D77+'7월'!D77+'8월'!D77+'9월'!D77+'10월'!D77+'11월'!D77+'12월'!D77 -> 111060300 | E77: ='1월'!E77+'2월'!E77+'3월'!E77+'4월'!E77+'5월'!E77+'6월'!E77+'7월'!E77+'8월'!E77+'9월'!E77+'10월'!E77+'11월'!E77+'12월'!E77 -> 3.9194465e+09 | F77: ='1월'!F77+'2월'!F77+'3월'!F77+'4월'!F77+'5월'!F77+'6월'!F77+'7월'!F77+'8월'!F77+'9월'!F77+'10월'!F77+'11월'!F77+'12월'!F77 -> 2.4131192e+09 | G77: ='1월'!H77+'2월'!G77+'3월'!G77+'4월'!G77+'5월'!G77+'6월'!G77+'7월'!G77+'8월'!G77+'9월'!G77+'10월'!G77+'11월'!G77+'12월'!G77 -> 7.6259235e+08 | H77: ='1월'!J77+'2월'!H77+'3월'!H77+'4월'!H77+'5월'!H77+'6월'!H77+'7월'!H77+'8월'!H77+'9월'!H77+'10월'!H77+'11월'!H77+'12월'!H77 -> 2.2402835e+08 | I77: ='1월'!K77+'2월'!I77+'3월'!I77+'4월'!I77+'5월'!I77+'6월'!I77+'7월'!I77+'8월'!I77+'9월'!I77+'10월'!I77+'11월'!I77+'12월'!I77 -> 26719216 | J77: ='1월'!L77+'2월'!J77+'3월'!J77+'4월'!J77+'5월'!J77+'6월'!J77+'7월'!J77+'8월'!J77+'9월'!J77+'10월'!J77+'11월'!J77+'12월'!J77 -> 26640015 | K77: ='1월'!M77+'2월'!K77+'3월'!K77+'4월'!K77+'5월'!K77+'6월'!K77+'7월'!K77+'8월'!K77+'9월'!K77+'10월'!K77+'11월'!K77+'12월'!K77 -> 1.1227415e+08 | L77: ='1월'!N77+'2월'!L77+'3월'!L77+'4월'!L77+'5월'!L77+'6월'!L77+'7월'!L77+'8월'!L77+'9월'!L77+'10월'!L77+'11월'!L77+'12월'!L77 -> 3.0772998e+08 | M77: ='1월'!O77+'2월'!M77+'3월'!M77+'4월'!M77+'5월'!M77+'6월'!M77+'7월'!M77+'8월'!M77+'9월'!M77+'10월'!M77+'11월'!M77+'12월'!M77 -> 46343260 | O77: =IFERROR(VLOOKUP($A77,[1]플랫폼1!$A:$B,2,FALSE),0) -> 10095650 | P77: =IFERROR(VLOOKUP($A77,[1]플랫폼2!$A:$M,12,FALSE),0)+IFERROR(VLOOKUP($A77,[1]플랫폼2!$A:$M,13,FALSE),0) -> 8585365 | Q77: =IFERROR(VLOOKUP($A77,[1]플랫폼2!$A:$M,7,FALSE),0)+IFERROR(VLOOKUP($A77,[1]플랫폼2!$A:$M,12,FALSE),0) -> 8585365 | R77: =IFERROR(VLOOKUP($A77,[1]모바일!$A:$S,17,FALSE),0) -> 1228562.5 | S77: =IFERROR(VLOOKUP($A77,[1]모바일!$A:$S,18,FALSE),0) -> 1228562.5 | T77: =IFERROR(VLOOKUP(A77,[1]플랫폼2!$A:$O,15,0),0) -> 16619755
A78: 복리국민연금 | B78: ='1월'!B78+'2월'!B78+'3월'!B78+'4월'!B78+'5월'!B78+'6월'!B78+'7월'!B78+'8월'!B78+'9월'!B78+'10월'!B78+'11월'!B78+'12월'!B78 -> 4138384690 | C78: ='1월'!C78+'2월'!C78+'3월'!C78+'4월'!C78+'5월'!C78+'6월'!C78+'7월'!C78+'8월'!C78+'9월'!C78+'10월'!C78+'11월'!C78+'12월'!C78 -> 2.2097651e+08 | D78: ='1월'!D78+'2월'!D78+'3월'!D78+'4월'!D78+'5월'!D78+'6월'!D78+'7월'!D78+'8월'!D78+'9월'!D78+'10월'!D78+'11월'!D78+'12월'!D78 -> 97020500 | E78: ='1월'!E78+'2월'!E78+'3월'!E78+'4월'!E78+'5월'!E78+'6월'!E78+'7월'!E78+'8월'!E78+'9월'!E78+'10월'!E78+'11월'!E78+'12월'!E78 -> 3.8203877e+09 | F78: ='1월'!F78+'2월'!F78+'3월'!F78+'4월'!F78+'5월'!F78+'6월'!F78+'7월'!F78+'8월'!F78+'9월'!F78+'10월'!F78+'11월'!F78+'12월'!F78 -> 2.3776558e+09 | G78: ='1월'!H78+'2월'!G78+'3월'!G78+'4월'!G78+'5월'!G78+'6월'!G78+'7월'!G78+'8월'!G78+'9월'!G78+'10월'!G78+'11월'!G78+'12월'!G78 -> 7.4178579e+08 | H78: ='1월'!J78+'2월'!H78+'3월'!H78+'4월'!H78+'5월'!H78+'6월'!H78+'7월'!H78+'8월'!H78+'9월'!H78+'10월'!H78+'11월'!H78+'12월'!H78 -> 2.3324002e+08 | I78: ='1월'!K78+'2월'!I78+'3월'!I78+'4월'!I78+'5월'!I78+'6월'!I78+'7월'!I78+'8월'!I78+'9월'!I78+'10월'!I78+'11월'!I78+'12월'!I78 -> 25474639 | J78: ='1월'!L78+'2월'!J78+'3월'!J78+'4월'!J78+'5월'!J78+'6월'!J78+'7월'!J78+'8월'!J78+'9월'!J78+'10월'!J78+'11월'!J78+'12월'!J78 -> 26749789 | K78: ='1월'!M78+'2월'!K78+'3월'!K78+'4월'!K78+'5월'!K78+'6월'!K78+'7월'!K78+'8월'!K78+'9월'!K78+'10월'!K78+'11월'!K78+'12월'!K78 -> 1.1225877e+08 | L78: ='1월'!N78+'2월'!L78+'3월'!L78+'4월'!L78+'5월'!L78+'6월'!L78+'7월'!L78+'8월'!L78+'9월'!L78+'10월'!L78+'11월'!L78+'12월'!L78 -> 2.6253539e+08 | M78: ='1월'!O78+'2월'!M78+'3월'!M78+'4월'!M78+'5월'!M78+'6월'!M78+'7월'!M78+'8월'!M78+'9월'!M78+'10월'!M78+'11월'!M78+'12월'!M78 -> 40687490 | O78: =IFERROR(VLOOKUP($A78,[1]플랫폼1!$A:$B,2,FALSE),0) -> 10430310 | P78: =IFERROR(VLOOKUP($A78,[1]플랫폼2!$A:$M,12,FALSE),0)+IFERROR(VLOOKUP($A78,[1]플랫폼2!$A:$M,13,FALSE),0) -> 6870155 | Q78: =IFERROR(VLOOKUP($A78,[1]플랫폼2!$A:$M,7,FALSE),0)+IFERROR(VLOOKUP($A78,[1]플랫폼2!$A:$M,12,FALSE),0) -> 6870155 | R78: =IFERROR(VLOOKUP($A78,[1]모바일!$A:$S,17,FALSE),0) -> 965160 | S78: =IFERROR(VLOOKUP($A78,[1]모바일!$A:$S,18,FALSE),0) -> 965160 | T78: =IFERROR(VLOOKUP(A78,[1]플랫폼2!$A:$O,15,0),0) -> 14586550
A79: 복리고용보험료 | B79: ='1월'!B79+'2월'!B79+'3월'!B79+'4월'!B79+'5월'!B79+'6월'!B79+'7월'!B79+'8월'!B79+'9월'!B79+'10월'!B79+'11월'!B79+'12월'!B79 -> 1886084050 | C79: ='1월'!C79+'2월'!C79+'3월'!C79+'4월'!C79+'5월'!C79+'6월'!C79+'7월'!C79+'8월'!C79+'9월'!C79+'10월'!C79+'11월'!C79+'12월'!C79 -> 1.0205811e+08 | D79: ='1월'!D79+'2월'!D79+'3월'!D79+'4월'!D79+'5월'!D79+'6월'!D79+'7월'!D79+'8월'!D79+'9월'!D79+'10월'!D79+'11월'!D79+'12월'!D79 -> 49982617 | E79: ='1월'!E79+'2월'!E79+'3월'!E79+'4월'!E79+'5월'!E79+'6월'!E79+'7월'!E79+'8월'!E79+'9월'!E79+'10월'!E79+'11월'!E79+'12월'!E79 -> 1.7340433e+09 | F79: ='1월'!F79+'2월'!F79+'3월'!F79+'4월'!F79+'5월'!F79+'6월'!F79+'7월'!F79+'8월'!F79+'9월'!F79+'10월'!F79+'11월'!F79+'12월'!F79 -> 1.0732089e+09 | G79: ='1월'!H79+'2월'!G79+'3월'!G79+'4월'!G79+'5월'!G79+'6월'!G79+'7월'!G79+'8월'!G79+'9월'!G79+'10월'!G79+'11월'!G79+'12월'!G79 -> 3.230981e+08 | H79: ='1월'!J79+'2월'!H79+'3월'!H79+'4월'!H79+'5월'!H79+'6월'!H79+'7월'!H79+'8월'!H79+'9월'!H79+'10월'!H79+'11월'!H79+'12월'!H79 -> 1.0700907e+08 | I79: ='1월'!K79+'2월'!I79+'3월'!I79+'4월'!I79+'5월'!I79+'6월'!I79+'7월'!I79+'8월'!I79+'9월'!I79+'10월'!I79+'11월'!I79+'12월'!I79 -> 11557282 | J79: ='1월'!L79+'2월'!J79+'3월'!J79+'4월'!J79+'5월'!J79+'6월'!J79+'7월'!J79+'8월'!J79+'9월'!J79+'10월'!J79+'11월'!J79+'12월'!J79 -> 11896773 | K79: ='1월'!M79+'2월'!K79+'3월'!K79+'4월'!K79+'5월'!K79+'6월'!K79+'7월'!K79+'8월'!K79+'9월'!K79+'10월'!K79+'11월'!K79+'12월'!K79 -> 50020678 | L79: ='1월'!N79+'2월'!L79+'3월'!L79+'4월'!L79+'5월'!L79+'6월'!L79+'7월'!L79+'8월'!L79+'9월'!L79+'10월'!L79+'11월'!L79+'12월'!L79 -> 1.3706117e+08 | M79: ='1월'!O79+'2월'!M79+'3월'!M79+'4월'!M79+'5월'!M79+'6월'!M79+'7월'!M79+'8월'!M79+'9월'!M79+'10월'!M79+'11월'!M79+'12월'!M79 -> 20191364 | O79: =IFERROR(VLOOKUP($A79,[1]플랫폼1!$A:$B,2,FALSE),0) -> 4930837 | P79: =IFERROR(VLOOKUP($A79,[1]플랫폼2!$A:$M,12,FALSE),0)+IFERROR(VLOOKUP($A79,[1]플랫폼2!$A:$M,13,FALSE),0) -> 3470407 | Q79: =IFERROR(VLOOKUP($A79,[1]플랫폼2!$A:$M,7,FALSE),0)+IFERROR(VLOOKUP($A79,[1]플랫폼2!$A:$M,12,FALSE),0) -> 3470407 | R79: =IFERROR(VLOOKUP($A79,[1]모바일!$A:$S,17,FALSE),0) -> 509466.25 | S79: =IFERROR(VLOOKUP($A79,[1]모바일!$A:$S,18,FALSE),0) -> 509466.25 | T79: =IFERROR(VLOOKUP(A79,[1]플랫폼2!$A:$O,15,0),0) -> 7300780.5
A80: 복리업무지원비 | B80: ='1월'!B80+'2월'!B80+'3월'!B80+'4월'!B80+'5월'!B80+'6월'!B80+'7월'!B80+'8월'!B80+'9월'!B80+'10월'!B80+'11월'!B80+'12월'!B80 -> 9000000 | C80: ='1월'!C80+'2월'!C80+'3월'!C80+'4월'!C80+'5월'!C80+'6월'!C80+'7월'!C80+'8월'!C80+'9월'!C80+'10월'!C80+'11월'!C80+'12월'!C80 -> 9000000 | D80: ='1월'!D80+'2월'!D80+'3월'!D80+'4월'!D80+'5월'!D80+'6월'!D80+'7월'!D80+'8월'!D80+'9월'!D80+'10월'!D80+'11월'!D80+'12월'!D80 -> 0 | E80: ='1월'!E80+'2월'!E80+'3월'!E80+'4월'!E80+'5월'!E80+'6월'!E80+'7월'!E80+'8월'!E80+'9월'!E80+'10월'!E80+'11월'!E80+'12월'!E80 -> 0 | F80: ='1월'!F80+'2월'!F80+'3월'!F80+'4월'!F80+'5월'!F80+'6월'!F80+'7월'!F80+'8월'!F80+'9월'!F80+'10월'!F80+'11월'!F80+'12월'!F80 -> 0 | G80: ='1월'!H80+'2월'!G80+'3월'!G80+'4월'!G80+'5월'!G80+'6월'!G80+'7월'!G80+'8월'!G80+'9월'!G80+'10월'!G80+'11월'!G80+'12월'!G80 -> 0 | H80: ='1월'!J80+'2월'!H80+'3월'!H80+'4월'!H80+'5월'!H80+'6월'!H80+'7월'!H80+'8월'!H80+'9월'!H80+'10월'!H80+'11월'!H80+'12월'!H80 -> 0 | I80: ='1월'!K80+'2월'!I80+'3월'!I80+'4월'!I80+'5월'!I80+'6월'!I80+'7월'!I80+'8월'!I80+'9월'!I80+'10월'!I80+'11월'!I80+'12월'!I80 -> 0 | J80: ='1월'!L80+'2월'!J80+'3월'!J80+'4월'!J80+'5월'!J80+'6월'!J80+'7월'!J80+'8월'!J80+'9월'!J80+'10월'!J80+'11월'!J80+'12월'!J80 -> 0 | K80: ='1월'!M80+'2월'!K80+'3월'!K80+'4월'!K80+'5월'!K80+'6월'!K80+'7월'!K80+'8월'!K80+'9월'!K80+'10월'!K80+'11월'!K80+'12월'!K80 -> 0 | L80: ='1월'!N80+'2월'!L80+'3월'!L80+'4월'!L80+'5월'!L80+'6월'!L80+'7월'!L80+'8월'!L80+'9월'!L80+'10월'!L80+'11월'!L80+'12월'!L80 -> 0 | M80: ='1월'!O80+'2월'!M80+'3월'!M80+'4월'!M80+'5월'!M80+'6월'!M80+'7월'!M80+'8월'!M80+'9월'!M80+'10월'!M80+'11월'!M80+'12월'!M80 -> 0 | O80: =IFERROR(VLOOKUP($A80,[1]플랫폼1!$A:$B,2,FALSE),0) -> 0 | P80: =IFERROR(VLOOKUP($A80,[1]플랫폼2!$A:$M,12,FALSE),0)+IFERROR(VLOOKUP($A80,[1]플랫폼2!$A:$M,13,FALSE),0) -> 0 | Q80: =IFERROR(VLOOKUP($A80,[1]플랫폼2!$A:$M,7,FALSE),0)+IFERROR(VLOOKUP($A80,[1]플랫폼2!$A:$M,12,FALSE),0) -> 0 | R80: =IFERROR(VLOOKUP($A80,[1]모바일!$A:$S,17,FALSE),0) -> 0 | S80: =IFERROR(VLOOKUP($A80,[1]모바일!$A:$S,18,FALSE),0) -> 0 | T80: =IFERROR(VLOOKUP(A80,[1]플랫폼2!$A:$O,15,0),0) -> 0
A81: 복리포인트(마케팅) | B81: ='1월'!B81+'2월'!B81+'3월'!B81+'4월'!B81+'5월'!B81+'6월'!B81+'7월'!B81+'8월'!B81+'9월'!B81+'10월'!B81+'11월'!B81+'12월'!B81 -> 10907424110 | C81: ='1월'!C81+'2월'!C81+'3월'!C81+'4월'!C81+'5월'!C81+'6월'!C81+'7월'!C81+'8월'!C81+'9월'!C81+'10월'!C81+'11월'!C81+'12월'!C81 -> 1.3533817e+08 | D81: ='1월'!D81+'2월'!D81+'3월'!D81+'4월'!D81+'5월'!D81+'6월'!D81+'7월'!D81+'8월'!D81+'9월'!D81+'10월'!D81+'11월'!D81+'12월'!D81 -> 8260000 | E81: ='1월'!E81+'2월'!E81+'3월'!E81+'4월'!E81+'5월'!E81+'6월'!E81+'7월'!E81+'8월'!E81+'9월'!E81+'10월'!E81+'11월'!E81+'12월'!E81 -> 1.0763826e+10 | F81: ='1월'!F81+'2월'!F81+'3월'!F81+'4월'!F81+'5월'!F81+'6월'!F81+'7월'!F81+'8월'!F81+'9월'!F81+'10월'!F81+'11월'!F81+'12월'!F81 -> 8.2909376e+09 | G81: ='1월'!H81+'2월'!G81+'3월'!G81+'4월'!G81+'5월'!G81+'6월'!G81+'7월'!G81+'8월'!G81+'9월'!G81+'10월'!G81+'11월'!G81+'12월'!G81 -> 1.4096588e+09 | H81: ='1월'!J81+'2월'!H81+'3월'!H81+'4월'!H81+'5월'!H81+'6월'!H81+'7월'!H81+'8월'!H81+'9월'!H81+'10월'!H81+'11월'!H81+'12월'!H81 -> 820401892 | I81: ='1월'!K81+'2월'!I81+'3월'!I81+'4월'!I81+'5월'!I81+'6월'!I81+'7월'!I81+'8월'!I81+'9월'!I81+'10월'!I81+'11월'!I81+'12월'!I81 -> 32756461 | J81: ='1월'!L81+'2월'!J81+'3월'!J81+'4월'!J81+'5월'!J81+'6월'!J81+'7월'!J81+'8월'!J81+'9월'!J81+'10월'!J81+'11월'!J81+'12월'!J81 -> 26237592 | K81: ='1월'!M81+'2월'!K81+'3월'!K81+'4월'!K81+'5월'!K81+'6월'!K81+'7월'!K81+'8월'!K81+'9월'!K81+'10월'!K81+'11월'!K81+'12월'!K81 -> 1.1530221e+08 | L81: ='1월'!N81+'2월'!L81+'3월'!L81+'4월'!L81+'5월'!L81+'6월'!L81+'7월'!L81+'8월'!L81+'9월'!L81+'10월'!L81+'11월'!L81+'12월'!L81 -> 55043373 | M81: ='1월'!O81+'2월'!M81+'3월'!M81+'4월'!M81+'5월'!M81+'6월'!M81+'7월'!M81+'8월'!M81+'9월'!M81+'10월'!M81+'11월'!M81+'12월'!M81 -> 13488000 | O81: =IFERROR(VLOOKUP($A81,[1]플랫폼1!$A:$B,2,FALSE),0) -> 200000 | P81: =IFERROR(VLOOKUP($A81,[1]플랫폼2!$A:$M,12,FALSE),0)+IFERROR(VLOOKUP($A81,[1]플랫폼2!$A:$M,13,FALSE),0) -> 267500 | Q81: =IFERROR(VLOOKUP($A81,[1]플랫폼2!$A:$M,7,FALSE),0)+IFERROR(VLOOKUP($A81,[1]플랫폼2!$A:$M,12,FALSE),0) -> 267500 | R81: =IFERROR(VLOOKUP($A81,[1]모바일!$A:$S,17,FALSE),0) -> 95833.333 | S81: =IFERROR(VLOOKUP($A81,[1]모바일!$A:$S,18,FALSE),0) -> 95833.333 | T81: =IFERROR(VLOOKUP(A81,[1]플랫폼2!$A:$O,15,0),0) -> 12561333
A82: 복리포인트(사업) | B82: ='1월'!B82+'2월'!B82+'3월'!B82+'4월'!B82+'5월'!B82+'6월'!B82+'7월'!B82+'8월'!B82+'9월'!B82+'10월'!B82+'11월'!B82+'12월'!B82 -> 499664110 | C82: ='1월'!C82+'2월'!C82+'3월'!C82+'4월'!C82+'5월'!C82+'6월'!C82+'7월'!C82+'8월'!C82+'9월'!C82+'10월'!C82+'11월'!C82+'12월'!C82 -> 35640000 | D82: ='1월'!D82+'2월'!D82+'3월'!D82+'4월'!D82+'5월'!D82+'6월'!D82+'7월'!D82+'8월'!D82+'9월'!D82+'10월'!D82+'11월'!D82+'12월'!D82 -> 58770000 | E82: ='1월'!E82+'2월'!E82+'3월'!E82+'4월'!E82+'5월'!E82+'6월'!E82+'7월'!E82+'8월'!E82+'9월'!E82+'10월'!E82+'11월'!E82+'12월'!E82 -> 405254110 | F82: ='1월'!F82+'2월'!F82+'3월'!F82+'4월'!F82+'5월'!F82+'6월'!F82+'7월'!F82+'8월'!F82+'9월'!F82+'10월'!F82+'11월'!F82+'12월'!F82 -> 1.9659172e+08 | G82: ='1월'!H82+'2월'!G82+'3월'!G82+'4월'!G82+'5월'!G82+'6월'!G82+'7월'!G82+'8월'!G82+'9월'!G82+'10월'!G82+'11월'!G82+'12월'!G82 -> 98664680 | H82: ='1월'!J82+'2월'!H82+'3월'!H82+'4월'!H82+'5월'!H82+'6월'!H82+'7월'!H82+'8월'!H82+'9월'!H82+'10월'!H82+'11월'!H82+'12월'!H82 -> 23285000 | I82: ='1월'!K82+'2월'!I82+'3월'!I82+'4월'!I82+'5월'!I82+'6월'!I82+'7월'!I82+'8월'!I82+'9월'!I82+'10월'!I82+'11월'!I82+'12월'!I82 -> 1360000 | J82: ='1월'!L82+'2월'!J82+'3월'!J82+'4월'!J82+'5월'!J82+'6월'!J82+'7월'!J82+'8월'!J82+'9월'!J82+'10월'!J82+'11월'!J82+'12월'!J82 -> 2060000 | K82: ='1월'!M82+'2월'!K82+'3월'!K82+'4월'!K82+'5월'!K82+'6월'!K82+'7월'!K82+'8월'!K82+'9월'!K82+'10월'!K82+'11월'!K82+'12월'!K82 -> 10660000 | L82: ='1월'!N82+'2월'!L82+'3월'!L82+'4월'!L82+'5월'!L82+'6월'!L82+'7월'!L82+'8월'!L82+'9월'!L82+'10월'!L82+'11월'!L82+'12월'!L82 -> 61782710 | M82: ='1월'!O82+'2월'!M82+'3월'!M82+'4월'!M82+'5월'!M82+'6월'!M82+'7월'!M82+'8월'!M82+'9월'!M82+'10월'!M82+'11월'!M82+'12월'!M82 -> 10850000 | O82: =IFERROR(VLOOKUP($A82,[1]플랫폼1!$A:$B,2,FALSE),0) -> 2450000 | P82: =IFERROR(VLOOKUP($A82,[1]플랫폼2!$A:$M,12,FALSE),0)+IFERROR(VLOOKUP($A82,[1]플랫폼2!$A:$M,13,FALSE),0) -> 1750000 | Q82: =IFERROR(VLOOKUP($A82,[1]플랫폼2!$A:$M,7,FALSE),0)+IFERROR(VLOOKUP($A82,[1]플랫폼2!$A:$M,12,FALSE),0) -> 1750000 | R82: =IFERROR(VLOOKUP($A82,[1]모바일!$A:$S,17,FALSE),0) -> 408333.33 | S82: =IFERROR(VLOOKUP($A82,[1]모바일!$A:$S,18,FALSE),0) -> 408333.33 | T82: =IFERROR(VLOOKUP(A82,[1]플랫폼2!$A:$O,15,0),0) -> 4083333.3
... A106: 복리놀이공원이용지원 | B106: ='1월'!B106+'2월'!B106+'3월'!B106+'4월'!B106+'5월'!B106+'6월'!B106+'7월'!B106+'8월'!B106+'9월'!B106+'10월'!B106+'11월'!B106+'12월'!B106 -> 62541200 | C106: ='1월'!C106+'2월'!C106+'3월'!C106+'4월'!C106+'5월'!C106+'6월'!C106+'7월'!C106+'8월'!C106+'9월'!C106+'10월'!C106+'11월'!C106+'12월'!C106 -> 3822700 | D106: ='1월'!D106+'2월'!D106+'3월'!D106+'4월'!D106+'5월'!D106+'6월'!D106+'7월'!D106+'8월'!D106+'9월'!D106+'10월'!D106+'11월'!D106+'12월'!D106 -> 2278440 | E106: ='1월'!E106+'2월'!E106+'3월'!E106+'4월'!E106+'5월'!E106+'6월'!E106+'7월'!E106+'8월'!E106+'9월'!E106+'10월'!E106+'11월'!E106+'12월'!E106 -> 56440060 | F106: ='1월'!F106+'2월'!F106+'3월'!F106+'4월'!F106+'5월'!F106+'6월'!F106+'7월'!F106+'8월'!F106+'9월'!F106+'10월'!F106+'11월'!F106+'12월'!F106 -> 32923206 | G106: ='1월'!H106+'2월'!G106+'3월'!G106+'4월'!G106+'5월'!G106+'6월'!G106+'7월'!G106+'8월'!G106+'9월'!G106+'10월'!G106+'11월'!G106+'12월'!G106 -> 13600273 | H106: ='1월'!J106+'2월'!H106+'3월'!H106+'4월'!H106+'5월'!H106+'6월'!H106+'7월'!H106+'8월'!H106+'9월'!H106+'10월'!H106+'11월'!H106+'12월'!H106 -> 2748921 | I106: ='1월'!K106+'2월'!I106+'3월'!I106+'4월'!I106+'5월'!I106+'6월'!I106+'7월'!I106+'8월'!I106+'9월'!I106+'10월'!I106+'11월'!I106+'12월'!I106 -> 325250 | J106: ='1월'!L106+'2월'!J106+'3월'!J106+'4월'!J106+'5월'!J106+'6월'!J106+'7월'!J106+'8월'!J106+'9월'!J106+'10월'!J106+'11월'!J106+'12월'!J106 -> 385250 | K106: ='1월'!M106+'2월'!K106+'3월'!K106+'4월'!K106+'5월'!K106+'6월'!K106+'7월'!K106+'8월'!K106+'9월'!K106+'10월'!K106+'11월'!K106+'12월'!K106 -> 3038760 | L106: ='1월'!N106+'2월'!L106+'3월'!L106+'4월'!L106+'5월'!L106+'6월'!L106+'7월'!L106+'8월'!L106+'9월'!L106+'10월'!L106+'11월'!L106+'12월'!L106 -> 3035800 | M106: ='1월'!O106+'2월'!M106+'3월'!M106+'4월'!M106+'5월'!M106+'6월'!M106+'7월'!M106+'8월'!M106+'9월'!M106+'10월'!M106+'11월'!M106+'12월'!M106 -> 382600 | O106: =IFERROR(VLOOKUP($A106,[1]플랫폼1!$A:$B,2,FALSE),0) -> 0 | P106: =IFERROR(VLOOKUP($A106,[1]플랫폼2!$A:$M,12,FALSE),0)+IFERROR(VLOOKUP($A106,[1]플랫폼2!$A:$M,13,FALSE),0) -> 114300 | Q106: =IFERROR(VLOOKUP($A106,[1]플랫폼2!$A:$M,7,FALSE),0)+IFERROR(VLOOKUP($A106,[1]플랫폼2!$A:$M,12,FALSE),0) -> 114300 | R106: =IFERROR(VLOOKUP($A106,[1]모바일!$A:$S,17,FALSE),0) -> 12833.333 | S106: =IFERROR(VLOOKUP($A106,[1]모바일!$A:$S,18,FALSE),0) -> 12833.333 | T106: =IFERROR(VLOOKUP(A106,[1]플랫폼2!$A:$O,15,0),0) -> 128333.33
A107: 복리휴양시설이용지원 | B107: ='1월'!B107+'2월'!B107+'3월'!B107+'4월'!B107+'5월'!B107+'6월'!B107+'7월'!B107+'8월'!B107+'9월'!B107+'10월'!B107+'11월'!B107+'12월'!B107 -> 29964265 | C107: ='1월'!C107+'2월'!C107+'3월'!C107+'4월'!C107+'5월'!C107+'6월'!C107+'7월'!C107+'8월'!C107+'9월'!C107+'10월'!C107+'11월'!C107+'12월'!C107 -> 2199811.9 | D107: ='1월'!D107+'2월'!D107+'3월'!D107+'4월'!D107+'5월'!D107+'6월'!D107+'7월'!D107+'8월'!D107+'9월'!D107+'10월'!D107+'11월'!D107+'12월'!D107 -> 1120000 | E107: ='1월'!E107+'2월'!E107+'3월'!E107+'4월'!E107+'5월'!E107+'6월'!E107+'7월'!E107+'8월'!E107+'9월'!E107+'10월'!E107+'11월'!E107+'12월'!E107 -> 26644453 | F107: ='1월'!F107+'2월'!F107+'3월'!F107+'4월'!F107+'5월'!F107+'6월'!F107+'7월'!F107+'8월'!F107+'9월'!F107+'10월'!F107+'11월'!F107+'12월'!F107 -> 15825502 | G107: ='1월'!H107+'2월'!G107+'3월'!G107+'4월'!G107+'5월'!G107+'6월'!G107+'7월'!G107+'8월'!G107+'9월'!G107+'10월'!G107+'11월'!G107+'12월'!G107 -> 6073662.9 | H107: ='1월'!J107+'2월'!H107+'3월'!H107+'4월'!H107+'5월'!H107+'6월'!H107+'7월'!H107+'8월'!H107+'9월'!H107+'10월'!H107+'11월'!H107+'12월'!H107 -> 770000 | I107: ='1월'!K107+'2월'!I107+'3월'!I107+'4월'!I107+'5월'!I107+'6월'!I107+'7월'!I107+'8월'!I107+'9월'!I107+'10월'!I107+'11월'!I107+'12월'!I107 -> 215081.51 | J107: ='1월'!L107+'2월'!J107+'3월'!J107+'4월'!J107+'5월'!J107+'6월'!J107+'7월'!J107+'8월'!J107+'9월'!J107+'10월'!J107+'11월'!J107+'12월'!J107 -> 281010.1 | K107: ='1월'!M107+'2월'!K107+'3월'!K107+'4월'!K107+'5월'!K107+'6월'!K107+'7월'!K107+'8월'!K107+'9월'!K107+'10월'!K107+'11월'!K107+'12월'!K107 -> 1723054.7 | L107: ='1월'!N107+'2월'!L107+'3월'!L107+'4월'!L107+'5월'!L107+'6월'!L107+'7월'!L107+'8월'!L107+'9월'!L107+'10월'!L107+'11월'!L107+'12월'!L107 -> 1476141.8 | M107: ='1월'!O107+'2월'!M107+'3월'!M107+'4월'!M107+'5월'!M107+'6월'!M107+'7월'!M107+'8월'!M107+'9월'!M107+'10월'!M107+'11월'!M107+'12월'!M107 -> 280000 | O107: 70000 | P107: =IFERROR(VLOOKUP($A107,[1]플랫폼2!$A:$M,12,FALSE),0)+IFERROR(VLOOKUP($A107,[1]플랫폼2!$A:$M,13,FALSE),0) -> 0 | Q107: =IFERROR(VLOOKUP($A107,[1]플랫폼2!$A:$M,7,FALSE),0)+IFERROR(VLOOKUP($A107,[1]플랫폼2!$A:$M,12,FALSE),0) -> 0 | R107: 17500 | S107: 17500 | T107: 175000
A108: 복리포인트(성과형) | B108: ='1월'!B108+'2월'!B108+'3월'!B108+'4월'!B108+'5월'!B108+'6월'!B108+'7월'!B108+'8월'!B108+'9월'!B108+'10월'!B108+'11월'!B108+'12월'!B108 -> 0 | C108: ='1월'!C108+'2월'!C108+'3월'!C108+'4월'!C108+'5월'!C108+'6월'!C108+'7월'!C108+'8월'!C108+'9월'!C108+'10월'!C108+'11월'!C108+'12월'!C108 -> 0 | D108: ='1월'!D108+'2월'!D108+'3월'!D108+'4월'!D108+'5월'!D108+'6월'!D108+'7월'!D108+'8월'!D108+'9월'!D108+'10월'!D108+'11월'!D108+'12월'!D108 -> 0 | E108: ='1월'!E108+'2월'!E108+'3월'!E108+'4월'!E108+'5월'!E108+'6월'!E108+'7월'!E108+'8월'!E108+'9월'!E108+'10월'!E108+'11월'!E108+'12월'!E108 -> 0 | F108: ='1월'!F108+'2월'!F108+'3월'!F108+'4월'!F108+'5월'!F108+'6월'!F108+'7월'!F108+'8월'!F108+'9월'!F108+'10월'!F108+'11월'!F108+'12월'!F108 -> 0 | G108: ='1월'!H108+'2월'!G108+'3월'!G108+'4월'!G108+'5월'!G108+'6월'!G108+'7월'!G108+'8월'!G108+'9월'!G108+'10월'!G108+'11월'!G108+'12월'!G108 -> 0 | H108: ='1월'!J108+'2월'!H108+'3월'!H108+'4월'!H108+'5월'!H108+'6월'!H108+'7월'!H108+'8월'!H108+'9월'!H108+'10월'!H108+'11월'!H108+'12월'!H108 -> 0 | I108: ='1월'!K108+'2월'!I108+'3월'!I108+'4월'!I108+'5월'!I108+'6월'!I108+'7월'!I108+'8월'!I108+'9월'!I108+'10월'!I108+'11월'!I108+'12월'!I108 -> 0 | J108: ='1월'!L108+'2월'!J108+'3월'!J108+'4월'!J108+'5월'!J108+'6월'!J108+'7월'!J108+'8월'!J108+'9월'!J108+'10월'!J108+'11월'!J108+'12월'!J108 -> 0 | K108: ='1월'!M108+'2월'!K108+'3월'!K108+'4월'!K108+'5월'!K108+'6월'!K108+'7월'!K108+'8월'!K108+'9월'!K108+'10월'!K108+'11월'!K108+'12월'!K108 -> 0 | L108: ='1월'!N108+'2월'!L108+'3월'!L108+'4월'!L108+'5월'!L108+'6월'!L108+'7월'!L108+'8월'!L108+'9월'!L108+'10월'!L108+'11월'!L108+'12월'!L108 -> 0 | M108: ='1월'!O108+'2월'!M108+'3월'!M108+'4월'!M108+'5월'!M108+'6월'!M108+'7월'!M108+'8월'!M108+'9월'!M108+'10월'!M108+'11월'!M108+'12월'!M108 -> 0 | O108: =IFERROR(VLOOKUP($A108,[1]플랫폼1!$A:$B,2,FALSE),0) -> 0 | P108: =IFERROR(VLOOKUP($A108,[1]플랫폼2!$A:$M,12,FALSE),0)+IFERROR(VLOOKUP($A108,[1]플랫폼2!$A:$M,13,FALSE),0) -> 0 | Q108: =IFERROR(VLOOKUP($A108,[1]플랫폼2!$A:$M,7,FALSE),0)+IFERROR(VLOOKUP($A108,[1]플랫폼2!$A:$M,12,FALSE),0) -> 0 | R108: =IFERROR(VLOOKUP($A108,[1]모바일!$A:$S,17,FALSE),0) -> 0 | S108: =IFERROR(VLOOKUP($A108,[1]모바일!$A:$S,18,FALSE),0) -> 0 | T108: =IFERROR(VLOOKUP(A108,[1]플랫폼2!$A:$O,15,0),0) -> 0
A109: 복리포인트(유선) | B109: ='1월'!B109+'2월'!B109+'3월'!B109+'4월'!B109+'5월'!B109+'6월'!B109+'7월'!B109+'8월'!B109+'9월'!B109+'10월'!B109+'11월'!B109+'12월'!B109 -> 5206169575 | C109: ='1월'!C109+'2월'!C109+'3월'!C109+'4월'!C109+'5월'!C109+'6월'!C109+'7월'!C109+'8월'!C109+'9월'!C109+'10월'!C109+'11월'!C109+'12월'!C109 -> 28012239 | D109: ='1월'!D109+'2월'!D109+'3월'!D109+'4월'!D109+'5월'!D109+'6월'!D109+'7월'!D109+'8월'!D109+'9월'!D109+'10월'!D109+'11월'!D109+'12월'!D109 -> 160000 | E109: ='1월'!E109+'2월'!E109+'3월'!E109+'4월'!E109+'5월'!E109+'6월'!E109+'7월'!E109+'8월'!E109+'9월'!E109+'10월'!E109+'11월'!E109+'12월'!E109 -> 5177997336 | F109: ='1월'!F109+'2월'!F109+'3월'!F109+'4월'!F109+'5월'!F109+'6월'!F109+'7월'!F109+'8월'!F109+'9월'!F109+'10월'!F109+'11월'!F109+'12월'!F109 -> 2.9495506e+09 | G109: ='1월'!H109+'2월'!G109+'3월'!G109+'4월'!G109+'5월'!G109+'6월'!G109+'7월'!G109+'8월'!G109+'9월'!G109+'10월'!G109+'11월'!G109+'12월'!G109 -> 4.8636215e+08 | H109: ='1월'!J109+'2월'!H109+'3월'!H109+'4월'!H109+'5월'!H109+'6월'!H109+'7월'!H109+'8월'!H109+'9월'!H109+'10월'!H109+'11월'!H109+'12월'!H109 -> 0 | I109: ='1월'!K109+'2월'!I109+'3월'!I109+'4월'!I109+'5월'!I109+'6월'!I109+'7월'!I109+'8월'!I109+'9월'!I109+'10월'!I109+'11월'!I109+'12월'!I109 -> 830800 | J109: ='1월'!L109+'2월'!J109+'3월'!J109+'4월'!J109+'5월'!J109+'6월'!J109+'7월'!J109+'8월'!J109+'9월'!J109+'10월'!J109+'11월'!J109+'12월'!J109 -> 33091 | K109: ='1월'!M109+'2월'!K109+'3월'!K109+'4월'!K109+'5월'!K109+'6월'!K109+'7월'!K109+'8월'!K109+'9월'!K109+'10월'!K109+'11월'!K109+'12월'!K109 -> 24082627 | L109: ='1월'!N109+'2월'!L109+'3월'!L109+'4월'!L109+'5월'!L109+'6월'!L109+'7월'!L109+'8월'!L109+'9월'!L109+'10월'!L109+'11월'!L109+'12월'!L109 -> 1717068078 | M109: ='1월'!O109+'2월'!M109+'3월'!M109+'4월'!M109+'5월'!M109+'6월'!M109+'7월'!M109+'8월'!M109+'9월'!M109+'10월'!M109+'11월'!M109+'12월'!M109 -> 70000 | O109: =IFERROR(VLOOKUP($A109,[1]플랫폼1!$A:$B,2,FALSE),0) -> 0 | P109: =IFERROR(VLOOKUP($A109,[1]플랫폼2!$A:$M,12,FALSE),0)+IFERROR(VLOOKUP($A109,[1]플랫폼2!$A:$M,13,FALSE),0) -> 25000 | Q109: =IFERROR(VLOOKUP($A109,[1]플랫폼2!$A:$M,7,FALSE),0)+IFERROR(VLOOKUP($A109,[1]플랫폼2!$A:$M,12,FALSE),0) -> 25000 | R109: =IFERROR(VLOOKUP($A109,[1]모바일!$A:$S,17,FALSE),0) -> 0 | S109: =IFERROR(VLOOKUP($A109,[1]모바일!$A:$S,18,FALSE),0) -> 0 | T109: =IFERROR(VLOOKUP(A109,[1]플랫폼2!$A:$O,15,0),0) -> 20000
A110: 복리교육지원비 | B110: ='1월'!B110+'2월'!B110+'3월'!B110+'4월'!B110+'5월'!B110+'6월'!B110+'7월'!B110+'8월'!B110+'9월'!B110+'10월'!B110+'11월'!B110+'12월'!B110 -> 0 | C110: ='1월'!C110+'2월'!C110+'3월'!C110+'4월'!C110+'5월'!C110+'6월'!C110+'7월'!C110+'8월'!C110+'9월'!C110+'10월'!C110+'11월'!C110+'12월'!C110 -> 0 | D110: ='1월'!D110+'2월'!D110+'3월'!D110+'4월'!D110+'5월'!D110+'6월'!D110+'7월'!D110+'8월'!D110+'9월'!D110+'10월'!D110+'11월'!D110+'12월'!D110 -> 0 | E110: ='1월'!E110+'2월'!E110+'3월'!E110+'4월'!E110+'5월'!E110+'6월'!E110+'7월'!E110+'8월'!E110+'9월'!E110+'10월'!E110+'11월'!E110+'12월'!E110 -> 0 | F110: ='1월'!F110+'2월'!F110+'3월'!F110+'4월'!F110+'5월'!F110+'6월'!F110+'7월'!F110+'8월'!F110+'9월'!F110+'10월'!F110+'11월'!F110+'12월'!F110 -> 0 | G110: ='1월'!H110+'2월'!G110+'3월'!G110+'4월'!G110+'5월'!G110+'6월'!G110+'7월'!G110+'8월'!G110+'9월'!G110+'10월'!G110+'11월'!G110+'12월'!G110 -> 0 | H110: ='1월'!J110+'2월'!H110+'3월'!H110+'4월'!H110+'5월'!H110+'6월'!H110+'7월'!H110+'8월'!H110+'9월'!H110+'10월'!H110+'11월'!H110+'12월'!H110 -> 0 | I110: ='1월'!K110+'2월'!I110+'3월'!I110+'4월'!I110+'5월'!I110+'6월'!I110+'7월'!I110+'8월'!I110+'9월'!I110+'10월'!I110+'11월'!I110+'12월'!I110 -> 0 | J110: ='1월'!L110+'2월'!J110+'3월'!J110+'4월'!J110+'5월'!J110+'6월'!J110+'7월'!J110+'8월'!J110+'9월'!J110+'10월'!J110+'11월'!J110+'12월'!J110 -> 0 | K110: ='1월'!M110+'2월'!K110+'3월'!K110+'4월'!K110+'5월'!K110+'6월'!K110+'7월'!K110+'8월'!K110+'9월'!K110+'10월'!K110+'11월'!K110+'12월'!K110 -> 0 | L110: ='1월'!N110+'2월'!L110+'3월'!L110+'4월'!L110+'5월'!L110+'6월'!L110+'7월'!L110+'8월'!L110+'9월'!L110+'10월'!L110+'11월'!L110+'12월'!L110 -> 0 | M110: ='1월'!O110+'2월'!M110+'3월'!M110+'4월'!M110+'5월'!M110+'6월'!M110+'7월'!M110+'8월'!M110+'9월'!M110+'10월'!M110+'11월'!M110+'12월'!M110 -> 0 | O110: =IFERROR(VLOOKUP($A110,[1]플랫폼1!$A:$B,2,FALSE),0) -> 0 | P110: =IFERROR(VLOOKUP($A110,[1]플랫폼2!$A:$M,12,FALSE),0)+IFERROR(VLOOKUP($A110,[1]플랫폼2!$A:$M,13,FALSE),0) -> 0 | Q110: =IFERROR(VLOOKUP($A110,[1]플랫폼2!$A:$M,7,FALSE),0)+IFERROR(VLOOKUP($A110,[1]플랫폼2!$A:$M,12,FALSE),0) -> 0 | R110: =IFERROR(VLOOKUP($A110,[1]모바일!$A:$S,17,FALSE),0) -> 0 | S110: =IFERROR(VLOOKUP($A110,[1]모바일!$A:$S,18,FALSE),0) -> 0 | T110: =IFERROR(VLOOKUP(A110,[1]플랫폼2!$A:$O,15,0),0) -> 0
A111: 복리포인트(마케팅_포상) | B111: ='1월'!B111+'2월'!B111+'3월'!B111+'4월'!B111+'5월'!B111+'6월'!B111+'7월'!B111+'8월'!B111+'9월'!B111+'10월'!B111+'11월'!B111+'12월'!B111 -> 107700000 | C111: ='1월'!C111+'2월'!C111+'3월'!C111+'4월'!C111+'5월'!C111+'6월'!C111+'7월'!C111+'8월'!C111+'9월'!C111+'10월'!C111+'11월'!C111+'12월'!C111 -> 0 | D111: ='1월'!D111+'2월'!D111+'3월'!D111+'4월'!D111+'5월'!D111+'6월'!D111+'7월'!D111+'8월'!D111+'9월'!D111+'10월'!D111+'11월'!D111+'12월'!D111 -> 107700000 | E111: ='1월'!E111+'2월'!E111+'3월'!E111+'4월'!E111+'5월'!E111+'6월'!E111+'7월'!E111+'8월'!E111+'9월'!E111+'10월'!E111+'11월'!E111+'12월'!E111 -> 0 | F111: ='1월'!F111+'2월'!F111+'3월'!F111+'4월'!F111+'5월'!F111+'6월'!F111+'7월'!F111+'8월'!F111+'9월'!F111+'10월'!F111+'11월'!F111+'12월'!F111 -> 0 | G111: ='1월'!H111+'2월'!G111+'3월'!G111+'4월'!G111+'5월'!G111+'6월'!G111+'7월'!G111+'8월'!G111+'9월'!G111+'10월'!G111+'11월'!G111+'12월'!G111 -> 0 | H111: ='1월'!J111+'2월'!H111+'3월'!H111+'4월'!H111+'5월'!H111+'6월'!H111+'7월'!H111+'8월'!H111+'9월'!H111+'10월'!H111+'11월'!H111+'12월'!H111 -> 0 | I111: ='1월'!K111+'2월'!I111+'3월'!I111+'4월'!I111+'5월'!I111+'6월'!I111+'7월'!I111+'8월'!I111+'9월'!I111+'10월'!I111+'11월'!I111+'12월'!I111 -> 0 | J111: ='1월'!L111+'2월'!J111+'3월'!J111+'4월'!J111+'5월'!J111+'6월'!J111+'7월'!J111+'8월'!J111+'9월'!J111+'10월'!J111+'11월'!J111+'12월'!J111 -> 0 | K111: ='1월'!M111+'2월'!K111+'3월'!K111+'4월'!K111+'5월'!K111+'6월'!K111+'7월'!K111+'8월'!K111+'9월'!K111+'10월'!K111+'11월'!K111+'12월'!K111 -> 0 | L111: ='1월'!N111+'2월'!L111+'3월'!L111+'4월'!L111+'5월'!L111+'6월'!L111+'7월'!L111+'8월'!L111+'9월'!L111+'10월'!L111+'11월'!L111+'12월'!L111 -> 0 | M111: ='1월'!O111+'2월'!M111+'3월'!M111+'4월'!M111+'5월'!M111+'6월'!M111+'7월'!M111+'8월'!M111+'9월'!M111+'10월'!M111+'11월'!M111+'12월'!M111 -> 0 | O111: =IFERROR(VLOOKUP($A111,[1]플랫폼1!$A:$B,2,FALSE),0) -> 0 | P111: =IFERROR(VLOOKUP($A111,[1]플랫폼2!$A:$M,12,FALSE),0)+IFERROR(VLOOKUP($A111,[1]플랫폼2!$A:$M,13,FALSE),0) -> 0 | Q111: =IFERROR(VLOOKUP($A111,[1]플랫폼2!$A:$M,7,FALSE),0)+IFERROR(VLOOKUP($A111,[1]플랫폼2!$A:$M,12,FALSE),0) -> 0 | R111: =IFERROR(VLOOKUP($A111,[1]모바일!$A:$S,17,FALSE),0) -> 0 | S111: =IFERROR(VLOOKUP($A111,[1]모바일!$A:$S,18,FALSE),0) -> 0 | T111: =IFERROR(VLOOKUP(A111,[1]플랫폼2!$A:$O,15,0),0) -> 0
A112: 복리포인트(사업_포상) | B112: ='1월'!B112+'2월'!B112+'3월'!B112+'4월'!B112+'5월'!B112+'6월'!B112+'7월'!B112+'8월'!B112+'9월'!B112+'10월'!B112+'11월'!B112+'12월'!B112 -> 0 | C112: ='1월'!C112+'2월'!C112+'3월'!C112+'4월'!C112+'5월'!C112+'6월'!C112+'7월'!C112+'8월'!C112+'9월'!C112+'10월'!C112+'11월'!C112+'12월'!C112 -> 0 | D112: ='1월'!D112+'2월'!D112+'3월'!D112+'4월'!D112+'5월'!D112+'6월'!D112+'7월'!D112+'8월'!D112+'9월'!D112+'10월'!D112+'11월'!D112+'12월'!D112 -> 0 | E112: ='1월'!E112+'2월'!E112+'3월'!E112+'4월'!E112+'5월'!E112+'6월'!E112+'7월'!E112+'8월'!E112+'9월'!E112+'10월'!E112+'11월'!E112+'12월'!E112 -> 0 | F112: ='1월'!F112+'2월'!F112+'3월'!F112+'4월'!F112+'5월'!F112+'6월'!F112+'7월'!F112+'8월'!F112+'9월'!F112+'10월'!F112+'11월'!F112+'12월'!F112 -> 0 | G112: ='1월'!H112+'2월'!G112+'3월'!G112+'4월'!G112+'5월'!G112+'6월'!G112+'7월'!G112+'8월'!G112+'9월'!G112+'10월'!G112+'11월'!G112+'12월'!G112 -> 0 | H112: ='1월'!J112+'2월'!H112+'3월'!H112+'4월'!H112+'5월'!H112+'6월'!H112+'7월'!H112+'8월'!H112+'9월'!H112+'10월'!H112+'11월'!H112+'12월'!H112 -> 0 | I112: ='1월'!K112+'2월'!I112+'3월'!I112+'4월'!I112+'5월'!I112+'6월'!I112+'7월'!I112+'8월'!I112+'9월'!I112+'10월'!I112+'11월'!I112+'12월'!I112 -> 0 | J112: ='1월'!L112+'2월'!J112+'3월'!J112+'4월'!J112+'5월'!J112+'6월'!J112+'7월'!J112+'8월'!J112+'9월'!J112+'10월'!J112+'11월'!J112+'12월'!J112 -> 0 | K112: ='1월'!M112+'2월'!K112+'3월'!K112+'4월'!K112+'5월'!K112+'6월'!K112+'7월'!K112+'8월'!K112+'9월'!K112+'10월'!K112+'11월'!K112+'12월'!K112 -> 0 | L112: ='1월'!N112+'2월'!L112+'3월'!L112+'4월'!L112+'5월'!L112+'6월'!L112+'7월'!L112+'8월'!L112+'9월'!L112+'10월'!L112+'11월'!L112+'12월'!L112 -> 0 | M112: ='1월'!O112+'2월'!M112+'3월'!M112+'4월'!M112+'5월'!M112+'6월'!M112+'7월'!M112+'8월'!M112+'9월'!M112+'10월'!M112+'11월'!M112+'12월'!M112 -> 0 | O112: =IFERROR(VLOOKUP($A112,[1]플랫폼1!$A:$B,2,FALSE),0) -> 0 | P112: =IFERROR(VLOOKUP($A112,[1]플랫폼2!$A:$M,12,FALSE),0)+IFERROR(VLOOKUP($A112,[1]플랫폼2!$A:$M,13,FALSE),0) -> 0 | Q112: =IFERROR(VLOOKUP($A112,[1]플랫폼2!$A:$M,7,FALSE),0)+IFERROR(VLOOKUP($A112,[1]플랫폼2!$A:$M,12,FALSE),0) -> 0 | R112: =IFERROR(VLOOKUP($A112,[1]모바일!$A:$S,17,FALSE),0) -> 0 | S112: =IFERROR(VLOOKUP($A112,[1]모바일!$A:$S,18,FALSE),0) -> 0 | T112: =IFERROR(VLOOKUP(A112,[1]플랫폼2!$A:$O,15,0),0) -> 0
A113: 복리포인트(유선_포상) | B113: ='1월'!B113+'2월'!B113+'3월'!B113+'4월'!B113+'5월'!B113+'6월'!B113+'7월'!B113+'8월'!B113+'9월'!B113+'10월'!B113+'11월'!B113+'12월'!B113 -> 0 | C113: ='1월'!C113+'2월'!C113+'3월'!C113+'4월'!C113+'5월'!C113+'6월'!C113+'7월'!C113+'8월'!C113+'9월'!C113+'10월'!C113+'11월'!C113+'12월'!C113 -> 0 | D113: ='1월'!D113+'2월'!D113+'3월'!D113+'4월'!D113+'5월'!D113+'6월'!D113+'7월'!D113+'8월'!D113+'9월'!D113+'10월'!D113+'11월'!D113+'12월'!D113 -> 0 | E113: ='1월'!E113+'2월'!E113+'3월'!E113+'4월'!E113+'5월'!E113+'6월'!E113+'7월'!E113+'8월'!E113+'9월'!E113+'10월'!E113+'11월'!E113+'12월'!E113 -> 0 | F113: ='1월'!F113+'2월'!F113+'3월'!F113+'4월'!F113+'5월'!F113+'6월'!F113+'7월'!F113+'8월'!F113+'9월'!F113+'10월'!F113+'11월'!F113+'12월'!F113 -> 0 | G113: ='1월'!H113+'2월'!G113+'3월'!G113+'4월'!G113+'5월'!G113+'6월'!G113+'7월'!G113+'8월'!G113+'9월'!G113+'10월'!G113+'11월'!G113+'12월'!G113 -> 0 | H113: ='1월'!J113+'2월'!H113+'3월'!H113+'4월'!H113+'5월'!H113+'6월'!H113+'7월'!H113+'8월'!H113+'9월'!H113+'10월'!H113+'11월'!H113+'12월'!H113 -> 0 | I113: ='1월'!K113+'2월'!I113+'3월'!I113+'4월'!I113+'5월'!I113+'6월'!I113+'7월'!I113+'8월'!I113+'9월'!I113+'10월'!I113+'11월'!I113+'12월'!I113 -> 0 | J113: ='1월'!L113+'2월'!J113+'3월'!J113+'4월'!J113+'5월'!J113+'6월'!J113+'7월'!J113+'8월'!J113+'9월'!J113+'10월'!J113+'11월'!J113+'12월'!J113 -> 0 | K113: ='1월'!M113+'2월'!K113+'3월'!K113+'4월'!K113+'5월'!K113+'6월'!K113+'7월'!K113+'8월'!K113+'9월'!K113+'10월'!K113+'11월'!K113+'12월'!K113 -> 0 | L113: ='1월'!N113+'2월'!L113+'3월'!L113+'4월'!L113+'5월'!L113+'6월'!L113+'7월'!L113+'8월'!L113+'9월'!L113+'10월'!L113+'11월'!L113+'12월'!L113 -> 0 | M113: ='1월'!O113+'2월'!M113+'3월'!M113+'4월'!M113+'5월'!M113+'6월'!M113+'7월'!M113+'8월'!M113+'9월'!M113+'10월'!M113+'11월'!M113+'12월'!M113 -> 0 | O113: =IFERROR(VLOOKUP($A113,[1]플랫폼1!$A:$B,2,FALSE),0) -> 0 | P113: =IFERROR(VLOOKUP($A113,[1]플랫폼2!$A:$M,12,FALSE),0)+IFERROR(VLOOKUP($A113,[1]플랫폼2!$A:$M,13,FALSE),0) -> 0 | Q113: =IFERROR(VLOOKUP($A113,[1]플랫폼2!$A:$M,7,FALSE),0)+IFERROR(VLOOKUP($A113,[1]플랫폼2!$A:$M,12,FALSE),0) -> 0 | R113: =IFERROR(VLOOKUP($A113,[1]모바일!$A:$S,17,FALSE),0) -> 0 | S113: =IFERROR(VLOOKUP($A113,[1]모바일!$A:$S,18,FALSE),0) -> 0 | T113: =IFERROR(VLOOKUP(A113,[1]플랫폼2!$A:$O,15,0),0) -> 0
A114: 모성보호지원금 | B114: ='1월'!B114+'2월'!B114+'3월'!B114+'4월'!B114+'5월'!B114+'6월'!B114+'7월'!B114+'8월'!B114+'9월'!B114+'10월'!B114+'11월'!B114+'12월'!B114 -> 281034580 | C114: ='1월'!C114+'2월'!C114+'3월'!C114+'4월'!C114+'5월'!C114+'6월'!C114+'7월'!C114+'8월'!C114+'9월'!C114+'10월'!C114+'11월'!C114+'12월'!C114 -> 281034580 | D114: ='1월'!D114+'2월'!D114+'3월'!D114+'4월'!D114+'5월'!D114+'6월'!D114+'7월'!D114+'8월'!D114+'9월'!D114+'10월'!D114+'11월'!D114+'12월'!D114 -> 0 | E114: ='1월'!E114+'2월'!E114+'3월'!E114+'4월'!E114+'5월'!E114+'6월'!E114+'7월'!E114+'8월'!E114+'9월'!E114+'10월'!E114+'11월'!E114+'12월'!E114 -> 0 | F114: ='1월'!F114+'2월'!F114+'3월'!F114+'4월'!F114+'5월'!F114+'6월'!F114+'7월'!F114+'8월'!F114+'9월'!F114+'10월'!F114+'11월'!F114+'12월'!F114 -> 0 | G114: ='1월'!H114+'2월'!G114+'3월'!G114+'4월'!G114+'5월'!G114+'6월'!G114+'7월'!G114+'8월'!G114+'9월'!G114+'10월'!G114+'11월'!G114+'12월'!G114 -> 0 | H114: ='1월'!J114+'2월'!H114+'3월'!H114+'4월'!H114+'5월'!H114+'6월'!H114+'7월'!H114+'8월'!H114+'9월'!H114+'10월'!H114+'11월'!H114+'12월'!H114 -> 0 | I114: ='1월'!K114+'2월'!I114+'3월'!I114+'4월'!I114+'5월'!I114+'6월'!I114+'7월'!I114+'8월'!I114+'9월'!I114+'10월'!I114+'11월'!I114+'12월'!I114 -> 0 | J114: ='1월'!L114+'2월'!J114+'3월'!J114+'4월'!J114+'5월'!J114+'6월'!J114+'7월'!J114+'8월'!J114+'9월'!J114+'10월'!J114+'11월'!J114+'12월'!J114 -> 0 | K114: ='1월'!M114+'2월'!K114+'3월'!K114+'4월'!K114+'5월'!K114+'6월'!K114+'7월'!K114+'8월'!K114+'9월'!K114+'10월'!K114+'11월'!K114+'12월'!K114 -> 0 | L114: ='1월'!N114+'2월'!L114+'3월'!L114+'4월'!L114+'5월'!L114+'6월'!L114+'7월'!L114+'8월'!L114+'9월'!L114+'10월'!L114+'11월'!L114+'12월'!L114 -> 0 | M114: ='1월'!O114+'2월'!M114+'3월'!M114+'4월'!M114+'5월'!M114+'6월'!M114+'7월'!M114+'8월'!M114+'9월'!M114+'10월'!M114+'11월'!M114+'12월'!M114 -> 0 | O114: =IFERROR(VLOOKUP($A114,[1]플랫폼1!$A:$B,2,FALSE),0) -> 0 | P114: =IFERROR(VLOOKUP($A114,[1]플랫폼2!$A:$M,12,FALSE),0)+IFERROR(VLOOKUP($A114,[1]플랫폼2!$A:$M,13,FALSE),0) -> 0 | Q114: =IFERROR(VLOOKUP($A114,[1]플랫폼2!$A:$M,7,FALSE),0)+IFERROR(VLOOKUP($A114,[1]플랫폼2!$A:$M,12,FALSE),0) -> 0 | R114: =IFERROR(VLOOKUP($A114,[1]모바일!$A:$S,17,FALSE),0) -> 0 | S114: =IFERROR(VLOOKUP($A114,[1]모바일!$A:$S,18,FALSE),0) -> 0 | T114: =IFERROR(VLOOKUP(A114,[1]플랫폼2!$A:$O,15,0),0) -> 0
A115: 여 비 교 통 비 | B115: ='1월'!B115+'2월'!B115+'3월'!B115+'4월'!B115+'5월'!B115+'6월'!B115+'7월'!B115+'8월'!B115+'9월'!B115+'10월'!B115+'11월'!B115+'12월'!B115 -> 584984199 | C115: ='1월'!C115+'2월'!C115+'3월'!C115+'4월'!C115+'5월'!C115+'6월'!C115+'7월'!C115+'8월'!C115+'9월'!C115+'10월'!C115+'11월'!C115+'12월'!C115 -> 1.2419072e+08 | D115: ='1월'!D115+'2월'!D115+'3월'!D115+'4월'!D115+'5월'!D115+'6월'!D115+'7월'!D115+'8월'!D115+'9월'!D115+'10월'!D115+'11월'!D115+'12월'!D115 -> 52679451 | E115: ='1월'!E115+'2월'!E115+'3월'!E115+'4월'!E115+'5월'!E115+'6월'!E115+'7월'!E115+'8월'!E115+'9월'!E115+'10월'!E115+'11월'!E115+'12월'!E115 -> 4.0811403e+08 | F115: ='1월'!F115+'2월'!F115+'3월'!F115+'4월'!F115+'5월'!F115+'6월'!F115+'7월'!F115+'8월'!F115+'9월'!F115+'10월'!F115+'11월'!F115+'12월'!F115 -> 1.996484e+08 | G115: ='1월'!H115+'2월'!G115+'3월'!G115+'4월'!G115+'5월'!G115+'6월'!G115+'7월'!G115+'8월'!G115+'9월'!G115+'10월'!G115+'11월'!G115+'12월'!G115 -> 83080676 | H115: ='1월'!J115+'2월'!H115+'3월'!H115+'4월'!H115+'5월'!H115+'6월'!H115+'7월'!H115+'8월'!H115+'9월'!H115+'10월'!H115+'11월'!H115+'12월'!H115 -> 11184286 | I115: ='1월'!K115+'2월'!I115+'3월'!I115+'4월'!I115+'5월'!I115+'6월'!I115+'7월'!I115+'8월'!I115+'9월'!I115+'10월'!I115+'11월'!I115+'12월'!I115 -> 5203056 | J115: ='1월'!L115+'2월'!J115+'3월'!J115+'4월'!J115+'5월'!J115+'6월'!J115+'7월'!J115+'8월'!J115+'9월'!J115+'10월'!J115+'11월'!J115+'12월'!J115 -> 3631232.1 | K115: ='1월'!M115+'2월'!K115+'3월'!K115+'4월'!K115+'5월'!K115+'6월'!K115+'7월'!K115+'8월'!K115+'9월'!K115+'10월'!K115+'11월'!K115+'12월'!K115 -> 17646247 | L115: ='1월'!N115+'2월'!L115+'3월'!L115+'4월'!L115+'5월'!L115+'6월'!L115+'7월'!L115+'8월'!L115+'9월'!L115+'10월'!L115+'11월'!L115+'12월'!L115 -> 61945596 | M115: ='1월'!O115+'2월'!M115+'3월'!M115+'4월'!M115+'5월'!M115+'6월'!M115+'7월'!M115+'8월'!M115+'9월'!M115+'10월'!M115+'11월'!M115+'12월'!M115 -> 25774542 | O115: =IFERROR(VLOOKUP($A115,[1]플랫폼1!$A:$B,2,FALSE),0) -> 5920700 | P115: =IFERROR(VLOOKUP($A115,[1]플랫폼2!$A:$M,12,FALSE),0)+IFERROR(VLOOKUP($A115,[1]플랫폼2!$A:$M,13,FALSE),0) -> 4324938 | Q115: =IFERROR(VLOOKUP($A115,[1]플랫폼2!$A:$M,7,FALSE),0)+IFERROR(VLOOKUP($A115,[1]플랫폼2!$A:$M,12,FALSE),0) -> 4324938 | R115: 934902.33 | S115: 934902.33 | T115: 9349023.3
A116: 국내출장비 | B116: ='1월'!B116+'2월'!B116+'3월'!B116+'4월'!B116+'5월'!B116+'6월'!B116+'7월'!B116+'8월'!B116+'9월'!B116+'10월'!B116+'11월'!B116+'12월'!B116 -> 322524417 | C116: ='1월'!C116+'2월'!C116+'3월'!C116+'4월'!C116+'5월'!C116+'6월'!C116+'7월'!C116+'8월'!C116+'9월'!C116+'10월'!C116+'11월'!C116+'12월'!C116 -> 43875999 | D116: ='1월'!D116+'2월'!D116+'3월'!D116+'4월'!D116+'5월'!D116+'6월'!D116+'7월'!D116+'8월'!D116+'9월'!D116+'10월'!D116+'11월'!D116+'12월'!D116 -> 18048120 | E116: ='1월'!E116+'2월'!E116+'3월'!E116+'4월'!E116+'5월'!E116+'6월'!E116+'7월'!E116+'8월'!E116+'9월'!E116+'10월'!E116+'11월'!E116+'12월'!E116 -> 2.606003e+08 | F116: ='1월'!F116+'2월'!F116+'3월'!F116+'4월'!F116+'5월'!F116+'6월'!F116+'7월'!F116+'8월'!F116+'9월'!F116+'10월'!F116+'11월'!F116+'12월'!F116 -> 1.3628823e+08 | G116: ='1월'!H116+'2월'!G116+'3월'!G116+'4월'!G116+'5월'!G116+'6월'!G116+'7월'!G116+'8월'!G116+'9월'!G116+'10월'!G116+'11월'!G116+'12월'!G116 -> 49778584 | H116: ='1월'!J116+'2월'!H116+'3월'!H116+'4월'!H116+'5월'!H116+'6월'!H116+'7월'!H116+'8월'!H116+'9월'!H116+'10월'!H116+'11월'!H116+'12월'!H116 -> 2000516 | I116: ='1월'!K116+'2월'!I116+'3월'!I116+'4월'!I116+'5월'!I116+'6월'!I116+'7월'!I116+'8월'!I116+'9월'!I116+'10월'!I116+'11월'!I116+'12월'!I116 -> 2279329 | J116: ='1월'!L116+'2월'!J116+'3월'!J116+'4월'!J116+'5월'!J116+'6월'!J116+'7월'!J116+'8월'!J116+'9월'!J116+'10월'!J116+'11월'!J116+'12월'!J116 -> 513346.95 | K116: ='1월'!M116+'2월'!K116+'3월'!K116+'4월'!K116+'5월'!K116+'6월'!K116+'7월'!K116+'8월'!K116+'9월'!K116+'10월'!K116+'11월'!K116+'12월'!K116 -> 11216803 | L116: ='1월'!N116+'2월'!L116+'3월'!L116+'4월'!L116+'5월'!L116+'6월'!L116+'7월'!L116+'8월'!L116+'9월'!L116+'10월'!L116+'11월'!L116+'12월'!L116 -> 46930259 | M116: ='1월'!O116+'2월'!M116+'3월'!M116+'4월'!M116+'5월'!M116+'6월'!M116+'7월'!M116+'8월'!M116+'9월'!M116+'10월'!M116+'11월'!M116+'12월'!M116 -> 11593228 | O116: =IFERROR(VLOOKUP($A116,[1]플랫폼1!$A:$B,2,FALSE),0) -> 2842700 | P116: =IFERROR(VLOOKUP($A116,[1]플랫폼2!$A:$M,12,FALSE),0)+IFERROR(VLOOKUP($A116,[1]플랫폼2!$A:$M,13,FALSE),0) -> 710950 | Q116: =IFERROR(VLOOKUP($A116,[1]플랫폼2!$A:$M,7,FALSE),0)+IFERROR(VLOOKUP($A116,[1]플랫폼2!$A:$M,12,FALSE),0) -> 710950 | R116: =IFERROR(VLOOKUP($A116,[1]모바일!$A:$S,17,FALSE),0) -> 610719 | S116: =IFERROR(VLOOKUP($A116,[1]모바일!$A:$S,18,FALSE),0) -> 610719 | T116: =IFERROR(VLOOKUP(A116,[1]플랫폼2!$A:$O,15,0),0) -> 6107190
A117: 임원국내출장비 | B117: ='1월'!B117+'2월'!B117+'3월'!B117+'4월'!B117+'5월'!B117+'6월'!B117+'7월'!B117+'8월'!B117+'9월'!B117+'10월'!B117+'11월'!B117+'12월'!B117 -> 6646250 | C117: ='1월'!C117+'2월'!C117+'3월'!C117+'4월'!C117+'5월'!C117+'6월'!C117+'7월'!C117+'8월'!C117+'9월'!C117+'10월'!C117+'11월'!C117+'12월'!C117 -> 1202350 | D117: ='1월'!D117+'2월'!D117+'3월'!D117+'4월'!D117+'5월'!D117+'6월'!D117+'7월'!D117+'8월'!D117+'9월'!D117+'10월'!D117+'11월'!D117+'12월'!D117 -> 1939100 | E117: ='1월'!E117+'2월'!E117+'3월'!E117+'4월'!E117+'5월'!E117+'6월'!E117+'7월'!E117+'8월'!E117+'9월'!E117+'10월'!E117+'11월'!E117+'12월'!E117 -> 3504800 | F117: ='1월'!F117+'2월'!F117+'3월'!F117+'4월'!F117+'5월'!F117+'6월'!F117+'7월'!F117+'8월'!F117+'9월'!F117+'10월'!F117+'11월'!F117+'12월'!F117 -> 2530483.7 | G117: ='1월'!H117+'2월'!G117+'3월'!G117+'4월'!G117+'5월'!G117+'6월'!G117+'7월'!G117+'8월'!G117+'9월'!G117+'10월'!G117+'11월'!G117+'12월'!G117 -> 379116.34 | H117: ='1월'!J117+'2월'!H117+'3월'!H117+'4월'!H117+'5월'!H117+'6월'!H117+'7월'!H117+'8월'!H117+'9월'!H117+'10월'!H117+'11월'!H117+'12월'!H117 -> 0 | I117: ='1월'!K117+'2월'!I117+'3월'!I117+'4월'!I117+'5월'!I117+'6월'!I117+'7월'!I117+'8월'!I117+'9월'!I117+'10월'!I117+'11월'!I117+'12월'!I117 -> 0 | J117: ='1월'!L117+'2월'!J117+'3월'!J117+'4월'!J117+'5월'!J117+'6월'!J117+'7월'!J117+'8월'!J117+'9월'!J117+'10월'!J117+'11월'!J117+'12월'!J117 -> 0 | K117: ='1월'!M117+'2월'!K117+'3월'!K117+'4월'!K117+'5월'!K117+'6월'!K117+'7월'!K117+'8월'!K117+'9월'!K117+'10월'!K117+'11월'!K117+'12월'!K117 -> 0 | L117: ='1월'!N117+'2월'!L117+'3월'!L117+'4월'!L117+'5월'!L117+'6월'!L117+'7월'!L117+'8월'!L117+'9월'!L117+'10월'!L117+'11월'!L117+'12월'!L117 -> 103200 | M117: ='1월'!O117+'2월'!M117+'3월'!M117+'4월'!M117+'5월'!M117+'6월'!M117+'7월'!M117+'8월'!M117+'9월'!M117+'10월'!M117+'11월'!M117+'12월'!M117 -> 492000 | O117: =IFERROR(VLOOKUP($A117,[1]플랫폼1!$A:$B,2,FALSE),0) -> 0 | P117: =IFERROR(VLOOKUP($A117,[1]플랫폼2!$A:$M,12,FALSE),0)+IFERROR(VLOOKUP($A117,[1]플랫폼2!$A:$M,13,FALSE),0) -> 246000 | Q117: =IFERROR(VLOOKUP($A117,[1]플랫폼2!$A:$M,7,FALSE),0)+IFERROR(VLOOKUP($A117,[1]플랫폼2!$A:$M,12,FALSE),0) -> 246000 | R117: =IFERROR(VLOOKUP($A117,[1]모바일!$A:$S,17,FALSE),0) -> 0 | S117: =IFERROR(VLOOKUP($A117,[1]모바일!$A:$S,18,FALSE),0) -> 0 | T117: =IFERROR(VLOOKUP(A117,[1]플랫폼2!$A:$O,15,0),0) -> 0
A118: 부임여비 | B118: ='1월'!B118+'2월'!B118+'3월'!B118+'4월'!B118+'5월'!B118+'6월'!B118+'7월'!B118+'8월'!B118+'9월'!B118+'10월'!B118+'11월'!B118+'12월'!B118 -> 0 | C118: ='1월'!C118+'2월'!C118+'3월'!C118+'4월'!C118+'5월'!C118+'6월'!C118+'7월'!C118+'8월'!C118+'9월'!C118+'10월'!C118+'11월'!C118+'12월'!C118 -> 0 | D118: ='1월'!D118+'2월'!D118+'3월'!D118+'4월'!D118+'5월'!D118+'6월'!D118+'7월'!D118+'8월'!D118+'9월'!D118+'10월'!D118+'11월'!D118+'12월'!D118 -> 0 | E118: ='1월'!E118+'2월'!E118+'3월'!E118+'4월'!E118+'5월'!E118+'6월'!E118+'7월'!E118+'8월'!E118+'9월'!E118+'10월'!E118+'11월'!E118+'12월'!E118 -> 0 | F118: ='1월'!F118+'2월'!F118+'3월'!F118+'4월'!F118+'5월'!F118+'6월'!F118+'7월'!F118+'8월'!F118+'9월'!F118+'10월'!F118+'11월'!F118+'12월'!F118 -> 0 | G118: ='1월'!H118+'2월'!G118+'3월'!G118+'4월'!G118+'5월'!G118+'6월'!G118+'7월'!G118+'8월'!G118+'9월'!G118+'10월'!G118+'11월'!G118+'12월'!G118 -> 0 | H118: ='1월'!J118+'2월'!H118+'3월'!H118+'4월'!H118+'5월'!H118+'6월'!H118+'7월'!H118+'8월'!H118+'9월'!H118+'10월'!H118+'11월'!H118+'12월'!H118 -> 0 | I118: ='1월'!K118+'2월'!I118+'3월'!I118+'4월'!I118+'5월'!I118+'6월'!I118+'7월'!I118+'8월'!I118+'9월'!I118+'10월'!I118+'11월'!I118+'12월'!I118 -> 0 | J118: ='1월'!L118+'2월'!J118+'3월'!J118+'4월'!J118+'5월'!J118+'6월'!J118+'7월'!J118+'8월'!J118+'9월'!J118+'10월'!J118+'11월'!J118+'12월'!J118 -> 0 | K118: ='1월'!M118+'2월'!K118+'3월'!K118+'4월'!K118+'5월'!K118+'6월'!K118+'7월'!K118+'8월'!K118+'9월'!K118+'10월'!K118+'11월'!K118+'12월'!K118 -> 0 | L118: ='1월'!N118+'2월'!L118+'3월'!L118+'4월'!L118+'5월'!L118+'6월'!L118+'7월'!L118+'8월'!L118+'9월'!L118+'10월'!L118+'11월'!L118+'12월'!L118 -> 0 | M118: ='1월'!O118+'2월'!M118+'3월'!M118+'4월'!M118+'5월'!M118+'6월'!M118+'7월'!M118+'8월'!M118+'9월'!M118+'10월'!M118+'11월'!M118+'12월'!M118 -> 0 | O118: =IFERROR(VLOOKUP($A118,[1]플랫폼1!$A:$B,2,FALSE),0) -> 0 | P118: =IFERROR(VLOOKUP($A118,[1]플랫폼2!$A:$M,12,FALSE),0)+IFERROR(VLOOKUP($A118,[1]플랫폼2!$A:$M,13,FALSE),0) -> 0 | Q118: =IFERROR(VLOOKUP($A118,[1]플랫폼2!$A:$M,7,FALSE),0)+IFERROR(VLOOKUP($A118,[1]플랫폼2!$A:$M,12,FALSE),0) -> 0 | R118: =IFERROR(VLOOKUP($A118,[1]모바일!$A:$S,17,FALSE),0) -> 0 | S118: =IFERROR(VLOOKUP($A118,[1]모바일!$A:$S,18,FALSE),0) -> 0 | T118: =IFERROR(VLOOKUP(A118,[1]플랫폼2!$A:$O,15,0),0) -> 0
A119: 차량운행지원비 | B119: ='1월'!B119+'2월'!B119+'3월'!B119+'4월'!B119+'5월'!B119+'6월'!B119+'7월'!B119+'8월'!B119+'9월'!B119+'10월'!B119+'11월'!B119+'12월'!B119 -> 109914782 | C119: ='1월'!C119+'2월'!C119+'3월'!C119+'4월'!C119+'5월'!C119+'6월'!C119+'7월'!C119+'8월'!C119+'9월'!C119+'10월'!C119+'11월'!C119+'12월'!C119 -> 19186004 | D119: ='1월'!D119+'2월'!D119+'3월'!D119+'4월'!D119+'5월'!D119+'6월'!D119+'7월'!D119+'8월'!D119+'9월'!D119+'10월'!D119+'11월'!D119+'12월'!D119 -> 2803271 | E119: ='1월'!E119+'2월'!E119+'3월'!E119+'4월'!E119+'5월'!E119+'6월'!E119+'7월'!E119+'8월'!E119+'9월'!E119+'10월'!E119+'11월'!E119+'12월'!E119 -> 87925507 | F119: ='1월'!F119+'2월'!F119+'3월'!F119+'4월'!F119+'5월'!F119+'6월'!F119+'7월'!F119+'8월'!F119+'9월'!F119+'10월'!F119+'11월'!F119+'12월'!F119 -> 49729682 | G119: ='1월'!H119+'2월'!G119+'3월'!G119+'4월'!G119+'5월'!G119+'6월'!G119+'7월'!G119+'8월'!G119+'9월'!G119+'10월'!G119+'11월'!G119+'12월'!G119 -> 27744408 | H119: ='1월'!J119+'2월'!H119+'3월'!H119+'4월'!H119+'5월'!H119+'6월'!H119+'7월'!H119+'8월'!H119+'9월'!H119+'10월'!H119+'11월'!H119+'12월'!H119 -> 1217000 | I119: ='1월'!K119+'2월'!I119+'3월'!I119+'4월'!I119+'5월'!I119+'6월'!I119+'7월'!I119+'8월'!I119+'9월'!I119+'10월'!I119+'11월'!I119+'12월'!I119 -> 933727.04 | J119: ='1월'!L119+'2월'!J119+'3월'!J119+'4월'!J119+'5월'!J119+'6월'!J119+'7월'!J119+'8월'!J119+'9월'!J119+'10월'!J119+'11월'!J119+'12월'!J119 -> 1007885.1 | K119: ='1월'!M119+'2월'!K119+'3월'!K119+'4월'!K119+'5월'!K119+'6월'!K119+'7월'!K119+'8월'!K119+'9월'!K119+'10월'!K119+'11월'!K119+'12월'!K119 -> 2084043.6 | L119: ='1월'!N119+'2월'!L119+'3월'!L119+'4월'!L119+'5월'!L119+'6월'!L119+'7월'!L119+'8월'!L119+'9월'!L119+'10월'!L119+'11월'!L119+'12월'!L119 -> 3493647.7 | M119: ='1월'!O119+'2월'!M119+'3월'!M119+'4월'!M119+'5월'!M119+'6월'!M119+'7월'!M119+'8월'!M119+'9월'!M119+'10월'!M119+'11월'!M119+'12월'!M119 -> 1715114 | O119: =IFERROR(VLOOKUP($A119,[1]플랫폼1!$A:$B,2,FALSE),0) -> 684000 | P119: =IFERROR(VLOOKUP($A119,[1]플랫폼2!$A:$M,12,FALSE),0)+IFERROR(VLOOKUP($A119,[1]플랫폼2!$A:$M,13,FALSE),0) -> 522988 | Q119: =IFERROR(VLOOKUP($A119,[1]플랫폼2!$A:$M,7,FALSE),0)+IFERROR(VLOOKUP($A119,[1]플랫폼2!$A:$M,12,FALSE),0) -> 522988 | R119: =IFERROR(VLOOKUP($A119,[1]모바일!$A:$S,17,FALSE),0) -> 0 | S119: =IFERROR(VLOOKUP($A119,[1]모바일!$A:$S,18,FALSE),0) -> 0 | T119: =IFERROR(VLOOKUP(A119,[1]플랫폼2!$A:$O,15,0),0) -> 0
A120: 차량운행지원비_임원 | B120: ='1월'!B120+'2월'!B120+'3월'!B120+'4월'!B120+'5월'!B120+'6월'!B120+'7월'!B120+'8월'!B120+'9월'!B120+'10월'!B120+'11월'!B120+'12월'!B120 -> 19952380 | C120: ='1월'!C120+'2월'!C120+'3월'!C120+'4월'!C120+'5월'!C120+'6월'!C120+'7월'!C120+'8월'!C120+'9월'!C120+'10월'!C120+'11월'!C120+'12월'!C120 -> 19952380 | D120: ='1월'!D120+'2월'!D120+'3월'!D120+'4월'!D120+'5월'!D120+'6월'!D120+'7월'!D120+'8월'!D120+'9월'!D120+'10월'!D120+'11월'!D120+'12월'!D120 -> 0 | E120: ='1월'!E120+'2월'!E120+'3월'!E120+'4월'!E120+'5월'!E120+'6월'!E120+'7월'!E120+'8월'!E120+'9월'!E120+'10월'!E120+'11월'!E120+'12월'!E120 -> 0 | F120: ='1월'!F120+'2월'!F120+'3월'!F120+'4월'!F120+'5월'!F120+'6월'!F120+'7월'!F120+'8월'!F120+'9월'!F120+'10월'!F120+'11월'!F120+'12월'!F120 -> 0 | G120: ='1월'!H120+'2월'!G120+'3월'!G120+'4월'!G120+'5월'!G120+'6월'!G120+'7월'!G120+'8월'!G120+'9월'!G120+'10월'!G120+'11월'!G120+'12월'!G120 -> 0 | H120: ='1월'!J120+'2월'!H120+'3월'!H120+'4월'!H120+'5월'!H120+'6월'!H120+'7월'!H120+'8월'!H120+'9월'!H120+'10월'!H120+'11월'!H120+'12월'!H120 -> 0 | I120: ='1월'!K120+'2월'!I120+'3월'!I120+'4월'!I120+'5월'!I120+'6월'!I120+'7월'!I120+'8월'!I120+'9월'!I120+'10월'!I120+'11월'!I120+'12월'!I120 -> 0 | J120: ='1월'!L120+'2월'!J120+'3월'!J120+'4월'!J120+'5월'!J120+'6월'!J120+'7월'!J120+'8월'!J120+'9월'!J120+'10월'!J120+'11월'!J120+'12월'!J120 -> 0 | K120: ='1월'!M120+'2월'!K120+'3월'!K120+'4월'!K120+'5월'!K120+'6월'!K120+'7월'!K120+'8월'!K120+'9월'!K120+'10월'!K120+'11월'!K120+'12월'!K120 -> 0 | L120: ='1월'!N120+'2월'!L120+'3월'!L120+'4월'!L120+'5월'!L120+'6월'!L120+'7월'!L120+'8월'!L120+'9월'!L120+'10월'!L120+'11월'!L120+'12월'!L120 -> 0 | M120: ='1월'!O120+'2월'!M120+'3월'!M120+'4월'!M120+'5월'!M120+'6월'!M120+'7월'!M120+'8월'!M120+'9월'!M120+'10월'!M120+'11월'!M120+'12월'!M120 -> 0 | O120: =IFERROR(VLOOKUP($A120,[1]플랫폼1!$A:$B,2,FALSE),0) -> 0 | P120: =IFERROR(VLOOKUP($A120,[1]플랫폼2!$A:$M,12,FALSE),0)+IFERROR(VLOOKUP($A120,[1]플랫폼2!$A:$M,13,FALSE),0) -> 0 | Q120: =IFERROR(VLOOKUP($A120,[1]플랫폼2!$A:$M,7,FALSE),0)+IFERROR(VLOOKUP($A120,[1]플랫폼2!$A:$M,12,FALSE),0) -> 0 | R120: =IFERROR(VLOOKUP($A120,[1]모바일!$A:$S,17,FALSE),0) -> 0 | S120: =IFERROR(VLOOKUP($A120,[1]모바일!$A:$S,18,FALSE),0) -> 0 | T120: =IFERROR(VLOOKUP(A120,[1]플랫폼2!$A:$O,15,0),0) -> 0
A121: 출장교통보조비 | B121: ='1월'!B121+'2월'!B121+'3월'!B121+'4월'!B121+'5월'!B121+'6월'!B121+'7월'!B121+'8월'!B121+'9월'!B121+'10월'!B121+'11월'!B121+'12월'!B121 -> 125946370 | C121: ='1월'!C121+'2월'!C121+'3월'!C121+'4월'!C121+'5월'!C121+'6월'!C121+'7월'!C121+'8월'!C121+'9월'!C121+'10월'!C121+'11월'!C121+'12월'!C121 -> 39973983 | D121: ='1월'!D121+'2월'!D121+'3월'!D121+'4월'!D121+'5월'!D121+'6월'!D121+'7월'!D121+'8월'!D121+'9월'!D121+'10월'!D121+'11월'!D121+'12월'!D121 -> 29888960 | E121: ='1월'!E121+'2월'!E121+'3월'!E121+'4월'!E121+'5월'!E121+'6월'!E121+'7월'!E121+'8월'!E121+'9월'!E121+'10월'!E121+'11월'!E121+'12월'!E121 -> 56083427 | F121: ='1월'!F121+'2월'!F121+'3월'!F121+'4월'!F121+'5월'!F121+'6월'!F121+'7월'!F121+'8월'!F121+'9월'!F121+'10월'!F121+'11월'!F121+'12월'!F121 -> 11100000 | G121: ='1월'!H121+'2월'!G121+'3월'!G121+'4월'!G121+'5월'!G121+'6월'!G121+'7월'!G121+'8월'!G121+'9월'!G121+'10월'!G121+'11월'!G121+'12월'!G121 -> 5178568 | H121: ='1월'!J121+'2월'!H121+'3월'!H121+'4월'!H121+'5월'!H121+'6월'!H121+'7월'!H121+'8월'!H121+'9월'!H121+'10월'!H121+'11월'!H121+'12월'!H121 -> 7966770 | I121: ='1월'!K121+'2월'!I121+'3월'!I121+'4월'!I121+'5월'!I121+'6월'!I121+'7월'!I121+'8월'!I121+'9월'!I121+'10월'!I121+'11월'!I121+'12월'!I121 -> 1990000 | J121: ='1월'!L121+'2월'!J121+'3월'!J121+'4월'!J121+'5월'!J121+'6월'!J121+'7월'!J121+'8월'!J121+'9월'!J121+'10월'!J121+'11월'!J121+'12월'!J121 -> 2110000 | K121: ='1월'!M121+'2월'!K121+'3월'!K121+'4월'!K121+'5월'!K121+'6월'!K121+'7월'!K121+'8월'!K121+'9월'!K121+'10월'!K121+'11월'!K121+'12월'!K121 -> 4345400 | L121: ='1월'!N121+'2월'!L121+'3월'!L121+'4월'!L121+'5월'!L121+'6월'!L121+'7월'!L121+'8월'!L121+'9월'!L121+'10월'!L121+'11월'!L121+'12월'!L121 -> 11418489 | M121: ='1월'!O121+'2월'!M121+'3월'!M121+'4월'!M121+'5월'!M121+'6월'!M121+'7월'!M121+'8월'!M121+'9월'!M121+'10월'!M121+'11월'!M121+'12월'!M121 -> 11974200 | O121: =IFERROR(VLOOKUP($A121,[1]플랫폼1!$A:$B,2,FALSE),0) -> 2394000 | P121: =IFERROR(VLOOKUP($A121,[1]플랫폼2!$A:$M,12,FALSE),0)+IFERROR(VLOOKUP($A121,[1]플랫폼2!$A:$M,13,FALSE),0) -> 2845000 | Q121: =IFERROR(VLOOKUP($A121,[1]플랫폼2!$A:$M,7,FALSE),0)+IFERROR(VLOOKUP($A121,[1]플랫폼2!$A:$M,12,FALSE),0) -> 2845000 | R121: =IFERROR(VLOOKUP($A121,[1]모바일!$A:$S,17,FALSE),0) -> 324183.33 | S121: =IFERROR(VLOOKUP($A121,[1]모바일!$A:$S,18,FALSE),0) -> 324183.33 | T121: =IFERROR(VLOOKUP(A121,[1]플랫폼2!$A:$O,15,0),0) -> 3241833.3
A122: 접 대 비 | B122: ='1월'!B122+'2월'!B122+'3월'!B122+'4월'!B122+'5월'!B122+'6월'!B122+'7월'!B122+'8월'!B122+'9월'!B122+'10월'!B122+'11월'!B122+'12월'!B122 -> 299097930 | C122: ='1월'!C122+'2월'!C122+'3월'!C122+'4월'!C122+'5월'!C122+'6월'!C122+'7월'!C122+'8월'!C122+'9월'!C122+'10월'!C122+'11월'!C122+'12월'!C122 -> 233089930 | D122: ='1월'!D122+'2월'!D122+'3월'!D122+'4월'!D122+'5월'!D122+'6월'!D122+'7월'!D122+'8월'!D122+'9월'!D122+'10월'!D122+'11월'!D122+'12월'!D122 -> 2200000 | E122: ='1월'!E122+'2월'!E122+'3월'!E122+'4월'!E122+'5월'!E122+'6월'!E122+'7월'!E122+'8월'!E122+'9월'!E122+'10월'!E122+'11월'!E122+'12월'!E122 -> 63808000 | F122: ='1월'!F122+'2월'!F122+'3월'!F122+'4월'!F122+'5월'!F122+'6월'!F122+'7월'!F122+'8월'!F122+'9월'!F122+'10월'!F122+'11월'!F122+'12월'!F122 -> 7747256.3 | G122: ='1월'!H122+'2월'!G122+'3월'!G122+'4월'!G122+'5월'!G122+'6월'!G122+'7월'!G122+'8월'!G122+'9월'!G122+'10월'!G122+'11월'!G122+'12월'!G122 -> 51139744 | H122: ='1월'!J122+'2월'!H122+'3월'!H122+'4월'!H122+'5월'!H122+'6월'!H122+'7월'!H122+'8월'!H122+'9월'!H122+'10월'!H122+'11월'!H122+'12월'!H122 -> 0 | I122: ='1월'!K122+'2월'!I122+'3월'!I122+'4월'!I122+'5월'!I122+'6월'!I122+'7월'!I122+'8월'!I122+'9월'!I122+'10월'!I122+'11월'!I122+'12월'!I122 -> 58226.159 | J122: ='1월'!L122+'2월'!J122+'3월'!J122+'4월'!J122+'5월'!J122+'6월'!J122+'7월'!J122+'8월'!J122+'9월'!J122+'10월'!J122+'11월'!J122+'12월'!J122 -> 55191.52 | K122: ='1월'!M122+'2월'!K122+'3월'!K122+'4월'!K122+'5월'!K122+'6월'!K122+'7월'!K122+'8월'!K122+'9월'!K122+'10월'!K122+'11월'!K122+'12월'!K122 -> 2734213.5 | L122: ='1월'!N122+'2월'!L122+'3월'!L122+'4월'!L122+'5월'!L122+'6월'!L122+'7월'!L122+'8월'!L122+'9월'!L122+'10월'!L122+'11월'!L122+'12월'!L122 -> 773368.79 | M122: ='1월'!O122+'2월'!M122+'3월'!M122+'4월'!M122+'5월'!M122+'6월'!M122+'7월'!M122+'8월'!M122+'9월'!M122+'10월'!M122+'11월'!M122+'12월'!M122 -> 1300000 | O122: =IFERROR(VLOOKUP($A122,[1]플랫폼1!$A:$B,2,FALSE),0) -> 1300000 | P122: =IFERROR(VLOOKUP($A122,[1]플랫폼2!$A:$M,12,FALSE),0)+IFERROR(VLOOKUP($A122,[1]플랫폼2!$A:$M,13,FALSE),0) -> 0 | Q122: =IFERROR(VLOOKUP($A122,[1]플랫폼2!$A:$M,7,FALSE),0)+IFERROR(VLOOKUP($A122,[1]플랫폼2!$A:$M,12,FALSE),0) -> 0 | R122: =IFERROR(VLOOKUP($A122,[1]모바일!$A:$S,17,FALSE),0) -> 0 | S122: =IFERROR(VLOOKUP($A122,[1]모바일!$A:$S,18,FALSE),0) -> 0 | T122: =IFERROR(VLOOKUP(A122,[1]플랫폼2!$A:$O,15,0),0) -> 0
A123: 접대비-세금계산서 | B123: ='1월'!B123+'2월'!B123+'3월'!B123+'4월'!B123+'5월'!B123+'6월'!B123+'7월'!B123+'8월'!B123+'9월'!B123+'10월'!B123+'11월'!B123+'12월'!B123 -> 94502000 | C123: ='1월'!C123+'2월'!C123+'3월'!C123+'4월'!C123+'5월'!C123+'6월'!C123+'7월'!C123+'8월'!C123+'9월'!C123+'10월'!C123+'11월'!C123+'12월'!C123 -> 44215000 | D123: ='1월'!D123+'2월'!D123+'3월'!D123+'4월'!D123+'5월'!D123+'6월'!D123+'7월'!D123+'8월'!D123+'9월'!D123+'10월'!D123+'11월'!D123+'12월'!D123 -> 0 | E123: ='1월'!E123+'2월'!E123+'3월'!E123+'4월'!E123+'5월'!E123+'6월'!E123+'7월'!E123+'8월'!E123+'9월'!E123+'10월'!E123+'11월'!E123+'12월'!E123 -> 50287000 | F123: ='1월'!F123+'2월'!F123+'3월'!F123+'4월'!F123+'5월'!F123+'6월'!F123+'7월'!F123+'8월'!F123+'9월'!F123+'10월'!F123+'11월'!F123+'12월'!F123 -> 0 | G123: ='1월'!H123+'2월'!G123+'3월'!G123+'4월'!G123+'5월'!G123+'6월'!G123+'7월'!G123+'8월'!G123+'9월'!G123+'10월'!G123+'11월'!G123+'12월'!G123 -> 50287000 | H123: ='1월'!J123+'2월'!H123+'3월'!H123+'4월'!H123+'5월'!H123+'6월'!H123+'7월'!H123+'8월'!H123+'9월'!H123+'10월'!H123+'11월'!H123+'12월'!H123 -> 0 | I123: ='1월'!K123+'2월'!I123+'3월'!I123+'4월'!I123+'5월'!I123+'6월'!I123+'7월'!I123+'8월'!I123+'9월'!I123+'10월'!I123+'11월'!I123+'12월'!I123 -> 0 | J123: ='1월'!L123+'2월'!J123+'3월'!J123+'4월'!J123+'5월'!J123+'6월'!J123+'7월'!J123+'8월'!J123+'9월'!J123+'10월'!J123+'11월'!J123+'12월'!J123 -> 0 | K123: ='1월'!M123+'2월'!K123+'3월'!K123+'4월'!K123+'5월'!K123+'6월'!K123+'7월'!K123+'8월'!K123+'9월'!K123+'10월'!K123+'11월'!K123+'12월'!K123 -> 0 | L123: ='1월'!N123+'2월'!L123+'3월'!L123+'4월'!L123+'5월'!L123+'6월'!L123+'7월'!L123+'8월'!L123+'9월'!L123+'10월'!L123+'11월'!L123+'12월'!L123 -> 0 | M123: ='1월'!O123+'2월'!M123+'3월'!M123+'4월'!M123+'5월'!M123+'6월'!M123+'7월'!M123+'8월'!M123+'9월'!M123+'10월'!M123+'11월'!M123+'12월'!M123 -> 0 | O123: =IFERROR(VLOOKUP($A123,[1]플랫폼1!$A:$B,2,FALSE),0) -> 0 | P123: =IFERROR(VLOOKUP($A123,[1]플랫폼2!$A:$M,12,FALSE),0)+IFERROR(VLOOKUP($A123,[1]플랫폼2!$A:$M,13,FALSE),0) -> 0 | Q123: =IFERROR(VLOOKUP($A123,[1]플랫폼2!$A:$M,7,FALSE),0)+IFERROR(VLOOKUP($A123,[1]플랫폼2!$A:$M,12,FALSE),0) -> 0 | R123: =IFERROR(VLOOKUP($A123,[1]모바일!$A:$S,17,FALSE),0) -> 0 | S123: =IFERROR(VLOOKUP($A123,[1]모바일!$A:$S,18,FALSE),0) -> 0 | T123: =IFERROR(VLOOKUP(A123,[1]플랫폼2!$A:$O,15,0),0) -> 0
A124: 접대비-신용카드 | B124: ='1월'!B124+'2월'!B124+'3월'!B124+'4월'!B124+'5월'!B124+'6월'!B124+'7월'!B124+'8월'!B124+'9월'!B124+'10월'!B124+'11월'!B124+'12월'!B124 -> 0 | C124: ='1월'!C124+'2월'!C124+'3월'!C124+'4월'!C124+'5월'!C124+'6월'!C124+'7월'!C124+'8월'!C124+'9월'!C124+'10월'!C124+'11월'!C124+'12월'!C124 -> 0 | D124: ='1월'!D124+'2월'!D124+'3월'!D124+'4월'!D124+'5월'!D124+'6월'!D124+'7월'!D124+'8월'!D124+'9월'!D124+'10월'!D124+'11월'!D124+'12월'!D124 -> 0 | E124: ='1월'!E124+'2월'!E124+'3월'!E124+'4월'!E124+'5월'!E124+'6월'!E124+'7월'!E124+'8월'!E124+'9월'!E124+'10월'!E124+'11월'!E124+'12월'!E124 -> 0 | F124: ='1월'!F124+'2월'!F124+'3월'!F124+'4월'!F124+'5월'!F124+'6월'!F124+'7월'!F124+'8월'!F124+'9월'!F124+'10월'!F124+'11월'!F124+'12월'!F124 -> 0 | G124: ='1월'!H124+'2월'!G124+'3월'!G124+'4월'!G124+'5월'!G124+'6월'!G124+'7월'!G124+'8월'!G124+'9월'!G124+'10월'!G124+'11월'!G124+'12월'!G124 -> 0 | H124: ='1월'!J124+'2월'!H124+'3월'!H124+'4월'!H124+'5월'!H124+'6월'!H124+'7월'!H124+'8월'!H124+'9월'!H124+'10월'!H124+'11월'!H124+'12월'!H124 -> 0 | I124: ='1월'!K124+'2월'!I124+'3월'!I124+'4월'!I124+'5월'!I124+'6월'!I124+'7월'!I124+'8월'!I124+'9월'!I124+'10월'!I124+'11월'!I124+'12월'!I124 -> 0 | J124: ='1월'!L124+'2월'!J124+'3월'!J124+'4월'!J124+'5월'!J124+'6월'!J124+'7월'!J124+'8월'!J124+'9월'!J124+'10월'!J124+'11월'!J124+'12월'!J124 -> 0 | K124: ='1월'!M124+'2월'!K124+'3월'!K124+'4월'!K124+'5월'!K124+'6월'!K124+'7월'!K124+'8월'!K124+'9월'!K124+'10월'!K124+'11월'!K124+'12월'!K124 -> 0 | L124: ='1월'!N124+'2월'!L124+'3월'!L124+'4월'!L124+'5월'!L124+'6월'!L124+'7월'!L124+'8월'!L124+'9월'!L124+'10월'!L124+'11월'!L124+'12월'!L124 -> 0 | M124: ='1월'!O124+'2월'!M124+'3월'!M124+'4월'!M124+'5월'!M124+'6월'!M124+'7월'!M124+'8월'!M124+'9월'!M124+'10월'!M124+'11월'!M124+'12월'!M124 -> 0 | O124: =IFERROR(VLOOKUP($A124,[1]플랫폼1!$A:$B,2,FALSE),0) -> 0 | P124: =IFERROR(VLOOKUP($A124,[1]플랫폼2!$A:$M,12,FALSE),0)+IFERROR(VLOOKUP($A124,[1]플랫폼2!$A:$M,13,FALSE),0) -> 0 | Q124: =IFERROR(VLOOKUP($A124,[1]플랫폼2!$A:$M,7,FALSE),0)+IFERROR(VLOOKUP($A124,[1]플랫폼2!$A:$M,12,FALSE),0) -> 0 | R124: =IFERROR(VLOOKUP($A124,[1]모바일!$A:$S,17,FALSE),0) -> 0 | S124: =IFERROR(VLOOKUP($A124,[1]모바일!$A:$S,18,FALSE),0) -> 0 | T124: =IFERROR(VLOOKUP(A124,[1]플랫폼2!$A:$O,15,0),0) -> 0
A125: 접대비-1만원초과 | B125: ='1월'!B125+'2월'!B125+'3월'!B125+'4월'!B125+'5월'!B125+'6월'!B125+'7월'!B125+'8월'!B125+'9월'!B125+'10월'!B125+'11월'!B125+'12월'!B125 -> 204595930 | C125: ='1월'!C125+'2월'!C125+'3월'!C125+'4월'!C125+'5월'!C125+'6월'!C125+'7월'!C125+'8월'!C125+'9월'!C125+'10월'!C125+'11월'!C125+'12월'!C125 -> 188874930 | D125: ='1월'!D125+'2월'!D125+'3월'!D125+'4월'!D125+'5월'!D125+'6월'!D125+'7월'!D125+'8월'!D125+'9월'!D125+'10월'!D125+'11월'!D125+'12월'!D125 -> 2200000 | E125: ='1월'!E125+'2월'!E125+'3월'!E125+'4월'!E125+'5월'!E125+'6월'!E125+'7월'!E125+'8월'!E125+'9월'!E125+'10월'!E125+'11월'!E125+'12월'!E125 -> 13521000 | F125: ='1월'!F125+'2월'!F125+'3월'!F125+'4월'!F125+'5월'!F125+'6월'!F125+'7월'!F125+'8월'!F125+'9월'!F125+'10월'!F125+'11월'!F125+'12월'!F125 -> 7747256.3 | G125: ='1월'!H125+'2월'!G125+'3월'!G125+'4월'!G125+'5월'!G125+'6월'!G125+'7월'!G125+'8월'!G125+'9월'!G125+'10월'!G125+'11월'!G125+'12월'!G125 -> 852743.71 | H125: ='1월'!J125+'2월'!H125+'3월'!H125+'4월'!H125+'5월'!H125+'6월'!H125+'7월'!H125+'8월'!H125+'9월'!H125+'10월'!H125+'11월'!H125+'12월'!H125 -> 0 | I125: ='1월'!K125+'2월'!I125+'3월'!I125+'4월'!I125+'5월'!I125+'6월'!I125+'7월'!I125+'8월'!I125+'9월'!I125+'10월'!I125+'11월'!I125+'12월'!I125 -> 58226.159 | J125: ='1월'!L125+'2월'!J125+'3월'!J125+'4월'!J125+'5월'!J125+'6월'!J125+'7월'!J125+'8월'!J125+'9월'!J125+'10월'!J125+'11월'!J125+'12월'!J125 -> 55191.52 | K125: ='1월'!M125+'2월'!K125+'3월'!K125+'4월'!K125+'5월'!K125+'6월'!K125+'7월'!K125+'8월'!K125+'9월'!K125+'10월'!K125+'11월'!K125+'12월'!K125 -> 2734213.5 | L125: ='1월'!N125+'2월'!L125+'3월'!L125+'4월'!L125+'5월'!L125+'6월'!L125+'7월'!L125+'8월'!L125+'9월'!L125+'10월'!L125+'11월'!L125+'12월'!L125 -> 773368.79 | M125: ='1월'!O125+'2월'!M125+'3월'!M125+'4월'!M125+'5월'!M125+'6월'!M125+'7월'!M125+'8월'!M125+'9월'!M125+'10월'!M125+'11월'!M125+'12월'!M125 -> 1300000 | O125: =IFERROR(VLOOKUP($A125,[1]플랫폼1!$A:$B,2,FALSE),0) -> 1300000 | P125: =IFERROR(VLOOKUP($A125,[1]플랫폼2!$A:$M,12,FALSE),0)+IFERROR(VLOOKUP($A125,[1]플랫폼2!$A:$M,13,FALSE),0) -> 0 | Q125: =IFERROR(VLOOKUP($A125,[1]플랫폼2!$A:$M,7,FALSE),0)+IFERROR(VLOOKUP($A125,[1]플랫폼2!$A:$M,12,FALSE),0) -> 0 | R125: =IFERROR(VLOOKUP($A125,[1]모바일!$A:$S,17,FALSE),0) -> 0 | S125: =IFERROR(VLOOKUP($A125,[1]모바일!$A:$S,18,FALSE),0) -> 0 | T125: =IFERROR(VLOOKUP(A125,[1]플랫폼2!$A:$O,15,0),0) -> 0
A126: 통 신 비 | B126: ='1월'!B126+'2월'!B126+'3월'!B126+'4월'!B126+'5월'!B126+'6월'!B126+'7월'!B126+'8월'!B126+'9월'!B126+'10월'!B126+'11월'!B126+'12월'!B126 -> 945287408 | C126: ='1월'!C126+'2월'!C126+'3월'!C126+'4월'!C126+'5월'!C126+'6월'!C126+'7월'!C126+'8월'!C126+'9월'!C126+'10월'!C126+'11월'!C126+'12월'!C126 -> 369122931 | D126: ='1월'!D126+'2월'!D126+'3월'!D126+'4월'!D126+'5월'!D126+'6월'!D126+'7월'!D126+'8월'!D126+'9월'!D126+'10월'!D126+'11월'!D126+'12월'!D126 -> 15120594 | E126: ='1월'!E126+'2월'!E126+'3월'!E126+'4월'!E126+'5월'!E126+'6월'!E126+'7월'!E126+'8월'!E126+'9월'!E126+'10월'!E126+'11월'!E126+'12월'!E126 -> 561043883 | F126: ='1월'!F126+'2월'!F126+'3월'!F126+'4월'!F126+'5월'!F126+'6월'!F126+'7월'!F126+'8월'!F126+'9월'!F126+'10월'!F126+'11월'!F126+'12월'!F126 -> 1.7273672e+08 | G126: ='1월'!H126+'2월'!G126+'3월'!G126+'4월'!G126+'5월'!G126+'6월'!G126+'7월'!G126+'8월'!G126+'9월'!G126+'10월'!G126+'11월'!G126+'12월'!G126 -> 1.0306576e+08 | H126: ='1월'!J126+'2월'!H126+'3월'!H126+'4월'!H126+'5월'!H126+'6월'!H126+'7월'!H126+'8월'!H126+'9월'!H126+'10월'!H126+'11월'!H126+'12월'!H126 -> 96338321 | I126: ='1월'!K126+'2월'!I126+'3월'!I126+'4월'!I126+'5월'!I126+'6월'!I126+'7월'!I126+'8월'!I126+'9월'!I126+'10월'!I126+'11월'!I126+'12월'!I126 -> 4577160.2 | J126: ='1월'!L126+'2월'!J126+'3월'!J126+'4월'!J126+'5월'!J126+'6월'!J126+'7월'!J126+'8월'!J126+'9월'!J126+'10월'!J126+'11월'!J126+'12월'!J126 -> 1.5074979e+08 | K126: ='1월'!M126+'2월'!K126+'3월'!K126+'4월'!K126+'5월'!K126+'6월'!K126+'7월'!K126+'8월'!K126+'9월'!K126+'10월'!K126+'11월'!K126+'12월'!K126 -> 17022650 | L126: ='1월'!N126+'2월'!L126+'3월'!L126+'4월'!L126+'5월'!L126+'6월'!L126+'7월'!L126+'8월'!L126+'9월'!L126+'10월'!L126+'11월'!L126+'12월'!L126 -> 6112769 | M126: ='1월'!O126+'2월'!M126+'3월'!M126+'4월'!M126+'5월'!M126+'6월'!M126+'7월'!M126+'8월'!M126+'9월'!M126+'10월'!M126+'11월'!M126+'12월'!M126 -> 10440707 | O126: =IFERROR(VLOOKUP($A126,[1]플랫폼1!$A:$B,2,FALSE),0) -> 3085305 | P126: =IFERROR(VLOOKUP($A126,[1]플랫폼2!$A:$M,12,FALSE),0)+IFERROR(VLOOKUP($A126,[1]플랫폼2!$A:$M,13,FALSE),0) -> 2622833.5 | Q126: =IFERROR(VLOOKUP($A126,[1]플랫폼2!$A:$M,7,FALSE),0)+IFERROR(VLOOKUP($A126,[1]플랫폼2!$A:$M,12,FALSE),0) -> 363786.5 | R126: =IFERROR(VLOOKUP($A126,[1]모바일!$A:$S,17,FALSE),0) -> 2549233 | S126: =IFERROR(VLOOKUP($A126,[1]모바일!$A:$S,18,FALSE),0) -> 1144728 | T126: =IFERROR(VLOOKUP(A126,[1]플랫폼2!$A:$O,15,0),0) -> 674821
A127: 통신-국내외전화료 | B127: ='1월'!B127+'2월'!B127+'3월'!B127+'4월'!B127+'5월'!B127+'6월'!B127+'7월'!B127+'8월'!B127+'9월'!B127+'10월'!B127+'11월'!B127+'12월'!B127 -> 386604942 | C127: ='1월'!C127+'2월'!C127+'3월'!C127+'4월'!C127+'5월'!C127+'6월'!C127+'7월'!C127+'8월'!C127+'9월'!C127+'10월'!C127+'11월'!C127+'12월'!C127 -> 158451242 | D127: ='1월'!D127+'2월'!D127+'3월'!D127+'4월'!D127+'5월'!D127+'6월'!D127+'7월'!D127+'8월'!D127+'9월'!D127+'10월'!D127+'11월'!D127+'12월'!D127 -> 8472724 | E127: ='1월'!E127+'2월'!E127+'3월'!E127+'4월'!E127+'5월'!E127+'6월'!E127+'7월'!E127+'8월'!E127+'9월'!E127+'10월'!E127+'11월'!E127+'12월'!E127 -> 219680976 | F127: ='1월'!F127+'2월'!F127+'3월'!F127+'4월'!F127+'5월'!F127+'6월'!F127+'7월'!F127+'8월'!F127+'9월'!F127+'10월'!F127+'11월'!F127+'12월'!F127 -> 1.1264402e+08 | G127: ='1월'!H127+'2월'!G127+'3월'!G127+'4월'!G127+'5월'!G127+'6월'!G127+'7월'!G127+'8월'!G127+'9월'!G127+'10월'!G127+'11월'!G127+'12월'!G127 -> 91717581 | H127: ='1월'!J127+'2월'!H127+'3월'!H127+'4월'!H127+'5월'!H127+'6월'!H127+'7월'!H127+'8월'!H127+'9월'!H127+'10월'!H127+'11월'!H127+'12월'!H127 -> 8791535 | I127: ='1월'!K127+'2월'!I127+'3월'!I127+'4월'!I127+'5월'!I127+'6월'!I127+'7월'!I127+'8월'!I127+'9월'!I127+'10월'!I127+'11월'!I127+'12월'!I127 -> 0 | J127: ='1월'!L127+'2월'!J127+'3월'!J127+'4월'!J127+'5월'!J127+'6월'!J127+'7월'!J127+'8월'!J127+'9월'!J127+'10월'!J127+'11월'!J127+'12월'!J127 -> 0 | K127: ='1월'!M127+'2월'!K127+'3월'!K127+'4월'!K127+'5월'!K127+'6월'!K127+'7월'!K127+'8월'!K127+'9월'!K127+'10월'!K127+'11월'!K127+'12월'!K127 -> 4880434 | L127: ='1월'!N127+'2월'!L127+'3월'!L127+'4월'!L127+'5월'!L127+'6월'!L127+'7월'!L127+'8월'!L127+'9월'!L127+'10월'!L127+'11월'!L127+'12월'!L127 -> 921829 | M127: ='1월'!O127+'2월'!M127+'3월'!M127+'4월'!M127+'5월'!M127+'6월'!M127+'7월'!M127+'8월'!M127+'9월'!M127+'10월'!M127+'11월'!M127+'12월'!M127 -> 725574 | O127: =IFERROR(VLOOKUP($A127,[1]플랫폼1!$A:$B,2,FALSE),0) -> 172800 | P127: =IFERROR(VLOOKUP($A127,[1]플랫폼2!$A:$M,12,FALSE),0)+IFERROR(VLOOKUP($A127,[1]플랫폼2!$A:$M,13,FALSE),0) -> 33866.5 | Q127: =IFERROR(VLOOKUP($A127,[1]플랫폼2!$A:$M,7,FALSE),0)+IFERROR(VLOOKUP($A127,[1]플랫폼2!$A:$M,12,FALSE),0) -> 33866.5 | R127: =IFERROR(VLOOKUP($A127,[1]모바일!$A:$S,17,FALSE),0) -> 0 | S127: =IFERROR(VLOOKUP($A127,[1]모바일!$A:$S,18,FALSE),0) -> 0 | T127: =IFERROR(VLOOKUP(A127,[1]플랫폼2!$A:$O,15,0),0) -> 485041
... A129: 통신-정보통신이용료 | B129: ='1월'!B129+'2월'!B129+'3월'!B129+'4월'!B129+'5월'!B129+'6월'!B129+'7월'!B129+'8월'!B129+'9월'!B129+'10월'!B129+'11월'!B129+'12월'!B129 -> 156220049 | C129: ='1월'!C129+'2월'!C129+'3월'!C129+'4월'!C129+'5월'!C129+'6월'!C129+'7월'!C129+'8월'!C129+'9월'!C129+'10월'!C129+'11월'!C129+'12월'!C129 -> 74596538 | D129: ='1월'!D129+'2월'!D129+'3월'!D129+'4월'!D129+'5월'!D129+'6월'!D129+'7월'!D129+'8월'!D129+'9월'!D129+'10월'!D129+'11월'!D129+'12월'!D129 -> 6282330 | E129: ='1월'!E129+'2월'!E129+'3월'!E129+'4월'!E129+'5월'!E129+'6월'!E129+'7월'!E129+'8월'!E129+'9월'!E129+'10월'!E129+'11월'!E129+'12월'!E129 -> 75341181 | F129: ='1월'!F129+'2월'!F129+'3월'!F129+'4월'!F129+'5월'!F129+'6월'!F129+'7월'!F129+'8월'!F129+'9월'!F129+'10월'!F129+'11월'!F129+'12월'!F129 -> 0 | G129: ='1월'!H129+'2월'!G129+'3월'!G129+'4월'!G129+'5월'!G129+'6월'!G129+'7월'!G129+'8월'!G129+'9월'!G129+'10월'!G129+'11월'!G129+'12월'!G129 -> 0 | H129: ='1월'!J129+'2월'!H129+'3월'!H129+'4월'!H129+'5월'!H129+'6월'!H129+'7월'!H129+'8월'!H129+'9월'!H129+'10월'!H129+'11월'!H129+'12월'!H129 -> 54664248 | I129: ='1월'!K129+'2월'!I129+'3월'!I129+'4월'!I129+'5월'!I129+'6월'!I129+'7월'!I129+'8월'!I129+'9월'!I129+'10월'!I129+'11월'!I129+'12월'!I129 -> 4485240.2 | J129: ='1월'!L129+'2월'!J129+'3월'!J129+'4월'!J129+'5월'!J129+'6월'!J129+'7월'!J129+'8월'!J129+'9월'!J129+'10월'!J129+'11월'!J129+'12월'!J129 -> 4773327.8 | K129: ='1월'!M129+'2월'!K129+'3월'!K129+'4월'!K129+'5월'!K129+'6월'!K129+'7월'!K129+'8월'!K129+'9월'!K129+'10월'!K129+'11월'!K129+'12월'!K129 -> 8515060 | L129: ='1월'!N129+'2월'!L129+'3월'!L129+'4월'!L129+'5월'!L129+'6월'!L129+'7월'!L129+'8월'!L129+'9월'!L129+'10월'!L129+'11월'!L129+'12월'!L129 -> 0 | M129: ='1월'!O129+'2월'!M129+'3월'!M129+'4월'!M129+'5월'!M129+'6월'!M129+'7월'!M129+'8월'!M129+'9월'!M129+'10월'!M129+'11월'!M129+'12월'!M129 -> 2903305 | O129: =IFERROR(VLOOKUP($A129,[1]플랫폼1!$A:$B,2,FALSE),0) -> 2903305 | P129: =IFERROR(VLOOKUP($A129,[1]플랫폼2!$A:$M,12,FALSE),0)+IFERROR(VLOOKUP($A129,[1]플랫폼2!$A:$M,13,FALSE),0) -> 0 | Q129: =IFERROR(VLOOKUP($A129,[1]플랫폼2!$A:$M,7,FALSE),0)+IFERROR(VLOOKUP($A129,[1]플랫폼2!$A:$M,12,FALSE),0) -> 0 | R129: =IFERROR(VLOOKUP($A129,[1]모바일!$A:$S,17,FALSE),0) -> 0 | S129: =IFERROR(VLOOKUP($A129,[1]모바일!$A:$S,18,FALSE),0) -> 0 | T129: =IFERROR(VLOOKUP(A129,[1]플랫폼2!$A:$O,15,0),0) -> 0
A130: 통신-우편료(기본) | B130: ='1월'!B130+'2월'!B130+'3월'!B130+'4월'!B130+'5월'!B130+'6월'!B130+'7월'!B130+'8월'!B130+'9월'!B130+'10월'!B130+'11월'!B130+'12월'!B130 -> 85736470 | C130: ='1월'!C130+'2월'!C130+'3월'!C130+'4월'!C130+'5월'!C130+'6월'!C130+'7월'!C130+'8월'!C130+'9월'!C130+'10월'!C130+'11월'!C130+'12월'!C130 -> 2344070 | D130: ='1월'!D130+'2월'!D130+'3월'!D130+'4월'!D130+'5월'!D130+'6월'!D130+'7월'!D130+'8월'!D130+'9월'!D130+'10월'!D130+'11월'!D130+'12월'!D130 -> 365540 | E130: ='1월'!E130+'2월'!E130+'3월'!E130+'4월'!E130+'5월'!E130+'6월'!E130+'7월'!E130+'8월'!E130+'9월'!E130+'10월'!E130+'11월'!E130+'12월'!E130 -> 83026860 | F130: ='1월'!F130+'2월'!F130+'3월'!F130+'4월'!F130+'5월'!F130+'6월'!F130+'7월'!F130+'8월'!F130+'9월'!F130+'10월'!F130+'11월'!F130+'12월'!F130 -> 60092697 | G130: ='1월'!H130+'2월'!G130+'3월'!G130+'4월'!G130+'5월'!G130+'6월'!G130+'7월'!G130+'8월'!G130+'9월'!G130+'10월'!G130+'11월'!G130+'12월'!G130 -> 11348183 | H130: ='1월'!J130+'2월'!H130+'3월'!H130+'4월'!H130+'5월'!H130+'6월'!H130+'7월'!H130+'8월'!H130+'9월'!H130+'10월'!H130+'11월'!H130+'12월'!H130 -> 455830 | I130: ='1월'!K130+'2월'!I130+'3월'!I130+'4월'!I130+'5월'!I130+'6월'!I130+'7월'!I130+'8월'!I130+'9월'!I130+'10월'!I130+'11월'!I130+'12월'!I130 -> 91920 | J130: ='1월'!L130+'2월'!J130+'3월'!J130+'4월'!J130+'5월'!J130+'6월'!J130+'7월'!J130+'8월'!J130+'9월'!J130+'10월'!J130+'11월'!J130+'12월'!J130 -> 4085880 | K130: ='1월'!M130+'2월'!K130+'3월'!K130+'4월'!K130+'5월'!K130+'6월'!K130+'7월'!K130+'8월'!K130+'9월'!K130+'10월'!K130+'11월'!K130+'12월'!K130 -> 1561330 | L130: ='1월'!N130+'2월'!L130+'3월'!L130+'4월'!L130+'5월'!L130+'6월'!L130+'7월'!L130+'8월'!L130+'9월'!L130+'10월'!L130+'11월'!L130+'12월'!L130 -> 5190940 | M130: ='1월'!O130+'2월'!M130+'3월'!M130+'4월'!M130+'5월'!M130+'6월'!M130+'7월'!M130+'8월'!M130+'9월'!M130+'10월'!M130+'11월'!M130+'12월'!M130 -> 200080 | O130: =IFERROR(VLOOKUP($A130,[1]플랫폼1!$A:$B,2,FALSE),0) -> 9200 | P130: =IFERROR(VLOOKUP($A130,[1]플랫폼2!$A:$M,12,FALSE),0)+IFERROR(VLOOKUP($A130,[1]플랫폼2!$A:$M,13,FALSE),0) -> 0 | Q130: =IFERROR(VLOOKUP($A130,[1]플랫폼2!$A:$M,7,FALSE),0)+IFERROR(VLOOKUP($A130,[1]플랫폼2!$A:$M,12,FALSE),0) -> 0 | R130: 550 | S130: 550 | T130: 189780
A131: 통신-우편료(마케팅) | B131: ='1월'!B131+'2월'!B131+'3월'!B131+'4월'!B131+'5월'!B131+'6월'!B131+'7월'!B131+'8월'!B131+'9월'!B131+'10월'!B131+'11월'!B131+'12월'!B131 -> 0 | C131: ='1월'!C131+'2월'!C131+'3월'!C131+'4월'!C131+'5월'!C131+'6월'!C131+'7월'!C131+'8월'!C131+'9월'!C131+'10월'!C131+'11월'!C131+'12월'!C131 -> 0 | D131: ='1월'!D131+'2월'!D131+'3월'!D131+'4월'!D131+'5월'!D131+'6월'!D131+'7월'!D131+'8월'!D131+'9월'!D131+'10월'!D131+'11월'!D131+'12월'!D131 -> 0 | E131: ='1월'!E131+'2월'!E131+'3월'!E131+'4월'!E131+'5월'!E131+'6월'!E131+'7월'!E131+'8월'!E131+'9월'!E131+'10월'!E131+'11월'!E131+'12월'!E131 -> 0 | F131: ='1월'!F131+'2월'!F131+'3월'!F131+'4월'!F131+'5월'!F131+'6월'!F131+'7월'!F131+'8월'!F131+'9월'!F131+'10월'!F131+'11월'!F131+'12월'!F131 -> 0 | G131: ='1월'!H131+'2월'!G131+'3월'!G131+'4월'!G131+'5월'!G131+'6월'!G131+'7월'!G131+'8월'!G131+'9월'!G131+'10월'!G131+'11월'!G131+'12월'!G131 -> 0 | H131: ='1월'!J131+'2월'!H131+'3월'!H131+'4월'!H131+'5월'!H131+'6월'!H131+'7월'!H131+'8월'!H131+'9월'!H131+'10월'!H131+'11월'!H131+'12월'!H131 -> 0 | I131: ='1월'!K131+'2월'!I131+'3월'!I131+'4월'!I131+'5월'!I131+'6월'!I131+'7월'!I131+'8월'!I131+'9월'!I131+'10월'!I131+'11월'!I131+'12월'!I131 -> 0 | J131: ='1월'!L131+'2월'!J131+'3월'!J131+'4월'!J131+'5월'!J131+'6월'!J131+'7월'!J131+'8월'!J131+'9월'!J131+'10월'!J131+'11월'!J131+'12월'!J131 -> 0 | K131: ='1월'!M131+'2월'!K131+'3월'!K131+'4월'!K131+'5월'!K131+'6월'!K131+'7월'!K131+'8월'!K131+'9월'!K131+'10월'!K131+'11월'!K131+'12월'!K131 -> 0 | L131: ='1월'!N131+'2월'!L131+'3월'!L131+'4월'!L131+'5월'!L131+'6월'!L131+'7월'!L131+'8월'!L131+'9월'!L131+'10월'!L131+'11월'!L131+'12월'!L131 -> 0 | M131: ='1월'!O131+'2월'!M131+'3월'!M131+'4월'!M131+'5월'!M131+'6월'!M131+'7월'!M131+'8월'!M131+'9월'!M131+'10월'!M131+'11월'!M131+'12월'!M131 -> 0 | O131: =IFERROR(VLOOKUP($A131,[1]플랫폼1!$A:$B,2,FALSE),0) -> 0 | P131: =IFERROR(VLOOKUP($A131,[1]플랫폼2!$A:$M,12,FALSE),0)+IFERROR(VLOOKUP($A131,[1]플랫폼2!$A:$M,13,FALSE),0) -> 0 | Q131: =IFERROR(VLOOKUP($A131,[1]플랫폼2!$A:$M,7,FALSE),0)+IFERROR(VLOOKUP($A131,[1]플랫폼2!$A:$M,12,FALSE),0) -> 0 | R131: =IFERROR(VLOOKUP($A131,[1]모바일!$A:$S,17,FALSE),0) -> 0 | S131: =IFERROR(VLOOKUP($A131,[1]모바일!$A:$S,18,FALSE),0) -> 0 | T131: =IFERROR(VLOOKUP(A131,[1]플랫폼2!$A:$O,15,0),0) -> 0
A132: 통신-우편료(성과형) | B132: ='1월'!B132+'2월'!B132+'3월'!B132+'4월'!B132+'5월'!B132+'6월'!B132+'7월'!B132+'8월'!B132+'9월'!B132+'10월'!B132+'11월'!B132+'12월'!B132 -> 0 | C132: ='1월'!C132+'2월'!C132+'3월'!C132+'4월'!C132+'5월'!C132+'6월'!C132+'7월'!C132+'8월'!C132+'9월'!C132+'10월'!C132+'11월'!C132+'12월'!C132 -> 0 | D132: ='1월'!D132+'2월'!D132+'3월'!D132+'4월'!D132+'5월'!D132+'6월'!D132+'7월'!D132+'8월'!D132+'9월'!D132+'10월'!D132+'11월'!D132+'12월'!D132 -> 0 | E132: ='1월'!E132+'2월'!E132+'3월'!E132+'4월'!E132+'5월'!E132+'6월'!E132+'7월'!E132+'8월'!E132+'9월'!E132+'10월'!E132+'11월'!E132+'12월'!E132 -> 0 | F132: ='1월'!F132+'2월'!F132+'3월'!F132+'4월'!F132+'5월'!F132+'6월'!F132+'7월'!F132+'8월'!F132+'9월'!F132+'10월'!F132+'11월'!F132+'12월'!F132 -> 0 | G132: ='1월'!H132+'2월'!G132+'3월'!G132+'4월'!G132+'5월'!G132+'6월'!G132+'7월'!G132+'8월'!G132+'9월'!G132+'10월'!G132+'11월'!G132+'12월'!G132 -> 0 | H132: ='1월'!J132+'2월'!H132+'3월'!H132+'4월'!H132+'5월'!H132+'6월'!H132+'7월'!H132+'8월'!H132+'9월'!H132+'10월'!H132+'11월'!H132+'12월'!H132 -> 0 | I132: ='1월'!K132+'2월'!I132+'3월'!I132+'4월'!I132+'5월'!I132+'6월'!I132+'7월'!I132+'8월'!I132+'9월'!I132+'10월'!I132+'11월'!I132+'12월'!I132 -> 0 | J132: ='1월'!L132+'2월'!J132+'3월'!J132+'4월'!J132+'5월'!J132+'6월'!J132+'7월'!J132+'8월'!J132+'9월'!J132+'10월'!J132+'11월'!J132+'12월'!J132 -> 0 | K132: ='1월'!M132+'2월'!K132+'3월'!K132+'4월'!K132+'5월'!K132+'6월'!K132+'7월'!K132+'8월'!K132+'9월'!K132+'10월'!K132+'11월'!K132+'12월'!K132 -> 0 | L132: ='1월'!N132+'2월'!L132+'3월'!L132+'4월'!L132+'5월'!L132+'6월'!L132+'7월'!L132+'8월'!L132+'9월'!L132+'10월'!L132+'11월'!L132+'12월'!L132 -> 0 | M132: ='1월'!O132+'2월'!M132+'3월'!M132+'4월'!M132+'5월'!M132+'6월'!M132+'7월'!M132+'8월'!M132+'9월'!M132+'10월'!M132+'11월'!M132+'12월'!M132 -> 0 | O132: =IFERROR(VLOOKUP($A132,[1]플랫폼1!$A:$B,2,FALSE),0) -> 0 | P132: =IFERROR(VLOOKUP($A132,[1]플랫폼2!$A:$M,12,FALSE),0)+IFERROR(VLOOKUP($A132,[1]플랫폼2!$A:$M,13,FALSE),0) -> 0 | Q132: =IFERROR(VLOOKUP($A132,[1]플랫폼2!$A:$M,7,FALSE),0)+IFERROR(VLOOKUP($A132,[1]플랫폼2!$A:$M,12,FALSE),0) -> 0 | R132: =IFERROR(VLOOKUP($A132,[1]모바일!$A:$S,17,FALSE),0) -> 0 | S132: =IFERROR(VLOOKUP($A132,[1]모바일!$A:$S,18,FALSE),0) -> 0 | T132: =IFERROR(VLOOKUP(A132,[1]플랫폼2!$A:$O,15,0),0) -> 0
A133: 수 도 광 열 비 | B133: ='1월'!B133+'2월'!B133+'3월'!B133+'4월'!B133+'5월'!B133+'6월'!B133+'7월'!B133+'8월'!B133+'9월'!B133+'10월'!B133+'11월'!B133+'12월'!B133 -> 826611575 | C133: ='1월'!C133+'2월'!C133+'3월'!C133+'4월'!C133+'5월'!C133+'6월'!C133+'7월'!C133+'8월'!C133+'9월'!C133+'10월'!C133+'11월'!C133+'12월'!C133 -> 6312846 | D133: ='1월'!D133+'2월'!D133+'3월'!D133+'4월'!D133+'5월'!D133+'6월'!D133+'7월'!D133+'8월'!D133+'9월'!D133+'10월'!D133+'11월'!D133+'12월'!D133 -> 0 | E133: ='1월'!E133+'2월'!E133+'3월'!E133+'4월'!E133+'5월'!E133+'6월'!E133+'7월'!E133+'8월'!E133+'9월'!E133+'10월'!E133+'11월'!E133+'12월'!E133 -> 820298729 | F133: ='1월'!F133+'2월'!F133+'3월'!F133+'4월'!F133+'5월'!F133+'6월'!F133+'7월'!F133+'8월'!F133+'9월'!F133+'10월'!F133+'11월'!F133+'12월'!F133 -> 7.49106e+08 | G133: ='1월'!H133+'2월'!G133+'3월'!G133+'4월'!G133+'5월'!G133+'6월'!G133+'7월'!G133+'8월'!G133+'9월'!G133+'10월'!G133+'11월'!G133+'12월'!G133 -> 67020895 | H133: ='1월'!J133+'2월'!H133+'3월'!H133+'4월'!H133+'5월'!H133+'6월'!H133+'7월'!H133+'8월'!H133+'9월'!H133+'10월'!H133+'11월'!H133+'12월'!H133 -> 0 | I133: ='1월'!K133+'2월'!I133+'3월'!I133+'4월'!I133+'5월'!I133+'6월'!I133+'7월'!I133+'8월'!I133+'9월'!I133+'10월'!I133+'11월'!I133+'12월'!I133 -> 0 | J133: ='1월'!L133+'2월'!J133+'3월'!J133+'4월'!J133+'5월'!J133+'6월'!J133+'7월'!J133+'8월'!J133+'9월'!J133+'10월'!J133+'11월'!J133+'12월'!J133 -> 0 | K133: ='1월'!M133+'2월'!K133+'3월'!K133+'4월'!K133+'5월'!K133+'6월'!K133+'7월'!K133+'8월'!K133+'9월'!K133+'10월'!K133+'11월'!K133+'12월'!K133 -> 42270 | L133: ='1월'!N133+'2월'!L133+'3월'!L133+'4월'!L133+'5월'!L133+'6월'!L133+'7월'!L133+'8월'!L133+'9월'!L133+'10월'!L133+'11월'!L133+'12월'!L133 -> 0 | M133: ='1월'!O133+'2월'!M133+'3월'!M133+'4월'!M133+'5월'!M133+'6월'!M133+'7월'!M133+'8월'!M133+'9월'!M133+'10월'!M133+'11월'!M133+'12월'!M133 -> 4129565 | O133: =IFERROR(VLOOKUP($A133,[1]플랫폼1!$A:$B,2,FALSE),0) -> 0 | P133: =IFERROR(VLOOKUP($A133,[1]플랫폼2!$A:$M,12,FALSE),0)+IFERROR(VLOOKUP($A133,[1]플랫폼2!$A:$M,13,FALSE),0) -> 0 | Q133: =IFERROR(VLOOKUP($A133,[1]플랫폼2!$A:$M,7,FALSE),0)+IFERROR(VLOOKUP($A133,[1]플랫폼2!$A:$M,12,FALSE),0) -> 0 | R133: =IFERROR(VLOOKUP($A133,[1]모바일!$A:$S,17,FALSE),0) -> 0 | S133: =IFERROR(VLOOKUP($A133,[1]모바일!$A:$S,18,FALSE),0) -> 0 | T133: 4129565
A134: 수도광열전기료 | B134: ='1월'!B134+'2월'!B134+'3월'!B134+'4월'!B134+'5월'!B134+'6월'!B134+'7월'!B134+'8월'!B134+'9월'!B134+'10월'!B134+'11월'!B134+'12월'!B134 -> 826611575 | C134: ='1월'!C134+'2월'!C134+'3월'!C134+'4월'!C134+'5월'!C134+'6월'!C134+'7월'!C134+'8월'!C134+'9월'!C134+'10월'!C134+'11월'!C134+'12월'!C134 -> 6312846 | D134: ='1월'!D134+'2월'!D134+'3월'!D134+'4월'!D134+'5월'!D134+'6월'!D134+'7월'!D134+'8월'!D134+'9월'!D134+'10월'!D134+'11월'!D134+'12월'!D134 -> 0 | E134: ='1월'!E134+'2월'!E134+'3월'!E134+'4월'!E134+'5월'!E134+'6월'!E134+'7월'!E134+'8월'!E134+'9월'!E134+'10월'!E134+'11월'!E134+'12월'!E134 -> 820298729 | F134: ='1월'!F134+'2월'!F134+'3월'!F134+'4월'!F134+'5월'!F134+'6월'!F134+'7월'!F134+'8월'!F134+'9월'!F134+'10월'!F134+'11월'!F134+'12월'!F134 -> 7.49106e+08 | G134: ='1월'!H134+'2월'!G134+'3월'!G134+'4월'!G134+'5월'!G134+'6월'!G134+'7월'!G134+'8월'!G134+'9월'!G134+'10월'!G134+'11월'!G134+'12월'!G134 -> 67020895 | H134: ='1월'!J134+'2월'!H134+'3월'!H134+'4월'!H134+'5월'!H134+'6월'!H134+'7월'!H134+'8월'!H134+'9월'!H134+'10월'!H134+'11월'!H134+'12월'!H134 -> 0 | I134: ='1월'!K134+'2월'!I134+'3월'!I134+'4월'!I134+'5월'!I134+'6월'!I134+'7월'!I134+'8월'!I134+'9월'!I134+'10월'!I134+'11월'!I134+'12월'!I134 -> 0 | J134: ='1월'!L134+'2월'!J134+'3월'!J134+'4월'!J134+'5월'!J134+'6월'!J134+'7월'!J134+'8월'!J134+'9월'!J134+'10월'!J134+'11월'!J134+'12월'!J134 -> 0 | K134: ='1월'!M134+'2월'!K134+'3월'!K134+'4월'!K134+'5월'!K134+'6월'!K134+'7월'!K134+'8월'!K134+'9월'!K134+'10월'!K134+'11월'!K134+'12월'!K134 -> 42270 | L134: ='1월'!N134+'2월'!L134+'3월'!L134+'4월'!L134+'5월'!L134+'6월'!L134+'7월'!L134+'8월'!L134+'9월'!L134+'10월'!L134+'11월'!L134+'12월'!L134 -> 0 | M134: ='1월'!O134+'2월'!M134+'3월'!M134+'4월'!M134+'5월'!M134+'6월'!M134+'7월'!M134+'8월'!M134+'9월'!M134+'10월'!M134+'11월'!M134+'12월'!M134 -> 4129565 | O134: =IFERROR(VLOOKUP($A134,[1]플랫폼1!$A:$B,2,FALSE),0) -> 0 | P134: =IFERROR(VLOOKUP($A134,[1]플랫폼2!$A:$M,12,FALSE),0)+IFERROR(VLOOKUP($A134,[1]플랫폼2!$A:$M,13,FALSE),0) -> 0 | Q134: =IFERROR(VLOOKUP($A134,[1]플랫폼2!$A:$M,7,FALSE),0)+IFERROR(VLOOKUP($A134,[1]플랫폼2!$A:$M,12,FALSE),0) -> 0 | R134: =IFERROR(VLOOKUP($A134,[1]모바일!$A:$S,17,FALSE),0) -> 0 | S134: =IFERROR(VLOOKUP($A134,[1]모바일!$A:$S,18,FALSE),0) -> 0 | T134: 4129565
A135: 수도광열전기료(연체) | B135: ='1월'!B135+'2월'!B135+'3월'!B135+'4월'!B135+'5월'!B135+'6월'!B135+'7월'!B135+'8월'!B135+'9월'!B135+'10월'!B135+'11월'!B135+'12월'!B135 -> 0 | C135: ='1월'!C135+'2월'!C135+'3월'!C135+'4월'!C135+'5월'!C135+'6월'!C135+'7월'!C135+'8월'!C135+'9월'!C135+'10월'!C135+'11월'!C135+'12월'!C135 -> 0 | D135: ='1월'!D135+'2월'!D135+'3월'!D135+'4월'!D135+'5월'!D135+'6월'!D135+'7월'!D135+'8월'!D135+'9월'!D135+'10월'!D135+'11월'!D135+'12월'!D135 -> 0 | E135: ='1월'!E135+'2월'!E135+'3월'!E135+'4월'!E135+'5월'!E135+'6월'!E135+'7월'!E135+'8월'!E135+'9월'!E135+'10월'!E135+'11월'!E135+'12월'!E135 -> 0 | F135: ='1월'!F135+'2월'!F135+'3월'!F135+'4월'!F135+'5월'!F135+'6월'!F135+'7월'!F135+'8월'!F135+'9월'!F135+'10월'!F135+'11월'!F135+'12월'!F135 -> 0 | G135: ='1월'!H135+'2월'!G135+'3월'!G135+'4월'!G135+'5월'!G135+'6월'!G135+'7월'!G135+'8월'!G135+'9월'!G135+'10월'!G135+'11월'!G135+'12월'!G135 -> 0 | H135: ='1월'!J135+'2월'!H135+'3월'!H135+'4월'!H135+'5월'!H135+'6월'!H135+'7월'!H135+'8월'!H135+'9월'!H135+'10월'!H135+'11월'!H135+'12월'!H135 -> 0 | I135: ='1월'!K135+'2월'!I135+'3월'!I135+'4월'!I135+'5월'!I135+'6월'!I135+'7월'!I135+'8월'!I135+'9월'!I135+'10월'!I135+'11월'!I135+'12월'!I135 -> 0 | J135: ='1월'!L135+'2월'!J135+'3월'!J135+'4월'!J135+'5월'!J135+'6월'!J135+'7월'!J135+'8월'!J135+'9월'!J135+'10월'!J135+'11월'!J135+'12월'!J135 -> 0 | K135: ='1월'!M135+'2월'!K135+'3월'!K135+'4월'!K135+'5월'!K135+'6월'!K135+'7월'!K135+'8월'!K135+'9월'!K135+'10월'!K135+'11월'!K135+'12월'!K135 -> 0 | L135: ='1월'!N135+'2월'!L135+'3월'!L135+'4월'!L135+'5월'!L135+'6월'!L135+'7월'!L135+'8월'!L135+'9월'!L135+'10월'!L135+'11월'!L135+'12월'!L135 -> 0 | M135: ='1월'!O135+'2월'!M135+'3월'!M135+'4월'!M135+'5월'!M135+'6월'!M135+'7월'!M135+'8월'!M135+'9월'!M135+'10월'!M135+'11월'!M135+'12월'!M135 -> 0 | O135: =IFERROR(VLOOKUP($A135,[1]플랫폼1!$A:$B,2,FALSE),0) -> 0 | P135: =IFERROR(VLOOKUP($A135,[1]플랫폼2!$A:$M,12,FALSE),0)+IFERROR(VLOOKUP($A135,[1]플랫폼2!$A:$M,13,FALSE),0) -> 0 | Q135: =IFERROR(VLOOKUP($A135,[1]플랫폼2!$A:$M,7,FALSE),0)+IFERROR(VLOOKUP($A135,[1]플랫폼2!$A:$M,12,FALSE),0) -> 0 | R135: =IFERROR(VLOOKUP($A135,[1]모바일!$A:$S,17,FALSE),0) -> 0 | S135: =IFERROR(VLOOKUP($A135,[1]모바일!$A:$S,18,FALSE),0) -> 0 | T135: =IFERROR(VLOOKUP(A135,[1]플랫폼2!$A:$O,15,0),0) -> 0
A136: 세 금 과 공 과 금 | B136: ='1월'!B136+'2월'!B136+'3월'!B136+'4월'!B136+'5월'!B136+'6월'!B136+'7월'!B136+'8월'!B136+'9월'!B136+'10월'!B136+'11월'!B136+'12월'!B136 -> 241698091 | C136: ='1월'!C136+'2월'!C136+'3월'!C136+'4월'!C136+'5월'!C136+'6월'!C136+'7월'!C136+'8월'!C136+'9월'!C136+'10월'!C136+'11월'!C136+'12월'!C136 -> 239200860 | D136: ='1월'!D136+'2월'!D136+'3월'!D136+'4월'!D136+'5월'!D136+'6월'!D136+'7월'!D136+'8월'!D136+'9월'!D136+'10월'!D136+'11월'!D136+'12월'!D136 -> 0 | E136: ='1월'!E136+'2월'!E136+'3월'!E136+'4월'!E136+'5월'!E136+'6월'!E136+'7월'!E136+'8월'!E136+'9월'!E136+'10월'!E136+'11월'!E136+'12월'!E136 -> 2497231 | F136: ='1월'!F136+'2월'!F136+'3월'!F136+'4월'!F136+'5월'!F136+'6월'!F136+'7월'!F136+'8월'!F136+'9월'!F136+'10월'!F136+'11월'!F136+'12월'!F136 -> 2497231 | G136: ='1월'!H136+'2월'!G136+'3월'!G136+'4월'!G136+'5월'!G136+'6월'!G136+'7월'!G136+'8월'!G136+'9월'!G136+'10월'!G136+'11월'!G136+'12월'!G136 -> 0 | H136: ='1월'!J136+'2월'!H136+'3월'!H136+'4월'!H136+'5월'!H136+'6월'!H136+'7월'!H136+'8월'!H136+'9월'!H136+'10월'!H136+'11월'!H136+'12월'!H136 -> 0 | I136: ='1월'!K136+'2월'!I136+'3월'!I136+'4월'!I136+'5월'!I136+'6월'!I136+'7월'!I136+'8월'!I136+'9월'!I136+'10월'!I136+'11월'!I136+'12월'!I136 -> 0 | J136: ='1월'!L136+'2월'!J136+'3월'!J136+'4월'!J136+'5월'!J136+'6월'!J136+'7월'!J136+'8월'!J136+'9월'!J136+'10월'!J136+'11월'!J136+'12월'!J136 -> 0 | K136: ='1월'!M136+'2월'!K136+'3월'!K136+'4월'!K136+'5월'!K136+'6월'!K136+'7월'!K136+'8월'!K136+'9월'!K136+'10월'!K136+'11월'!K136+'12월'!K136 -> 0 | L136: ='1월'!N136+'2월'!L136+'3월'!L136+'4월'!L136+'5월'!L136+'6월'!L136+'7월'!L136+'8월'!L136+'9월'!L136+'10월'!L136+'11월'!L136+'12월'!L136 -> 0 | M136: ='1월'!O136+'2월'!M136+'3월'!M136+'4월'!M136+'5월'!M136+'6월'!M136+'7월'!M136+'8월'!M136+'9월'!M136+'10월'!M136+'11월'!M136+'12월'!M136 -> 0 | O136: =IFERROR(VLOOKUP($A136,[1]플랫폼1!$A:$B,2,FALSE),0) -> 0 | P136: =IFERROR(VLOOKUP($A136,[1]플랫폼2!$A:$M,12,FALSE),0)+IFERROR(VLOOKUP($A136,[1]플랫폼2!$A:$M,13,FALSE),0) -> 0 | Q136: =IFERROR(VLOOKUP($A136,[1]플랫폼2!$A:$M,7,FALSE),0)+IFERROR(VLOOKUP($A136,[1]플랫폼2!$A:$M,12,FALSE),0) -> 0 | R136: =IFERROR(VLOOKUP($A136,[1]모바일!$A:$S,17,FALSE),0) -> 0 | S136: =IFERROR(VLOOKUP($A136,[1]모바일!$A:$S,18,FALSE),0) -> 0 | T136: =IFERROR(VLOOKUP(A136,[1]플랫폼2!$A:$O,15,0),0) -> 0
A137: 세금과공과 면허세 | B137: ='1월'!B137+'2월'!B137+'3월'!B137+'4월'!B137+'5월'!B137+'6월'!B137+'7월'!B137+'8월'!B137+'9월'!B137+'10월'!B137+'11월'!B137+'12월'!B137 -> 123500 | C137: ='1월'!C137+'2월'!C137+'3월'!C137+'4월'!C137+'5월'!C137+'6월'!C137+'7월'!C137+'8월'!C137+'9월'!C137+'10월'!C137+'11월'!C137+'12월'!C137 -> 123500 | D137: ='1월'!D137+'2월'!D137+'3월'!D137+'4월'!D137+'5월'!D137+'6월'!D137+'7월'!D137+'8월'!D137+'9월'!D137+'10월'!D137+'11월'!D137+'12월'!D137 -> 0 | E137: ='1월'!E137+'2월'!E137+'3월'!E137+'4월'!E137+'5월'!E137+'6월'!E137+'7월'!E137+'8월'!E137+'9월'!E137+'10월'!E137+'11월'!E137+'12월'!E137 -> 0 | F137: ='1월'!F137+'2월'!F137+'3월'!F137+'4월'!F137+'5월'!F137+'6월'!F137+'7월'!F137+'8월'!F137+'9월'!F137+'10월'!F137+'11월'!F137+'12월'!F137 -> 0 | G137: ='1월'!H137+'2월'!G137+'3월'!G137+'4월'!G137+'5월'!G137+'6월'!G137+'7월'!G137+'8월'!G137+'9월'!G137+'10월'!G137+'11월'!G137+'12월'!G137 -> 0 | H137: ='1월'!J137+'2월'!H137+'3월'!H137+'4월'!H137+'5월'!H137+'6월'!H137+'7월'!H137+'8월'!H137+'9월'!H137+'10월'!H137+'11월'!H137+'12월'!H137 -> 0 | I137: ='1월'!K137+'2월'!I137+'3월'!I137+'4월'!I137+'5월'!I137+'6월'!I137+'7월'!I137+'8월'!I137+'9월'!I137+'10월'!I137+'11월'!I137+'12월'!I137 -> 0 | J137: ='1월'!L137+'2월'!J137+'3월'!J137+'4월'!J137+'5월'!J137+'6월'!J137+'7월'!J137+'8월'!J137+'9월'!J137+'10월'!J137+'11월'!J137+'12월'!J137 -> 0 | K137: ='1월'!M137+'2월'!K137+'3월'!K137+'4월'!K137+'5월'!K137+'6월'!K137+'7월'!K137+'8월'!K137+'9월'!K137+'10월'!K137+'11월'!K137+'12월'!K137 -> 0 | L137: ='1월'!N137+'2월'!L137+'3월'!L137+'4월'!L137+'5월'!L137+'6월'!L137+'7월'!L137+'8월'!L137+'9월'!L137+'10월'!L137+'11월'!L137+'12월'!L137 -> 0 | M137: ='1월'!O137+'2월'!M137+'3월'!M137+'4월'!M137+'5월'!M137+'6월'!M137+'7월'!M137+'8월'!M137+'9월'!M137+'10월'!M137+'11월'!M137+'12월'!M137 -> 0 | O137: =IFERROR(VLOOKUP($A137,[1]플랫폼1!$A:$B,2,FALSE),0) -> 0 | P137: =IFERROR(VLOOKUP($A137,[1]플랫폼2!$A:$M,12,FALSE),0)+IFERROR(VLOOKUP($A137,[1]플랫폼2!$A:$M,13,FALSE),0) -> 0 | Q137: =IFERROR(VLOOKUP($A137,[1]플랫폼2!$A:$M,7,FALSE),0)+IFERROR(VLOOKUP($A137,[1]플랫폼2!$A:$M,12,FALSE),0) -> 0 | R137: =IFERROR(VLOOKUP($A137,[1]모바일!$A:$S,17,FALSE),0) -> 0 | S137: =IFERROR(VLOOKUP($A137,[1]모바일!$A:$S,18,FALSE),0) -> 0 | T137: =IFERROR(VLOOKUP(A137,[1]플랫폼2!$A:$O,15,0),0) -> 0
A138: 세금과공과 벌과금및가산세등 | B138: ='1월'!B138+'2월'!B138+'3월'!B138+'4월'!B138+'5월'!B138+'6월'!B138+'7월'!B138+'8월'!B138+'9월'!B138+'10월'!B138+'11월'!B138+'12월'!B138 -> 509170 | C138: ='1월'!C138+'2월'!C138+'3월'!C138+'4월'!C138+'5월'!C138+'6월'!C138+'7월'!C138+'8월'!C138+'9월'!C138+'10월'!C138+'11월'!C138+'12월'!C138 -> 509170 | D138: ='1월'!D138+'2월'!D138+'3월'!D138+'4월'!D138+'5월'!D138+'6월'!D138+'7월'!D138+'8월'!D138+'9월'!D138+'10월'!D138+'11월'!D138+'12월'!D138 -> 0 | E138: ='1월'!E138+'2월'!E138+'3월'!E138+'4월'!E138+'5월'!E138+'6월'!E138+'7월'!E138+'8월'!E138+'9월'!E138+'10월'!E138+'11월'!E138+'12월'!E138 -> 0 | F138: ='1월'!F138+'2월'!F138+'3월'!F138+'4월'!F138+'5월'!F138+'6월'!F138+'7월'!F138+'8월'!F138+'9월'!F138+'10월'!F138+'11월'!F138+'12월'!F138 -> 0 | G138: ='1월'!H138+'2월'!G138+'3월'!G138+'4월'!G138+'5월'!G138+'6월'!G138+'7월'!G138+'8월'!G138+'9월'!G138+'10월'!G138+'11월'!G138+'12월'!G138 -> 0 | H138: ='1월'!J138+'2월'!H138+'3월'!H138+'4월'!H138+'5월'!H138+'6월'!H138+'7월'!H138+'8월'!H138+'9월'!H138+'10월'!H138+'11월'!H138+'12월'!H138 -> 0 | I138: ='1월'!K138+'2월'!I138+'3월'!I138+'4월'!I138+'5월'!I138+'6월'!I138+'7월'!I138+'8월'!I138+'9월'!I138+'10월'!I138+'11월'!I138+'12월'!I138 -> 0 | J138: ='1월'!L138+'2월'!J138+'3월'!J138+'4월'!J138+'5월'!J138+'6월'!J138+'7월'!J138+'8월'!J138+'9월'!J138+'10월'!J138+'11월'!J138+'12월'!J138 -> 0 | K138: ='1월'!M138+'2월'!K138+'3월'!K138+'4월'!K138+'5월'!K138+'6월'!K138+'7월'!K138+'8월'!K138+'9월'!K138+'10월'!K138+'11월'!K138+'12월'!K138 -> 0 | L138: ='1월'!N138+'2월'!L138+'3월'!L138+'4월'!L138+'5월'!L138+'6월'!L138+'7월'!L138+'8월'!L138+'9월'!L138+'10월'!L138+'11월'!L138+'12월'!L138 -> 0 | M138: ='1월'!O138+'2월'!M138+'3월'!M138+'4월'!M138+'5월'!M138+'6월'!M138+'7월'!M138+'8월'!M138+'9월'!M138+'10월'!M138+'11월'!M138+'12월'!M138 -> 0 | O138: =IFERROR(VLOOKUP($A138,[1]플랫폼1!$A:$B,2,FALSE),0) -> 0 | P138: =IFERROR(VLOOKUP($A138,[1]플랫폼2!$A:$M,12,FALSE),0)+IFERROR(VLOOKUP($A138,[1]플랫폼2!$A:$M,13,FALSE),0) -> 0 | Q138: =IFERROR(VLOOKUP($A138,[1]플랫폼2!$A:$M,7,FALSE),0)+IFERROR(VLOOKUP($A138,[1]플랫폼2!$A:$M,12,FALSE),0) -> 0 | R138: =IFERROR(VLOOKUP($A138,[1]모바일!$A:$S,17,FALSE),0) -> 0 | S138: =IFERROR(VLOOKUP($A138,[1]모바일!$A:$S,18,FALSE),0) -> 0 | T138: =IFERROR(VLOOKUP(A138,[1]플랫폼2!$A:$O,15,0),0) -> 0
A139: 세금과공과 제세기타 | B139: ='1월'!B139+'2월'!B139+'3월'!B139+'4월'!B139+'5월'!B139+'6월'!B139+'7월'!B139+'8월'!B139+'9월'!B139+'10월'!B139+'11월'!B139+'12월'!B139 -> 2535441 | C139: ='1월'!C139+'2월'!C139+'3월'!C139+'4월'!C139+'5월'!C139+'6월'!C139+'7월'!C139+'8월'!C139+'9월'!C139+'10월'!C139+'11월'!C139+'12월'!C139 -> 38210 | D139: ='1월'!D139+'2월'!D139+'3월'!D139+'4월'!D139+'5월'!D139+'6월'!D139+'7월'!D139+'8월'!D139+'9월'!D139+'10월'!D139+'11월'!D139+'12월'!D139 -> 0 | E139: ='1월'!E139+'2월'!E139+'3월'!E139+'4월'!E139+'5월'!E139+'6월'!E139+'7월'!E139+'8월'!E139+'9월'!E139+'10월'!E139+'11월'!E139+'12월'!E139 -> 2497231 | F139: ='1월'!F139+'2월'!F139+'3월'!F139+'4월'!F139+'5월'!F139+'6월'!F139+'7월'!F139+'8월'!F139+'9월'!F139+'10월'!F139+'11월'!F139+'12월'!F139 -> 2497231 | G139: ='1월'!H139+'2월'!G139+'3월'!G139+'4월'!G139+'5월'!G139+'6월'!G139+'7월'!G139+'8월'!G139+'9월'!G139+'10월'!G139+'11월'!G139+'12월'!G139 -> 0 | H139: ='1월'!J139+'2월'!H139+'3월'!H139+'4월'!H139+'5월'!H139+'6월'!H139+'7월'!H139+'8월'!H139+'9월'!H139+'10월'!H139+'11월'!H139+'12월'!H139 -> 0 | I139: ='1월'!K139+'2월'!I139+'3월'!I139+'4월'!I139+'5월'!I139+'6월'!I139+'7월'!I139+'8월'!I139+'9월'!I139+'10월'!I139+'11월'!I139+'12월'!I139 -> 0 | J139: ='1월'!L139+'2월'!J139+'3월'!J139+'4월'!J139+'5월'!J139+'6월'!J139+'7월'!J139+'8월'!J139+'9월'!J139+'10월'!J139+'11월'!J139+'12월'!J139 -> 0 | K139: ='1월'!M139+'2월'!K139+'3월'!K139+'4월'!K139+'5월'!K139+'6월'!K139+'7월'!K139+'8월'!K139+'9월'!K139+'10월'!K139+'11월'!K139+'12월'!K139 -> 0 | L139: ='1월'!N139+'2월'!L139+'3월'!L139+'4월'!L139+'5월'!L139+'6월'!L139+'7월'!L139+'8월'!L139+'9월'!L139+'10월'!L139+'11월'!L139+'12월'!L139 -> 0 | M139: ='1월'!O139+'2월'!M139+'3월'!M139+'4월'!M139+'5월'!M139+'6월'!M139+'7월'!M139+'8월'!M139+'9월'!M139+'10월'!M139+'11월'!M139+'12월'!M139 -> 0 | O139: =IFERROR(VLOOKUP($A139,[1]플랫폼1!$A:$B,2,FALSE),0) -> 0 | P139: =IFERROR(VLOOKUP($A139,[1]플랫폼2!$A:$M,12,FALSE),0)+IFERROR(VLOOKUP($A139,[1]플랫폼2!$A:$M,13,FALSE),0) -> 0 | Q139: =IFERROR(VLOOKUP($A139,[1]플랫폼2!$A:$M,7,FALSE),0)+IFERROR(VLOOKUP($A139,[1]플랫폼2!$A:$M,12,FALSE),0) -> 0 | R139: =IFERROR(VLOOKUP($A139,[1]모바일!$A:$S,17,FALSE),0) -> 0 | S139: =IFERROR(VLOOKUP($A139,[1]모바일!$A:$S,18,FALSE),0) -> 0 | T139: =IFERROR(VLOOKUP(A139,[1]플랫폼2!$A:$O,15,0),0) -> 0
