Workbook

Sheet 전사손익계산서
A1: 계정명 | B1: '26년 1월
A2: 계정명
A3: 손 익 | B3: 3668676245
A4: 매 출 | B4: 77664176704
A5: 상 품 매 출 | B5: 50833630897
A6: 상품단말기매출-고객 | B6: 10693050386
A7: 상품단말기매출-판매점 | B7: 0
A8: 상품매출액-채권승계 | B8: 39406992745
A9: 상품매출액-신용카드매출 | B9: 293879884
A10: 상품매출액-부분납 | B10: 24581363
A11: 상품매출액-보험매출 | B11: 391557882
A12: 상품매출-기타 | B12: 23568637
A13: 수수료수입 | B13: 26830545807
A14: 수수료수입-KT(RDS) | B14: 15644099457
... A223: 희석주당순이익 | B223: 0

Sheet 종합
A1: 계정명 | B1: 합계 | C1: 전사 공통비 (경총) | D1: 채널공통비 (영총/영기/역강 등) | E1: 채널별 소계 | F1: 유통영업혁신단 | I1: 법인영업혁신단 | M1: 유통플랫폼 | Q1: 디지털강화 | U1: 유통플랫폼사업단
F2: 소매 | G2: 도매 | H2: 디지털 | I2: 기업/공공 | J2: IoT | K2: 법인영업 | L2: 소상공인 | Q2: 디지털(KT샵) | R2: 디지털(기타) | U2: 코코넛 | V2: 굿바이 | W2: 시연폰 | X2: AS대행 | Y2: 임대폰대행 | Z2: 리본(모바일/신촌)
A3: 매 출 | B3: =IFERROR(VLOOKUP($A3,전사손익계산서!$A:$B,2,0),0) -> 77664176704 | C3: =B3-E3-D3 -> -225340228 | D3: =IFERROR(VLOOKUP($A3,영업총괄!$A:$K,11,FALSE),0) -> 100018182 | E3: =SUM(F3:M3) -> 77789498750 | F3: =IFERROR(VLOOKUP($A3,소매!A:B,2,FALSE),0) -> 2.2953776e+10 | G3: =IFERROR(VLOOKUP($A3,도매!A:B,2,FALSE),0) -> 1.1088705e+10 | H3: =Q3+R3 -> 34659578597 | I3: =IFERROR(VLOOKUP($A3,법인영업팀!A:E,4,FALSE),0) -> 1436658674 | J3: =IFERROR(VLOOKUP($A3,법인영업팀!A:E,5,FALSE),0) -> 299991118 | K3: =IFERROR(VLOOKUP($A3,법인영업팀!$A:$E,3,FALSE),0) -> 4759402223 | L3: =IFERROR(VLOOKUP($A3,소상공인혁신팀!$A:$B,2,FALSE),0) -> 1118044701 | M3: =IFERROR(VLOOKUP($A3,'유통플랫폼사업단 IU'!$A:$F,2,FALSE),0) -> 1473342327 | O3: =B3=C3+D3+E3 -> TRUE | Q3: =IFERROR(VLOOKUP($A3,디지털강화팀!A:C,3,FALSE),0) -> 34125154074 | R3: =IFERROR(VLOOKUP($A3,디지털강화팀!A:D,4,FALSE),0) -> 534424523 | S3: =Q3+R3=H3 -> TRUE | U3: =IFERROR(VLOOKUP($A3,플랫폼1!$A:$B,2,FALSE),0) -> 262263119 | V3: =IFERROR(VLOOKUP($A3,플랫폼2!$A:$M,12,FALSE),0)+IFERROR(VLOOKUP($A3,플랫폼2!$A:$M,13,FALSE),0) -> 3.2603682e+08 | W3: =IFERROR(VLOOKUP($A3,플랫폼2!$A:$M,7,FALSE),0)+IFERROR(VLOOKUP($A3,플랫폼2!$A:$M,12,FALSE),0) -> 6.6673621e+08 | X3: =IFERROR(VLOOKUP($A3,모바일!$A:$F,5,FALSE),0) -> 30400000 | Y3: =IFERROR(VLOOKUP($A3,모바일!$A:$F,6,FALSE),0) -> 24800000 | Z3: =IFERROR(VLOOKUP(A3,플랫폼2!$A:$O,15,0),0) -> 163106182 | AA3: =M3=SUM(U3:Z3) -> TRUE
A4: 상 품 매 출 | B4: =IFERROR(VLOOKUP($A4,전사손익계산서!$A:$B,2,0),0) -> 50833630897 | C4: =B4-E4-D4 -> 107251289 | D4: =IFERROR(VLOOKUP($A4,영업총괄!$A:$K,11,FALSE),0) -> 0 | E4: =SUM(F4:M4) -> 50726379608 | F4: =IFERROR(VLOOKUP($A4,소매!A:B,2,FALSE),0) -> 10842518892 | G4: =IFERROR(VLOOKUP($A4,도매!A:B,2,FALSE),0) -> 7632998534 | H4: =Q4+R4 -> 27891641041 | I4: =IFERROR(VLOOKUP($A4,법인영업팀!A:E,4,FALSE),0) -> 834867543 | J4: =IFERROR(VLOOKUP($A4,법인영업팀!A:E,5,FALSE),0) -> 7203453 | K4: =IFERROR(VLOOKUP($A4,법인영업팀!$A:$E,3,FALSE),0) -> 2357748890 | L4: =IFERROR(VLOOKUP($A4,소상공인혁신팀!$A:$B,2,FALSE),0) -> 83412091 | M4: =IFERROR(VLOOKUP($A4,'유통플랫폼사업단 IU'!$A:$F,2,FALSE),0) -> 1075989164 | O4: =B4=C4+D4+E4 -> TRUE | Q4: =IFERROR(VLOOKUP($A4,디지털강화팀!A:C,3,FALSE),0) -> 27718939517 | R4: =IFERROR(VLOOKUP($A4,디지털강화팀!A:D,4,FALSE),0) -> 172701524 | S4: =Q4+R4=H4 -> TRUE | U4: =IFERROR(VLOOKUP($A4,플랫폼1!$A:$B,2,FALSE),0) -> 11568637 | V4: =IFERROR(VLOOKUP($A4,플랫폼2!$A:$M,12,FALSE),0)+IFERROR(VLOOKUP($A4,플랫폼2!$A:$M,13,FALSE),0) -> 260177272 | W4: =IFERROR(VLOOKUP($A4,플랫폼2!$A:$M,7,FALSE),0)+IFERROR(VLOOKUP($A4,플랫폼2!$A:$M,12,FALSE),0) -> 641137073 | X4: =IFERROR(VLOOKUP($A4,모바일!$A:$F,5,FALSE),0) -> 0 | Y4: =IFERROR(VLOOKUP($A4,모바일!$A:$F,6,FALSE),0) -> 0 | Z4: =IFERROR(VLOOKUP(A4,플랫폼2!$A:$O,15,0),0) -> 163106182 | AA4: =M4=SUM(U4:Z4) -> TRUE
A5: 상품단말기매출-고객 | B5: =IFERROR(VLOOKUP($A5,전사손익계산서!$A:$B,2,0),0) -> 10693050386 | C5: =B5-E5-D5 -> 4782200 | D5: =IFERROR(VLOOKUP($A5,영업총괄!$A:$K,11,FALSE),0) -> 0 | E5: =SUM(F5:M5) -> 10688268186 | F5: =IFERROR(VLOOKUP($A5,소매!A:B,2,FALSE),0) -> 34464139 | G5: =IFERROR(VLOOKUP($A5,도매!A:B,2,FALSE),0) -> 7629060954 | H5: =Q5+R5 -> 1197090208 | I5: =IFERROR(VLOOKUP($A5,법인영업팀!A:E,4,FALSE),0) -> 143409634 | J5: =IFERROR(VLOOKUP($A5,법인영업팀!A:E,5,FALSE),0) -> 5205000 | K5: =IFERROR(VLOOKUP($A5,법인영업팀!$A:$E,3,FALSE),0) -> 639017724 | L5: =IFERROR(VLOOKUP($A5,소상공인혁신팀!$A:$B,2,FALSE),0) -> 0 | M5: =IFERROR(VLOOKUP($A5,'유통플랫폼사업단 IU'!$A:$F,2,FALSE),0) -> 1040020527 | O5: =B5=C5+D5+E5 -> TRUE | Q5: =IFERROR(VLOOKUP($A5,디지털강화팀!A:C,3,FALSE),0) -> 1096085300 | R5: =IFERROR(VLOOKUP($A5,디지털강화팀!A:D,4,FALSE),0) -> 101004908 | S5: =Q5+R5=H5 -> TRUE | U5: =IFERROR(VLOOKUP($A5,플랫폼1!$A:$B,2,FALSE),0) -> 0 | V5: =IFERROR(VLOOKUP($A5,플랫폼2!$A:$M,12,FALSE),0)+IFERROR(VLOOKUP($A5,플랫폼2!$A:$M,13,FALSE),0) -> 260177272 | W5: =IFERROR(VLOOKUP($A5,플랫폼2!$A:$M,7,FALSE),0)+IFERROR(VLOOKUP($A5,플랫폼2!$A:$M,12,FALSE),0) -> 641137073 | X5: =IFERROR(VLOOKUP($A5,모바일!$A:$F,5,FALSE),0) -> 0 | Y5: =IFERROR(VLOOKUP($A5,모바일!$A:$F,6,FALSE),0) -> 0 | Z5: =IFERROR(VLOOKUP(A5,플랫폼2!$A:$O,15,0),0) -> 138706182 | AA5: =M5=SUM(U5:Z5) -> TRUE
A6: 상품단말기매출-판매점 | B6: =IFERROR(VLOOKUP($A6,전사손익계산서!$A:$B,2,0),0) -> 0 | C6: =B6-E6-D6 -> 0 | D6: =IFERROR(VLOOKUP($A6,영업총괄!$A:$K,11,FALSE),0) -> 0 | E6: =SUM(F6:M6) -> 0 | F6: =IFERROR(VLOOKUP($A6,소매!A:B,2,FALSE),0) -> 0 | G6: =IFERROR(VLOOKUP($A6,도매!A:B,2,FALSE),0) -> 0 | H6: =Q6+R6 -> 0 | I6: =IFERROR(VLOOKUP($A6,법인영업팀!A:E,4,FALSE),0) -> 0 | J6: =IFERROR(VLOOKUP($A6,법인영업팀!A:E,5,FALSE),0) -> 0 | K6: =IFERROR(VLOOKUP($A6,법인영업팀!$A:$E,3,FALSE),0) -> 0 | L6: =IFERROR(VLOOKUP($A6,소상공인혁신팀!$A:$B,2,FALSE),0) -> 0 | M6: =IFERROR(VLOOKUP($A6,'유통플랫폼사업단 IU'!$A:$F,2,FALSE),0) -> 0 | O6: =B6=C6+D6+E6 -> TRUE | Q6: =IFERROR(VLOOKUP($A6,디지털강화팀!A:C,3,FALSE),0) -> 0 | R6: =IFERROR(VLOOKUP($A6,디지털강화팀!A:D,4,FALSE),0) -> 0 | S6: =Q6+R6=H6 -> TRUE | U6: =IFERROR(VLOOKUP($A6,플랫폼1!$A:$B,2,FALSE),0) -> 0 | V6: =IFERROR(VLOOKUP($A6,플랫폼2!$A:$M,12,FALSE),0)+IFERROR(VLOOKUP($A6,플랫폼2!$A:$M,13,FALSE),0) -> 0 | W6: =IFERROR(VLOOKUP($A6,플랫폼2!$A:$M,7,FALSE),0)+IFERROR(VLOOKUP($A6,플랫폼2!$A:$M,12,FALSE),0) -> 0 | X6: =IFERROR(VLOOKUP($A6,모바일!$A:$F,5,FALSE),0) -> 0 | Y6: =IFERROR(VLOOKUP($A6,모바일!$A:$F,6,FALSE),0) -> 0 | Z6: =IFERROR(VLOOKUP(A6,플랫폼2!$A:$O,15,0),0) -> 0 | AA6: =M6=SUM(U6:Z6) -> TRUE
A7: 상품매출액-대형유통 | B7: =IFERROR(VLOOKUP($A7,전사손익계산서!$A:$B,2,0),0) -> 0 | C7: =B7-E7-D7 -> 0 | D7: =IFERROR(VLOOKUP($A7,영업총괄!$A:$K,11,FALSE),0) -> 0 | E7: =SUM(F7:M7) -> 0 | F7: =IFERROR(VLOOKUP($A7,소매!A:B,2,FALSE),0) -> 0 | G7: =IFERROR(VLOOKUP($A7,도매!A:B,2,FALSE),0) -> 0 | H7: =Q7+R7 -> 0 | I7: =IFERROR(VLOOKUP($A7,법인영업팀!A:E,4,FALSE),0) -> 0 | J7: =IFERROR(VLOOKUP($A7,법인영업팀!A:E,5,FALSE),0) -> 0 | K7: =IFERROR(VLOOKUP($A7,법인영업팀!$A:$E,3,FALSE),0) -> 0 | L7: =IFERROR(VLOOKUP($A7,소상공인혁신팀!$A:$B,2,FALSE),0) -> 0 | M7: =IFERROR(VLOOKUP($A7,'유통플랫폼사업단 IU'!$A:$F,2,FALSE),0) -> 0 | O7: =B7=C7+D7+E7 -> TRUE | Q7: =IFERROR(VLOOKUP($A7,디지털강화팀!A:C,3,FALSE),0) -> 0 | R7: =IFERROR(VLOOKUP($A7,디지털강화팀!A:D,4,FALSE),0) -> 0 | S7: =Q7+R7=H7 -> TRUE | U7: =IFERROR(VLOOKUP($A7,플랫폼1!$A:$B,2,FALSE),0) -> 0 | V7: =IFERROR(VLOOKUP($A7,플랫폼2!$A:$M,12,FALSE),0)+IFERROR(VLOOKUP($A7,플랫폼2!$A:$M,13,FALSE),0) -> 0 | W7: =IFERROR(VLOOKUP($A7,플랫폼2!$A:$M,7,FALSE),0)+IFERROR(VLOOKUP($A7,플랫폼2!$A:$M,12,FALSE),0) -> 0 | X7: =IFERROR(VLOOKUP($A7,모바일!$A:$F,5,FALSE),0) -> 0 | Y7: =IFERROR(VLOOKUP($A7,모바일!$A:$F,6,FALSE),0) -> 0 | Z7: =IFERROR(VLOOKUP(A7,플랫폼2!$A:$O,15,0),0) -> 0 | AA7: =M7=SUM(U7:Z7) -> TRUE
A8: 상품매출액-채권승계 | B8: =IFERROR(VLOOKUP($A8,전사손익계산서!$A:$B,2,0),0) -> 39406992745 | C8: =B8-E8-D8 -> 96761089 | D8: =IFERROR(VLOOKUP($A8,영업총괄!$A:$K,11,FALSE),0) -> 0 | E8: =SUM(F8:M8) -> 39310231656 | F8: =IFERROR(VLOOKUP($A8,소매!A:B,2,FALSE),0) -> 10221832695 | G8: =IFERROR(VLOOKUP($A8,도매!A:B,2,FALSE),0) -> 3937580 | H8: =Q8+R8 -> 26603513852 | I8: =IFERROR(VLOOKUP($A8,법인영업팀!A:E,4,FALSE),0) -> 679437909 | J8: =IFERROR(VLOOKUP($A8,법인영업팀!A:E,5,FALSE),0) -> 768000 | K8: =IFERROR(VLOOKUP($A8,법인영업팀!$A:$E,3,FALSE),0) -> 1717329529 | L8: =IFERROR(VLOOKUP($A8,소상공인혁신팀!$A:$B,2,FALSE),0) -> 83412091 | M8: =IFERROR(VLOOKUP($A8,'유통플랫폼사업단 IU'!$A:$F,2,FALSE),0) -> 0 | O8: =B8=C8+D8+E8 -> TRUE | Q8: =IFERROR(VLOOKUP($A8,디지털강화팀!A:C,3,FALSE),0) -> 26593919399 | R8: =IFERROR(VLOOKUP($A8,디지털강화팀!A:D,4,FALSE),0) -> 9594453 | S8: =Q8+R8=H8 -> TRUE | U8: =IFERROR(VLOOKUP($A8,플랫폼1!$A:$B,2,FALSE),0) -> 0 | V8: =IFERROR(VLOOKUP($A8,플랫폼2!$A:$M,12,FALSE),0)+IFERROR(VLOOKUP($A8,플랫폼2!$A:$M,13,FALSE),0) -> 0 | W8: =IFERROR(VLOOKUP($A8,플랫폼2!$A:$M,7,FALSE),0)+IFERROR(VLOOKUP($A8,플랫폼2!$A:$M,12,FALSE),0) -> 0 | X8: =IFERROR(VLOOKUP($A8,모바일!$A:$F,5,FALSE),0) -> 0 | Y8: =IFERROR(VLOOKUP($A8,모바일!$A:$F,6,FALSE),0) -> 0 | Z8: =IFERROR(VLOOKUP(A8,플랫폼2!$A:$O,15,0),0) -> 0 | AA8: =M8=SUM(U8:Z8) -> TRUE
A9: 상품매출액-신용카드매출 | B9: =IFERROR(VLOOKUP($A9,전사손익계산서!$A:$B,2,0),0) -> 293879884 | C9: =B9-E9-D9 -> 1712545 | D9: =IFERROR(VLOOKUP($A9,영업총괄!$A:$K,11,FALSE),0) -> 0 | E9: =SUM(F9:M9) -> 292167339 | F9: =IFERROR(VLOOKUP($A9,소매!A:B,2,FALSE),0) -> 260761794 | G9: =IFERROR(VLOOKUP($A9,도매!A:B,2,FALSE),0) -> 0 | H9: =Q9+R9 -> 6571181 | I9: =IFERROR(VLOOKUP($A9,법인영업팀!A:E,4,FALSE),0) -> 20000 | J9: =IFERROR(VLOOKUP($A9,법인영업팀!A:E,5,FALSE),0) -> 0 | K9: =IFERROR(VLOOKUP($A9,법인영업팀!$A:$E,3,FALSE),0) -> 414364 | L9: =IFERROR(VLOOKUP($A9,소상공인혁신팀!$A:$B,2,FALSE),0) -> 0 | M9: =IFERROR(VLOOKUP($A9,'유통플랫폼사업단 IU'!$A:$F,2,FALSE),0) -> 24400000 | O9: =B9=C9+D9+E9 -> TRUE | Q9: =IFERROR(VLOOKUP($A9,디지털강화팀!A:C,3,FALSE),0) -> 6571181 | R9: =IFERROR(VLOOKUP($A9,디지털강화팀!A:D,4,FALSE),0) -> 0 | S9: =Q9+R9=H9 -> TRUE | U9: =IFERROR(VLOOKUP($A9,플랫폼1!$A:$B,2,FALSE),0) -> 0 | V9: =IFERROR(VLOOKUP($A9,플랫폼2!$A:$M,12,FALSE),0)+IFERROR(VLOOKUP($A9,플랫폼2!$A:$M,13,FALSE),0) -> 0 | W9: =IFERROR(VLOOKUP($A9,플랫폼2!$A:$M,7,FALSE),0)+IFERROR(VLOOKUP($A9,플랫폼2!$A:$M,12,FALSE),0) -> 0 | X9: =IFERROR(VLOOKUP($A9,모바일!$A:$F,5,FALSE),0) -> 0 | Y9: =IFERROR(VLOOKUP($A9,모바일!$A:$F,6,FALSE),0) -> 0 | Z9: 24400000 | AA9: =M9=SUM(U9:Z9) -> TRUE
A10: 상품매출액-부분납 | B10: =IFERROR(VLOOKUP($A10,전사손익계산서!$A:$B,2,0),0) -> 24581363 | C10: =B10-E10-D10 -> 0 | D10: =IFERROR(VLOOKUP($A10,영업총괄!$A:$K,11,FALSE),0) -> 0 | E10: =SUM(F10:M10) -> 24581363 | F10: =IFERROR(VLOOKUP($A10,소매!A:B,2,FALSE),0) -> 0 | G10: =IFERROR(VLOOKUP($A10,도매!A:B,2,FALSE),0) -> 0 | H10: =Q10+R10 -> 22363637 | I10: =IFERROR(VLOOKUP($A10,법인영업팀!A:E,4,FALSE),0) -> 0 | J10: =IFERROR(VLOOKUP($A10,법인영업팀!A:E,5,FALSE),0) -> 1230453 | K10: =IFERROR(VLOOKUP($A10,법인영업팀!$A:$E,3,FALSE),0) -> 987273 | L10: =IFERROR(VLOOKUP($A10,소상공인혁신팀!$A:$B,2,FALSE),0) -> 0 | M10: =IFERROR(VLOOKUP($A10,'유통플랫폼사업단 IU'!$A:$F,2,FALSE),0) -> 0 | O10: =B10=C10+D10+E10 -> TRUE | Q10: =IFERROR(VLOOKUP($A10,디지털강화팀!A:C,3,FALSE),0) -> 22363637 | R10: =IFERROR(VLOOKUP($A10,디지털강화팀!A:D,4,FALSE),0) -> 0 | S10: =Q10+R10=H10 -> TRUE | U10: =IFERROR(VLOOKUP($A10,플랫폼1!$A:$B,2,FALSE),0) -> 0 | V10: =IFERROR(VLOOKUP($A10,플랫폼2!$A:$M,12,FALSE),0)+IFERROR(VLOOKUP($A10,플랫폼2!$A:$M,13,FALSE),0) -> 0 | W10: =IFERROR(VLOOKUP($A10,플랫폼2!$A:$M,7,FALSE),0)+IFERROR(VLOOKUP($A10,플랫폼2!$A:$M,12,FALSE),0) -> 0 | X10: =IFERROR(VLOOKUP($A10,모바일!$A:$F,5,FALSE),0) -> 0 | Y10: =IFERROR(VLOOKUP($A10,모바일!$A:$F,6,FALSE),0) -> 0 | Z10: =IFERROR(VLOOKUP(A10,플랫폼2!$A:$O,15,0),0) -> 0 | AA10: =M10=SUM(U10:Z10) -> TRUE
A11: 상품매출액-보험매출 | B11: =IFERROR(VLOOKUP($A11,전사손익계산서!$A:$B,2,0),0) -> 391557882 | C11: =B11-E11-D11 -> 3995455 | D11: =IFERROR(VLOOKUP($A11,영업총괄!$A:$K,11,FALSE),0) -> 0 | E11: =SUM(F11:M11) -> 387562427 | F11: =IFERROR(VLOOKUP($A11,소매!A:B,2,FALSE),0) -> 325460264 | G11: =IFERROR(VLOOKUP($A11,도매!A:B,2,FALSE),0) -> 0 | H11: =Q11+R11 -> 62102163 | I11: =IFERROR(VLOOKUP($A11,법인영업팀!A:E,4,FALSE),0) -> 0 | J11: =IFERROR(VLOOKUP($A11,법인영업팀!A:E,5,FALSE),0) -> 0 | K11: =IFERROR(VLOOKUP($A11,법인영업팀!$A:$E,3,FALSE),0) -> 0 | L11: =IFERROR(VLOOKUP($A11,소상공인혁신팀!$A:$B,2,FALSE),0) -> 0 | M11: =IFERROR(VLOOKUP($A11,'유통플랫폼사업단 IU'!$A:$F,2,FALSE),0) -> 0 | O11: =B11=C11+D11+E11 -> TRUE | Q11: =IFERROR(VLOOKUP($A11,디지털강화팀!A:C,3,FALSE),0) -> 0 | R11: =IFERROR(VLOOKUP($A11,디지털강화팀!A:D,4,FALSE),0) -> 62102163 | S11: =Q11+R11=H11 -> TRUE | U11: =IFERROR(VLOOKUP($A11,플랫폼1!$A:$B,2,FALSE),0) -> 0 | V11: =IFERROR(VLOOKUP($A11,플랫폼2!$A:$M,12,FALSE),0)+IFERROR(VLOOKUP($A11,플랫폼2!$A:$M,13,FALSE),0) -> 0 | W11: =IFERROR(VLOOKUP($A11,플랫폼2!$A:$M,7,FALSE),0)+IFERROR(VLOOKUP($A11,플랫폼2!$A:$M,12,FALSE),0) -> 0 | X11: =IFERROR(VLOOKUP($A11,모바일!$A:$F,5,FALSE),0) -> 0 | Y11: =IFERROR(VLOOKUP($A11,모바일!$A:$F,6,FALSE),0) -> 0 | Z11: =IFERROR(VLOOKUP(A11,플랫폼2!$A:$O,15,0),0) -> 0 | AA11: =M11=SUM(U11:Z11) -> TRUE
A12: 상품매출-기타 | B12: =IFERROR(VLOOKUP($A12,전사손익계산서!$A:$B,2,0),0) -> 23568637 | C12: =B12-E12-D12 -> 12000000 | D12: =IFERROR(VLOOKUP($A12,영업총괄!$A:$K,11,FALSE),0) -> 0 | E12: =SUM(F12:M12) -> 11568637 | F12: =IFERROR(VLOOKUP($A12,소매!A:B,2,FALSE),0) -> 0 | G12: =IFERROR(VLOOKUP($A12,도매!A:B,2,FALSE),0) -> 0 | H12: =Q12+R12 -> 0 | I12: =IFERROR(VLOOKUP($A12,법인영업팀!A:E,4,FALSE),0) -> 0 | J12: =IFERROR(VLOOKUP($A12,법인영업팀!A:E,5,FALSE),0) -> 0 | K12: =IFERROR(VLOOKUP($A12,법인영업팀!$A:$E,3,FALSE),0) -> 0 | L12: =IFERROR(VLOOKUP($A12,소상공인혁신팀!$A:$B,2,FALSE),0) -> 0 | M12: =IFERROR(VLOOKUP($A12,'유통플랫폼사업단 IU'!$A:$F,2,FALSE),0) -> 11568637 | O12: =B12=C12+D12+E12 -> TRUE | Q12: =IFERROR(VLOOKUP($A12,디지털강화팀!A:C,3,FALSE),0) -> 0 | R12: =IFERROR(VLOOKUP($A12,디지털강화팀!A:D,4,FALSE),0) -> 0 | S12: =Q12+R12=H12 -> TRUE | U12: =IFERROR(VLOOKUP($A12,플랫폼1!$A:$B,2,FALSE),0) -> 11568637 | V12: =IFERROR(VLOOKUP($A12,플랫폼2!$A:$M,12,FALSE),0)+IFERROR(VLOOKUP($A12,플랫폼2!$A:$M,13,FALSE),0) -> 0 | W12: =IFERROR(VLOOKUP($A12,플랫폼2!$A:$M,7,FALSE),0)+IFERROR(VLOOKUP($A12,플랫폼2!$A:$M,12,FALSE),0) -> 0 | X12: =IFERROR(VLOOKUP($A12,모바일!$A:$F,5,FALSE),0) -> 0 | Y12: =IFERROR(VLOOKUP($A12,모바일!$A:$F,6,FALSE),0) -> 0 | Z12: =IFERROR(VLOOKUP(A12,플랫폼2!$A:$O,15,0),0) -> 0 | AA12: =M12=SUM(U12:Z12) -> TRUE
A13: 수수료수입 | B13: =IFERROR(VLOOKUP($A13,전사손익계산서!$A:$B,2,0),0) -> 26830545807 | C13: =B13-E13-D13 -> -332591517 | D13: =IFERROR(VLOOKUP($A13,영업총괄!$A:$K,11,FALSE),0) -> 100018182 | E13: =SUM(F13:M13) -> 27063119142 | F13: =IFERROR(VLOOKUP($A13,소매!A:B,2,FALSE),0) -> 1.2111258e+10 | G13: =IFERROR(VLOOKUP($A13,도매!A:B,2,FALSE),0) -> 3.4557061e+09 | H13: =Q13+R13 -> 6767937556 | I13: =IFERROR(VLOOKUP($A13,법인영업팀!A:E,4,FALSE),0) -> 601791131 | J13: =IFERROR(VLOOKUP($A13,법인영업팀!A:E,5,FALSE),0) -> 292787665 | K13: =IFERROR(VLOOKUP($A13,법인영업팀!$A:$E,3,FALSE),0) -> 2401653333 | L13: =IFERROR(VLOOKUP($A13,소상공인혁신팀!$A:$B,2,FALSE),0) -> 1034632610 | M13: =IFERROR(VLOOKUP($A13,'유통플랫폼사업단 IU'!$A:$F,2,FALSE),0) -> 397353163 | O13: =B13=C13+D13+E13 -> TRUE | Q13: =IFERROR(VLOOKUP($A13,디지털강화팀!A:C,3,FALSE),0) -> 6406214557 | R13: =IFERROR(VLOOKUP($A13,디지털강화팀!A:D,4,FALSE),0) -> 361722999 | S13: =Q13+R13=H13 -> TRUE | U13: =IFERROR(VLOOKUP($A13,플랫폼1!$A:$B,2,FALSE),0) -> 250694482 | V13: =IFERROR(VLOOKUP($A13,플랫폼2!$A:$M,12,FALSE),0)+IFERROR(VLOOKUP($A13,플랫폼2!$A:$M,13,FALSE),0) -> 65859544 | W13: =IFERROR(VLOOKUP($A13,플랫폼2!$A:$M,7,FALSE),0)+IFERROR(VLOOKUP($A13,플랫폼2!$A:$M,12,FALSE),0) -> 25599136 | X13: =IFERROR(VLOOKUP($A13,모바일!$A:$F,5,FALSE),0) -> 30400000 | Y13: =IFERROR(VLOOKUP($A13,모바일!$A:$F,6,FALSE),0) -> 24800000 | Z13: =IFERROR(VLOOKUP(A13,플랫폼2!$A:$O,15,0),0) -> 0 | AA13: =M13=SUM(U13:Z13) -> TRUE
A14: 수수료수입-KT(RDS) | B14: =IFERROR(VLOOKUP($A14,전사손익계산서!$A:$B,2,0),0) -> 15644099457 | C14: =B14-E14-D14 -> 534639339 | D14: =IFERROR(VLOOKUP($A14,영업총괄!$A:$K,11,FALSE),0) -> 1818182 | E14: =SUM(F14:M14) -> 15107641936 | F14: =IFERROR(VLOOKUP($A14,소매!A:B,2,FALSE),0) -> 7440586944 | G14: =IFERROR(VLOOKUP($A14,도매!A:B,2,FALSE),0) -> 116709067 | H14: =Q14+R14 -> 4362746966 | I14: =IFERROR(VLOOKUP($A14,법인영업팀!A:E,4,FALSE),0) -> 531114212 | J14: =IFERROR(VLOOKUP($A14,법인영업팀!A:E,5,FALSE),0) -> 160986374 | K14: =IFERROR(VLOOKUP($A14,법인영업팀!$A:$E,3,FALSE),0) -> 2142994914 | L14: =IFERROR(VLOOKUP($A14,소상공인혁신팀!$A:$B,2,FALSE),0) -> 79282697 | M14: =IFERROR(VLOOKUP($A14,'유통플랫폼사업단 IU'!$A:$F,2,FALSE),0) -> 273220762 | O14: =B14=C14+D14+E14 -> TRUE | Q14: =IFERROR(VLOOKUP($A14,디지털강화팀!A:C,3,FALSE),0) -> 4368605043 | R14: =IFERROR(VLOOKUP($A14,디지털강화팀!A:D,4,FALSE),0) -> -5858077 | S14: =Q14+R14=H14 -> TRUE | U14: =IFERROR(VLOOKUP($A14,플랫폼1!$A:$B,2,FALSE),0) -> 226998035 | V14: =IFERROR(VLOOKUP($A14,플랫폼2!$A:$M,12,FALSE),0)+IFERROR(VLOOKUP($A14,플랫폼2!$A:$M,13,FALSE),0) -> 37284090 | W14: =IFERROR(VLOOKUP($A14,플랫폼2!$A:$M,7,FALSE),0)+IFERROR(VLOOKUP($A14,플랫폼2!$A:$M,12,FALSE),0) -> 8938636.5 | X14: =IFERROR(VLOOKUP($A14,모바일!$A:$F,5,FALSE),0) -> 0 | Y14: =IFERROR(VLOOKUP($A14,모바일!$A:$F,6,FALSE),0) -> 0 | Z14: =IFERROR(VLOOKUP(A14,플랫폼2!$A:$O,15,0),0) -> 0 | AA14: =M14=SUM(U14:Z14) -> TRUE
A15: 수수료수입-기타 | B15: =IFERROR(VLOOKUP($A15,전사손익계산서!$A:$B,2,0),0) -> 143644485 | C15: =B15-E15-D15 -> 76726660 | D15: =IFERROR(VLOOKUP($A15,영업총괄!$A:$K,11,FALSE),0) -> 0 | E15: =SUM(F15:M15) -> 66917825 | F15: =IFERROR(VLOOKUP($A15,소매!A:B,2,FALSE),0) -> 9603734 | G15: =IFERROR(VLOOKUP($A15,도매!A:B,2,FALSE),0) -> 0 | H15: =Q15+R15 -> 7734181 | I15: =IFERROR(VLOOKUP($A15,법인영업팀!A:E,4,FALSE),0) -> 0 | J15: =IFERROR(VLOOKUP($A15,법인영업팀!A:E,5,FALSE),0) -> 50909 | K15: =IFERROR(VLOOKUP($A15,법인영업팀!$A:$E,3,FALSE),0) -> 0 | L15: =IFERROR(VLOOKUP($A15,소상공인혁신팀!$A:$B,2,FALSE),0) -> 196600 | M15: =IFERROR(VLOOKUP($A15,'유통플랫폼사업단 IU'!$A:$F,2,FALSE),0) -> 49332401 | O15: =B15=C15+D15+E15 -> TRUE | Q15: =IFERROR(VLOOKUP($A15,디지털강화팀!A:C,3,FALSE),0) -> 0 | R15: =IFERROR(VLOOKUP($A15,디지털강화팀!A:D,4,FALSE),0) -> 7734181 | S15: =Q15+R15=H15 -> TRUE | U15: =IFERROR(VLOOKUP($A15,플랫폼1!$A:$B,2,FALSE),0) -> 23696447 | V15: =IFERROR(VLOOKUP($A15,플랫폼2!$A:$M,12,FALSE),0)+IFERROR(VLOOKUP($A15,플랫폼2!$A:$M,13,FALSE),0) -> 8975454 | W15: =IFERROR(VLOOKUP($A15,플랫폼2!$A:$M,7,FALSE),0)+IFERROR(VLOOKUP($A15,플랫폼2!$A:$M,12,FALSE),0) -> 16660500 | X15: =IFERROR(VLOOKUP($A15,모바일!$A:$F,5,FALSE),0) -> 0 | Y15: =IFERROR(VLOOKUP($A15,모바일!$A:$F,6,FALSE),0) -> 0 | Z15: =IFERROR(VLOOKUP(A15,플랫폼2!$A:$O,15,0),0) -> 0 | AA15: =M15=SUM(U15:Z15) -> TRUE
A16: 수수료수입-관리 | B16: =IFERROR(VLOOKUP($A16,전사손익계산서!$A:$B,2,0),0) -> 4208221227 | C16: =B16-E16-D16 -> 34733596 | D16: =IFERROR(VLOOKUP($A16,영업총괄!$A:$K,11,FALSE),0) -> 0 | E16: =SUM(F16:M16) -> 4173487631 | F16: =IFERROR(VLOOKUP($A16,소매!A:B,2,FALSE),0) -> 2.3531048e+09 | G16: =IFERROR(VLOOKUP($A16,도매!A:B,2,FALSE),0) -> 8.3236823e+08 | H16: =Q16+R16 -> 452588317 | I16: =IFERROR(VLOOKUP($A16,법인영업팀!A:E,4,FALSE),0) -> 78442555 | J16: =IFERROR(VLOOKUP($A16,법인영업팀!A:E,5,FALSE),0) -> 131151882 | K16: =IFERROR(VLOOKUP($A16,법인영업팀!$A:$E,3,FALSE),0) -> 212792079 | L16: =IFERROR(VLOOKUP($A16,소상공인혁신팀!$A:$B,2,FALSE),0) -> 113039742 | M16: =IFERROR(VLOOKUP($A16,'유통플랫폼사업단 IU'!$A:$F,2,FALSE),0) -> 0 | O16: =B16=C16+D16+E16 -> TRUE | Q16: =IFERROR(VLOOKUP($A16,디지털강화팀!A:C,3,FALSE),0) -> 331372064 | R16: =IFERROR(VLOOKUP($A16,디지털강화팀!A:D,4,FALSE),0) -> 121216253 | S16: =Q16+R16=H16 -> TRUE | U16: =IFERROR(VLOOKUP($A16,플랫폼1!$A:$B,2,FALSE),0) -> 0 | V16: =IFERROR(VLOOKUP($A16,플랫폼2!$A:$M,12,FALSE),0)+IFERROR(VLOOKUP($A16,플랫폼2!$A:$M,13,FALSE),0) -> 0 | W16: =IFERROR(VLOOKUP($A16,플랫폼2!$A:$M,7,FALSE),0)+IFERROR(VLOOKUP($A16,플랫폼2!$A:$M,12,FALSE),0) -> 0 | X16: =IFERROR(VLOOKUP($A16,모바일!$A:$F,5,FALSE),0) -> 0 | Y16: =IFERROR(VLOOKUP($A16,모바일!$A:$F,6,FALSE),0) -> 0 | Z16: =IFERROR(VLOOKUP(A16,플랫폼2!$A:$O,15,0),0) -> 0 | AA16: =M16=SUM(U16:Z16) -> TRUE
A17: 수수료수입-매장성 | B17: =IFERROR(VLOOKUP($A17,전사손익계산서!$A:$B,2,0),0) -> 94112511 | C17: =B17-E17-D17 -> 1486046 | D17: =IFERROR(VLOOKUP($A17,영업총괄!$A:$K,11,FALSE),0) -> 0 | E17: =SUM(F17:M17) -> 92626465 | F17: =IFERROR(VLOOKUP($A17,소매!A:B,2,FALSE),0) -> 85243674 | G17: =IFERROR(VLOOKUP($A17,도매!A:B,2,FALSE),0) -> 6601382 | H17: =Q17+R17 -> 0 | I17: =IFERROR(VLOOKUP($A17,법인영업팀!A:E,4,FALSE),0) -> 37091 | J17: =IFERROR(VLOOKUP($A17,법인영업팀!A:E,5,FALSE),0) -> 598500 | K17: =IFERROR(VLOOKUP($A17,법인영업팀!$A:$E,3,FALSE),0) -> 145818 | L17: =IFERROR(VLOOKUP($A17,소상공인혁신팀!$A:$B,2,FALSE),0) -> 0 | M17: =IFERROR(VLOOKUP($A17,'유통플랫폼사업단 IU'!$A:$F,2,FALSE),0) -> 0 | O17: =B17=C17+D17+E17 -> TRUE | Q17: =IFERROR(VLOOKUP($A17,디지털강화팀!A:C,3,FALSE),0) -> 0 | R17: =IFERROR(VLOOKUP($A17,디지털강화팀!A:D,4,FALSE),0) -> 0 | S17: =Q17+R17=H17 -> TRUE | U17: =IFERROR(VLOOKUP($A17,플랫폼1!$A:$B,2,FALSE),0) -> 0 | V17: =IFERROR(VLOOKUP($A17,플랫폼2!$A:$M,12,FALSE),0)+IFERROR(VLOOKUP($A17,플랫폼2!$A:$M,13,FALSE),0) -> 0 | W17: =IFERROR(VLOOKUP($A17,플랫폼2!$A:$M,7,FALSE),0)+IFERROR(VLOOKUP($A17,플랫폼2!$A:$M,12,FALSE),0) -> 0 | X17: =IFERROR(VLOOKUP($A17,모바일!$A:$F,5,FALSE),0) -> 0 | Y17: =IFERROR(VLOOKUP($A17,모바일!$A:$F,6,FALSE),0) -> 0 | Z17: =IFERROR(VLOOKUP(A17,플랫폼2!$A:$O,15,0),0) -> 0 | AA17: =M17=SUM(U17:Z17) -> TRUE
A18: 수수료수입-유선 | B18: =IFERROR(VLOOKUP($A18,전사손익계산서!$A:$B,2,0),0) -> 2462590379 | C18: =B18-E18-D18 -> 27668711 | D18: =IFERROR(VLOOKUP($A18,영업총괄!$A:$K,11,FALSE),0) -> 0 | E18: =SUM(F18:M18) -> 2434921668 | F18: =IFERROR(VLOOKUP($A18,소매!A:B,2,FALSE),0) -> 1524214672 | G18: =IFERROR(VLOOKUP($A18,도매!A:B,2,FALSE),0) -> 27451 | H18: =Q18+R18 -> 59828172 | I18: =IFERROR(VLOOKUP($A18,법인영업팀!A:E,4,FALSE),0) -> 1172727 | J18: =IFERROR(VLOOKUP($A18,법인영업팀!A:E,5,FALSE),0) -> 0 | K18: =IFERROR(VLOOKUP($A18,법인영업팀!$A:$E,3,FALSE),0) -> 7565075 | L18: =IFERROR(VLOOKUP($A18,소상공인혁신팀!$A:$B,2,FALSE),0) -> 842113571 | M18: =IFERROR(VLOOKUP($A18,'유통플랫폼사업단 IU'!$A:$F,2,FALSE),0) -> 0 | O18: =B18=C18+D18+E18 -> TRUE | Q18: =IFERROR(VLOOKUP($A18,디지털강화팀!A:C,3,FALSE),0) -> 53975450 | R18: =IFERROR(VLOOKUP($A18,디지털강화팀!A:D,4,FALSE),0) -> 5852722 | S18: =Q18+R18=H18 -> TRUE | U18: =IFERROR(VLOOKUP($A18,플랫폼1!$A:$B,2,FALSE),0) -> 0 | V18: =IFERROR(VLOOKUP($A18,플랫폼2!$A:$M,12,FALSE),0)+IFERROR(VLOOKUP($A18,플랫폼2!$A:$M,13,FALSE),0) -> 0 | W18: =IFERROR(VLOOKUP($A18,플랫폼2!$A:$M,7,FALSE),0)+IFERROR(VLOOKUP($A18,플랫폼2!$A:$M,12,FALSE),0) -> 0 | X18: =IFERROR(VLOOKUP($A18,모바일!$A:$F,5,FALSE),0) -> 0 | Y18: =IFERROR(VLOOKUP($A18,모바일!$A:$F,6,FALSE),0) -> 0 | Z18: =IFERROR(VLOOKUP(A18,플랫폼2!$A:$O,15,0),0) -> 0 | AA18: =M18=SUM(U18:Z18) -> TRUE
A19: 수수료수입-순액처리 | B19: =IFERROR(VLOOKUP($A19,전사손익계산서!$A:$B,2,0),0) -> -1016027688 | C19: =B19-E19-D19 -> -1016027688 | D19: =IFERROR(VLOOKUP($A19,영업총괄!$A:$K,11,FALSE),0) -> 0 | E19: =SUM(F19:M19) -> 0 | F19: =IFERROR(VLOOKUP($A19,소매!A:B,2,FALSE),0) -> 0 | G19: =IFERROR(VLOOKUP($A19,도매!A:B,2,FALSE),0) -> 0 | H19: =Q19+R19 -> 0 | I19: =IFERROR(VLOOKUP($A19,법인영업팀!A:E,4,FALSE),0) -> 0 | J19: =IFERROR(VLOOKUP($A19,법인영업팀!A:E,5,FALSE),0) -> 0 | K19: =IFERROR(VLOOKUP($A19,법인영업팀!$A:$E,3,FALSE),0) -> 0 | L19: =IFERROR(VLOOKUP($A19,소상공인혁신팀!$A:$B,2,FALSE),0) -> 0 | M19: =IFERROR(VLOOKUP($A19,'유통플랫폼사업단 IU'!$A:$F,2,FALSE),0) -> 0 | O19: =B19=C19+D19+E19 -> TRUE | Q19: =IFERROR(VLOOKUP($A19,디지털강화팀!A:C,3,FALSE),0) -> 0 | R19: =IFERROR(VLOOKUP($A19,디지털강화팀!A:D,4,FALSE),0) -> 0 | S19: =Q19+R19=H19 -> TRUE | U19: =IFERROR(VLOOKUP($A19,플랫폼1!$A:$B,2,FALSE),0) -> 0 | V19: =IFERROR(VLOOKUP($A19,플랫폼2!$A:$M,12,FALSE),0)+IFERROR(VLOOKUP($A19,플랫폼2!$A:$M,13,FALSE),0) -> 0 | W19: =IFERROR(VLOOKUP($A19,플랫폼2!$A:$M,7,FALSE),0)+IFERROR(VLOOKUP($A19,플랫폼2!$A:$M,12,FALSE),0) -> 0 | X19: =IFERROR(VLOOKUP($A19,모바일!$A:$F,5,FALSE),0) -> 0 | Y19: =IFERROR(VLOOKUP($A19,모바일!$A:$F,6,FALSE),0) -> 0 | Z19: =IFERROR(VLOOKUP(A19,플랫폼2!$A:$O,15,0),0) -> 0 | AA19: =M19=SUM(U19:Z19) -> TRUE
A20: 수수료수입-AS | B20: =IFERROR(VLOOKUP($A20,전사손익계산서!$A:$B,2,0),0) -> 0 | C20: =B20-E20-D20 -> 0 | D20: =IFERROR(VLOOKUP($A20,영업총괄!$A:$K,11,FALSE),0) -> 0 | E20: =SUM(F20:M20) -> 0 | F20: =IFERROR(VLOOKUP($A20,소매!A:B,2,FALSE),0) -> 0 | G20: =IFERROR(VLOOKUP($A20,도매!A:B,2,FALSE),0) -> 0 | H20: =Q20+R20 -> 0 | I20: =IFERROR(VLOOKUP($A20,법인영업팀!A:E,4,FALSE),0) -> 0 | J20: =IFERROR(VLOOKUP($A20,법인영업팀!A:E,5,FALSE),0) -> 0 | K20: =IFERROR(VLOOKUP($A20,법인영업팀!$A:$E,3,FALSE),0) -> 0 | L20: =IFERROR(VLOOKUP($A20,소상공인혁신팀!$A:$B,2,FALSE),0) -> 0 | M20: =IFERROR(VLOOKUP($A20,'유통플랫폼사업단 IU'!$A:$F,2,FALSE),0) -> 0 | O20: =B20=C20+D20+E20 -> TRUE | Q20: =IFERROR(VLOOKUP($A20,디지털강화팀!A:C,3,FALSE),0) -> 0 | R20: =IFERROR(VLOOKUP($A20,디지털강화팀!A:D,4,FALSE),0) -> 0 | S20: =Q20+R20=H20 -> TRUE | U20: =IFERROR(VLOOKUP($A20,플랫폼1!$A:$B,2,FALSE),0) -> 0 | V20: =IFERROR(VLOOKUP($A20,플랫폼2!$A:$M,12,FALSE),0)+IFERROR(VLOOKUP($A20,플랫폼2!$A:$M,13,FALSE),0) -> 0 | W20: =IFERROR(VLOOKUP($A20,플랫폼2!$A:$M,7,FALSE),0)+IFERROR(VLOOKUP($A20,플랫폼2!$A:$M,12,FALSE),0) -> 0 | X20: =IFERROR(VLOOKUP($A20,모바일!$A:$F,5,FALSE),0) -> 0 | Y20: =IFERROR(VLOOKUP($A20,모바일!$A:$F,6,FALSE),0) -> 0 | Z20: =IFERROR(VLOOKUP(A20,플랫폼2!$A:$O,15,0),0) -> 0 | AA20: =M20=SUM(U20:Z20) -> TRUE
A21: 수수료수입-정책 | B21: =IFERROR(VLOOKUP($A21,전사손익계산서!$A:$B,2,0),0) -> 904205387 | C21: =B21-E21-D21 -> 0 | D21: =IFERROR(VLOOKUP($A21,영업총괄!$A:$K,11,FALSE),0) -> 0 | E21: =SUM(F21:M21) -> 904205387 | F21: =IFERROR(VLOOKUP($A21,소매!A:B,2,FALSE),0) -> 19412727 | G21: =IFERROR(VLOOKUP($A21,도매!A:B,2,FALSE),0) -> 0 | H21: =Q21+R21 -> 902396000 | I21: =IFERROR(VLOOKUP($A21,법인영업팀!A:E,4,FALSE),0) -> -8975454 | J21: =IFERROR(VLOOKUP($A21,법인영업팀!A:E,5,FALSE),0) -> 0 | K21: =IFERROR(VLOOKUP($A21,법인영업팀!$A:$E,3,FALSE),0) -> -8627886 | L21: =IFERROR(VLOOKUP($A21,소상공인혁신팀!$A:$B,2,FALSE),0) -> 0 | M21: =IFERROR(VLOOKUP($A21,'유통플랫폼사업단 IU'!$A:$F,2,FALSE),0) -> 0 | O21: =B21=C21+D21+E21 -> TRUE | Q21: =IFERROR(VLOOKUP($A21,디지털강화팀!A:C,3,FALSE),0) -> 902396000 | R21: =IFERROR(VLOOKUP($A21,디지털강화팀!A:D,4,FALSE),0) -> 0 | S21: =Q21+R21=H21 -> TRUE | U21: =IFERROR(VLOOKUP($A21,플랫폼1!$A:$B,2,FALSE),0) -> 0 | V21: =IFERROR(VLOOKUP($A21,플랫폼2!$A:$M,12,FALSE),0)+IFERROR(VLOOKUP($A21,플랫폼2!$A:$M,13,FALSE),0) -> 0 | W21: =IFERROR(VLOOKUP($A21,플랫폼2!$A:$M,7,FALSE),0)+IFERROR(VLOOKUP($A21,플랫폼2!$A:$M,12,FALSE),0) -> 0 | X21: =IFERROR(VLOOKUP($A21,모바일!$A:$F,5,FALSE),0) -> 0 | Y21: =IFERROR(VLOOKUP($A21,모바일!$A:$F,6,FALSE),0) -> 0 | Z21: =IFERROR(VLOOKUP(A21,플랫폼2!$A:$O,15,0),0) -> 0 | AA21: =M21=SUM(U21:Z21) -> TRUE
... A24: 수수료수입-신사업 | B24: =IFERROR(VLOOKUP($A24,전사손익계산서!$A:$B,2,0),0) -> 0 | C24: =B24-E24-D24 -> 0 | D24: =IFERROR(VLOOKUP($A24,영업총괄!$A:$K,11,FALSE),0) -> 0 | E24: =SUM(F24:M24) -> 0 | F24: =IFERROR(VLOOKUP($A24,소매!A:B,2,FALSE),0) -> 0 | G24: =IFERROR(VLOOKUP($A24,도매!A:B,2,FALSE),0) -> 0 | H24: =Q24+R24 -> 0 | I24: =IFERROR(VLOOKUP($A24,법인영업팀!A:E,4,FALSE),0) -> 0 | J24: =IFERROR(VLOOKUP($A24,법인영업팀!A:E,5,FALSE),0) -> 0 | K24: =IFERROR(VLOOKUP($A24,법인영업팀!$A:$E,3,FALSE),0) -> 0 | L24: =IFERROR(VLOOKUP($A24,소상공인혁신팀!$A:$B,2,FALSE),0) -> 0 | M24: =IFERROR(VLOOKUP($A24,'유통플랫폼사업단 IU'!$A:$F,2,FALSE),0) -> 0 | O24: =B24=C24+D24+E24 -> TRUE | Q24: =IFERROR(VLOOKUP($A24,디지털강화팀!A:C,3,FALSE),0) -> 0 | R24: =IFERROR(VLOOKUP($A24,디지털강화팀!A:D,4,FALSE),0) -> 0 | S24: =Q24+R24=H24 -> TRUE | U24: =IFERROR(VLOOKUP($A24,플랫폼1!$A:$B,2,FALSE),0) -> 0 | V24: =IFERROR(VLOOKUP($A24,플랫폼2!$A:$M,12,FALSE),0)+IFERROR(VLOOKUP($A24,플랫폼2!$A:$M,13,FALSE),0) -> 0 | W24: =IFERROR(VLOOKUP($A24,플랫폼2!$A:$M,7,FALSE),0)+IFERROR(VLOOKUP($A24,플랫폼2!$A:$M,12,FALSE),0) -> 0 | X24: =IFERROR(VLOOKUP($A24,모바일!$A:$F,5,FALSE),0) -> 0 | Y24: =IFERROR(VLOOKUP($A24,모바일!$A:$F,6,FALSE),0) -> 0 | Z24: =IFERROR(VLOOKUP(A24,플랫폼2!$A:$O,15,0),0) -> 0 | AA24: =M24=SUM(U24:Z24) -> TRUE
A25: 매 출 원 가 | B25: =IFERROR(VLOOKUP($A25,전사손익계산서!$A:$B,2,0),0) -> 56501271076 | C25: =B25-E25-D25 -> 282778666 | D25: =IFERROR(VLOOKUP($A25,영업총괄!$A:$K,11,FALSE),0) -> 0 | E25: =SUM(F25:M25) -> 56218492410 | F25: =IFERROR(VLOOKUP($A25,소매!A:B,2,FALSE),0) -> 12676667140 | G25: =IFERROR(VLOOKUP($A25,도매!A:B,2,FALSE),0) -> 7283274766 | H25: =Q25+R25 -> 30445027703 | I25: =IFERROR(VLOOKUP($A25,법인영업팀!A:E,4,FALSE),0) -> 1231136249 | J25: =IFERROR(VLOOKUP($A25,법인영업팀!A:E,5,FALSE),0) -> -70809595 | K25: =IFERROR(VLOOKUP($A25,법인영업팀!$A:$E,3,FALSE),0) -> 3615404607 | L25: =IFERROR(VLOOKUP($A25,소상공인혁신팀!$A:$B,2,FALSE),0) -> 131198732 | M25: =IFERROR(VLOOKUP($A25,'유통플랫폼사업단 IU'!$A:$F,2,FALSE),0) -> 906592808 | O25: =B25=C25+D25+E25 -> TRUE | Q25: =IFERROR(VLOOKUP($A25,디지털강화팀!A:C,3,FALSE),0) -> 30310602604 | R25: =IFERROR(VLOOKUP($A25,디지털강화팀!A:D,4,FALSE),0) -> 134425099 | S25: =Q25+R25=H25 -> TRUE | U25: =IFERROR(VLOOKUP($A25,플랫폼1!$A:$B,2,FALSE),0) -> 5656121 | V25: =IFERROR(VLOOKUP($A25,플랫폼2!$A:$M,12,FALSE),0)+IFERROR(VLOOKUP($A25,플랫폼2!$A:$M,13,FALSE),0) -> 174648500 | W25: =IFERROR(VLOOKUP($A25,플랫폼2!$A:$M,7,FALSE),0)+IFERROR(VLOOKUP($A25,플랫폼2!$A:$M,12,FALSE),0) -> 552948187 | X25: =IFERROR(VLOOKUP($A25,모바일!$A:$S,17,FALSE),0) -> 1445000 | Y25: =IFERROR(VLOOKUP($A25,모바일!$A:$S,18,FALSE),0) -> 1445000 | Z25: =IFERROR(VLOOKUP(A25,플랫폼2!$A:$O,15,0),0) -> 170450000 | AA25: =M25=SUM(U25:Z25) -> TRUE
A26: 상 품 매 출 원 가 | B26: =IFERROR(VLOOKUP($A26,전사손익계산서!$A:$B,2,0),0) -> 56501271076 | C26: =B26-E26-D26 -> 282778666 | D26: =IFERROR(VLOOKUP($A26,영업총괄!$A:$K,11,FALSE),0) -> 0 | E26: =SUM(F26:M26) -> 56218492410 | F26: =IFERROR(VLOOKUP($A26,소매!A:B,2,FALSE),0) -> 12676667140 | G26: =IFERROR(VLOOKUP($A26,도매!A:B,2,FALSE),0) -> 7283274766 | H26: =Q26+R26 -> 30445027703 | I26: =IFERROR(VLOOKUP($A26,법인영업팀!A:E,4,FALSE),0) -> 1231136249 | J26: =IFERROR(VLOOKUP($A26,법인영업팀!A:E,5,FALSE),0) -> -70809595 | K26: =IFERROR(VLOOKUP($A26,법인영업팀!$A:$E,3,FALSE),0) -> 3615404607 | L26: =IFERROR(VLOOKUP($A26,소상공인혁신팀!$A:$B,2,FALSE),0) -> 131198732 | M26: =IFERROR(VLOOKUP($A26,'유통플랫폼사업단 IU'!$A:$F,2,FALSE),0) -> 906592808 | O26: =B26=C26+D26+E26 -> TRUE | Q26: =IFERROR(VLOOKUP($A26,디지털강화팀!A:C,3,FALSE),0) -> 30310602604 | R26: =IFERROR(VLOOKUP($A26,디지털강화팀!A:D,4,FALSE),0) -> 134425099 | S26: =Q26+R26=H26 -> TRUE | U26: =IFERROR(VLOOKUP($A26,플랫폼1!$A:$B,2,FALSE),0) -> 5656121 | V26: =IFERROR(VLOOKUP($A26,플랫폼2!$A:$M,12,FALSE),0)+IFERROR(VLOOKUP($A26,플랫폼2!$A:$M,13,FALSE),0) -> 174648500 | W26: =IFERROR(VLOOKUP($A26,플랫폼2!$A:$M,7,FALSE),0)+IFERROR(VLOOKUP($A26,플랫폼2!$A:$M,12,FALSE),0) -> 552948187 | X26: =IFERROR(VLOOKUP($A26,모바일!$A:$S,17,FALSE),0) -> 1445000 | Y26: =IFERROR(VLOOKUP($A26,모바일!$A:$S,18,FALSE),0) -> 1445000 | Z26: =IFERROR(VLOOKUP(A26,플랫폼2!$A:$O,15,0),0) -> 170450000 | AA26: =M26=SUM(U26:Z26) -> TRUE
A27: 매 출 총 이 익 | B27: =IFERROR(VLOOKUP($A27,전사손익계산서!$A:$B,2,0),0) -> 21162905628 | C27: =B27-E27-D27 -> -508118894 | D27: =IFERROR(VLOOKUP($A27,영업총괄!$A:$K,11,FALSE),0) -> 100018182 | E27: =SUM(F27:M27) -> 21571006340 | F27: =IFERROR(VLOOKUP($A27,소매!A:B,2,FALSE),0) -> 1.0277109e+10 | G27: =IFERROR(VLOOKUP($A27,도매!A:B,2,FALSE),0) -> 3.8054299e+09 | H27: =Q27+R27 -> 4214550894 | I27: =IFERROR(VLOOKUP($A27,법인영업팀!A:E,4,FALSE),0) -> 205522425 | J27: =IFERROR(VLOOKUP($A27,법인영업팀!A:E,5,FALSE),0) -> 370800713 | K27: =IFERROR(VLOOKUP($A27,법인영업팀!$A:$E,3,FALSE),0) -> 1143997616 | L27: =IFERROR(VLOOKUP($A27,소상공인혁신팀!$A:$B,2,FALSE),0) -> 986845969 | M27: =IFERROR(VLOOKUP($A27,'유통플랫폼사업단 IU'!$A:$F,2,FALSE),0) -> 566749519 | O27: =B27=C27+D27+E27 -> TRUE | Q27: =IFERROR(VLOOKUP($A27,디지털강화팀!A:C,3,FALSE),0) -> 3814551470 | R27: =IFERROR(VLOOKUP($A27,디지털강화팀!A:D,4,FALSE),0) -> 399999424 | S27: =Q27+R27=H27 -> TRUE | U27: =IFERROR(VLOOKUP($A27,플랫폼1!$A:$B,2,FALSE),0) -> 256606998 | V27: =IFERROR(VLOOKUP($A27,플랫폼2!$A:$M,12,FALSE),0)+IFERROR(VLOOKUP($A27,플랫폼2!$A:$M,13,FALSE),0) -> 1.5138832e+08 | W27: =IFERROR(VLOOKUP($A27,플랫폼2!$A:$M,7,FALSE),0)+IFERROR(VLOOKUP($A27,플랫폼2!$A:$M,12,FALSE),0) -> 1.1378802e+08 | X27: =IFERROR(VLOOKUP($A27,모바일!$A:$S,17,FALSE),0) -> 28955000 | Y27: =IFERROR(VLOOKUP($A27,모바일!$A:$S,18,FALSE),0) -> 23355000 | Z27: =IFERROR(VLOOKUP(A27,플랫폼2!$A:$O,15,0),0) -> -7343818 | AA27: =M27=SUM(U27:Z27) -> TRUE
A28: 판매비와일반관리비 | B28: =IFERROR(VLOOKUP($A28,전사손익계산서!$A:$B,2,0),0) -> 17380259391 | C28: =B28-E28-D28 -> -2.9797518e+08 | D28: =IFERROR(VLOOKUP($A28,영업총괄!$A:$K,11,FALSE),0) -> 604269852 | E28: =SUM(F28:M28) -> 1.7073965e+10 | F28: =IFERROR(VLOOKUP($A28,소매!A:B,2,FALSE),0) -> 8.4370555e+09 | G28: =IFERROR(VLOOKUP($A28,도매!A:B,2,FALSE),0) -> 2.6229872e+09 | H28: =Q28+R28 -> 3.2017358e+09 | I28: =IFERROR(VLOOKUP($A28,법인영업팀!A:E,4,FALSE),0) -> 1.0810799e+08 | J28: =IFERROR(VLOOKUP($A28,법인영업팀!A:E,5,FALSE),0) -> 3.290106e+08 | K28: =IFERROR(VLOOKUP($A28,법인영업팀!$A:$E,3,FALSE),0) -> 1.1017328e+09 | L28: =IFERROR(VLOOKUP($A28,소상공인혁신팀!$A:$B,2,FALSE),0) -> 7.586322e+08 | M28: =IFERROR(VLOOKUP($A28,'유통플랫폼사업단 IU'!$A:$F,2,FALSE),0) -> 514702584 | O28: =B28=C28+D28+E28 -> TRUE | Q28: =IFERROR(VLOOKUP($A28,디지털강화팀!A:C,3,FALSE),0) -> 2.9232582e+09 | R28: =IFERROR(VLOOKUP($A28,디지털강화팀!A:D,4,FALSE),0) -> 2.7847762e+08 | S28: =Q28+R28=H28 -> TRUE | U28: =IFERROR(VLOOKUP($A28,플랫폼1!$A:$B,2,FALSE),0) -> 293740787 | V28: =IFERROR(VLOOKUP($A28,플랫폼2!$A:$M,12,FALSE),0)+IFERROR(VLOOKUP($A28,플랫폼2!$A:$M,13,FALSE),0) -> 47945012 | W28: =IFERROR(VLOOKUP($A28,플랫폼2!$A:$M,7,FALSE),0)+IFERROR(VLOOKUP($A28,플랫폼2!$A:$M,12,FALSE),0) -> 35575539 | X28: =IFERROR(VLOOKUP($A28,모바일!$A:$S,17,FALSE),0) -> 23549611 | Y28: =IFERROR(VLOOKUP($A28,모바일!$A:$S,18,FALSE),0) -> 14823333 | Z28: =IFERROR(VLOOKUP(A28,플랫폼2!$A:$O,15,0),0) -> 99068301 | AA28: =M28=SUM(U28:Z28) -> TRUE
A29: 임 원 급 여 | B29: =IFERROR(VLOOKUP($A29,전사손익계산서!$A:$B,2,0),0) -> 107876570 | C29: =B29-E29-D29 -> 34788501 | D29: =IFERROR(VLOOKUP($A29,영업총괄!$A:$K,11,FALSE),0) -> 16220000 | E29: =SUM(F29:M29) -> 56868069 | F29: =IFERROR(VLOOKUP($A29,소매!A:B,2,FALSE),0) -> 40628274 | G29: =IFERROR(VLOOKUP($A29,도매!A:B,2,FALSE),0) -> 5548376.1 | H29: =Q29+R29 -> 0 | I29: =IFERROR(VLOOKUP($A29,법인영업팀!A:E,4,FALSE),0) -> 1307139.2 | J29: =IFERROR(VLOOKUP($A29,법인영업팀!A:E,5,FALSE),0) -> 1310341.3 | K29: =IFERROR(VLOOKUP($A29,법인영업팀!$A:$E,3,FALSE),0) -> 6596509.1 | L29: =IFERROR(VLOOKUP($A29,소상공인혁신팀!$A:$B,2,FALSE),0) -> 1477429.3 | M29: =IFERROR(VLOOKUP($A29,'유통플랫폼사업단 IU'!$A:$F,2,FALSE),0) -> 0 | O29: =B29=C29+D29+E29 -> TRUE | Q29: =IFERROR(VLOOKUP($A29,디지털강화팀!A:C,3,FALSE),0) -> 0 | R29: =IFERROR(VLOOKUP($A29,디지털강화팀!A:D,4,FALSE),0) -> 0 | S29: =Q29+R29=H29 -> TRUE | U29: =IFERROR(VLOOKUP($A29,플랫폼1!$A:$B,2,FALSE),0) -> 0 | V29: =IFERROR(VLOOKUP($A29,플랫폼2!$A:$M,12,FALSE),0)+IFERROR(VLOOKUP($A29,플랫폼2!$A:$M,13,FALSE),0) -> 0 | W29: =IFERROR(VLOOKUP($A29,플랫폼2!$A:$M,7,FALSE),0)+IFERROR(VLOOKUP($A29,플랫폼2!$A:$M,12,FALSE),0) -> 0 | X29: =IFERROR(VLOOKUP($A29,모바일!$A:$S,17,FALSE),0) -> 0 | Y29: =IFERROR(VLOOKUP($A29,모바일!$A:$S,18,FALSE),0) -> 0 | Z29: =IFERROR(VLOOKUP(A29,플랫폼2!$A:$O,15,0),0) -> 0 | AA29: =M29=SUM(U29:Z29) -> TRUE
A30: 직 원 급 여 | B30: =IFERROR(VLOOKUP($A30,전사손익계산서!$A:$B,2,0),0) -> 6535677603 | C30: =B30-E30-D30 -> 5.2512893e+08 | D30: =IFERROR(VLOOKUP($A30,영업총괄!$A:$K,11,FALSE),0) -> 177202700 | E30: =SUM(F30:M30) -> 5.833346e+09 | F30: =IFERROR(VLOOKUP($A30,소매!A:B,2,FALSE),0) -> 3.5928624e+09 | G30: =IFERROR(VLOOKUP($A30,도매!A:B,2,FALSE),0) -> 1.1742433e+09 | H30: =Q30+R30 -> 4.216996e+08 | I30: =IFERROR(VLOOKUP($A30,법인영업팀!A:E,4,FALSE),0) -> 46276690 | J30: =IFERROR(VLOOKUP($A30,법인영업팀!A:E,5,FALSE),0) -> 46390056 | K30: =IFERROR(VLOOKUP($A30,법인영업팀!$A:$E,3,FALSE),0) -> 2.3353642e+08 | L30: =IFERROR(VLOOKUP($A30,소상공인혁신팀!$A:$B,2,FALSE),0) -> 2.338562e+08 | M30: =IFERROR(VLOOKUP($A30,'유통플랫폼사업단 IU'!$A:$F,2,FALSE),0) -> 84481340 | O30: =B30=C30+D30+E30 -> TRUE | Q30: =IFERROR(VLOOKUP($A30,디지털강화팀!A:C,3,FALSE),0) -> 4.0061462e+08 | R30: =IFERROR(VLOOKUP($A30,디지털강화팀!A:D,4,FALSE),0) -> 21084980 | S30: =Q30+R30=H30 -> TRUE | U30: =IFERROR(VLOOKUP($A30,플랫폼1!$A:$B,2,FALSE),0) -> 18177100 | V30: =IFERROR(VLOOKUP($A30,플랫폼2!$A:$M,12,FALSE),0)+IFERROR(VLOOKUP($A30,플랫폼2!$A:$M,13,FALSE),0) -> 11360555 | W30: =IFERROR(VLOOKUP($A30,플랫폼2!$A:$M,7,FALSE),0)+IFERROR(VLOOKUP($A30,플랫폼2!$A:$M,12,FALSE),0) -> 11360555 | X30: =IFERROR(VLOOKUP($A30,모바일!$A:$S,17,FALSE),0) -> 2702054.2 | Y30: =IFERROR(VLOOKUP($A30,모바일!$A:$S,18,FALSE),0) -> 2702054.2 | Z30: =IFERROR(VLOOKUP(A30,플랫폼2!$A:$O,15,0),0) -> 38179022 | AA30: =M30=SUM(U30:Z30) -> TRUE
A31: 급료와임금 | B31: =IFERROR(VLOOKUP($A31,전사손익계산서!$A:$B,2,0),0) -> 747187230 | C31: =B31-E31-D31 -> 2.4895725e+08 | D31: =IFERROR(VLOOKUP($A31,영업총괄!$A:$K,11,FALSE),0) -> 64620240 | E31: =SUM(F31:M31) -> 4.3360974e+08 | F31: =IFERROR(VLOOKUP($A31,소매!A:B,2,FALSE),0) -> 2.1811076e+08 | G31: =IFERROR(VLOOKUP($A31,도매!A:B,2,FALSE),0) -> 1.0308398e+08 | H31: =Q31+R31 -> 28007229 | I31: =IFERROR(VLOOKUP($A31,법인영업팀!A:E,4,FALSE),0) -> 5484903.5 | J31: =IFERROR(VLOOKUP($A31,법인영업팀!A:E,5,FALSE),0) -> 5485554.8 | K31: =IFERROR(VLOOKUP($A31,법인영업팀!$A:$E,3,FALSE),0) -> 11522272 | L31: =IFERROR(VLOOKUP($A31,소상공인혁신팀!$A:$B,2,FALSE),0) -> 15311945 | M31: =IFERROR(VLOOKUP($A31,'유통플랫폼사업단 IU'!$A:$F,2,FALSE),0) -> 46603100 | O31: =B31=C31+D31+E31 -> TRUE | Q31: =IFERROR(VLOOKUP($A31,디지털강화팀!A:C,3,FALSE),0) -> 26606866 | R31: =IFERROR(VLOOKUP($A31,디지털강화팀!A:D,4,FALSE),0) -> 1400363 | S31: =Q31+R31=H31 -> TRUE | U31: =IFERROR(VLOOKUP($A31,플랫폼1!$A:$B,2,FALSE),0) -> 11023040 | V31: =IFERROR(VLOOKUP($A31,플랫폼2!$A:$M,12,FALSE),0)+IFERROR(VLOOKUP($A31,플랫폼2!$A:$M,13,FALSE),0) -> 7796060 | W31: =IFERROR(VLOOKUP($A31,플랫폼2!$A:$M,7,FALSE),0)+IFERROR(VLOOKUP($A31,플랫폼2!$A:$M,12,FALSE),0) -> 7796060 | X31: =IFERROR(VLOOKUP($A31,모바일!$A:$S,17,FALSE),0) -> 1665661.7 | Y31: =IFERROR(VLOOKUP($A31,모바일!$A:$S,18,FALSE),0) -> 1665661.7 | Z31: =IFERROR(VLOOKUP(A31,플랫폼2!$A:$O,15,0),0) -> 16656617 | AA31: =M31=SUM(U31:Z31) -> TRUE
A32: 초과근무수당 | B32: =IFERROR(VLOOKUP($A32,전사손익계산서!$A:$B,2,0),0) -> 137233150 | C32: =B32-E32-D32 -> 46009078 | D32: =IFERROR(VLOOKUP($A32,영업총괄!$A:$K,11,FALSE),0) -> 11898270 | E32: =SUM(F32:M32) -> 79325802 | F32: =IFERROR(VLOOKUP($A32,소매!A:B,2,FALSE),0) -> 40127133 | G32: =IFERROR(VLOOKUP($A32,도매!A:B,2,FALSE),0) -> 18543781 | H32: =Q32+R32 -> 5139895.4 | I32: =IFERROR(VLOOKUP($A32,법인영업팀!A:E,4,FALSE),0) -> 1019381.6 | J32: =IFERROR(VLOOKUP($A32,법인영업팀!A:E,5,FALSE),0) -> 1019496.5 | K32: =IFERROR(VLOOKUP($A32,법인영업팀!$A:$E,3,FALSE),0) -> 2137630.6 | L32: =IFERROR(VLOOKUP($A32,소상공인혁신팀!$A:$B,2,FALSE),0) -> 2829213.1 | M32: =IFERROR(VLOOKUP($A32,'유통플랫폼사업단 IU'!$A:$F,2,FALSE),0) -> 8509270 | O32: =B32=C32+D32+E32 -> TRUE | Q32: =IFERROR(VLOOKUP($A32,디지털강화팀!A:C,3,FALSE),0) -> 4882900.6 | R32: =IFERROR(VLOOKUP($A32,디지털강화팀!A:D,4,FALSE),0) -> 256994.77 | S32: =Q32+R32=H32 -> TRUE | U32: =IFERROR(VLOOKUP($A32,플랫폼1!$A:$B,2,FALSE),0) -> 2069480 | V32: =IFERROR(VLOOKUP($A32,플랫폼2!$A:$M,12,FALSE),0)+IFERROR(VLOOKUP($A32,플랫폼2!$A:$M,13,FALSE),0) -> 1437760 | W32: =IFERROR(VLOOKUP($A32,플랫폼2!$A:$M,7,FALSE),0)+IFERROR(VLOOKUP($A32,플랫폼2!$A:$M,12,FALSE),0) -> 1437760 | X32: =IFERROR(VLOOKUP($A32,모바일!$A:$S,17,FALSE),0) -> 297022.5 | Y32: =IFERROR(VLOOKUP($A32,모바일!$A:$S,18,FALSE),0) -> 297022.5 | Z32: =IFERROR(VLOOKUP(A32,플랫폼2!$A:$O,15,0),0) -> 2970225 | AA32: =M32=SUM(U32:Z32) -> TRUE
A33: 직책수당 | B33: =IFERROR(VLOOKUP($A33,전사손익계산서!$A:$B,2,0),0) -> 33700000 | C33: =B33-E33-D33 -> 12100000 | D33: =IFERROR(VLOOKUP($A33,영업총괄!$A:$K,11,FALSE),0) -> 2800000 | E33: =SUM(F33:M33) -> 18800000 | F33: =IFERROR(VLOOKUP($A33,소매!A:B,2,FALSE),0) -> 10158777 | G33: =IFERROR(VLOOKUP($A33,도매!A:B,2,FALSE),0) -> 3727443.7 | H33: =Q33+R33 -> 1113779.5 | I33: =IFERROR(VLOOKUP($A33,법인영업팀!A:E,4,FALSE),0) -> 350000 | J33: =IFERROR(VLOOKUP($A33,법인영업팀!A:E,5,FALSE),0) -> 350000 | K33: =IFERROR(VLOOKUP($A33,법인영업팀!$A:$E,3,FALSE),0) -> 700000 | L33: =IFERROR(VLOOKUP($A33,소상공인혁신팀!$A:$B,2,FALSE),0) -> 700000 | M33: =IFERROR(VLOOKUP($A33,'유통플랫폼사업단 IU'!$A:$F,2,FALSE),0) -> 1700000 | O33: =B33=C33+D33+E33 -> TRUE | Q33: =IFERROR(VLOOKUP($A33,디지털강화팀!A:C,3,FALSE),0) -> 1058090.5 | R33: =IFERROR(VLOOKUP($A33,디지털강화팀!A:D,4,FALSE),0) -> 55688.973 | S33: =Q33+R33=H33 -> TRUE | U33: =IFERROR(VLOOKUP($A33,플랫폼1!$A:$B,2,FALSE),0) -> 700000 | V33: =IFERROR(VLOOKUP($A33,플랫폼2!$A:$M,12,FALSE),0)+IFERROR(VLOOKUP($A33,플랫폼2!$A:$M,13,FALSE),0) -> 350000 | W33: =IFERROR(VLOOKUP($A33,플랫폼2!$A:$M,7,FALSE),0)+IFERROR(VLOOKUP($A33,플랫폼2!$A:$M,12,FALSE),0) -> 350000 | X33: =IFERROR(VLOOKUP($A33,모바일!$A:$S,17,FALSE),0) -> 25000 | Y33: =IFERROR(VLOOKUP($A33,모바일!$A:$S,18,FALSE),0) -> 25000 | Z33: =IFERROR(VLOOKUP(A33,플랫폼2!$A:$O,15,0),0) -> 250000 | AA33: =M33=SUM(U33:Z33) -> TRUE
A34: 연차수당 | B34: =IFERROR(VLOOKUP($A34,전사손익계산서!$A:$B,2,0),0) -> 24852270 | C34: =B34-E34-D34 -> 2407158.7 | D34: =IFERROR(VLOOKUP($A34,영업총괄!$A:$K,11,FALSE),0) -> 0 | E34: =SUM(F34:M34) -> 22445111 | F34: =IFERROR(VLOOKUP($A34,소매!A:B,2,FALSE),0) -> 16026475 | G34: =IFERROR(VLOOKUP($A34,도매!A:B,2,FALSE),0) -> 1913094.9 | H34: =Q34+R34 -> 0 | I34: =IFERROR(VLOOKUP($A34,법인영업팀!A:E,4,FALSE),0) -> 550850.13 | J34: =IFERROR(VLOOKUP($A34,법인영업팀!A:E,5,FALSE),0) -> 552199.57 | K34: =IFERROR(VLOOKUP($A34,법인영업팀!$A:$E,3,FALSE),0) -> 2779878.4 | L34: =IFERROR(VLOOKUP($A34,소상공인혁신팀!$A:$B,2,FALSE),0) -> 622613.22 | M34: =IFERROR(VLOOKUP($A34,'유통플랫폼사업단 IU'!$A:$F,2,FALSE),0) -> 0 | O34: =B34=C34+D34+E34 -> TRUE | Q34: =IFERROR(VLOOKUP($A34,디지털강화팀!A:C,3,FALSE),0) -> 0 | R34: =IFERROR(VLOOKUP($A34,디지털강화팀!A:D,4,FALSE),0) -> 0 | S34: =Q34+R34=H34 -> TRUE | U34: =IFERROR(VLOOKUP($A34,플랫폼1!$A:$B,2,FALSE),0) -> 0 | V34: =IFERROR(VLOOKUP($A34,플랫폼2!$A:$M,12,FALSE),0)+IFERROR(VLOOKUP($A34,플랫폼2!$A:$M,13,FALSE),0) -> 0 | W34: =IFERROR(VLOOKUP($A34,플랫폼2!$A:$M,7,FALSE),0)+IFERROR(VLOOKUP($A34,플랫폼2!$A:$M,12,FALSE),0) -> 0 | X34: =IFERROR(VLOOKUP($A34,모바일!$A:$S,17,FALSE),0) -> 0 | Y34: =IFERROR(VLOOKUP($A34,모바일!$A:$S,18,FALSE),0) -> 0 | Z34: =IFERROR(VLOOKUP(A34,플랫폼2!$A:$O,15,0),0) -> 0 | AA34: =M34=SUM(U34:Z34) -> TRUE
A35: 휴일근무수당 | B35: =IFERROR(VLOOKUP($A35,전사손익계산서!$A:$B,2,0),0) -> 10308310 | C35: =B35-E35-D35 -> 1290110 | D35: =IFERROR(VLOOKUP($A35,영업총괄!$A:$K,11,FALSE),0) -> 332140 | E35: =SUM(F35:M35) -> 8686060 | F35: =IFERROR(VLOOKUP($A35,소매!A:B,2,FALSE),0) -> 4994209 | G35: =IFERROR(VLOOKUP($A35,도매!A:B,2,FALSE),0) -> 3530971 | H35: =Q35+R35 -> 0 | I35: =IFERROR(VLOOKUP($A35,법인영업팀!A:E,4,FALSE),0) -> 0 | J35: =IFERROR(VLOOKUP($A35,법인영업팀!A:E,5,FALSE),0) -> 0 | K35: =IFERROR(VLOOKUP($A35,법인영업팀!$A:$E,3,FALSE),0) -> 0 | L35: =IFERROR(VLOOKUP($A35,소상공인혁신팀!$A:$B,2,FALSE),0) -> 0 | M35: =IFERROR(VLOOKUP($A35,'유통플랫폼사업단 IU'!$A:$F,2,FALSE),0) -> 160880 | O35: =B35=C35+D35+E35 -> TRUE | Q35: =IFERROR(VLOOKUP($A35,디지털강화팀!A:C,3,FALSE),0) -> 0 | R35: =IFERROR(VLOOKUP($A35,디지털강화팀!A:D,4,FALSE),0) -> 0 | S35: =Q35+R35=H35 -> TRUE | U35: =IFERROR(VLOOKUP($A35,플랫폼1!$A:$B,2,FALSE),0) -> 0 | V35: =IFERROR(VLOOKUP($A35,플랫폼2!$A:$M,12,FALSE),0)+IFERROR(VLOOKUP($A35,플랫폼2!$A:$M,13,FALSE),0) -> 40220 | W35: =IFERROR(VLOOKUP($A35,플랫폼2!$A:$M,7,FALSE),0)+IFERROR(VLOOKUP($A35,플랫폼2!$A:$M,12,FALSE),0) -> 40220 | X35: =IFERROR(VLOOKUP($A35,모바일!$A:$S,17,FALSE),0) -> 6703.3333 | Y35: =IFERROR(VLOOKUP($A35,모바일!$A:$S,18,FALSE),0) -> 6703.3333 | Z35: =IFERROR(VLOOKUP(A35,플랫폼2!$A:$O,15,0),0) -> 67033.333 | AA35: =M35=SUM(U35:Z35) -> TRUE
A36: 제수당기타 | B36: =IFERROR(VLOOKUP($A36,전사손익계산서!$A:$B,2,0),0) -> 19065130 | C36: =B36-E36-D36 -> 6604397.1 | D36: =IFERROR(VLOOKUP($A36,영업총괄!$A:$K,11,FALSE),0) -> 1166260 | E36: =SUM(F36:M36) -> 11294473 | F36: =IFERROR(VLOOKUP($A36,소매!A:B,2,FALSE),0) -> 4788227 | G36: =IFERROR(VLOOKUP($A36,도매!A:B,2,FALSE),0) -> 3264639.8 | H36: =Q36+R36 -> 560953.28 | I36: =IFERROR(VLOOKUP($A36,법인영업팀!A:E,4,FALSE),0) -> 114958.91 | J36: =IFERROR(VLOOKUP($A36,법인영업팀!A:E,5,FALSE),0) -> 115103.8 | K36: =IFERROR(VLOOKUP($A36,법인영업팀!$A:$E,3,FALSE),0) -> 798471.15 | L36: =IFERROR(VLOOKUP($A36,소상공인혁신팀!$A:$B,2,FALSE),0) -> 66848.999 | M36: =IFERROR(VLOOKUP($A36,'유통플랫폼사업단 IU'!$A:$F,2,FALSE),0) -> 1585270 | O36: =B36=C36+D36+E36 -> TRUE | Q36: =IFERROR(VLOOKUP($A36,디지털강화팀!A:C,3,FALSE),0) -> 532905.62 | R36: =IFERROR(VLOOKUP($A36,디지털강화팀!A:D,4,FALSE),0) -> 28047.664 | S36: =Q36+R36=H36 -> TRUE | U36: =IFERROR(VLOOKUP($A36,플랫폼1!$A:$B,2,FALSE),0) -> 500000 | V36: =IFERROR(VLOOKUP($A36,플랫폼2!$A:$M,12,FALSE),0)+IFERROR(VLOOKUP($A36,플랫폼2!$A:$M,13,FALSE),0) -> 0 | W36: =IFERROR(VLOOKUP($A36,플랫폼2!$A:$M,7,FALSE),0)+IFERROR(VLOOKUP($A36,플랫폼2!$A:$M,12,FALSE),0) -> 0 | X36: 90439.167 | Y36: 90439.167 | Z36: 904391.67 | AA36: =M36=SUM(U36:Z36) -> TRUE
A37: 급료와임금-SC직 | B37: =IFERROR(VLOOKUP($A37,전사손익계산서!$A:$B,2,0),0) -> 337560630 | C37: =B37-E37-D37 -> 25101030 | D37: =IFERROR(VLOOKUP($A37,영업총괄!$A:$K,11,FALSE),0) -> 0 | E37: =SUM(F37:M37) -> 312459600 | F37: =IFERROR(VLOOKUP($A37,소매!A:B,2,FALSE),0) -> 21551900 | G37: =IFERROR(VLOOKUP($A37,도매!A:B,2,FALSE),0) -> 0 | H37: =Q37+R37 -> 282077870 | I37: =IFERROR(VLOOKUP($A37,법인영업팀!A:E,4,FALSE),0) -> 0 | J37: =IFERROR(VLOOKUP($A37,법인영업팀!A:E,5,FALSE),0) -> 0 | K37: =IFERROR(VLOOKUP($A37,법인영업팀!$A:$E,3,FALSE),0) -> 8829830 | L37: =IFERROR(VLOOKUP($A37,소상공인혁신팀!$A:$B,2,FALSE),0) -> 0 | M37: =IFERROR(VLOOKUP($A37,'유통플랫폼사업단 IU'!$A:$F,2,FALSE),0) -> 0 | O37: =B37=C37+D37+E37 -> TRUE | Q37: =IFERROR(VLOOKUP($A37,디지털강화팀!A:C,3,FALSE),0) -> 267973977 | R37: =IFERROR(VLOOKUP($A37,디지털강화팀!A:D,4,FALSE),0) -> 14103893 | S37: =Q37+R37=H37 -> TRUE | U37: =IFERROR(VLOOKUP($A37,플랫폼1!$A:$B,2,FALSE),0) -> 0 | V37: =IFERROR(VLOOKUP($A37,플랫폼2!$A:$M,12,FALSE),0)+IFERROR(VLOOKUP($A37,플랫폼2!$A:$M,13,FALSE),0) -> 0 | W37: =IFERROR(VLOOKUP($A37,플랫폼2!$A:$M,7,FALSE),0)+IFERROR(VLOOKUP($A37,플랫폼2!$A:$M,12,FALSE),0) -> 0 | X37: =IFERROR(VLOOKUP($A37,모바일!$A:$S,17,FALSE),0) -> 0 | Y37: =IFERROR(VLOOKUP($A37,모바일!$A:$S,18,FALSE),0) -> 0 | Z37: =IFERROR(VLOOKUP(A37,플랫폼2!$A:$O,15,0),0) -> 0 | AA37: =M37=SUM(U37:Z37) -> TRUE
A38: 초과근무수당-SC직 | B38: =IFERROR(VLOOKUP($A38,전사손익계산서!$A:$B,2,0),0) -> 57264680 | C38: =B38-E38-D38 -> 4116190 | D38: =IFERROR(VLOOKUP($A38,영업총괄!$A:$K,11,FALSE),0) -> 0 | E38: =SUM(F38:M38) -> 53148490 | F38: =IFERROR(VLOOKUP($A38,소매!A:B,2,FALSE),0) -> 3647700 | G38: =IFERROR(VLOOKUP($A38,도매!A:B,2,FALSE),0) -> 0 | H38: =Q38+R38 -> 47987680 | I38: =IFERROR(VLOOKUP($A38,법인영업팀!A:E,4,FALSE),0) -> 0 | J38: =IFERROR(VLOOKUP($A38,법인영업팀!A:E,5,FALSE),0) -> 0 | K38: =IFERROR(VLOOKUP($A38,법인영업팀!$A:$E,3,FALSE),0) -> 1513110 | L38: =IFERROR(VLOOKUP($A38,소상공인혁신팀!$A:$B,2,FALSE),0) -> 0 | M38: =IFERROR(VLOOKUP($A38,'유통플랫폼사업단 IU'!$A:$F,2,FALSE),0) -> 0 | O38: =B38=C38+D38+E38 -> TRUE | Q38: =IFERROR(VLOOKUP($A38,디지털강화팀!A:C,3,FALSE),0) -> 45588296 | R38: =IFERROR(VLOOKUP($A38,디지털강화팀!A:D,4,FALSE),0) -> 2399384 | S38: =Q38+R38=H38 -> TRUE | U38: =IFERROR(VLOOKUP($A38,플랫폼1!$A:$B,2,FALSE),0) -> 0 | V38: =IFERROR(VLOOKUP($A38,플랫폼2!$A:$M,12,FALSE),0)+IFERROR(VLOOKUP($A38,플랫폼2!$A:$M,13,FALSE),0) -> 0 | W38: =IFERROR(VLOOKUP($A38,플랫폼2!$A:$M,7,FALSE),0)+IFERROR(VLOOKUP($A38,플랫폼2!$A:$M,12,FALSE),0) -> 0 | X38: =IFERROR(VLOOKUP($A38,모바일!$A:$S,17,FALSE),0) -> 0 | Y38: =IFERROR(VLOOKUP($A38,모바일!$A:$S,18,FALSE),0) -> 0 | Z38: =IFERROR(VLOOKUP(A38,플랫폼2!$A:$O,15,0),0) -> 0 | AA38: =M38=SUM(U38:Z38) -> TRUE
A39: 직책수당-SC직 | B39: =IFERROR(VLOOKUP($A39,전사손익계산서!$A:$B,2,0),0) -> 2100000 | C39: =B39-E39-D39 -> 300000 | D39: =IFERROR(VLOOKUP($A39,영업총괄!$A:$K,11,FALSE),0) -> 0 | E39: =SUM(F39:M39) -> 1800000 | F39: =IFERROR(VLOOKUP($A39,소매!A:B,2,FALSE),0) -> 0 | G39: =IFERROR(VLOOKUP($A39,도매!A:B,2,FALSE),0) -> 0 | H39: =Q39+R39 -> 1800000 | I39: =IFERROR(VLOOKUP($A39,법인영업팀!A:E,4,FALSE),0) -> 0 | J39: =IFERROR(VLOOKUP($A39,법인영업팀!A:E,5,FALSE),0) -> 0 | K39: =IFERROR(VLOOKUP($A39,법인영업팀!$A:$E,3,FALSE),0) -> 0 | L39: =IFERROR(VLOOKUP($A39,소상공인혁신팀!$A:$B,2,FALSE),0) -> 0 | M39: =IFERROR(VLOOKUP($A39,'유통플랫폼사업단 IU'!$A:$F,2,FALSE),0) -> 0 | O39: =B39=C39+D39+E39 -> TRUE | Q39: =IFERROR(VLOOKUP($A39,디지털강화팀!A:C,3,FALSE),0) -> 1710000 | R39: =IFERROR(VLOOKUP($A39,디지털강화팀!A:D,4,FALSE),0) -> 90000 | S39: =Q39+R39=H39 -> TRUE | U39: =IFERROR(VLOOKUP($A39,플랫폼1!$A:$B,2,FALSE),0) -> 0 | V39: =IFERROR(VLOOKUP($A39,플랫폼2!$A:$M,12,FALSE),0)+IFERROR(VLOOKUP($A39,플랫폼2!$A:$M,13,FALSE),0) -> 0 | W39: =IFERROR(VLOOKUP($A39,플랫폼2!$A:$M,7,FALSE),0)+IFERROR(VLOOKUP($A39,플랫폼2!$A:$M,12,FALSE),0) -> 0 | X39: =IFERROR(VLOOKUP($A39,모바일!$A:$S,17,FALSE),0) -> 0 | Y39: =IFERROR(VLOOKUP($A39,모바일!$A:$S,18,FALSE),0) -> 0 | Z39: =IFERROR(VLOOKUP(A39,플랫폼2!$A:$O,15,0),0) -> 0 | AA39: =M39=SUM(U39:Z39) -> TRUE
A40: 휴일근무수당-SC직 | B40: =IFERROR(VLOOKUP($A40,전사손익계산서!$A:$B,2,0),0) -> 0 | C40: =B40-E40-D40 -> 0 | D40: =IFERROR(VLOOKUP($A40,영업총괄!$A:$K,11,FALSE),0) -> 0 | E40: =SUM(F40:M40) -> 0 | F40: =IFERROR(VLOOKUP($A40,소매!A:B,2,FALSE),0) -> 0 | G40: =IFERROR(VLOOKUP($A40,도매!A:B,2,FALSE),0) -> 0 | H40: =Q40+R40 -> 0 | I40: =IFERROR(VLOOKUP($A40,법인영업팀!A:E,4,FALSE),0) -> 0 | J40: =IFERROR(VLOOKUP($A40,법인영업팀!A:E,5,FALSE),0) -> 0 | K40: =IFERROR(VLOOKUP($A40,법인영업팀!$A:$E,3,FALSE),0) -> 0 | L40: =IFERROR(VLOOKUP($A40,소상공인혁신팀!$A:$B,2,FALSE),0) -> 0 | M40: =IFERROR(VLOOKUP($A40,'유통플랫폼사업단 IU'!$A:$F,2,FALSE),0) -> 0 | O40: =B40=C40+D40+E40 -> TRUE | Q40: =IFERROR(VLOOKUP($A40,디지털강화팀!A:C,3,FALSE),0) -> 0 | R40: =IFERROR(VLOOKUP($A40,디지털강화팀!A:D,4,FALSE),0) -> 0 | S40: =Q40+R40=H40 -> TRUE | U40: =IFERROR(VLOOKUP($A40,플랫폼1!$A:$B,2,FALSE),0) -> 0 | V40: =IFERROR(VLOOKUP($A40,플랫폼2!$A:$M,12,FALSE),0)+IFERROR(VLOOKUP($A40,플랫폼2!$A:$M,13,FALSE),0) -> 0 | W40: =IFERROR(VLOOKUP($A40,플랫폼2!$A:$M,7,FALSE),0)+IFERROR(VLOOKUP($A40,플랫폼2!$A:$M,12,FALSE),0) -> 0 | X40: =IFERROR(VLOOKUP($A40,모바일!$A:$S,17,FALSE),0) -> 0 | Y40: =IFERROR(VLOOKUP($A40,모바일!$A:$S,18,FALSE),0) -> 0 | Z40: =IFERROR(VLOOKUP(A40,플랫폼2!$A:$O,15,0),0) -> 0 | AA40: =M40=SUM(U40:Z40) -> TRUE
A41: 연차수당-SC직 | B41: =IFERROR(VLOOKUP($A41,전사손익계산서!$A:$B,2,0),0) -> 0 | C41: =B41-E41-D41 -> 0 | D41: =IFERROR(VLOOKUP($A41,영업총괄!$A:$K,11,FALSE),0) -> 0 | E41: =SUM(F41:M41) -> 0 | F41: =IFERROR(VLOOKUP($A41,소매!A:B,2,FALSE),0) -> 0 | G41: =IFERROR(VLOOKUP($A41,도매!A:B,2,FALSE),0) -> 0 | H41: =Q41+R41 -> 0 | I41: =IFERROR(VLOOKUP($A41,법인영업팀!A:E,4,FALSE),0) -> 0 | J41: =IFERROR(VLOOKUP($A41,법인영업팀!A:E,5,FALSE),0) -> 0 | K41: =IFERROR(VLOOKUP($A41,법인영업팀!$A:$E,3,FALSE),0) -> 0 | L41: =IFERROR(VLOOKUP($A41,소상공인혁신팀!$A:$B,2,FALSE),0) -> 0 | M41: =IFERROR(VLOOKUP($A41,'유통플랫폼사업단 IU'!$A:$F,2,FALSE),0) -> 0 | O41: =B41=C41+D41+E41 -> TRUE | Q41: =IFERROR(VLOOKUP($A41,디지털강화팀!A:C,3,FALSE),0) -> 0 | R41: =IFERROR(VLOOKUP($A41,디지털강화팀!A:D,4,FALSE),0) -> 0 | S41: =Q41+R41=H41 -> TRUE | U41: =IFERROR(VLOOKUP($A41,플랫폼1!$A:$B,2,FALSE),0) -> 0 | V41: =IFERROR(VLOOKUP($A41,플랫폼2!$A:$M,12,FALSE),0)+IFERROR(VLOOKUP($A41,플랫폼2!$A:$M,13,FALSE),0) -> 0 | W41: =IFERROR(VLOOKUP($A41,플랫폼2!$A:$M,7,FALSE),0)+IFERROR(VLOOKUP($A41,플랫폼2!$A:$M,12,FALSE),0) -> 0 | X41: =IFERROR(VLOOKUP($A41,모바일!$A:$S,17,FALSE),0) -> 0 | Y41: =IFERROR(VLOOKUP($A41,모바일!$A:$S,18,FALSE),0) -> 0 | Z41: =IFERROR(VLOOKUP(A41,플랫폼2!$A:$O,15,0),0) -> 0 | AA41: =M41=SUM(U41:Z41) -> TRUE
A42: 제수당기타-기타직 | B42: =IFERROR(VLOOKUP($A42,전사손익계산서!$A:$B,2,0),0) -> 0 | C42: =B42-E42-D42 -> 0 | D42: =IFERROR(VLOOKUP($A42,영업총괄!$A:$K,11,FALSE),0) -> 0 | E42: =SUM(F42:M42) -> 0 | F42: =IFERROR(VLOOKUP($A42,소매!A:B,2,FALSE),0) -> 0 | G42: =IFERROR(VLOOKUP($A42,도매!A:B,2,FALSE),0) -> 0 | H42: =Q42+R42 -> 0 | I42: =IFERROR(VLOOKUP($A42,법인영업팀!A:E,4,FALSE),0) -> 0 | J42: =IFERROR(VLOOKUP($A42,법인영업팀!A:E,5,FALSE),0) -> 0 | K42: =IFERROR(VLOOKUP($A42,법인영업팀!$A:$E,3,FALSE),0) -> 0 | L42: =IFERROR(VLOOKUP($A42,소상공인혁신팀!$A:$B,2,FALSE),0) -> 0 | M42: =IFERROR(VLOOKUP($A42,'유통플랫폼사업단 IU'!$A:$F,2,FALSE),0) -> 0 | O42: =B42=C42+D42+E42 -> TRUE | Q42: =IFERROR(VLOOKUP($A42,디지털강화팀!A:C,3,FALSE),0) -> 0 | R42: =IFERROR(VLOOKUP($A42,디지털강화팀!A:D,4,FALSE),0) -> 0 | S42: =Q42+R42=H42 -> TRUE | U42: =IFERROR(VLOOKUP($A42,플랫폼1!$A:$B,2,FALSE),0) -> 0 | V42: =IFERROR(VLOOKUP($A42,플랫폼2!$A:$M,12,FALSE),0)+IFERROR(VLOOKUP($A42,플랫폼2!$A:$M,13,FALSE),0) -> 0 | W42: =IFERROR(VLOOKUP($A42,플랫폼2!$A:$M,7,FALSE),0)+IFERROR(VLOOKUP($A42,플랫폼2!$A:$M,12,FALSE),0) -> 0 | X42: =IFERROR(VLOOKUP($A42,모바일!$A:$S,17,FALSE),0) -> 0 | Y42: =IFERROR(VLOOKUP($A42,모바일!$A:$S,18,FALSE),0) -> 0 | Z42: =IFERROR(VLOOKUP(A42,플랫폼2!$A:$O,15,0),0) -> 0 | AA42: =M42=SUM(U42:Z42) -> TRUE
A43: 복리급식보조비 | B43: =IFERROR(VLOOKUP($A43,전사손익계산서!$A:$B,2,0),0) -> 28960000 | C43: =B43-E43-D43 -> 9751892.6 | D43: =IFERROR(VLOOKUP($A43,영업총괄!$A:$K,11,FALSE),0) -> 2550000 | E43: =SUM(F43:M43) -> 16658107 | F43: =IFERROR(VLOOKUP($A43,소매!A:B,2,FALSE),0) -> 8237471.9 | G43: =IFERROR(VLOOKUP($A43,도매!A:B,2,FALSE),0) -> 4159931.1 | H43: =Q43+R43 -> 1097597 | I43: =IFERROR(VLOOKUP($A43,법인영업팀!A:E,4,FALSE),0) -> 181665.94 | J43: =IFERROR(VLOOKUP($A43,법인영업팀!A:E,5,FALSE),0) -> 181731.26 | K43: =IFERROR(VLOOKUP($A43,법인영업팀!$A:$E,3,FALSE),0) -> 444570.28 | L43: =IFERROR(VLOOKUP($A43,소상공인혁신팀!$A:$B,2,FALSE),0) -> 650139.89 | M43: =IFERROR(VLOOKUP($A43,'유통플랫폼사업단 IU'!$A:$F,2,FALSE),0) -> 1705000 | O43: =B43=C43+D43+E43 -> TRUE | Q43: =IFERROR(VLOOKUP($A43,디지털강화팀!A:C,3,FALSE),0) -> 1042717.2 | R43: =IFERROR(VLOOKUP($A43,디지털강화팀!A:D,4,FALSE),0) -> 54879.851 | S43: =Q43+R43=H43 -> TRUE | U43: =IFERROR(VLOOKUP($A43,플랫폼1!$A:$B,2,FALSE),0) -> 465000 | V43: =IFERROR(VLOOKUP($A43,플랫폼2!$A:$M,12,FALSE),0)+IFERROR(VLOOKUP($A43,플랫폼2!$A:$M,13,FALSE),0) -> 310000 | W43: =IFERROR(VLOOKUP($A43,플랫폼2!$A:$M,7,FALSE),0)+IFERROR(VLOOKUP($A43,플랫폼2!$A:$M,12,FALSE),0) -> 310000 | X43: =IFERROR(VLOOKUP($A43,모바일!$A:$S,17,FALSE),0) -> 51666.667 | Y43: =IFERROR(VLOOKUP($A43,모바일!$A:$S,18,FALSE),0) -> 51666.667 | Z43: =IFERROR(VLOOKUP(A43,플랫폼2!$A:$O,15,0),0) -> 516666.67 | AA43: =M43=SUM(U43:Z43) -> TRUE
A44: 복리차량보조비 | B44: =IFERROR(VLOOKUP($A44,전사손익계산서!$A:$B,2,0),0) -> 0 | C44: =B44-E44-D44 -> 0 | D44: =IFERROR(VLOOKUP($A44,영업총괄!$A:$K,11,FALSE),0) -> 0 | E44: =SUM(F44:M44) -> 0 | F44: =IFERROR(VLOOKUP($A44,소매!A:B,2,FALSE),0) -> 0 | G44: =IFERROR(VLOOKUP($A44,도매!A:B,2,FALSE),0) -> 0 | H44: =Q44+R44 -> 0 | I44: =IFERROR(VLOOKUP($A44,법인영업팀!A:E,4,FALSE),0) -> 0 | J44: =IFERROR(VLOOKUP($A44,법인영업팀!A:E,5,FALSE),0) -> 0 | K44: =IFERROR(VLOOKUP($A44,법인영업팀!$A:$E,3,FALSE),0) -> 0 | L44: =IFERROR(VLOOKUP($A44,소상공인혁신팀!$A:$B,2,FALSE),0) -> 0 | M44: =IFERROR(VLOOKUP($A44,'유통플랫폼사업단 IU'!$A:$F,2,FALSE),0) -> 0 | O44: =B44=C44+D44+E44 -> TRUE | Q44: =IFERROR(VLOOKUP($A44,디지털강화팀!A:C,3,FALSE),0) -> 0 | R44: =IFERROR(VLOOKUP($A44,디지털강화팀!A:D,4,FALSE),0) -> 0 | S44: =Q44+R44=H44 -> TRUE | U44: =IFERROR(VLOOKUP($A44,플랫폼1!$A:$B,2,FALSE),0) -> 0 | V44: =IFERROR(VLOOKUP($A44,플랫폼2!$A:$M,12,FALSE),0)+IFERROR(VLOOKUP($A44,플랫폼2!$A:$M,13,FALSE),0) -> 0 | W44: =IFERROR(VLOOKUP($A44,플랫폼2!$A:$M,7,FALSE),0)+IFERROR(VLOOKUP($A44,플랫폼2!$A:$M,12,FALSE),0) -> 0 | X44: =IFERROR(VLOOKUP($A44,모바일!$A:$S,17,FALSE),0) -> 0 | Y44: =IFERROR(VLOOKUP($A44,모바일!$A:$S,18,FALSE),0) -> 0 | Z44: =IFERROR(VLOOKUP(A44,플랫폼2!$A:$O,15,0),0) -> 0 | AA44: =M44=SUM(U44:Z44) -> TRUE
A45: 복리급식보조비-SC직 | B45: =IFERROR(VLOOKUP($A45,전사손익계산서!$A:$B,2,0),0) -> 23790000 | C45: =B45-E45-D45 -> 1840000 | D45: =IFERROR(VLOOKUP($A45,영업총괄!$A:$K,11,FALSE),0) -> 0 | E45: =SUM(F45:M45) -> 21950000 | F45: =IFERROR(VLOOKUP($A45,소매!A:B,2,FALSE),0) -> 1550000 | G45: =IFERROR(VLOOKUP($A45,도매!A:B,2,FALSE),0) -> 0 | H45: =Q45+R45 -> 19780000 | I45: =IFERROR(VLOOKUP($A45,법인영업팀!A:E,4,FALSE),0) -> 0 | J45: =IFERROR(VLOOKUP($A45,법인영업팀!A:E,5,FALSE),0) -> 0 | K45: =IFERROR(VLOOKUP($A45,법인영업팀!$A:$E,3,FALSE),0) -> 620000 | L45: =IFERROR(VLOOKUP($A45,소상공인혁신팀!$A:$B,2,FALSE),0) -> 0 | M45: =IFERROR(VLOOKUP($A45,'유통플랫폼사업단 IU'!$A:$F,2,FALSE),0) -> 0 | O45: =B45=C45+D45+E45 -> TRUE | Q45: =IFERROR(VLOOKUP($A45,디지털강화팀!A:C,3,FALSE),0) -> 18791000 | R45: =IFERROR(VLOOKUP($A45,디지털강화팀!A:D,4,FALSE),0) -> 989000 | S45: =Q45+R45=H45 -> TRUE | U45: =IFERROR(VLOOKUP($A45,플랫폼1!$A:$B,2,FALSE),0) -> 0 | V45: =IFERROR(VLOOKUP($A45,플랫폼2!$A:$M,12,FALSE),0)+IFERROR(VLOOKUP($A45,플랫폼2!$A:$M,13,FALSE),0) -> 0 | W45: =IFERROR(VLOOKUP($A45,플랫폼2!$A:$M,7,FALSE),0)+IFERROR(VLOOKUP($A45,플랫폼2!$A:$M,12,FALSE),0) -> 0 | X45: =IFERROR(VLOOKUP($A45,모바일!$A:$S,17,FALSE),0) -> 0 | Y45: =IFERROR(VLOOKUP($A45,모바일!$A:$S,18,FALSE),0) -> 0 | Z45: =IFERROR(VLOOKUP(A45,플랫폼2!$A:$O,15,0),0) -> 0 | AA45: =M45=SUM(U45:Z45) -> TRUE
A46: 복리심야근무실비 | B46: =IFERROR(VLOOKUP($A46,전사손익계산서!$A:$B,2,0),0) -> 0 | C46: =B46-E46-D46 -> 0 | D46: =IFERROR(VLOOKUP($A46,영업총괄!$A:$K,11,FALSE),0) -> 0 | E46: =SUM(F46:M46) -> 0 | F46: =IFERROR(VLOOKUP($A46,소매!A:B,2,FALSE),0) -> 0 | G46: =IFERROR(VLOOKUP($A46,도매!A:B,2,FALSE),0) -> 0 | H46: =Q46+R46 -> 0 | I46: =IFERROR(VLOOKUP($A46,법인영업팀!A:E,4,FALSE),0) -> 0 | J46: =IFERROR(VLOOKUP($A46,법인영업팀!A:E,5,FALSE),0) -> 0 | K46: =IFERROR(VLOOKUP($A46,법인영업팀!$A:$E,3,FALSE),0) -> 0 | L46: =IFERROR(VLOOKUP($A46,소상공인혁신팀!$A:$B,2,FALSE),0) -> 0 | M46: =IFERROR(VLOOKUP($A46,'유통플랫폼사업단 IU'!$A:$F,2,FALSE),0) -> 0 | O46: =B46=C46+D46+E46 -> TRUE | Q46: =IFERROR(VLOOKUP($A46,디지털강화팀!A:C,3,FALSE),0) -> 0 | R46: =IFERROR(VLOOKUP($A46,디지털강화팀!A:D,4,FALSE),0) -> 0 | S46: =Q46+R46=H46 -> TRUE | U46: =IFERROR(VLOOKUP($A46,플랫폼1!$A:$B,2,FALSE),0) -> 0 | V46: =IFERROR(VLOOKUP($A46,플랫폼2!$A:$M,12,FALSE),0)+IFERROR(VLOOKUP($A46,플랫폼2!$A:$M,13,FALSE),0) -> 0 | W46: =IFERROR(VLOOKUP($A46,플랫폼2!$A:$M,7,FALSE),0)+IFERROR(VLOOKUP($A46,플랫폼2!$A:$M,12,FALSE),0) -> 0 | X46: =IFERROR(VLOOKUP($A46,모바일!$A:$S,17,FALSE),0) -> 0 | Y46: =IFERROR(VLOOKUP($A46,모바일!$A:$S,18,FALSE),0) -> 0 | Z46: =IFERROR(VLOOKUP(A46,플랫폼2!$A:$O,15,0),0) -> 0 | AA46: =M46=SUM(U46:Z46) -> TRUE
A47: 복리심야근무실비-SC직 | B47: =IFERROR(VLOOKUP($A47,전사손익계산서!$A:$B,2,0),0) -> 0 | C47: =B47-E47-D47 -> 0 | D47: =IFERROR(VLOOKUP($A47,영업총괄!$A:$K,11,FALSE),0) -> 0 | E47: =SUM(F47:M47) -> 0 | F47: =IFERROR(VLOOKUP($A47,소매!A:B,2,FALSE),0) -> 0 | G47: =IFERROR(VLOOKUP($A47,도매!A:B,2,FALSE),0) -> 0 | H47: =Q47+R47 -> 0 | I47: =IFERROR(VLOOKUP($A47,법인영업팀!A:E,4,FALSE),0) -> 0 | J47: =IFERROR(VLOOKUP($A47,법인영업팀!A:E,5,FALSE),0) -> 0 | K47: =IFERROR(VLOOKUP($A47,법인영업팀!$A:$E,3,FALSE),0) -> 0 | L47: =IFERROR(VLOOKUP($A47,소상공인혁신팀!$A:$B,2,FALSE),0) -> 0 | M47: =IFERROR(VLOOKUP($A47,'유통플랫폼사업단 IU'!$A:$F,2,FALSE),0) -> 0 | O47: =B47=C47+D47+E47 -> TRUE | Q47: =IFERROR(VLOOKUP($A47,디지털강화팀!A:C,3,FALSE),0) -> 0 | R47: =IFERROR(VLOOKUP($A47,디지털강화팀!A:D,4,FALSE),0) -> 0 | S47: =Q47+R47=H47 -> TRUE | U47: =IFERROR(VLOOKUP($A47,플랫폼1!$A:$B,2,FALSE),0) -> 0 | V47: =IFERROR(VLOOKUP($A47,플랫폼2!$A:$M,12,FALSE),0)+IFERROR(VLOOKUP($A47,플랫폼2!$A:$M,13,FALSE),0) -> 0 | W47: =IFERROR(VLOOKUP($A47,플랫폼2!$A:$M,7,FALSE),0)+IFERROR(VLOOKUP($A47,플랫폼2!$A:$M,12,FALSE),0) -> 0 | X47: =IFERROR(VLOOKUP($A47,모바일!$A:$S,17,FALSE),0) -> 0 | Y47: =IFERROR(VLOOKUP($A47,모바일!$A:$S,18,FALSE),0) -> 0 | Z47: =IFERROR(VLOOKUP(A47,플랫폼2!$A:$O,15,0),0) -> 0 | AA47: =M47=SUM(U47:Z47) -> TRUE
A48: 급료와임금-영업직 | B48: =IFERROR(VLOOKUP($A48,전사손익계산서!$A:$B,2,0),0) -> 3977377840 | C48: =B48-E48-D48 -> 127906350 | D48: =IFERROR(VLOOKUP($A48,영업총괄!$A:$K,11,FALSE),0) -> 75279010 | E48: =SUM(F48:M48) -> 3774192480 | F48: =IFERROR(VLOOKUP($A48,소매!A:B,2,FALSE),0) -> 2.5544533e+09 | G48: =IFERROR(VLOOKUP($A48,도매!A:B,2,FALSE),0) -> 8.0769401e+08 | H48: =Q48+R48 -> 25478380 | I48: =IFERROR(VLOOKUP($A48,법인영업팀!A:E,4,FALSE),0) -> 31061465 | J48: =IFERROR(VLOOKUP($A48,법인영업팀!A:E,5,FALSE),0) -> 31484415 | K48: =IFERROR(VLOOKUP($A48,법인영업팀!$A:$E,3,FALSE),0) -> 161704269 | L48: =IFERROR(VLOOKUP($A48,소상공인혁신팀!$A:$B,2,FALSE),0) -> 143421941 | M48: =IFERROR(VLOOKUP($A48,'유통플랫폼사업단 IU'!$A:$F,2,FALSE),0) -> 18894740 | O48: =B48=C48+D48+E48 -> TRUE | Q48: =IFERROR(VLOOKUP($A48,디지털강화팀!A:C,3,FALSE),0) -> 24204461 | R48: =IFERROR(VLOOKUP($A48,디지털강화팀!A:D,4,FALSE),0) -> 1273919 | S48: =Q48+R48=H48 -> TRUE | U48: =IFERROR(VLOOKUP($A48,플랫폼1!$A:$B,2,FALSE),0) -> 2366450 | V48: =IFERROR(VLOOKUP($A48,플랫폼2!$A:$M,12,FALSE),0)+IFERROR(VLOOKUP($A48,플랫폼2!$A:$M,13,FALSE),0) -> 1349015 | W48: =IFERROR(VLOOKUP($A48,플랫폼2!$A:$M,7,FALSE),0)+IFERROR(VLOOKUP($A48,플랫폼2!$A:$M,12,FALSE),0) -> 1349015 | X48: =IFERROR(VLOOKUP($A48,모바일!$A:$S,17,FALSE),0) -> 426620 | Y48: =IFERROR(VLOOKUP($A48,모바일!$A:$S,18,FALSE),0) -> 426620 | Z48: =IFERROR(VLOOKUP(A48,플랫폼2!$A:$O,15,0),0) -> 12977020 | AA48: =M48=SUM(U48:Z48) -> TRUE
A49: 초과근무수당-영업직 | B49: =IFERROR(VLOOKUP($A49,전사손익계산서!$A:$B,2,0),0) -> 672292110 | C49: =B49-E49-D49 -> 20491890 | D49: =IFERROR(VLOOKUP($A49,영업총괄!$A:$K,11,FALSE),0) -> 12574210 | E49: =SUM(F49:M49) -> 639226010 | F49: =IFERROR(VLOOKUP($A49,소매!A:B,2,FALSE),0) -> 4.3417013e+08 | G49: =IFERROR(VLOOKUP($A49,도매!A:B,2,FALSE),0) -> 1.3620891e+08 | H49: =Q49+R49 -> 4469910 | I49: =IFERROR(VLOOKUP($A49,법인영업팀!A:E,4,FALSE),0) -> 5015880 | J49: =IFERROR(VLOOKUP($A49,법인영업팀!A:E,5,FALSE),0) -> 4703970 | K49: =IFERROR(VLOOKUP($A49,법인영업팀!$A:$E,3,FALSE),0) -> 27741614 | L49: =IFERROR(VLOOKUP($A49,소상공인혁신팀!$A:$B,2,FALSE),0) -> 24132516 | M49: =IFERROR(VLOOKUP($A49,'유통플랫폼사업단 IU'!$A:$F,2,FALSE),0) -> 2783080 | O49: =B49=C49+D49+E49 -> TRUE | Q49: =IFERROR(VLOOKUP($A49,디지털강화팀!A:C,3,FALSE),0) -> 4246415 | R49: =IFERROR(VLOOKUP($A49,디지털강화팀!A:D,4,FALSE),0) -> 223495 | S49: =Q49+R49=H49 -> TRUE | U49: =IFERROR(VLOOKUP($A49,플랫폼1!$A:$B,2,FALSE),0) -> 398130 | V49: =IFERROR(VLOOKUP($A49,플랫폼2!$A:$M,12,FALSE),0)+IFERROR(VLOOKUP($A49,플랫폼2!$A:$M,13,FALSE),0) -> 0 | W49: =IFERROR(VLOOKUP($A49,플랫폼2!$A:$M,7,FALSE),0)+IFERROR(VLOOKUP($A49,플랫폼2!$A:$M,12,FALSE),0) -> 0 | X49: 71440.833 | Y49: 71440.833 | Z49: 2242068.3 | AA49: =M49=SUM(U49:Z49) -> TRUE
A50: 직책수당-영업직 | B50: =IFERROR(VLOOKUP($A50,전사손익계산서!$A:$B,2,0),0) -> 124164640 | C50: =B50-E50-D50 -> 6454840 | D50: =IFERROR(VLOOKUP($A50,영업총괄!$A:$K,11,FALSE),0) -> 600000 | E50: =SUM(F50:M50) -> 117109800 | F50: =IFERROR(VLOOKUP($A50,소매!A:B,2,FALSE),0) -> 85271050 | G50: =IFERROR(VLOOKUP($A50,도매!A:B,2,FALSE),0) -> 26193560 | H50: =Q50+R50 -> 1200000 | I50: =IFERROR(VLOOKUP($A50,법인영업팀!A:E,4,FALSE),0) -> 372585 | J50: =IFERROR(VLOOKUP($A50,법인영업팀!A:E,5,FALSE),0) -> 372585 | K50: =IFERROR(VLOOKUP($A50,법인영업팀!$A:$E,3,FALSE),0) -> 3310020 | L50: =IFERROR(VLOOKUP($A50,소상공인혁신팀!$A:$B,2,FALSE),0) -> 90000 | M50: =IFERROR(VLOOKUP($A50,'유통플랫폼사업단 IU'!$A:$F,2,FALSE),0) -> 300000 | O50: =B50=C50+D50+E50 -> TRUE | Q50: =IFERROR(VLOOKUP($A50,디지털강화팀!A:C,3,FALSE),0) -> 1140000 | R50: =IFERROR(VLOOKUP($A50,디지털강화팀!A:D,4,FALSE),0) -> 60000 | S50: =Q50+R50=H50 -> TRUE | U50: =IFERROR(VLOOKUP($A50,플랫폼1!$A:$B,2,FALSE),0) -> 0 | V50: =IFERROR(VLOOKUP($A50,플랫폼2!$A:$M,12,FALSE),0)+IFERROR(VLOOKUP($A50,플랫폼2!$A:$M,13,FALSE),0) -> 0 | W50: =IFERROR(VLOOKUP($A50,플랫폼2!$A:$M,7,FALSE),0)+IFERROR(VLOOKUP($A50,플랫폼2!$A:$M,12,FALSE),0) -> 0 | X50: =IFERROR(VLOOKUP($A50,모바일!$A:$S,17,FALSE),0) -> 0 | Y50: =IFERROR(VLOOKUP($A50,모바일!$A:$S,18,FALSE),0) -> 0 | Z50: 300000 | AA50: =M50=SUM(U50:Z50) -> TRUE
A51: 복리급식보조비-영업직 | B51: =IFERROR(VLOOKUP($A51,전사손익계산서!$A:$B,2,0),0) -> 266505000 | C51: =B51-E51-D51 -> 7645000 | D51: =IFERROR(VLOOKUP($A51,영업총괄!$A:$K,11,FALSE),0) -> 4495000 | E51: =SUM(F51:M51) -> 254365000 | F51: =IFERROR(VLOOKUP($A51,소매!A:B,2,FALSE),0) -> 1.7402747e+08 | G51: =IFERROR(VLOOKUP($A51,도매!A:B,2,FALSE),0) -> 53587535 | H51: =Q51+R51 -> 1550000 | I51: =IFERROR(VLOOKUP($A51,법인영업팀!A:E,4,FALSE),0) -> 2125000 | J51: =IFERROR(VLOOKUP($A51,법인영업팀!A:E,5,FALSE),0) -> 2125000 | K51: =IFERROR(VLOOKUP($A51,법인영업팀!$A:$E,3,FALSE),0) -> 10516000 | L51: =IFERROR(VLOOKUP($A51,소상공인혁신팀!$A:$B,2,FALSE),0) -> 9194000 | M51: =IFERROR(VLOOKUP($A51,'유통플랫폼사업단 IU'!$A:$F,2,FALSE),0) -> 1240000 | O51: =B51=C51+D51+E51 -> TRUE | Q51: =IFERROR(VLOOKUP($A51,디지털강화팀!A:C,3,FALSE),0) -> 1472500 | R51: =IFERROR(VLOOKUP($A51,디지털강화팀!A:D,4,FALSE),0) -> 77500 | S51: =Q51+R51=H51 -> TRUE | U51: =IFERROR(VLOOKUP($A51,플랫폼1!$A:$B,2,FALSE),0) -> 155000 | V51: =IFERROR(VLOOKUP($A51,플랫폼2!$A:$M,12,FALSE),0)+IFERROR(VLOOKUP($A51,플랫폼2!$A:$M,13,FALSE),0) -> 77500 | W51: =IFERROR(VLOOKUP($A51,플랫폼2!$A:$M,7,FALSE),0)+IFERROR(VLOOKUP($A51,플랫폼2!$A:$M,12,FALSE),0) -> 77500 | X51: =IFERROR(VLOOKUP($A51,모바일!$A:$S,17,FALSE),0) -> 25833.333 | Y51: =IFERROR(VLOOKUP($A51,모바일!$A:$S,18,FALSE),0) -> 25833.333 | Z51: =IFERROR(VLOOKUP(A51,플랫폼2!$A:$O,15,0),0) -> 878333.33 | AA51: =M51=SUM(U51:Z51) -> TRUE
A52: 사내강사비 | B52: =IFERROR(VLOOKUP($A52,전사손익계산서!$A:$B,2,0),0) -> 200000 | C52: =B52-E52-D52 -> 60000 | D52: =IFERROR(VLOOKUP($A52,영업총괄!$A:$K,11,FALSE),0) -> 60000 | E52: =SUM(F52:M52) -> 80000 | F52: =IFERROR(VLOOKUP($A52,소매!A:B,2,FALSE),0) -> 20000 | G52: =IFERROR(VLOOKUP($A52,도매!A:B,2,FALSE),0) -> 0 | H52: =Q52+R52 -> 0 | I52: =IFERROR(VLOOKUP($A52,법인영업팀!A:E,4,FALSE),0) -> 0 | J52: =IFERROR(VLOOKUP($A52,법인영업팀!A:E,5,FALSE),0) -> 0 | K52: =IFERROR(VLOOKUP($A52,법인영업팀!$A:$E,3,FALSE),0) -> 0 | L52: =IFERROR(VLOOKUP($A52,소상공인혁신팀!$A:$B,2,FALSE),0) -> 60000 | M52: =IFERROR(VLOOKUP($A52,'유통플랫폼사업단 IU'!$A:$F,2,FALSE),0) -> 0 | O52: =B52=C52+D52+E52 -> TRUE | Q52: =IFERROR(VLOOKUP($A52,디지털강화팀!A:C,3,FALSE),0) -> 0 | R52: =IFERROR(VLOOKUP($A52,디지털강화팀!A:D,4,FALSE),0) -> 0 | S52: =Q52+R52=H52 -> TRUE | U52: =IFERROR(VLOOKUP($A52,플랫폼1!$A:$B,2,FALSE),0) -> 0 | V52: =IFERROR(VLOOKUP($A52,플랫폼2!$A:$M,12,FALSE),0)+IFERROR(VLOOKUP($A52,플랫폼2!$A:$M,13,FALSE),0) -> 0 | W52: =IFERROR(VLOOKUP($A52,플랫폼2!$A:$M,7,FALSE),0)+IFERROR(VLOOKUP($A52,플랫폼2!$A:$M,12,FALSE),0) -> 0 | X52: =IFERROR(VLOOKUP($A52,모바일!$A:$S,17,FALSE),0) -> 0 | Y52: =IFERROR(VLOOKUP($A52,모바일!$A:$S,18,FALSE),0) -> 0 | Z52: =IFERROR(VLOOKUP(A52,플랫폼2!$A:$O,15,0),0) -> 0 | AA52: =M52=SUM(U52:Z52) -> TRUE
A53: 시상비(마케팅) | B53: =IFERROR(VLOOKUP($A53,전사손익계산서!$A:$B,2,0),0) -> 0 | C53: =B53-E53-D53 -> 0 | D53: =IFERROR(VLOOKUP($A53,영업총괄!$A:$K,11,FALSE),0) -> 0 | E53: =SUM(F53:M53) -> 0 | F53: =IFERROR(VLOOKUP($A53,소매!A:B,2,FALSE),0) -> 0 | G53: =IFERROR(VLOOKUP($A53,도매!A:B,2,FALSE),0) -> 0 | H53: =Q53+R53 -> 0 | I53: =IFERROR(VLOOKUP($A53,법인영업팀!A:E,4,FALSE),0) -> 0 | J53: =IFERROR(VLOOKUP($A53,법인영업팀!A:E,5,FALSE),0) -> 0 | K53: =IFERROR(VLOOKUP($A53,법인영업팀!$A:$E,3,FALSE),0) -> 0 | L53: =IFERROR(VLOOKUP($A53,소상공인혁신팀!$A:$B,2,FALSE),0) -> 0 | M53: =IFERROR(VLOOKUP($A53,'유통플랫폼사업단 IU'!$A:$F,2,FALSE),0) -> 0 | O53: =B53=C53+D53+E53 -> TRUE | Q53: =IFERROR(VLOOKUP($A53,디지털강화팀!A:C,3,FALSE),0) -> 0 | R53: =IFERROR(VLOOKUP($A53,디지털강화팀!A:D,4,FALSE),0) -> 0 | S53: =Q53+R53=H53 -> TRUE | U53: =IFERROR(VLOOKUP($A53,플랫폼1!$A:$B,2,FALSE),0) -> 0 | V53: =IFERROR(VLOOKUP($A53,플랫폼2!$A:$M,12,FALSE),0)+IFERROR(VLOOKUP($A53,플랫폼2!$A:$M,13,FALSE),0) -> 0 | W53: =IFERROR(VLOOKUP($A53,플랫폼2!$A:$M,7,FALSE),0)+IFERROR(VLOOKUP($A53,플랫폼2!$A:$M,12,FALSE),0) -> 0 | X53: =IFERROR(VLOOKUP($A53,모바일!$A:$S,17,FALSE),0) -> 0 | Y53: =IFERROR(VLOOKUP($A53,모바일!$A:$S,18,FALSE),0) -> 0 | Z53: =IFERROR(VLOOKUP(A53,플랫폼2!$A:$O,15,0),0) -> 0 | AA53: =M53=SUM(U53:Z53) -> TRUE
A54: 연차수당-영업직 | B54: =IFERROR(VLOOKUP($A54,전사손익계산서!$A:$B,2,0),0) -> 13964690 | C54: =B54-E54-D54 -> 1889220 | D54: =IFERROR(VLOOKUP($A54,영업총괄!$A:$K,11,FALSE),0) -> 0 | E54: =SUM(F54:M54) -> 12075470 | F54: =IFERROR(VLOOKUP($A54,소매!A:B,2,FALSE),0) -> 4852700 | G54: =IFERROR(VLOOKUP($A54,도매!A:B,2,FALSE),0) -> 3529010 | H54: =Q54+R54 -> 722880 | I54: =IFERROR(VLOOKUP($A54,법인영업팀!A:E,4,FALSE),0) -> 0 | J54: =IFERROR(VLOOKUP($A54,법인영업팀!A:E,5,FALSE),0) -> 0 | K54: =IFERROR(VLOOKUP($A54,법인영업팀!$A:$E,3,FALSE),0) -> 918760 | L54: =IFERROR(VLOOKUP($A54,소상공인혁신팀!$A:$B,2,FALSE),0) -> 2052120 | M54: =IFERROR(VLOOKUP($A54,'유통플랫폼사업단 IU'!$A:$F,2,FALSE),0) -> 0 | O54: =B54=C54+D54+E54 -> TRUE | Q54: =IFERROR(VLOOKUP($A54,디지털강화팀!A:C,3,FALSE),0) -> 686736 | R54: =IFERROR(VLOOKUP($A54,디지털강화팀!A:D,4,FALSE),0) -> 36144 | S54: =Q54+R54=H54 -> TRUE | U54: =IFERROR(VLOOKUP($A54,플랫폼1!$A:$B,2,FALSE),0) -> 0 | V54: =IFERROR(VLOOKUP($A54,플랫폼2!$A:$M,12,FALSE),0)+IFERROR(VLOOKUP($A54,플랫폼2!$A:$M,13,FALSE),0) -> 0 | W54: =IFERROR(VLOOKUP($A54,플랫폼2!$A:$M,7,FALSE),0)+IFERROR(VLOOKUP($A54,플랫폼2!$A:$M,12,FALSE),0) -> 0 | X54: =IFERROR(VLOOKUP($A54,모바일!$A:$S,17,FALSE),0) -> 0 | Y54: =IFERROR(VLOOKUP($A54,모바일!$A:$S,18,FALSE),0) -> 0 | Z54: =IFERROR(VLOOKUP(A54,플랫폼2!$A:$O,15,0),0) -> 0 | AA54: =M54=SUM(U54:Z54) -> TRUE
A55: 급료와임금-기타직 | B55: =IFERROR(VLOOKUP($A55,전사손익계산서!$A:$B,2,0),0) -> 33566440 | C55: =B55-E55-D55 -> 0 | D55: =IFERROR(VLOOKUP($A55,영업총괄!$A:$K,11,FALSE),0) -> 0 | E55: =SUM(F55:M55) -> 33566440 | F55: =IFERROR(VLOOKUP($A55,소매!A:B,2,FALSE),0) -> 0 | G55: =IFERROR(VLOOKUP($A55,도매!A:B,2,FALSE),0) -> 0 | H55: =Q55+R55 -> 0 | I55: =IFERROR(VLOOKUP($A55,법인영업팀!A:E,4,FALSE),0) -> 0 | J55: =IFERROR(VLOOKUP($A55,법인영업팀!A:E,5,FALSE),0) -> 0 | K55: =IFERROR(VLOOKUP($A55,법인영업팀!$A:$E,3,FALSE),0) -> 0 | L55: =IFERROR(VLOOKUP($A55,소상공인혁신팀!$A:$B,2,FALSE),0) -> 33566440 | M55: =IFERROR(VLOOKUP($A55,'유통플랫폼사업단 IU'!$A:$F,2,FALSE),0) -> 0 | O55: =B55=C55+D55+E55 -> TRUE | Q55: =IFERROR(VLOOKUP($A55,디지털강화팀!A:C,3,FALSE),0) -> 0 | R55: =IFERROR(VLOOKUP($A55,디지털강화팀!A:D,4,FALSE),0) -> 0 | S55: =Q55+R55=H55 -> TRUE | U55: =IFERROR(VLOOKUP($A55,플랫폼1!$A:$B,2,FALSE),0) -> 0 | V55: =IFERROR(VLOOKUP($A55,플랫폼2!$A:$M,12,FALSE),0)+IFERROR(VLOOKUP($A55,플랫폼2!$A:$M,13,FALSE),0) -> 0 | W55: =IFERROR(VLOOKUP($A55,플랫폼2!$A:$M,7,FALSE),0)+IFERROR(VLOOKUP($A55,플랫폼2!$A:$M,12,FALSE),0) -> 0 | X55: =IFERROR(VLOOKUP($A55,모바일!$A:$S,17,FALSE),0) -> 0 | Y55: =IFERROR(VLOOKUP($A55,모바일!$A:$S,18,FALSE),0) -> 0 | Z55: =IFERROR(VLOOKUP(A55,플랫폼2!$A:$O,15,0),0) -> 0 | AA55: =M55=SUM(U55:Z55) -> TRUE
A56: 연차수당-기타직 | B56: =IFERROR(VLOOKUP($A56,전사손익계산서!$A:$B,2,0),0) -> 265290 | C56: =B56-E56-D56 -> 0 | D56: =IFERROR(VLOOKUP($A56,영업총괄!$A:$K,11,FALSE),0) -> 0 | E56: =SUM(F56:M56) -> 265290 | F56: =IFERROR(VLOOKUP($A56,소매!A:B,2,FALSE),0) -> 0 | G56: =IFERROR(VLOOKUP($A56,도매!A:B,2,FALSE),0) -> 0 | H56: =Q56+R56 -> 0 | I56: =IFERROR(VLOOKUP($A56,법인영업팀!A:E,4,FALSE),0) -> 0 | J56: =IFERROR(VLOOKUP($A56,법인영업팀!A:E,5,FALSE),0) -> 0 | K56: =IFERROR(VLOOKUP($A56,법인영업팀!$A:$E,3,FALSE),0) -> 0 | L56: =IFERROR(VLOOKUP($A56,소상공인혁신팀!$A:$B,2,FALSE),0) -> 265290 | M56: =IFERROR(VLOOKUP($A56,'유통플랫폼사업단 IU'!$A:$F,2,FALSE),0) -> 0 | O56: =B56=C56+D56+E56 -> TRUE | Q56: =IFERROR(VLOOKUP($A56,디지털강화팀!A:C,3,FALSE),0) -> 0 | R56: =IFERROR(VLOOKUP($A56,디지털강화팀!A:D,4,FALSE),0) -> 0 | S56: =Q56+R56=H56 -> TRUE | U56: =IFERROR(VLOOKUP($A56,플랫폼1!$A:$B,2,FALSE),0) -> 0 | V56: =IFERROR(VLOOKUP($A56,플랫폼2!$A:$M,12,FALSE),0)+IFERROR(VLOOKUP($A56,플랫폼2!$A:$M,13,FALSE),0) -> 0 | W56: =IFERROR(VLOOKUP($A56,플랫폼2!$A:$M,7,FALSE),0)+IFERROR(VLOOKUP($A56,플랫폼2!$A:$M,12,FALSE),0) -> 0 | X56: =IFERROR(VLOOKUP($A56,모바일!$A:$S,17,FALSE),0) -> 0 | Y56: =IFERROR(VLOOKUP($A56,모바일!$A:$S,18,FALSE),0) -> 0 | Z56: =IFERROR(VLOOKUP(A56,플랫폼2!$A:$O,15,0),0) -> 0 | AA56: =M56=SUM(U56:Z56) -> TRUE
A57: 휴일근무수당-기타직 | B57: =IFERROR(VLOOKUP($A57,전사손익계산서!$A:$B,2,0),0) -> 0 | C57: =B57-E57-D57 -> 0 | D57: =IFERROR(VLOOKUP($A57,영업총괄!$A:$K,11,FALSE),0) -> 0 | E57: =SUM(F57:M57) -> 0 | F57: =IFERROR(VLOOKUP($A57,소매!A:B,2,FALSE),0) -> 0 | G57: =IFERROR(VLOOKUP($A57,도매!A:B,2,FALSE),0) -> 0 | H57: =Q57+R57 -> 0 | I57: =IFERROR(VLOOKUP($A57,법인영업팀!A:E,4,FALSE),0) -> 0 | J57: =IFERROR(VLOOKUP($A57,법인영업팀!A:E,5,FALSE),0) -> 0 | K57: =IFERROR(VLOOKUP($A57,법인영업팀!$A:$E,3,FALSE),0) -> 0 | L57: =IFERROR(VLOOKUP($A57,소상공인혁신팀!$A:$B,2,FALSE),0) -> 0 | M57: =IFERROR(VLOOKUP($A57,'유통플랫폼사업단 IU'!$A:$F,2,FALSE),0) -> 0 | O57: =B57=C57+D57+E57 -> TRUE | Q57: =IFERROR(VLOOKUP($A57,디지털강화팀!A:C,3,FALSE),0) -> 0 | R57: =IFERROR(VLOOKUP($A57,디지털강화팀!A:D,4,FALSE),0) -> 0 | S57: =Q57+R57=H57 -> TRUE | U57: =IFERROR(VLOOKUP($A57,플랫폼1!$A:$B,2,FALSE),0) -> 0 | V57: =IFERROR(VLOOKUP($A57,플랫폼2!$A:$M,12,FALSE),0)+IFERROR(VLOOKUP($A57,플랫폼2!$A:$M,13,FALSE),0) -> 0 | W57: =IFERROR(VLOOKUP($A57,플랫폼2!$A:$M,7,FALSE),0)+IFERROR(VLOOKUP($A57,플랫폼2!$A:$M,12,FALSE),0) -> 0 | X57: =IFERROR(VLOOKUP($A57,모바일!$A:$S,17,FALSE),0) -> 0 | Y57: =IFERROR(VLOOKUP($A57,모바일!$A:$S,18,FALSE),0) -> 0 | Z57: =IFERROR(VLOOKUP(A57,플랫폼2!$A:$O,15,0),0) -> 0 | AA57: =M57=SUM(U57:Z57) -> TRUE
A58: 휴일근무수당-영업직 | B58: =IFERROR(VLOOKUP($A58,전사손익계산서!$A:$B,2,0),0) -> 12317180 | C58: =B58-E58-D58 -> 1466140 | D58: =IFERROR(VLOOKUP($A58,영업총괄!$A:$K,11,FALSE),0) -> 327570 | E58: =SUM(F58:M58) -> 10523470 | F58: =IFERROR(VLOOKUP($A58,소매!A:B,2,FALSE),0) -> 7135117.8 | G58: =IFERROR(VLOOKUP($A58,도매!A:B,2,FALSE),0) -> 3090062.2 | H58: =Q58+R58 -> 213430 | I58: =IFERROR(VLOOKUP($A58,법인영업팀!A:E,4,FALSE),0) -> 0 | J58: =IFERROR(VLOOKUP($A58,법인영업팀!A:E,5,FALSE),0) -> 0 | K58: =IFERROR(VLOOKUP($A58,법인영업팀!$A:$E,3,FALSE),0) -> 0 | L58: =IFERROR(VLOOKUP($A58,소상공인혁신팀!$A:$B,2,FALSE),0) -> 84860 | M58: =IFERROR(VLOOKUP($A58,'유통플랫폼사업단 IU'!$A:$F,2,FALSE),0) -> 0 | O58: =B58=C58+D58+E58 -> TRUE | Q58: =IFERROR(VLOOKUP($A58,디지털강화팀!A:C,3,FALSE),0) -> 202759 | R58: =IFERROR(VLOOKUP($A58,디지털강화팀!A:D,4,FALSE),0) -> 10671 | S58: =Q58+R58=H58 -> TRUE | U58: =IFERROR(VLOOKUP($A58,플랫폼1!$A:$B,2,FALSE),0) -> 0 | V58: =IFERROR(VLOOKUP($A58,플랫폼2!$A:$M,12,FALSE),0)+IFERROR(VLOOKUP($A58,플랫폼2!$A:$M,13,FALSE),0) -> 0 | W58: =IFERROR(VLOOKUP($A58,플랫폼2!$A:$M,7,FALSE),0)+IFERROR(VLOOKUP($A58,플랫폼2!$A:$M,12,FALSE),0) -> 0 | X58: =IFERROR(VLOOKUP($A58,모바일!$A:$S,17,FALSE),0) -> 0 | Y58: =IFERROR(VLOOKUP($A58,모바일!$A:$S,18,FALSE),0) -> 0 | Z58: =IFERROR(VLOOKUP(A58,플랫폼2!$A:$O,15,0),0) -> 0 | AA58: =M58=SUM(U58:Z58) -> TRUE
A59: 심야근무수당-영업직 | B59: =IFERROR(VLOOKUP($A59,전사손익계산서!$A:$B,2,0),0) -> 0 | C59: =B59-E59-D59 -> 0 | D59: =IFERROR(VLOOKUP($A59,영업총괄!$A:$K,11,FALSE),0) -> 0 | E59: =SUM(F59:M59) -> 0 | F59: =IFERROR(VLOOKUP($A59,소매!A:B,2,FALSE),0) -> 0 | G59: =IFERROR(VLOOKUP($A59,도매!A:B,2,FALSE),0) -> 0 | H59: =Q59+R59 -> 0 | I59: =IFERROR(VLOOKUP($A59,법인영업팀!A:E,4,FALSE),0) -> 0 | J59: =IFERROR(VLOOKUP($A59,법인영업팀!A:E,5,FALSE),0) -> 0 | K59: =IFERROR(VLOOKUP($A59,법인영업팀!$A:$E,3,FALSE),0) -> 0 | L59: =IFERROR(VLOOKUP($A59,소상공인혁신팀!$A:$B,2,FALSE),0) -> 0 | M59: =IFERROR(VLOOKUP($A59,'유통플랫폼사업단 IU'!$A:$F,2,FALSE),0) -> 0 | O59: =B59=C59+D59+E59 -> TRUE | Q59: =IFERROR(VLOOKUP($A59,디지털강화팀!A:C,3,FALSE),0) -> 0 | R59: =IFERROR(VLOOKUP($A59,디지털강화팀!A:D,4,FALSE),0) -> 0 | S59: =Q59+R59=H59 -> TRUE | U59: =IFERROR(VLOOKUP($A59,플랫폼1!$A:$B,2,FALSE),0) -> 0 | V59: =IFERROR(VLOOKUP($A59,플랫폼2!$A:$M,12,FALSE),0)+IFERROR(VLOOKUP($A59,플랫폼2!$A:$M,13,FALSE),0) -> 0 | W59: =IFERROR(VLOOKUP($A59,플랫폼2!$A:$M,7,FALSE),0)+IFERROR(VLOOKUP($A59,플랫폼2!$A:$M,12,FALSE),0) -> 0 | X59: =IFERROR(VLOOKUP($A59,모바일!$A:$S,17,FALSE),0) -> 0 | Y59: =IFERROR(VLOOKUP($A59,모바일!$A:$S,18,FALSE),0) -> 0 | Z59: =IFERROR(VLOOKUP(A59,플랫폼2!$A:$O,15,0),0) -> 0 | AA59: =M59=SUM(U59:Z59) -> TRUE
A60: 제수당기타-영업직 | B60: =IFERROR(VLOOKUP($A60,전사손익계산서!$A:$B,2,0),0) -> 13003013 | C60: =B60-E60-D60 -> 738390 | D60: =IFERROR(VLOOKUP($A60,영업총괄!$A:$K,11,FALSE),0) -> 500000 | E60: =SUM(F60:M60) -> 11764623 | F60: =IFERROR(VLOOKUP($A60,소매!A:B,2,FALSE),0) -> 3740000 | G60: =IFERROR(VLOOKUP($A60,도매!A:B,2,FALSE),0) -> 5716350 | H60: =Q60+R60 -> 500000 | I60: =IFERROR(VLOOKUP($A60,법인영업팀!A:E,4,FALSE),0) -> 0 | J60: =IFERROR(VLOOKUP($A60,법인영업팀!A:E,5,FALSE),0) -> 0 | K60: =IFERROR(VLOOKUP($A60,법인영업팀!$A:$E,3,FALSE),0) -> 0 | L60: =IFERROR(VLOOKUP($A60,소상공인혁신팀!$A:$B,2,FALSE),0) -> 808273 | M60: =IFERROR(VLOOKUP($A60,'유통플랫폼사업단 IU'!$A:$F,2,FALSE),0) -> 1000000 | O60: =B60=C60+D60+E60 -> TRUE | Q60: =IFERROR(VLOOKUP($A60,디지털강화팀!A:C,3,FALSE),0) -> 475000 | R60: =IFERROR(VLOOKUP($A60,디지털강화팀!A:D,4,FALSE),0) -> 25000 | S60: =Q60+R60=H60 -> TRUE | U60: =IFERROR(VLOOKUP($A60,플랫폼1!$A:$B,2,FALSE),0) -> 500000 | V60: =IFERROR(VLOOKUP($A60,플랫폼2!$A:$M,12,FALSE),0)+IFERROR(VLOOKUP($A60,플랫폼2!$A:$M,13,FALSE),0) -> 0 | W60: =IFERROR(VLOOKUP($A60,플랫폼2!$A:$M,7,FALSE),0)+IFERROR(VLOOKUP($A60,플랫폼2!$A:$M,12,FALSE),0) -> 0 | X60: 41666.667 | Y60: 41666.667 | Z60: 416666.67 | AA60: =M60=SUM(U60:Z60) -> TRUE
A61: 프로모션-기타직 | B61: =IFERROR(VLOOKUP($A61,전사손익계산서!$A:$B,2,0),0) -> 0 | C61: =B61-E61-D61 -> 0 | D61: =IFERROR(VLOOKUP($A61,영업총괄!$A:$K,11,FALSE),0) -> 0 | E61: =SUM(F61:M61) -> 0 | F61: =IFERROR(VLOOKUP($A61,소매!A:B,2,FALSE),0) -> 0 | G61: =IFERROR(VLOOKUP($A61,도매!A:B,2,FALSE),0) -> 0 | H61: =Q61+R61 -> 0 | I61: =IFERROR(VLOOKUP($A61,법인영업팀!A:E,4,FALSE),0) -> 0 | J61: =IFERROR(VLOOKUP($A61,법인영업팀!A:E,5,FALSE),0) -> 0 | K61: =IFERROR(VLOOKUP($A61,법인영업팀!$A:$E,3,FALSE),0) -> 0 | L61: =IFERROR(VLOOKUP($A61,소상공인혁신팀!$A:$B,2,FALSE),0) -> 0 | M61: =IFERROR(VLOOKUP($A61,'유통플랫폼사업단 IU'!$A:$F,2,FALSE),0) -> 0 | O61: =B61=C61+D61+E61 -> TRUE | Q61: =IFERROR(VLOOKUP($A61,디지털강화팀!A:C,3,FALSE),0) -> 0 | R61: =IFERROR(VLOOKUP($A61,디지털강화팀!A:D,4,FALSE),0) -> 0 | S61: =Q61+R61=H61 -> TRUE | U61: =IFERROR(VLOOKUP($A61,플랫폼1!$A:$B,2,FALSE),0) -> 0 | V61: =IFERROR(VLOOKUP($A61,플랫폼2!$A:$M,12,FALSE),0)+IFERROR(VLOOKUP($A61,플랫폼2!$A:$M,13,FALSE),0) -> 0 | W61: =IFERROR(VLOOKUP($A61,플랫폼2!$A:$M,7,FALSE),0)+IFERROR(VLOOKUP($A61,플랫폼2!$A:$M,12,FALSE),0) -> 0 | X61: =IFERROR(VLOOKUP($A61,모바일!$A:$S,17,FALSE),0) -> 0 | Y61: =IFERROR(VLOOKUP($A61,모바일!$A:$S,18,FALSE),0) -> 0 | Z61: =IFERROR(VLOOKUP(A61,플랫폼2!$A:$O,15,0),0) -> 0 | AA61: =M61=SUM(U61:Z61) -> TRUE
A62: 특별격려금 | B62: =IFERROR(VLOOKUP($A62,전사손익계산서!$A:$B,2,0),0) -> 0 | C62: =B62-E62-D62 -> 0 | D62: =IFERROR(VLOOKUP($A62,영업총괄!$A:$K,11,FALSE),0) -> 0 | E62: =SUM(F62:M62) -> 0 | F62: =IFERROR(VLOOKUP($A62,소매!A:B,2,FALSE),0) -> 0 | G62: =IFERROR(VLOOKUP($A62,도매!A:B,2,FALSE),0) -> 0 | H62: =Q62+R62 -> 0 | I62: =IFERROR(VLOOKUP($A62,법인영업팀!A:E,4,FALSE),0) -> 0 | J62: =IFERROR(VLOOKUP($A62,법인영업팀!A:E,5,FALSE),0) -> 0 | K62: =IFERROR(VLOOKUP($A62,법인영업팀!$A:$E,3,FALSE),0) -> 0 | L62: =IFERROR(VLOOKUP($A62,소상공인혁신팀!$A:$B,2,FALSE),0) -> 0 | M62: =IFERROR(VLOOKUP($A62,'유통플랫폼사업단 IU'!$A:$F,2,FALSE),0) -> 0 | O62: =B62=C62+D62+E62 -> TRUE | Q62: =IFERROR(VLOOKUP($A62,디지털강화팀!A:C,3,FALSE),0) -> 0 | R62: =IFERROR(VLOOKUP($A62,디지털강화팀!A:D,4,FALSE),0) -> 0 | S62: =Q62+R62=H62 -> TRUE | U62: =IFERROR(VLOOKUP($A62,플랫폼1!$A:$B,2,FALSE),0) -> 0 | V62: =IFERROR(VLOOKUP($A62,플랫폼2!$A:$M,12,FALSE),0)+IFERROR(VLOOKUP($A62,플랫폼2!$A:$M,13,FALSE),0) -> 0 | W62: =IFERROR(VLOOKUP($A62,플랫폼2!$A:$M,7,FALSE),0)+IFERROR(VLOOKUP($A62,플랫폼2!$A:$M,12,FALSE),0) -> 0 | X62: =IFERROR(VLOOKUP($A62,모바일!$A:$S,17,FALSE),0) -> 0 | Y62: =IFERROR(VLOOKUP($A62,모바일!$A:$S,18,FALSE),0) -> 0 | Z62: =IFERROR(VLOOKUP(A62,플랫폼2!$A:$O,15,0),0) -> 0 | AA62: =M62=SUM(U62:Z62) -> TRUE
A63: 상 여 금 | B63: =IFERROR(VLOOKUP($A63,전사손익계산서!$A:$B,2,0),0) -> 922205239 | C63: =B63-E63-D63 -> -1.3395125e+09 | D63: =IFERROR(VLOOKUP($A63,영업총괄!$A:$K,11,FALSE),0) -> 96030540 | E63: =SUM(F63:M63) -> 2.1656872e+09 | F63: =IFERROR(VLOOKUP($A63,소매!A:B,2,FALSE),0) -> 1.393634e+09 | G63: =IFERROR(VLOOKUP($A63,도매!A:B,2,FALSE),0) -> 4.5494277e+08 | H63: =Q63+R63 -> 67573983 | I63: =IFERROR(VLOOKUP($A63,법인영업팀!A:E,4,FALSE),0) -> 18919523 | J63: =IFERROR(VLOOKUP($A63,법인영업팀!A:E,5,FALSE),0) -> 16021108 | K63: =IFERROR(VLOOKUP($A63,법인영업팀!$A:$E,3,FALSE),0) -> 78576748 | L63: =IFERROR(VLOOKUP($A63,소상공인혁신팀!$A:$B,2,FALSE),0) -> 83089760 | M63: =IFERROR(VLOOKUP($A63,'유통플랫폼사업단 IU'!$A:$F,2,FALSE),0) -> 52929320 | O63: =B63=C63+D63+E63 -> TRUE | Q63: =IFERROR(VLOOKUP($A63,디지털강화팀!A:C,3,FALSE),0) -> 64195284 | R63: =IFERROR(VLOOKUP($A63,디지털강화팀!A:D,4,FALSE),0) -> 3378698.6 | S63: =Q63+R63=H63 -> TRUE | U63: =IFERROR(VLOOKUP($A63,플랫폼1!$A:$B,2,FALSE),0) -> 12886770 | V63: =IFERROR(VLOOKUP($A63,플랫폼2!$A:$M,12,FALSE),0)+IFERROR(VLOOKUP($A63,플랫폼2!$A:$M,13,FALSE),0) -> 8017785 | W63: =IFERROR(VLOOKUP($A63,플랫폼2!$A:$M,7,FALSE),0)+IFERROR(VLOOKUP($A63,플랫폼2!$A:$M,12,FALSE),0) -> 8017785 | X63: =IFERROR(VLOOKUP($A63,모바일!$A:$S,17,FALSE),0) -> 1803117.5 | Y63: =IFERROR(VLOOKUP($A63,모바일!$A:$S,18,FALSE),0) -> 1803117.5 | Z63: =IFERROR(VLOOKUP(A63,플랫폼2!$A:$O,15,0),0) -> 20400745 | AA63: =M63=SUM(U63:Z63) -> TRUE
A64: 정기상여수당 | B64: =IFERROR(VLOOKUP($A64,전사손익계산서!$A:$B,2,0),0) -> 108298759 | C64: =B64-E64-D64 -> -4.4337501e+08 | D64: =IFERROR(VLOOKUP($A64,영업총괄!$A:$K,11,FALSE),0) -> 72154170 | E64: =SUM(F64:M64) -> 4.795196e+08 | F64: =IFERROR(VLOOKUP($A64,소매!A:B,2,FALSE),0) -> 2.4398226e+08 | G64: =IFERROR(VLOOKUP($A64,도매!A:B,2,FALSE),0) -> 1.15094e+08 | H64: =Q64+R64 -> 30607343 | I64: =IFERROR(VLOOKUP($A64,법인영업팀!A:E,4,FALSE),0) -> 5730932.7 | J64: =IFERROR(VLOOKUP($A64,법인영업팀!A:E,5,FALSE),0) -> 5732518.1 | K64: =IFERROR(VLOOKUP($A64,법인영업팀!$A:$E,3,FALSE),0) -> 14236418 | L64: =IFERROR(VLOOKUP($A64,소상공인혁신팀!$A:$B,2,FALSE),0) -> 16401380 | M64: =IFERROR(VLOOKUP($A64,'유통플랫폼사업단 IU'!$A:$F,2,FALSE),0) -> 47734750 | O64: =B64=C64+D64+E64 -> TRUE | Q64: =IFERROR(VLOOKUP($A64,디지털강화팀!A:C,3,FALSE),0) -> 29076976 | R64: =IFERROR(VLOOKUP($A64,디지털강화팀!A:D,4,FALSE),0) -> 1530366.6 | S64: =Q64+R64=H64 -> TRUE | U64: =IFERROR(VLOOKUP($A64,플랫폼1!$A:$B,2,FALSE),0) -> 12236770 | V64: =IFERROR(VLOOKUP($A64,플랫폼2!$A:$M,12,FALSE),0)+IFERROR(VLOOKUP($A64,플랫폼2!$A:$M,13,FALSE),0) -> 7630285 | W64: =IFERROR(VLOOKUP($A64,플랫폼2!$A:$M,7,FALSE),0)+IFERROR(VLOOKUP($A64,플랫폼2!$A:$M,12,FALSE),0) -> 7630285 | X64: =IFERROR(VLOOKUP($A64,모바일!$A:$S,17,FALSE),0) -> 1686450.8 | Y64: =IFERROR(VLOOKUP($A64,모바일!$A:$S,18,FALSE),0) -> 1686450.8 | Z64: =IFERROR(VLOOKUP(A64,플랫폼2!$A:$O,15,0),0) -> 16864508 | AA64: =M64=SUM(U64:Z64) -> TRUE
A65: 특별상여수당 | B65: =IFERROR(VLOOKUP($A65,전사손익계산서!$A:$B,2,0),0) -> 219600000 | C65: =B65-E65-D65 -> 219600000 | D65: =IFERROR(VLOOKUP($A65,영업총괄!$A:$K,11,FALSE),0) -> 0 | E65: =SUM(F65:M65) -> 0 | F65: =IFERROR(VLOOKUP($A65,소매!A:B,2,FALSE),0) -> 0 | G65: =IFERROR(VLOOKUP($A65,도매!A:B,2,FALSE),0) -> 0 | H65: =Q65+R65 -> 0 | I65: =IFERROR(VLOOKUP($A65,법인영업팀!A:E,4,FALSE),0) -> 0 | J65: =IFERROR(VLOOKUP($A65,법인영업팀!A:E,5,FALSE),0) -> 0 | K65: =IFERROR(VLOOKUP($A65,법인영업팀!$A:$E,3,FALSE),0) -> 0 | L65: =IFERROR(VLOOKUP($A65,소상공인혁신팀!$A:$B,2,FALSE),0) -> 0 | M65: =IFERROR(VLOOKUP($A65,'유통플랫폼사업단 IU'!$A:$F,2,FALSE),0) -> 0 | O65: =B65=C65+D65+E65 -> TRUE | Q65: =IFERROR(VLOOKUP($A65,디지털강화팀!A:C,3,FALSE),0) -> 0 | R65: =IFERROR(VLOOKUP($A65,디지털강화팀!A:D,4,FALSE),0) -> 0 | S65: =Q65+R65=H65 -> TRUE | U65: =IFERROR(VLOOKUP($A65,플랫폼1!$A:$B,2,FALSE),0) -> 0 | V65: =IFERROR(VLOOKUP($A65,플랫폼2!$A:$M,12,FALSE),0)+IFERROR(VLOOKUP($A65,플랫폼2!$A:$M,13,FALSE),0) -> 0 | W65: =IFERROR(VLOOKUP($A65,플랫폼2!$A:$M,7,FALSE),0)+IFERROR(VLOOKUP($A65,플랫폼2!$A:$M,12,FALSE),0) -> 0 | X65: =IFERROR(VLOOKUP($A65,모바일!$A:$S,17,FALSE),0) -> 0 | Y65: =IFERROR(VLOOKUP($A65,모바일!$A:$S,18,FALSE),0) -> 0 | Z65: =IFERROR(VLOOKUP(A65,플랫폼2!$A:$O,15,0),0) -> 0 | AA65: =M65=SUM(U65:Z65) -> TRUE
A66: 임원상여수당 | B66: =IFERROR(VLOOKUP($A66,전사손익계산서!$A:$B,2,0),0) -> 0 | C66: =B66-E66-D66 -> 0 | D66: =IFERROR(VLOOKUP($A66,영업총괄!$A:$K,11,FALSE),0) -> 0 | E66: =SUM(F66:M66) -> 0 | F66: =IFERROR(VLOOKUP($A66,소매!A:B,2,FALSE),0) -> 0 | G66: =IFERROR(VLOOKUP($A66,도매!A:B,2,FALSE),0) -> 0 | H66: =Q66+R66 -> 0 | I66: =IFERROR(VLOOKUP($A66,법인영업팀!A:E,4,FALSE),0) -> 0 | J66: =IFERROR(VLOOKUP($A66,법인영업팀!A:E,5,FALSE),0) -> 0 | K66: =IFERROR(VLOOKUP($A66,법인영업팀!$A:$E,3,FALSE),0) -> 0 | L66: =IFERROR(VLOOKUP($A66,소상공인혁신팀!$A:$B,2,FALSE),0) -> 0 | M66: =IFERROR(VLOOKUP($A66,'유통플랫폼사업단 IU'!$A:$F,2,FALSE),0) -> 0 | O66: =B66=C66+D66+E66 -> TRUE | Q66: =IFERROR(VLOOKUP($A66,디지털강화팀!A:C,3,FALSE),0) -> 0 | R66: =IFERROR(VLOOKUP($A66,디지털강화팀!A:D,4,FALSE),0) -> 0 | S66: =Q66+R66=H66 -> TRUE | U66: =IFERROR(VLOOKUP($A66,플랫폼1!$A:$B,2,FALSE),0) -> 0 | V66: =IFERROR(VLOOKUP($A66,플랫폼2!$A:$M,12,FALSE),0)+IFERROR(VLOOKUP($A66,플랫폼2!$A:$M,13,FALSE),0) -> 0 | W66: =IFERROR(VLOOKUP($A66,플랫폼2!$A:$M,7,FALSE),0)+IFERROR(VLOOKUP($A66,플랫폼2!$A:$M,12,FALSE),0) -> 0 | X66: =IFERROR(VLOOKUP($A66,모바일!$A:$S,17,FALSE),0) -> 0 | Y66: =IFERROR(VLOOKUP($A66,모바일!$A:$S,18,FALSE),0) -> 0 | Z66: =IFERROR(VLOOKUP(A66,플랫폼2!$A:$O,15,0),0) -> 0 | AA66: =M66=SUM(U66:Z66) -> TRUE
A67: 정기상여수당-SC직 | B67: =IFERROR(VLOOKUP($A67,전사손익계산서!$A:$B,2,0),0) -> 32716810 | C67: =B67-E67-D67 -> 1705170 | D67: =IFERROR(VLOOKUP($A67,영업총괄!$A:$K,11,FALSE),0) -> 0 | E67: =SUM(F67:M67) -> 31011640 | F67: =IFERROR(VLOOKUP($A67,소매!A:B,2,FALSE),0) -> 1100000 | G67: =IFERROR(VLOOKUP($A67,도매!A:B,2,FALSE),0) -> 0 | H67: =Q67+R67 -> 29041640 | I67: =IFERROR(VLOOKUP($A67,법인영업팀!A:E,4,FALSE),0) -> 0 | J67: =IFERROR(VLOOKUP($A67,법인영업팀!A:E,5,FALSE),0) -> 0 | K67: =IFERROR(VLOOKUP($A67,법인영업팀!$A:$E,3,FALSE),0) -> 870000 | L67: =IFERROR(VLOOKUP($A67,소상공인혁신팀!$A:$B,2,FALSE),0) -> 0 | M67: =IFERROR(VLOOKUP($A67,'유통플랫폼사업단 IU'!$A:$F,2,FALSE),0) -> 0 | O67: =B67=C67+D67+E67 -> TRUE | Q67: =IFERROR(VLOOKUP($A67,디지털강화팀!A:C,3,FALSE),0) -> 27589558 | R67: =IFERROR(VLOOKUP($A67,디지털강화팀!A:D,4,FALSE),0) -> 1452082 | S67: =Q67+R67=H67 -> TRUE | U67: =IFERROR(VLOOKUP($A67,플랫폼1!$A:$B,2,FALSE),0) -> 0 | V67: =IFERROR(VLOOKUP($A67,플랫폼2!$A:$M,12,FALSE),0)+IFERROR(VLOOKUP($A67,플랫폼2!$A:$M,13,FALSE),0) -> 0 | W67: =IFERROR(VLOOKUP($A67,플랫폼2!$A:$M,7,FALSE),0)+IFERROR(VLOOKUP($A67,플랫폼2!$A:$M,12,FALSE),0) -> 0 | X67: =IFERROR(VLOOKUP($A67,모바일!$A:$S,17,FALSE),0) -> 0 | Y67: =IFERROR(VLOOKUP($A67,모바일!$A:$S,18,FALSE),0) -> 0 | Z67: =IFERROR(VLOOKUP(A67,플랫폼2!$A:$O,15,0),0) -> 0 | AA67: =M67=SUM(U67:Z67) -> TRUE
A68: 정기상여수당-영업직 | B68: =IFERROR(VLOOKUP($A68,전사손익계산서!$A:$B,2,0),0) -> 557989670 | C68: =B68-E68-D68 -> -1117442680 | D68: =IFERROR(VLOOKUP($A68,영업총괄!$A:$K,11,FALSE),0) -> 23876370 | E68: =SUM(F68:M68) -> 1651555980 | F68: =IFERROR(VLOOKUP($A68,소매!A:B,2,FALSE),0) -> 1.1485517e+09 | G68: =IFERROR(VLOOKUP($A68,도매!A:B,2,FALSE),0) -> 3.3984877e+08 | H68: =Q68+R68 -> 7925000 | I68: =IFERROR(VLOOKUP($A68,법인영업팀!A:E,4,FALSE),0) -> 13188590 | J68: =IFERROR(VLOOKUP($A68,법인영업팀!A:E,5,FALSE),0) -> 10288590 | K68: =IFERROR(VLOOKUP($A68,법인영업팀!$A:$E,3,FALSE),0) -> 63470330 | L68: =IFERROR(VLOOKUP($A68,소상공인혁신팀!$A:$B,2,FALSE),0) -> 63088380 | M68: =IFERROR(VLOOKUP($A68,'유통플랫폼사업단 IU'!$A:$F,2,FALSE),0) -> 5194570 | O68: =B68=C68+D68+E68 -> TRUE | Q68: =IFERROR(VLOOKUP($A68,디지털강화팀!A:C,3,FALSE),0) -> 7528750 | R68: =IFERROR(VLOOKUP($A68,디지털강화팀!A:D,4,FALSE),0) -> 396250 | S68: =Q68+R68=H68 -> TRUE | U68: =IFERROR(VLOOKUP($A68,플랫폼1!$A:$B,2,FALSE),0) -> 650000 | V68: =IFERROR(VLOOKUP($A68,플랫폼2!$A:$M,12,FALSE),0)+IFERROR(VLOOKUP($A68,플랫폼2!$A:$M,13,FALSE),0) -> 387500 | W68: =IFERROR(VLOOKUP($A68,플랫폼2!$A:$M,7,FALSE),0)+IFERROR(VLOOKUP($A68,플랫폼2!$A:$M,12,FALSE),0) -> 387500 | X68: =IFERROR(VLOOKUP($A68,모바일!$A:$S,17,FALSE),0) -> 116666.67 | Y68: =IFERROR(VLOOKUP($A68,모바일!$A:$S,18,FALSE),0) -> 116666.67 | Z68: =IFERROR(VLOOKUP(A68,플랫폼2!$A:$O,15,0),0) -> 3536236.7 | AA68: =M68=SUM(U68:Z68) -> TRUE
A69: 정기상여수당-기타직 | B69: =IFERROR(VLOOKUP($A69,전사손익계산서!$A:$B,2,0),0) -> 3600000 | C69: =B69-E69-D69 -> 0 | D69: =IFERROR(VLOOKUP($A69,영업총괄!$A:$K,11,FALSE),0) -> 0 | E69: =SUM(F69:M69) -> 3600000 | F69: =IFERROR(VLOOKUP($A69,소매!A:B,2,FALSE),0) -> 0 | G69: =IFERROR(VLOOKUP($A69,도매!A:B,2,FALSE),0) -> 0 | H69: =Q69+R69 -> 0 | I69: =IFERROR(VLOOKUP($A69,법인영업팀!A:E,4,FALSE),0) -> 0 | J69: =IFERROR(VLOOKUP($A69,법인영업팀!A:E,5,FALSE),0) -> 0 | K69: =IFERROR(VLOOKUP($A69,법인영업팀!$A:$E,3,FALSE),0) -> 0 | L69: =IFERROR(VLOOKUP($A69,소상공인혁신팀!$A:$B,2,FALSE),0) -> 3600000 | M69: =IFERROR(VLOOKUP($A69,'유통플랫폼사업단 IU'!$A:$F,2,FALSE),0) -> 0 | O69: =B69=C69+D69+E69 -> TRUE | Q69: =IFERROR(VLOOKUP($A69,디지털강화팀!A:C,3,FALSE),0) -> 0 | R69: =IFERROR(VLOOKUP($A69,디지털강화팀!A:D,4,FALSE),0) -> 0 | S69: =Q69+R69=H69 -> TRUE | U69: =IFERROR(VLOOKUP($A69,플랫폼1!$A:$B,2,FALSE),0) -> 0 | V69: =IFERROR(VLOOKUP($A69,플랫폼2!$A:$M,12,FALSE),0)+IFERROR(VLOOKUP($A69,플랫폼2!$A:$M,13,FALSE),0) -> 0 | W69: =IFERROR(VLOOKUP($A69,플랫폼2!$A:$M,7,FALSE),0)+IFERROR(VLOOKUP($A69,플랫폼2!$A:$M,12,FALSE),0) -> 0 | X69: =IFERROR(VLOOKUP($A69,모바일!$A:$S,17,FALSE),0) -> 0 | Y69: =IFERROR(VLOOKUP($A69,모바일!$A:$S,18,FALSE),0) -> 0 | Z69: =IFERROR(VLOOKUP(A69,플랫폼2!$A:$O,15,0),0) -> 0 | AA69: =M69=SUM(U69:Z69) -> TRUE
A70: 잡 급 | B70: =IFERROR(VLOOKUP($A70,전사손익계산서!$A:$B,2,0),0) -> 7897960 | C70: =B70-E70-D70 -> 1561080 | D70: =IFERROR(VLOOKUP($A70,영업총괄!$A:$K,11,FALSE),0) -> 0 | E70: =SUM(F70:M70) -> 6336880 | F70: =IFERROR(VLOOKUP($A70,소매!A:B,2,FALSE),0) -> 0 | G70: =IFERROR(VLOOKUP($A70,도매!A:B,2,FALSE),0) -> 0 | H70: =Q70+R70 -> 0 | I70: =IFERROR(VLOOKUP($A70,법인영업팀!A:E,4,FALSE),0) -> 2604300 | J70: =IFERROR(VLOOKUP($A70,법인영업팀!A:E,5,FALSE),0) -> 1563580 | K70: =IFERROR(VLOOKUP($A70,법인영업팀!$A:$E,3,FALSE),0) -> 2169000 | L70: =IFERROR(VLOOKUP($A70,소상공인혁신팀!$A:$B,2,FALSE),0) -> 0 | M70: =IFERROR(VLOOKUP($A70,'유통플랫폼사업단 IU'!$A:$F,2,FALSE),0) -> 0 | O70: =B70=C70+D70+E70 -> TRUE | Q70: =IFERROR(VLOOKUP($A70,디지털강화팀!A:C,3,FALSE),0) -> 0 | R70: =IFERROR(VLOOKUP($A70,디지털강화팀!A:D,4,FALSE),0) -> 0 | S70: =Q70+R70=H70 -> TRUE | U70: =IFERROR(VLOOKUP($A70,플랫폼1!$A:$B,2,FALSE),0) -> 0 | V70: =IFERROR(VLOOKUP($A70,플랫폼2!$A:$M,12,FALSE),0)+IFERROR(VLOOKUP($A70,플랫폼2!$A:$M,13,FALSE),0) -> 0 | W70: =IFERROR(VLOOKUP($A70,플랫폼2!$A:$M,7,FALSE),0)+IFERROR(VLOOKUP($A70,플랫폼2!$A:$M,12,FALSE),0) -> 0 | X70: =IFERROR(VLOOKUP($A70,모바일!$A:$S,17,FALSE),0) -> 0 | Y70: =IFERROR(VLOOKUP($A70,모바일!$A:$S,18,FALSE),0) -> 0 | Z70: =IFERROR(VLOOKUP(A70,플랫폼2!$A:$O,15,0),0) -> 0 | AA70: =M70=SUM(U70:Z70) -> TRUE
A71: 퇴직급여충당금전입 | B71: =IFERROR(VLOOKUP($A71,전사손익계산서!$A:$B,2,0),0) -> 710663114 | C71: =B71-E71-D71 -> 62357793 | D71: =IFERROR(VLOOKUP($A71,영업총괄!$A:$K,11,FALSE),0) -> 20155768 | E71: =SUM(F71:M71) -> 6.2814955e+08 | F71: =IFERROR(VLOOKUP($A71,소매!A:B,2,FALSE),0) -> 3.962166e+08 | G71: =IFERROR(VLOOKUP($A71,도매!A:B,2,FALSE),0) -> 1.2386738e+08 | H71: =Q71+R71 -> 37872155 | I71: =IFERROR(VLOOKUP($A71,법인영업팀!A:E,4,FALSE),0) -> 4737026.6 | J71: =IFERROR(VLOOKUP($A71,법인영업팀!A:E,5,FALSE),0) -> 4737357.3 | K71: =IFERROR(VLOOKUP($A71,법인영업팀!$A:$E,3,FALSE),0) -> 22121151 | L71: =IFERROR(VLOOKUP($A71,소상공인혁신팀!$A:$B,2,FALSE),0) -> 30448283 | M71: =IFERROR(VLOOKUP($A71,'유통플랫폼사업단 IU'!$A:$F,2,FALSE),0) -> 8149601 | O71: =B71=C71+D71+E71 -> TRUE | Q71: =IFERROR(VLOOKUP($A71,디지털강화팀!A:C,3,FALSE),0) -> 35978547 | R71: =IFERROR(VLOOKUP($A71,디지털강화팀!A:D,4,FALSE),0) -> 1893608.1 | S71: =Q71+R71=H71 -> TRUE | U71: =IFERROR(VLOOKUP($A71,플랫폼1!$A:$B,2,FALSE),0) -> 1520594 | V71: =IFERROR(VLOOKUP($A71,플랫폼2!$A:$M,12,FALSE),0)+IFERROR(VLOOKUP($A71,플랫폼2!$A:$M,13,FALSE),0) -> 1209332 | W71: =IFERROR(VLOOKUP($A71,플랫폼2!$A:$M,7,FALSE),0)+IFERROR(VLOOKUP($A71,플랫폼2!$A:$M,12,FALSE),0) -> 1209332 | X71: =IFERROR(VLOOKUP($A71,모바일!$A:$S,17,FALSE),0) -> 276709.08 | Y71: =IFERROR(VLOOKUP($A71,모바일!$A:$S,18,FALSE),0) -> 276709.08 | Z71: =IFERROR(VLOOKUP(A71,플랫폼2!$A:$O,15,0),0) -> 3656924.8 | AA71: =M71=SUM(U71:Z71) -> TRUE
A72: 퇴직급여충당금전입_부서별 | B72: =IFERROR(VLOOKUP($A72,전사손익계산서!$A:$B,2,0),0) -> 710663114 | C72: =B72-E72-D72 -> 62357793 | D72: =IFERROR(VLOOKUP($A72,영업총괄!$A:$K,11,FALSE),0) -> 20155768 | E72: =SUM(F72:M72) -> 6.2814955e+08 | F72: =IFERROR(VLOOKUP($A72,소매!A:B,2,FALSE),0) -> 3.962166e+08 | G72: =IFERROR(VLOOKUP($A72,도매!A:B,2,FALSE),0) -> 1.2386738e+08 | H72: =Q72+R72 -> 37872155 | I72: =IFERROR(VLOOKUP($A72,법인영업팀!A:E,4,FALSE),0) -> 4737026.6 | J72: =IFERROR(VLOOKUP($A72,법인영업팀!A:E,5,FALSE),0) -> 4737357.3 | K72: =IFERROR(VLOOKUP($A72,법인영업팀!$A:$E,3,FALSE),0) -> 22121151 | L72: =IFERROR(VLOOKUP($A72,소상공인혁신팀!$A:$B,2,FALSE),0) -> 30448283 | M72: =IFERROR(VLOOKUP($A72,'유통플랫폼사업단 IU'!$A:$F,2,FALSE),0) -> 8149601 | O72: =B72=C72+D72+E72 -> TRUE | Q72: =IFERROR(VLOOKUP($A72,디지털강화팀!A:C,3,FALSE),0) -> 35978547 | R72: =IFERROR(VLOOKUP($A72,디지털강화팀!A:D,4,FALSE),0) -> 1893608.1 | S72: =Q72+R72=H72 -> TRUE | U72: =IFERROR(VLOOKUP($A72,플랫폼1!$A:$B,2,FALSE),0) -> 1520594 | V72: =IFERROR(VLOOKUP($A72,플랫폼2!$A:$M,12,FALSE),0)+IFERROR(VLOOKUP($A72,플랫폼2!$A:$M,13,FALSE),0) -> 1209332 | W72: =IFERROR(VLOOKUP($A72,플랫폼2!$A:$M,7,FALSE),0)+IFERROR(VLOOKUP($A72,플랫폼2!$A:$M,12,FALSE),0) -> 1209332 | X72: =IFERROR(VLOOKUP($A72,모바일!$A:$S,17,FALSE),0) -> 276709.08 | Y72: =IFERROR(VLOOKUP($A72,모바일!$A:$S,18,FALSE),0) -> 276709.08 | Z72: =IFERROR(VLOOKUP(A72,플랫폼2!$A:$O,15,0),0) -> 3656924.8 | AA72: =M72=SUM(U72:Z72) -> TRUE
... A80: 복리업무지원비 | B80: =IFERROR(VLOOKUP($A80,전사손익계산서!$A:$B,2,0),0) -> 0 | C80: =B80-E80-D80 -> 0 | D80: =IFERROR(VLOOKUP($A80,영업총괄!$A:$K,11,FALSE),0) -> 0 | E80: =SUM(F80:M80) -> 0 | F80: =IFERROR(VLOOKUP($A80,소매!A:B,2,FALSE),0) -> 0 | G80: =IFERROR(VLOOKUP($A80,도매!A:B,2,FALSE),0) -> 0 | H80: =Q80+R80 -> 0 | I80: =IFERROR(VLOOKUP($A80,법인영업팀!A:E,4,FALSE),0) -> 0 | J80: =IFERROR(VLOOKUP($A80,법인영업팀!A:E,5,FALSE),0) -> 0 | K80: =IFERROR(VLOOKUP($A80,법인영업팀!$A:$E,3,FALSE),0) -> 0 | L80: =IFERROR(VLOOKUP($A80,소상공인혁신팀!$A:$B,2,FALSE),0) -> 0 | M80: =IFERROR(VLOOKUP($A80,'유통플랫폼사업단 IU'!$A:$F,2,FALSE),0) -> 0 | O80: =B80=C80+D80+E80 -> TRUE | Q80: =IFERROR(VLOOKUP($A80,디지털강화팀!A:C,3,FALSE),0) -> 0 | R80: =IFERROR(VLOOKUP($A80,디지털강화팀!A:D,4,FALSE),0) -> 0 | S80: =Q80+R80=H80 -> TRUE | U80: =IFERROR(VLOOKUP($A80,플랫폼1!$A:$B,2,FALSE),0) -> 0 | V80: =IFERROR(VLOOKUP($A80,플랫폼2!$A:$M,12,FALSE),0)+IFERROR(VLOOKUP($A80,플랫폼2!$A:$M,13,FALSE),0) -> 0 | W80: =IFERROR(VLOOKUP($A80,플랫폼2!$A:$M,7,FALSE),0)+IFERROR(VLOOKUP($A80,플랫폼2!$A:$M,12,FALSE),0) -> 0 | X80: =IFERROR(VLOOKUP($A80,모바일!$A:$S,17,FALSE),0) -> 0 | Y80: =IFERROR(VLOOKUP($A80,모바일!$A:$S,18,FALSE),0) -> 0 | Z80: =IFERROR(VLOOKUP(A80,플랫폼2!$A:$O,15,0),0) -> 0 | AA80: =M80=SUM(U80:Z80) -> TRUE
A81: 복리포인트(마케팅) | B81: =IFERROR(VLOOKUP($A81,전사손익계산서!$A:$B,2,0),0) -> 571153308 | C81: =B81-E81-D81 -> 16891533 | D81: =IFERROR(VLOOKUP($A81,영업총괄!$A:$K,11,FALSE),0) -> 50000 | E81: =SUM(F81:M81) -> 5.5421177e+08 | F81: =IFERROR(VLOOKUP($A81,소매!A:B,2,FALSE),0) -> 3.0669893e+08 | G81: =IFERROR(VLOOKUP($A81,도매!A:B,2,FALSE),0) -> 1.6403916e+08 | H81: =Q81+R81 -> 64394250 | I81: =IFERROR(VLOOKUP($A81,법인영업팀!A:E,4,FALSE),0) -> 3775598.6 | J81: =IFERROR(VLOOKUP($A81,법인영업팀!A:E,5,FALSE),0) -> 3179626.5 | K81: =IFERROR(VLOOKUP($A81,법인영업팀!$A:$E,3,FALSE),0) -> 4766707.1 | L81: =IFERROR(VLOOKUP($A81,소상공인혁신팀!$A:$B,2,FALSE),0) -> 6029498.6 | M81: =IFERROR(VLOOKUP($A81,'유통플랫폼사업단 IU'!$A:$F,2,FALSE),0) -> 1328000 | O81: =B81=C81+D81+E81 -> TRUE | Q81: =IFERROR(VLOOKUP($A81,디지털강화팀!A:C,3,FALSE),0) -> 61174538 | R81: =IFERROR(VLOOKUP($A81,디지털강화팀!A:D,4,FALSE),0) -> 3219712 | S81: =Q81+R81=H81 -> TRUE | U81: =IFERROR(VLOOKUP($A81,플랫폼1!$A:$B,2,FALSE),0) -> 0 | V81: =IFERROR(VLOOKUP($A81,플랫폼2!$A:$M,12,FALSE),0)+IFERROR(VLOOKUP($A81,플랫폼2!$A:$M,13,FALSE),0) -> 0 | W81: =IFERROR(VLOOKUP($A81,플랫폼2!$A:$M,7,FALSE),0)+IFERROR(VLOOKUP($A81,플랫폼2!$A:$M,12,FALSE),0) -> 0 | X81: 0 | Y81: 0 | Z81: 1328000 | AA81: =M81=SUM(U81:Z81) -> TRUE
A82: 복리포인트(사업) | B82: =IFERROR(VLOOKUP($A82,전사손익계산서!$A:$B,2,0),0) -> 36835000 | C82: =B82-E82-D82 -> 880000 | D82: =IFERROR(VLOOKUP($A82,영업총괄!$A:$K,11,FALSE),0) -> 2500000 | E82: =SUM(F82:M82) -> 33455000 | F82: =IFERROR(VLOOKUP($A82,소매!A:B,2,FALSE),0) -> 18249328 | G82: =IFERROR(VLOOKUP($A82,도매!A:B,2,FALSE),0) -> 8645671.7 | H82: =Q82+R82 -> 4500000 | I82: =IFERROR(VLOOKUP($A82,법인영업팀!A:E,4,FALSE),0) -> 0 | J82: =IFERROR(VLOOKUP($A82,법인영업팀!A:E,5,FALSE),0) -> 0 | K82: =IFERROR(VLOOKUP($A82,법인영업팀!$A:$E,3,FALSE),0) -> 0 | L82: =IFERROR(VLOOKUP($A82,소상공인혁신팀!$A:$B,2,FALSE),0) -> 2060000 | M82: =IFERROR(VLOOKUP($A82,'유통플랫폼사업단 IU'!$A:$F,2,FALSE),0) -> 0 | O82: =B82=C82+D82+E82 -> TRUE | Q82: =IFERROR(VLOOKUP($A82,디지털강화팀!A:C,3,FALSE),0) -> 4275000 | R82: =IFERROR(VLOOKUP($A82,디지털강화팀!A:D,4,FALSE),0) -> 225000 | S82: =Q82+R82=H82 -> TRUE | U82: =IFERROR(VLOOKUP($A82,플랫폼1!$A:$B,2,FALSE),0) -> 0 | V82: =IFERROR(VLOOKUP($A82,플랫폼2!$A:$M,12,FALSE),0)+IFERROR(VLOOKUP($A82,플랫폼2!$A:$M,13,FALSE),0) -> 0 | W82: =IFERROR(VLOOKUP($A82,플랫폼2!$A:$M,7,FALSE),0)+IFERROR(VLOOKUP($A82,플랫폼2!$A:$M,12,FALSE),0) -> 0 | X82: =IFERROR(VLOOKUP($A82,모바일!$A:$S,17,FALSE),0) -> 0 | Y82: =IFERROR(VLOOKUP($A82,모바일!$A:$S,18,FALSE),0) -> 0 | Z82: =IFERROR(VLOOKUP(A82,플랫폼2!$A:$O,15,0),0) -> 0 | AA82: =M82=SUM(U82:Z82) -> TRUE
A83: 복리기타 | B83: =IFERROR(VLOOKUP($A83,전사손익계산서!$A:$B,2,0),0) -> 30072258 | C83: =B83-E83-D83 -> 21148308 | D83: =IFERROR(VLOOKUP($A83,영업총괄!$A:$K,11,FALSE),0) -> 49500 | E83: =SUM(F83:M83) -> 8874450.4 | F83: =IFERROR(VLOOKUP($A83,소매!A:B,2,FALSE),0) -> 6003014.2 | G83: =IFERROR(VLOOKUP($A83,도매!A:B,2,FALSE),0) -> 777243.84 | H83: =Q83+R83 -> 2681.9443 | I83: =IFERROR(VLOOKUP($A83,법인영업팀!A:E,4,FALSE),0) -> 255709.3 | J83: =IFERROR(VLOOKUP($A83,법인영업팀!A:E,5,FALSE),0) -> 256335.72 | K83: =IFERROR(VLOOKUP($A83,법인영업팀!$A:$E,3,FALSE),0) -> 1290443.1 | L83: =IFERROR(VLOOKUP($A83,소상공인혁신팀!$A:$B,2,FALSE),0) -> 289022.33 | M83: =IFERROR(VLOOKUP($A83,'유통플랫폼사업단 IU'!$A:$F,2,FALSE),0) -> 0 | O83: =B83=C83+D83+E83 -> TRUE | Q83: =IFERROR(VLOOKUP($A83,디지털강화팀!A:C,3,FALSE),0) -> 2547.8471 | R83: =IFERROR(VLOOKUP($A83,디지털강화팀!A:D,4,FALSE),0) -> 134.09722 | S83: =Q83+R83=H83 -> TRUE | U83: =IFERROR(VLOOKUP($A83,플랫폼1!$A:$B,2,FALSE),0) -> 0 | V83: =IFERROR(VLOOKUP($A83,플랫폼2!$A:$M,12,FALSE),0)+IFERROR(VLOOKUP($A83,플랫폼2!$A:$M,13,FALSE),0) -> 0 | W83: =IFERROR(VLOOKUP($A83,플랫폼2!$A:$M,7,FALSE),0)+IFERROR(VLOOKUP($A83,플랫폼2!$A:$M,12,FALSE),0) -> 0 | X83: =IFERROR(VLOOKUP($A83,모바일!$A:$S,17,FALSE),0) -> 0 | Y83: =IFERROR(VLOOKUP($A83,모바일!$A:$S,18,FALSE),0) -> 0 | Z83: =IFERROR(VLOOKUP(A83,플랫폼2!$A:$O,15,0),0) -> 0 | AA83: =M83=SUM(U83:Z83) -> TRUE
A84: 복리기타-생수 | B84: =IFERROR(VLOOKUP($A84,전사손익계산서!$A:$B,2,0),0) -> 9814189 | C84: =B84-E84-D84 -> 1515098 | D84: =IFERROR(VLOOKUP($A84,영업총괄!$A:$K,11,FALSE),0) -> 36000 | E84: =SUM(F84:M84) -> 8263091 | F84: =IFERROR(VLOOKUP($A84,소매!A:B,2,FALSE),0) -> 6517299.3 | G84: =IFERROR(VLOOKUP($A84,도매!A:B,2,FALSE),0) -> 1496423.7 | H84: =Q84+R84 -> 231277 | I84: =IFERROR(VLOOKUP($A84,법인영업팀!A:E,4,FALSE),0) -> 0 | J84: =IFERROR(VLOOKUP($A84,법인영업팀!A:E,5,FALSE),0) -> 0 | K84: =IFERROR(VLOOKUP($A84,법인영업팀!$A:$E,3,FALSE),0) -> 0 | L84: =IFERROR(VLOOKUP($A84,소상공인혁신팀!$A:$B,2,FALSE),0) -> 18091 | M84: =IFERROR(VLOOKUP($A84,'유통플랫폼사업단 IU'!$A:$F,2,FALSE),0) -> 0 | O84: =B84=C84+D84+E84 -> TRUE | Q84: =IFERROR(VLOOKUP($A84,디지털강화팀!A:C,3,FALSE),0) -> 219713 | R84: =IFERROR(VLOOKUP($A84,디지털강화팀!A:D,4,FALSE),0) -> 11564 | S84: =Q84+R84=H84 -> TRUE | U84: =IFERROR(VLOOKUP($A84,플랫폼1!$A:$B,2,FALSE),0) -> 0 | V84: =IFERROR(VLOOKUP($A84,플랫폼2!$A:$M,12,FALSE),0)+IFERROR(VLOOKUP($A84,플랫폼2!$A:$M,13,FALSE),0) -> 0 | W84: =IFERROR(VLOOKUP($A84,플랫폼2!$A:$M,7,FALSE),0)+IFERROR(VLOOKUP($A84,플랫폼2!$A:$M,12,FALSE),0) -> 0 | X84: =IFERROR(VLOOKUP($A84,모바일!$A:$S,17,FALSE),0) -> 0 | Y84: =IFERROR(VLOOKUP($A84,모바일!$A:$S,18,FALSE),0) -> 0 | Z84: =IFERROR(VLOOKUP(A84,플랫폼2!$A:$O,15,0),0) -> 0 | AA84: =M84=SUM(U84:Z84) -> TRUE
A85: 복리선택적(wow펀드) | B85: =IFERROR(VLOOKUP($A85,전사손익계산서!$A:$B,2,0),0) -> 6950000 | C85: =B85-E85-D85 -> 0 | D85: =IFERROR(VLOOKUP($A85,영업총괄!$A:$K,11,FALSE),0) -> 0 | E85: =SUM(F85:M85) -> 6950000 | F85: =IFERROR(VLOOKUP($A85,소매!A:B,2,FALSE),0) -> 6950000 | G85: =IFERROR(VLOOKUP($A85,도매!A:B,2,FALSE),0) -> 0 | H85: =Q85+R85 -> 0 | I85: =IFERROR(VLOOKUP($A85,법인영업팀!A:E,4,FALSE),0) -> 0 | J85: =IFERROR(VLOOKUP($A85,법인영업팀!A:E,5,FALSE),0) -> 0 | K85: =IFERROR(VLOOKUP($A85,법인영업팀!$A:$E,3,FALSE),0) -> 0 | L85: =IFERROR(VLOOKUP($A85,소상공인혁신팀!$A:$B,2,FALSE),0) -> 0 | M85: =IFERROR(VLOOKUP($A85,'유통플랫폼사업단 IU'!$A:$F,2,FALSE),0) -> 0 | O85: =B85=C85+D85+E85 -> TRUE | Q85: =IFERROR(VLOOKUP($A85,디지털강화팀!A:C,3,FALSE),0) -> 0 | R85: =IFERROR(VLOOKUP($A85,디지털강화팀!A:D,4,FALSE),0) -> 0 | S85: =Q85+R85=H85 -> TRUE | U85: =IFERROR(VLOOKUP($A85,플랫폼1!$A:$B,2,FALSE),0) -> 0 | V85: =IFERROR(VLOOKUP($A85,플랫폼2!$A:$M,12,FALSE),0)+IFERROR(VLOOKUP($A85,플랫폼2!$A:$M,13,FALSE),0) -> 0 | W85: =IFERROR(VLOOKUP($A85,플랫폼2!$A:$M,7,FALSE),0)+IFERROR(VLOOKUP($A85,플랫폼2!$A:$M,12,FALSE),0) -> 0 | X85: =IFERROR(VLOOKUP($A85,모바일!$A:$S,17,FALSE),0) -> 0 | Y85: =IFERROR(VLOOKUP($A85,모바일!$A:$S,18,FALSE),0) -> 0 | Z85: =IFERROR(VLOOKUP(A85,플랫폼2!$A:$O,15,0),0) -> 0 | AA85: =M85=SUM(U85:Z85) -> TRUE
A86: 복리의료비(일반) | B86: =IFERROR(VLOOKUP($A86,전사손익계산서!$A:$B,2,0),0) -> 0 | C86: =B86-E86-D86 -> 0 | D86: =IFERROR(VLOOKUP($A86,영업총괄!$A:$K,11,FALSE),0) -> 0 | E86: =SUM(F86:M86) -> 0 | F86: =IFERROR(VLOOKUP($A86,소매!A:B,2,FALSE),0) -> 0 | G86: =IFERROR(VLOOKUP($A86,도매!A:B,2,FALSE),0) -> 0 | H86: =Q86+R86 -> 0 | I86: =IFERROR(VLOOKUP($A86,법인영업팀!A:E,4,FALSE),0) -> 0 | J86: =IFERROR(VLOOKUP($A86,법인영업팀!A:E,5,FALSE),0) -> 0 | K86: =IFERROR(VLOOKUP($A86,법인영업팀!$A:$E,3,FALSE),0) -> 0 | L86: =IFERROR(VLOOKUP($A86,소상공인혁신팀!$A:$B,2,FALSE),0) -> 0 | M86: =IFERROR(VLOOKUP($A86,'유통플랫폼사업단 IU'!$A:$F,2,FALSE),0) -> 0 | O86: =B86=C86+D86+E86 -> TRUE | Q86: =IFERROR(VLOOKUP($A86,디지털강화팀!A:C,3,FALSE),0) -> 0 | R86: =IFERROR(VLOOKUP($A86,디지털강화팀!A:D,4,FALSE),0) -> 0 | S86: =Q86+R86=H86 -> TRUE | U86: =IFERROR(VLOOKUP($A86,플랫폼1!$A:$B,2,FALSE),0) -> 0 | V86: =IFERROR(VLOOKUP($A86,플랫폼2!$A:$M,12,FALSE),0)+IFERROR(VLOOKUP($A86,플랫폼2!$A:$M,13,FALSE),0) -> 0 | W86: =IFERROR(VLOOKUP($A86,플랫폼2!$A:$M,7,FALSE),0)+IFERROR(VLOOKUP($A86,플랫폼2!$A:$M,12,FALSE),0) -> 0 | X86: =IFERROR(VLOOKUP($A86,모바일!$A:$S,17,FALSE),0) -> 0 | Y86: =IFERROR(VLOOKUP($A86,모바일!$A:$S,18,FALSE),0) -> 0 | Z86: =IFERROR(VLOOKUP(A86,플랫폼2!$A:$O,15,0),0) -> 0 | AA86: =M86=SUM(U86:Z86) -> TRUE
A87: 복리의료비(치과) | B87: =IFERROR(VLOOKUP($A87,전사손익계산서!$A:$B,2,0),0) -> 0 | C87: =B87-E87-D87 -> 0 | D87: =IFERROR(VLOOKUP($A87,영업총괄!$A:$K,11,FALSE),0) -> 0 | E87: =SUM(F87:M87) -> 0 | F87: =IFERROR(VLOOKUP($A87,소매!A:B,2,FALSE),0) -> 0 | G87: =IFERROR(VLOOKUP($A87,도매!A:B,2,FALSE),0) -> 0 | H87: =Q87+R87 -> 0 | I87: =IFERROR(VLOOKUP($A87,법인영업팀!A:E,4,FALSE),0) -> 0 | J87: =IFERROR(VLOOKUP($A87,법인영업팀!A:E,5,FALSE),0) -> 0 | K87: =IFERROR(VLOOKUP($A87,법인영업팀!$A:$E,3,FALSE),0) -> 0 | L87: =IFERROR(VLOOKUP($A87,소상공인혁신팀!$A:$B,2,FALSE),0) -> 0 | M87: =IFERROR(VLOOKUP($A87,'유통플랫폼사업단 IU'!$A:$F,2,FALSE),0) -> 0 | O87: =B87=C87+D87+E87 -> TRUE | Q87: =IFERROR(VLOOKUP($A87,디지털강화팀!A:C,3,FALSE),0) -> 0 | R87: =IFERROR(VLOOKUP($A87,디지털강화팀!A:D,4,FALSE),0) -> 0 | S87: =Q87+R87=H87 -> TRUE | U87: =IFERROR(VLOOKUP($A87,플랫폼1!$A:$B,2,FALSE),0) -> 0 | V87: =IFERROR(VLOOKUP($A87,플랫폼2!$A:$M,12,FALSE),0)+IFERROR(VLOOKUP($A87,플랫폼2!$A:$M,13,FALSE),0) -> 0 | W87: =IFERROR(VLOOKUP($A87,플랫폼2!$A:$M,7,FALSE),0)+IFERROR(VLOOKUP($A87,플랫폼2!$A:$M,12,FALSE),0) -> 0 | X87: =IFERROR(VLOOKUP($A87,모바일!$A:$S,17,FALSE),0) -> 0 | Y87: =IFERROR(VLOOKUP($A87,모바일!$A:$S,18,FALSE),0) -> 0 | Z87: =IFERROR(VLOOKUP(A87,플랫폼2!$A:$O,15,0),0) -> 0 | AA87: =M87=SUM(U87:Z87) -> TRUE
A88: 복리경조비_임원 | B88: =IFERROR(VLOOKUP($A88,전사손익계산서!$A:$B,2,0),0) -> 0 | C88: =B88-E88-D88 -> 0 | D88: =IFERROR(VLOOKUP($A88,영업총괄!$A:$K,11,FALSE),0) -> 0 | E88: =SUM(F88:M88) -> 0 | F88: =IFERROR(VLOOKUP($A88,소매!A:B,2,FALSE),0) -> 0 | G88: =IFERROR(VLOOKUP($A88,도매!A:B,2,FALSE),0) -> 0 | H88: =Q88+R88 -> 0 | I88: =IFERROR(VLOOKUP($A88,법인영업팀!A:E,4,FALSE),0) -> 0 | J88: =IFERROR(VLOOKUP($A88,법인영업팀!A:E,5,FALSE),0) -> 0 | K88: =IFERROR(VLOOKUP($A88,법인영업팀!$A:$E,3,FALSE),0) -> 0 | L88: =IFERROR(VLOOKUP($A88,소상공인혁신팀!$A:$B,2,FALSE),0) -> 0 | M88: =IFERROR(VLOOKUP($A88,'유통플랫폼사업단 IU'!$A:$F,2,FALSE),0) -> 0 | O88: =B88=C88+D88+E88 -> TRUE | Q88: =IFERROR(VLOOKUP($A88,디지털강화팀!A:C,3,FALSE),0) -> 0 | R88: =IFERROR(VLOOKUP($A88,디지털강화팀!A:D,4,FALSE),0) -> 0 | S88: =Q88+R88=H88 -> TRUE | U88: =IFERROR(VLOOKUP($A88,플랫폼1!$A:$B,2,FALSE),0) -> 0 | V88: =IFERROR(VLOOKUP($A88,플랫폼2!$A:$M,12,FALSE),0)+IFERROR(VLOOKUP($A88,플랫폼2!$A:$M,13,FALSE),0) -> 0 | W88: =IFERROR(VLOOKUP($A88,플랫폼2!$A:$M,7,FALSE),0)+IFERROR(VLOOKUP($A88,플랫폼2!$A:$M,12,FALSE),0) -> 0 | X88: =IFERROR(VLOOKUP($A88,모바일!$A:$S,17,FALSE),0) -> 0 | Y88: =IFERROR(VLOOKUP($A88,모바일!$A:$S,18,FALSE),0) -> 0 | Z88: =IFERROR(VLOOKUP(A88,플랫폼2!$A:$O,15,0),0) -> 0 | AA88: =M88=SUM(U88:Z88) -> TRUE
A89: 복리경조비_일반직 | B89: =IFERROR(VLOOKUP($A89,전사손익계산서!$A:$B,2,0),0) -> 0 | C89: =B89-E89-D89 -> 0 | D89: =IFERROR(VLOOKUP($A89,영업총괄!$A:$K,11,FALSE),0) -> 0 | E89: =SUM(F89:M89) -> 0 | F89: =IFERROR(VLOOKUP($A89,소매!A:B,2,FALSE),0) -> 0 | G89: =IFERROR(VLOOKUP($A89,도매!A:B,2,FALSE),0) -> 0 | H89: =Q89+R89 -> 0 | I89: =IFERROR(VLOOKUP($A89,법인영업팀!A:E,4,FALSE),0) -> 0 | J89: =IFERROR(VLOOKUP($A89,법인영업팀!A:E,5,FALSE),0) -> 0 | K89: =IFERROR(VLOOKUP($A89,법인영업팀!$A:$E,3,FALSE),0) -> 0 | L89: =IFERROR(VLOOKUP($A89,소상공인혁신팀!$A:$B,2,FALSE),0) -> 0 | M89: =IFERROR(VLOOKUP($A89,'유통플랫폼사업단 IU'!$A:$F,2,FALSE),0) -> 0 | O89: =B89=C89+D89+E89 -> TRUE | Q89: =IFERROR(VLOOKUP($A89,디지털강화팀!A:C,3,FALSE),0) -> 0 | R89: =IFERROR(VLOOKUP($A89,디지털강화팀!A:D,4,FALSE),0) -> 0 | S89: =Q89+R89=H89 -> TRUE | U89: =IFERROR(VLOOKUP($A89,플랫폼1!$A:$B,2,FALSE),0) -> 0 | V89: =IFERROR(VLOOKUP($A89,플랫폼2!$A:$M,12,FALSE),0)+IFERROR(VLOOKUP($A89,플랫폼2!$A:$M,13,FALSE),0) -> 0 | W89: =IFERROR(VLOOKUP($A89,플랫폼2!$A:$M,7,FALSE),0)+IFERROR(VLOOKUP($A89,플랫폼2!$A:$M,12,FALSE),0) -> 0 | X89: =IFERROR(VLOOKUP($A89,모바일!$A:$S,17,FALSE),0) -> 0 | Y89: =IFERROR(VLOOKUP($A89,모바일!$A:$S,18,FALSE),0) -> 0 | Z89: =IFERROR(VLOOKUP(A89,플랫폼2!$A:$O,15,0),0) -> 0 | AA89: =M89=SUM(U89:Z89) -> TRUE
A90: 복리경조비_SC직 | B90: =IFERROR(VLOOKUP($A90,전사손익계산서!$A:$B,2,0),0) -> 0 | C90: =B90-E90-D90 -> 0 | D90: =IFERROR(VLOOKUP($A90,영업총괄!$A:$K,11,FALSE),0) -> 0 | E90: =SUM(F90:M90) -> 0 | F90: =IFERROR(VLOOKUP($A90,소매!A:B,2,FALSE),0) -> 0 | G90: =IFERROR(VLOOKUP($A90,도매!A:B,2,FALSE),0) -> 0 | H90: =Q90+R90 -> 0 | I90: =IFERROR(VLOOKUP($A90,법인영업팀!A:E,4,FALSE),0) -> 0 | J90: =IFERROR(VLOOKUP($A90,법인영업팀!A:E,5,FALSE),0) -> 0 | K90: =IFERROR(VLOOKUP($A90,법인영업팀!$A:$E,3,FALSE),0) -> 0 | L90: =IFERROR(VLOOKUP($A90,소상공인혁신팀!$A:$B,2,FALSE),0) -> 0 | M90: =IFERROR(VLOOKUP($A90,'유통플랫폼사업단 IU'!$A:$F,2,FALSE),0) -> 0 | O90: =B90=C90+D90+E90 -> TRUE | Q90: =IFERROR(VLOOKUP($A90,디지털강화팀!A:C,3,FALSE),0) -> 0 | R90: =IFERROR(VLOOKUP($A90,디지털강화팀!A:D,4,FALSE),0) -> 0 | S90: =Q90+R90=H90 -> TRUE | U90: =IFERROR(VLOOKUP($A90,플랫폼1!$A:$B,2,FALSE),0) -> 0 | V90: =IFERROR(VLOOKUP($A90,플랫폼2!$A:$M,12,FALSE),0)+IFERROR(VLOOKUP($A90,플랫폼2!$A:$M,13,FALSE),0) -> 0 | W90: =IFERROR(VLOOKUP($A90,플랫폼2!$A:$M,7,FALSE),0)+IFERROR(VLOOKUP($A90,플랫폼2!$A:$M,12,FALSE),0) -> 0 | X90: =IFERROR(VLOOKUP($A90,모바일!$A:$S,17,FALSE),0) -> 0 | Y90: =IFERROR(VLOOKUP($A90,모바일!$A:$S,18,FALSE),0) -> 0 | Z90: =IFERROR(VLOOKUP(A90,플랫폼2!$A:$O,15,0),0) -> 0 | AA90: =M90=SUM(U90:Z90) -> TRUE
A91: 복리경조비_영업직 | B91: =IFERROR(VLOOKUP($A91,전사손익계산서!$A:$B,2,0),0) -> 0 | C91: =B91-E91-D91 -> 0 | D91: =IFERROR(VLOOKUP($A91,영업총괄!$A:$K,11,FALSE),0) -> 0 | E91: =SUM(F91:M91) -> 0 | F91: =IFERROR(VLOOKUP($A91,소매!A:B,2,FALSE),0) -> 0 | G91: =IFERROR(VLOOKUP($A91,도매!A:B,2,FALSE),0) -> 0 | H91: =Q91+R91 -> 0 | I91: =IFERROR(VLOOKUP($A91,법인영업팀!A:E,4,FALSE),0) -> 0 | J91: =IFERROR(VLOOKUP($A91,법인영업팀!A:E,5,FALSE),0) -> 0 | K91: =IFERROR(VLOOKUP($A91,법인영업팀!$A:$E,3,FALSE),0) -> 0 | L91: =IFERROR(VLOOKUP($A91,소상공인혁신팀!$A:$B,2,FALSE),0) -> 0 | M91: =IFERROR(VLOOKUP($A91,'유통플랫폼사업단 IU'!$A:$F,2,FALSE),0) -> 0 | O91: =B91=C91+D91+E91 -> TRUE | Q91: =IFERROR(VLOOKUP($A91,디지털강화팀!A:C,3,FALSE),0) -> 0 | R91: =IFERROR(VLOOKUP($A91,디지털강화팀!A:D,4,FALSE),0) -> 0 | S91: =Q91+R91=H91 -> TRUE | U91: =IFERROR(VLOOKUP($A91,플랫폼1!$A:$B,2,FALSE),0) -> 0 | V91: =IFERROR(VLOOKUP($A91,플랫폼2!$A:$M,12,FALSE),0)+IFERROR(VLOOKUP($A91,플랫폼2!$A:$M,13,FALSE),0) -> 0 | W91: =IFERROR(VLOOKUP($A91,플랫폼2!$A:$M,7,FALSE),0)+IFERROR(VLOOKUP($A91,플랫폼2!$A:$M,12,FALSE),0) -> 0 | X91: =IFERROR(VLOOKUP($A91,모바일!$A:$S,17,FALSE),0) -> 0 | Y91: =IFERROR(VLOOKUP($A91,모바일!$A:$S,18,FALSE),0) -> 0 | Z91: =IFERROR(VLOOKUP(A91,플랫폼2!$A:$O,15,0),0) -> 0 | AA91: =M91=SUM(U91:Z91) -> TRUE
A92: 복리경조비_기타직 | B92: =IFERROR(VLOOKUP($A92,전사손익계산서!$A:$B,2,0),0) -> 0 | C92: =B92-E92-D92 -> 0 | D92: =IFERROR(VLOOKUP($A92,영업총괄!$A:$K,11,FALSE),0) -> 0 | E92: =SUM(F92:M92) -> 0 | F92: =IFERROR(VLOOKUP($A92,소매!A:B,2,FALSE),0) -> 0 | G92: =IFERROR(VLOOKUP($A92,도매!A:B,2,FALSE),0) -> 0 | H92: =Q92+R92 -> 0 | I92: =IFERROR(VLOOKUP($A92,법인영업팀!A:E,4,FALSE),0) -> 0 | J92: =IFERROR(VLOOKUP($A92,법인영업팀!A:E,5,FALSE),0) -> 0 | K92: =IFERROR(VLOOKUP($A92,법인영업팀!$A:$E,3,FALSE),0) -> 0 | L92: =IFERROR(VLOOKUP($A92,소상공인혁신팀!$A:$B,2,FALSE),0) -> 0 | M92: =IFERROR(VLOOKUP($A92,'유통플랫폼사업단 IU'!$A:$F,2,FALSE),0) -> 0 | O92: =B92=C92+D92+E92 -> TRUE | Q92: =IFERROR(VLOOKUP($A92,디지털강화팀!A:C,3,FALSE),0) -> 0 | R92: =IFERROR(VLOOKUP($A92,디지털강화팀!A:D,4,FALSE),0) -> 0 | S92: =Q92+R92=H92 -> TRUE | U92: =IFERROR(VLOOKUP($A92,플랫폼1!$A:$B,2,FALSE),0) -> 0 | V92: =IFERROR(VLOOKUP($A92,플랫폼2!$A:$M,12,FALSE),0)+IFERROR(VLOOKUP($A92,플랫폼2!$A:$M,13,FALSE),0) -> 0 | W92: =IFERROR(VLOOKUP($A92,플랫폼2!$A:$M,7,FALSE),0)+IFERROR(VLOOKUP($A92,플랫폼2!$A:$M,12,FALSE),0) -> 0 | X92: =IFERROR(VLOOKUP($A92,모바일!$A:$S,17,FALSE),0) -> 0 | Y92: =IFERROR(VLOOKUP($A92,모바일!$A:$S,18,FALSE),0) -> 0 | Z92: =IFERROR(VLOOKUP(A92,플랫폼2!$A:$O,15,0),0) -> 0 | AA92: =M92=SUM(U92:Z92) -> TRUE
A93: 복리자녀교육비_일반직 | B93: =IFERROR(VLOOKUP($A93,전사손익계산서!$A:$B,2,0),0) -> 0 | C93: =B93-E93-D93 -> 0 | D93: =IFERROR(VLOOKUP($A93,영업총괄!$A:$K,11,FALSE),0) -> 0 | E93: =SUM(F93:M93) -> 0 | F93: =IFERROR(VLOOKUP($A93,소매!A:B,2,FALSE),0) -> 0 | G93: =IFERROR(VLOOKUP($A93,도매!A:B,2,FALSE),0) -> 0 | H93: =Q93+R93 -> 0 | I93: =IFERROR(VLOOKUP($A93,법인영업팀!A:E,4,FALSE),0) -> 0 | J93: =IFERROR(VLOOKUP($A93,법인영업팀!A:E,5,FALSE),0) -> 0 | K93: =IFERROR(VLOOKUP($A93,법인영업팀!$A:$E,3,FALSE),0) -> 0 | L93: =IFERROR(VLOOKUP($A93,소상공인혁신팀!$A:$B,2,FALSE),0) -> 0 | M93: =IFERROR(VLOOKUP($A93,'유통플랫폼사업단 IU'!$A:$F,2,FALSE),0) -> 0 | O93: =B93=C93+D93+E93 -> TRUE | Q93: =IFERROR(VLOOKUP($A93,디지털강화팀!A:C,3,FALSE),0) -> 0 | R93: =IFERROR(VLOOKUP($A93,디지털강화팀!A:D,4,FALSE),0) -> 0 | S93: =Q93+R93=H93 -> TRUE | U93: =IFERROR(VLOOKUP($A93,플랫폼1!$A:$B,2,FALSE),0) -> 0 | V93: =IFERROR(VLOOKUP($A93,플랫폼2!$A:$M,12,FALSE),0)+IFERROR(VLOOKUP($A93,플랫폼2!$A:$M,13,FALSE),0) -> 0 | W93: =IFERROR(VLOOKUP($A93,플랫폼2!$A:$M,7,FALSE),0)+IFERROR(VLOOKUP($A93,플랫폼2!$A:$M,12,FALSE),0) -> 0 | X93: =IFERROR(VLOOKUP($A93,모바일!$A:$S,17,FALSE),0) -> 0 | Y93: =IFERROR(VLOOKUP($A93,모바일!$A:$S,18,FALSE),0) -> 0 | Z93: =IFERROR(VLOOKUP(A93,플랫폼2!$A:$O,15,0),0) -> 0 | AA93: =M93=SUM(U93:Z93) -> TRUE
... A129: 통신-정보통신이용료 | B129: =IFERROR(VLOOKUP($A129,전사손익계산서!$A:$B,2,0),0) -> 20095782 | C129: =B129-E129-D129 -> 7555183 | D129: =IFERROR(VLOOKUP($A129,영업총괄!$A:$K,11,FALSE),0) -> 623363 | E129: =SUM(F129:M129) -> 11917236 | F129: =IFERROR(VLOOKUP($A129,소매!A:B,2,FALSE),0) -> 0 | G129: =IFERROR(VLOOKUP($A129,도매!A:B,2,FALSE),0) -> 4180198 | H129: =Q129+R129 -> 5353590 | I129: =IFERROR(VLOOKUP($A129,법인영업팀!A:E,4,FALSE),0) -> 476689.5 | J129: =IFERROR(VLOOKUP($A129,법인영업팀!A:E,5,FALSE),0) -> 476689.5 | K129: =IFERROR(VLOOKUP($A129,법인영업팀!$A:$E,3,FALSE),0) -> 1246727 | L129: =IFERROR(VLOOKUP($A129,소상공인혁신팀!$A:$B,2,FALSE),0) -> 0 | M129: =IFERROR(VLOOKUP($A129,'유통플랫폼사업단 IU'!$A:$F,2,FALSE),0) -> 183342 | O129: =B129=C129+D129+E129 -> TRUE | Q129: =IFERROR(VLOOKUP($A129,디지털강화팀!A:C,3,FALSE),0) -> 5085911 | R129: =IFERROR(VLOOKUP($A129,디지털강화팀!A:D,4,FALSE),0) -> 267679 | S129: =Q129+R129=H129 -> TRUE | U129: =IFERROR(VLOOKUP($A129,플랫폼1!$A:$B,2,FALSE),0) -> 183342 | V129: =IFERROR(VLOOKUP($A129,플랫폼2!$A:$M,12,FALSE),0)+IFERROR(VLOOKUP($A129,플랫폼2!$A:$M,13,FALSE),0) -> 0 | W129: =IFERROR(VLOOKUP($A129,플랫폼2!$A:$M,7,FALSE),0)+IFERROR(VLOOKUP($A129,플랫폼2!$A:$M,12,FALSE),0) -> 0 | X129: =IFERROR(VLOOKUP($A129,모바일!$A:$S,17,FALSE),0) -> 0 | Y129: =IFERROR(VLOOKUP($A129,모바일!$A:$S,18,FALSE),0) -> 0 | Z129: =IFERROR(VLOOKUP(A129,플랫폼2!$A:$O,15,0),0) -> 0 | AA129: =M129=SUM(U129:Z129) -> TRUE
A130: 통신-우편료(기본) | B130: =IFERROR(VLOOKUP($A130,전사손익계산서!$A:$B,2,0),0) -> 5751280 | C130: =B130-E130-D130 -> 299920 | D130: =IFERROR(VLOOKUP($A130,영업총괄!$A:$K,11,FALSE),0) -> 71960 | E130: =SUM(F130:M130) -> 5379400 | F130: =IFERROR(VLOOKUP($A130,소매!A:B,2,FALSE),0) -> 3641284.3 | G130: =IFERROR(VLOOKUP($A130,도매!A:B,2,FALSE),0) -> 1124925.7 | H130: =Q130+R130 -> 28780 | I130: =IFERROR(VLOOKUP($A130,법인영업팀!A:E,4,FALSE),0) -> 8380 | J130: =IFERROR(VLOOKUP($A130,법인영업팀!A:E,5,FALSE),0) -> 162500 | K130: =IFERROR(VLOOKUP($A130,법인영업팀!$A:$E,3,FALSE),0) -> 179380 | L130: =IFERROR(VLOOKUP($A130,소상공인혁신팀!$A:$B,2,FALSE),0) -> 173850 | M130: =IFERROR(VLOOKUP($A130,'유통플랫폼사업단 IU'!$A:$F,2,FALSE),0) -> 60300 | O130: =B130=C130+D130+E130 -> TRUE | Q130: =IFERROR(VLOOKUP($A130,디지털강화팀!A:C,3,FALSE),0) -> 27341 | R130: =IFERROR(VLOOKUP($A130,디지털강화팀!A:D,4,FALSE),0) -> 1439 | S130: =Q130+R130=H130 -> TRUE | U130: =IFERROR(VLOOKUP($A130,플랫폼1!$A:$B,2,FALSE),0) -> 0 | V130: =IFERROR(VLOOKUP($A130,플랫폼2!$A:$M,12,FALSE),0)+IFERROR(VLOOKUP($A130,플랫폼2!$A:$M,13,FALSE),0) -> 0 | W130: =IFERROR(VLOOKUP($A130,플랫폼2!$A:$M,7,FALSE),0)+IFERROR(VLOOKUP($A130,플랫폼2!$A:$M,12,FALSE),0) -> 0 | X130: =IFERROR(VLOOKUP($A130,모바일!$A:$S,17,FALSE),0) -> 0 | Y130: =IFERROR(VLOOKUP($A130,모바일!$A:$S,18,FALSE),0) -> 0 | Z130: 60300 | AA130: =M130=SUM(U130:Z130) -> TRUE
A131: 통신-우편료(마케팅) | B131: =IFERROR(VLOOKUP($A131,전사손익계산서!$A:$B,2,0),0) -> 0 | C131: =B131-E131-D131 -> 0 | D131: =IFERROR(VLOOKUP($A131,영업총괄!$A:$K,11,FALSE),0) -> 0 | E131: =SUM(F131:M131) -> 0 | F131: =IFERROR(VLOOKUP($A131,소매!A:B,2,FALSE),0) -> 0 | G131: =IFERROR(VLOOKUP($A131,도매!A:B,2,FALSE),0) -> 0 | H131: =Q131+R131 -> 0 | I131: =IFERROR(VLOOKUP($A131,법인영업팀!A:E,4,FALSE),0) -> 0 | J131: =IFERROR(VLOOKUP($A131,법인영업팀!A:E,5,FALSE),0) -> 0 | K131: =IFERROR(VLOOKUP($A131,법인영업팀!$A:$E,3,FALSE),0) -> 0 | L131: =IFERROR(VLOOKUP($A131,소상공인혁신팀!$A:$B,2,FALSE),0) -> 0 | M131: =IFERROR(VLOOKUP($A131,'유통플랫폼사업단 IU'!$A:$F,2,FALSE),0) -> 0 | O131: =B131=C131+D131+E131 -> TRUE | Q131: =IFERROR(VLOOKUP($A131,디지털강화팀!A:C,3,FALSE),0) -> 0 | R131: =IFERROR(VLOOKUP($A131,디지털강화팀!A:D,4,FALSE),0) -> 0 | S131: =Q131+R131=H131 -> TRUE | U131: =IFERROR(VLOOKUP($A131,플랫폼1!$A:$B,2,FALSE),0) -> 0 | V131: =IFERROR(VLOOKUP($A131,플랫폼2!$A:$M,12,FALSE),0)+IFERROR(VLOOKUP($A131,플랫폼2!$A:$M,13,FALSE),0) -> 0 | W131: =IFERROR(VLOOKUP($A131,플랫폼2!$A:$M,7,FALSE),0)+IFERROR(VLOOKUP($A131,플랫폼2!$A:$M,12,FALSE),0) -> 0 | X131: =IFERROR(VLOOKUP($A131,모바일!$A:$S,17,FALSE),0) -> 0 | Y131: =IFERROR(VLOOKUP($A131,모바일!$A:$S,18,FALSE),0) -> 0 | Z131: =IFERROR(VLOOKUP(A131,플랫폼2!$A:$O,15,0),0) -> 0 | AA131: =M131=SUM(U131:Z131) -> TRUE
A132: 통신-우편료(성과형) | B132: =IFERROR(VLOOKUP($A132,전사손익계산서!$A:$B,2,0),0) -> 0 | C132: =B132-E132-D132 -> 0 | D132: =IFERROR(VLOOKUP($A132,영업총괄!$A:$K,11,FALSE),0) -> 0 | E132: =SUM(F132:M132) -> 0 | F132: =IFERROR(VLOOKUP($A132,소매!A:B,2,FALSE),0) -> 0 | G132: =IFERROR(VLOOKUP($A132,도매!A:B,2,FALSE),0) -> 0 | H132: =Q132+R132 -> 0 | I132: =IFERROR(VLOOKUP($A132,법인영업팀!A:E,4,FALSE),0) -> 0 | J132: =IFERROR(VLOOKUP($A132,법인영업팀!A:E,5,FALSE),0) -> 0 | K132: =IFERROR(VLOOKUP($A132,법인영업팀!$A:$E,3,FALSE),0) -> 0 | L132: =IFERROR(VLOOKUP($A132,소상공인혁신팀!$A:$B,2,FALSE),0) -> 0 | M132: =IFERROR(VLOOKUP($A132,'유통플랫폼사업단 IU'!$A:$F,2,FALSE),0) -> 0 | O132: =B132=C132+D132+E132 -> TRUE | Q132: =IFERROR(VLOOKUP($A132,디지털강화팀!A:C,3,FALSE),0) -> 0 | R132: =IFERROR(VLOOKUP($A132,디지털강화팀!A:D,4,FALSE),0) -> 0 | S132: =Q132+R132=H132 -> TRUE | U132: =IFERROR(VLOOKUP($A132,플랫폼1!$A:$B,2,FALSE),0) -> 0 | V132: =IFERROR(VLOOKUP($A132,플랫폼2!$A:$M,12,FALSE),0)+IFERROR(VLOOKUP($A132,플랫폼2!$A:$M,13,FALSE),0) -> 0 | W132: =IFERROR(VLOOKUP($A132,플랫폼2!$A:$M,7,FALSE),0)+IFERROR(VLOOKUP($A132,플랫폼2!$A:$M,12,FALSE),0) -> 0 | X132: =IFERROR(VLOOKUP($A132,모바일!$A:$S,17,FALSE),0) -> 0 | Y132: =IFERROR(VLOOKUP($A132,모바일!$A:$S,18,FALSE),0) -> 0 | Z132: =IFERROR(VLOOKUP(A132,플랫폼2!$A:$O,15,0),0) -> 0 | AA132: =M132=SUM(U132:Z132) -> TRUE
A133: 수 도 광 열 비 | B133: =IFERROR(VLOOKUP($A133,전사손익계산서!$A:$B,2,0),0) -> 74576703 | C133: =B133-E133-D133 -> 1407837 | D133: =IFERROR(VLOOKUP($A133,영업총괄!$A:$K,11,FALSE),0) -> 0 | E133: =SUM(F133:M133) -> 73168866 | F133: =IFERROR(VLOOKUP($A133,소매!A:B,2,FALSE),0) -> 66368114 | G133: =IFERROR(VLOOKUP($A133,도매!A:B,2,FALSE),0) -> 6128667.9 | H133: =Q133+R133 -> 0 | I133: =IFERROR(VLOOKUP($A133,법인영업팀!A:E,4,FALSE),0) -> 0 | J133: =IFERROR(VLOOKUP($A133,법인영업팀!A:E,5,FALSE),0) -> 0 | K133: =IFERROR(VLOOKUP($A133,법인영업팀!$A:$E,3,FALSE),0) -> 0 | L133: =IFERROR(VLOOKUP($A133,소상공인혁신팀!$A:$B,2,FALSE),0) -> 0 | M133: =IFERROR(VLOOKUP($A133,'유통플랫폼사업단 IU'!$A:$F,2,FALSE),0) -> 672084 | O133: =B133=C133+D133+E133 -> TRUE | Q133: =IFERROR(VLOOKUP($A133,디지털강화팀!A:C,3,FALSE),0) -> 0 | R133: =IFERROR(VLOOKUP($A133,디지털강화팀!A:D,4,FALSE),0) -> 0 | S133: =Q133+R133=H133 -> TRUE | U133: =IFERROR(VLOOKUP($A133,플랫폼1!$A:$B,2,FALSE),0) -> 0 | V133: =IFERROR(VLOOKUP($A133,플랫폼2!$A:$M,12,FALSE),0)+IFERROR(VLOOKUP($A133,플랫폼2!$A:$M,13,FALSE),0) -> 0 | W133: =IFERROR(VLOOKUP($A133,플랫폼2!$A:$M,7,FALSE),0)+IFERROR(VLOOKUP($A133,플랫폼2!$A:$M,12,FALSE),0) -> 0 | X133: =IFERROR(VLOOKUP($A133,모바일!$A:$S,17,FALSE),0) -> 0 | Y133: =IFERROR(VLOOKUP($A133,모바일!$A:$S,18,FALSE),0) -> 0 | Z133: 672084 | AA133: =M133=SUM(U133:Z133) -> TRUE
A134: 수도광열전기료 | B134: =IFERROR(VLOOKUP($A134,전사손익계산서!$A:$B,2,0),0) -> 74576703 | C134: =B134-E134-D134 -> 1407837 | D134: =IFERROR(VLOOKUP($A134,영업총괄!$A:$K,11,FALSE),0) -> 0 | E134: =SUM(F134:M134) -> 73168866 | F134: =IFERROR(VLOOKUP($A134,소매!A:B,2,FALSE),0) -> 66368114 | G134: =IFERROR(VLOOKUP($A134,도매!A:B,2,FALSE),0) -> 6128667.9 | H134: =Q134+R134 -> 0 | I134: =IFERROR(VLOOKUP($A134,법인영업팀!A:E,4,FALSE),0) -> 0 | J134: =IFERROR(VLOOKUP($A134,법인영업팀!A:E,5,FALSE),0) -> 0 | K134: =IFERROR(VLOOKUP($A134,법인영업팀!$A:$E,3,FALSE),0) -> 0 | L134: =IFERROR(VLOOKUP($A134,소상공인혁신팀!$A:$B,2,FALSE),0) -> 0 | M134: =IFERROR(VLOOKUP($A134,'유통플랫폼사업단 IU'!$A:$F,2,FALSE),0) -> 672084 | O134: =B134=C134+D134+E134 -> TRUE | Q134: =IFERROR(VLOOKUP($A134,디지털강화팀!A:C,3,FALSE),0) -> 0 | R134: =IFERROR(VLOOKUP($A134,디지털강화팀!A:D,4,FALSE),0) -> 0 | S134: =Q134+R134=H134 -> TRUE | U134: =IFERROR(VLOOKUP($A134,플랫폼1!$A:$B,2,FALSE),0) -> 0 | V134: =IFERROR(VLOOKUP($A134,플랫폼2!$A:$M,12,FALSE),0)+IFERROR(VLOOKUP($A134,플랫폼2!$A:$M,13,FALSE),0) -> 0 | W134: =IFERROR(VLOOKUP($A134,플랫폼2!$A:$M,7,FALSE),0)+IFERROR(VLOOKUP($A134,플랫폼2!$A:$M,12,FALSE),0) -> 0 | X134: =IFERROR(VLOOKUP($A134,모바일!$A:$S,17,FALSE),0) -> 0 | Y134: =IFERROR(VLOOKUP($A134,모바일!$A:$S,18,FALSE),0) -> 0 | Z134: 672084 | AA134: =M134=SUM(U134:Z134) -> TRUE
A135: 수도광열전기료(연체) | B135: =IFERROR(VLOOKUP($A135,전사손익계산서!$A:$B,2,0),0) -> 0 | C135: =B135-E135-D135 -> 0 | D135: =IFERROR(VLOOKUP($A135,영업총괄!$A:$K,11,FALSE),0) -> 0 | E135: =SUM(F135:M135) -> 0 | F135: =IFERROR(VLOOKUP($A135,소매!A:B,2,FALSE),0) -> 0 | G135: =IFERROR(VLOOKUP($A135,도매!A:B,2,FALSE),0) -> 0 | H135: =Q135+R135 -> 0 | I135: =IFERROR(VLOOKUP($A135,법인영업팀!A:E,4,FALSE),0) -> 0 | J135: =IFERROR(VLOOKUP($A135,법인영업팀!A:E,5,FALSE),0) -> 0 | K135: =IFERROR(VLOOKUP($A135,법인영업팀!$A:$E,3,FALSE),0) -> 0 | L135: =IFERROR(VLOOKUP($A135,소상공인혁신팀!$A:$B,2,FALSE),0) -> 0 | M135: =IFERROR(VLOOKUP($A135,'유통플랫폼사업단 IU'!$A:$F,2,FALSE),0) -> 0 | O135: =B135=C135+D135+E135 -> TRUE | Q135: =IFERROR(VLOOKUP($A135,디지털강화팀!A:C,3,FALSE),0) -> 0 | R135: =IFERROR(VLOOKUP($A135,디지털강화팀!A:D,4,FALSE),0) -> 0 | S135: =Q135+R135=H135 -> TRUE | U135: =IFERROR(VLOOKUP($A135,플랫폼1!$A:$B,2,FALSE),0) -> 0 | V135: =IFERROR(VLOOKUP($A135,플랫폼2!$A:$M,12,FALSE),0)+IFERROR(VLOOKUP($A135,플랫폼2!$A:$M,13,FALSE),0) -> 0 | W135: =IFERROR(VLOOKUP($A135,플랫폼2!$A:$M,7,FALSE),0)+IFERROR(VLOOKUP($A135,플랫폼2!$A:$M,12,FALSE),0) -> 0 | X135: =IFERROR(VLOOKUP($A135,모바일!$A:$S,17,FALSE),0) -> 0 | Y135: =IFERROR(VLOOKUP($A135,모바일!$A:$S,18,FALSE),0) -> 0 | Z135: =IFERROR(VLOOKUP(A135,플랫폼2!$A:$O,15,0),0) -> 0 | AA135: =M135=SUM(U135:Z135) -> TRUE
A136: 세 금 과 공 과 금 | B136: =IFERROR(VLOOKUP($A136,전사손익계산서!$A:$B,2,0),0) -> 13664640 | C136: =B136-E136-D136 -> 13664640 | D136: =IFERROR(VLOOKUP($A136,영업총괄!$A:$K,11,FALSE),0) -> 0 | E136: =SUM(F136:M136) -> 0 | F136: =IFERROR(VLOOKUP($A136,소매!A:B,2,FALSE),0) -> 0 | G136: =IFERROR(VLOOKUP($A136,도매!A:B,2,FALSE),0) -> 0 | H136: =Q136+R136 -> 0 | I136: =IFERROR(VLOOKUP($A136,법인영업팀!A:E,4,FALSE),0) -> 0 | J136: =IFERROR(VLOOKUP($A136,법인영업팀!A:E,5,FALSE),0) -> 0 | K136: =IFERROR(VLOOKUP($A136,법인영업팀!$A:$E,3,FALSE),0) -> 0 | L136: =IFERROR(VLOOKUP($A136,소상공인혁신팀!$A:$B,2,FALSE),0) -> 0 | M136: =IFERROR(VLOOKUP($A136,'유통플랫폼사업단 IU'!$A:$F,2,FALSE),0) -> 0 | O136: =B136=C136+D136+E136 -> TRUE | Q136: =IFERROR(VLOOKUP($A136,디지털강화팀!A:C,3,FALSE),0) -> 0 | R136: =IFERROR(VLOOKUP($A136,디지털강화팀!A:D,4,FALSE),0) -> 0 | S136: =Q136+R136=H136 -> TRUE | U136: =IFERROR(VLOOKUP($A136,플랫폼1!$A:$B,2,FALSE),0) -> 0 | V136: =IFERROR(VLOOKUP($A136,플랫폼2!$A:$M,12,FALSE),0)+IFERROR(VLOOKUP($A136,플랫폼2!$A:$M,13,FALSE),0) -> 0 | W136: =IFERROR(VLOOKUP($A136,플랫폼2!$A:$M,7,FALSE),0)+IFERROR(VLOOKUP($A136,플랫폼2!$A:$M,12,FALSE),0) -> 0 | X136: =IFERROR(VLOOKUP($A136,모바일!$A:$S,17,FALSE),0) -> 0 | Y136: =IFERROR(VLOOKUP($A136,모바일!$A:$S,18,FALSE),0) -> 0 | Z136: =IFERROR(VLOOKUP(A136,플랫폼2!$A:$O,15,0),0) -> 0 | AA136: =M136=SUM(U136:Z136) -> TRUE
A137: 세금과공과 면허세 | B137: =IFERROR(VLOOKUP($A137,전사손익계산서!$A:$B,2,0),0) -> 0 | C137: =B137-E137-D137 -> 0 | D137: =IFERROR(VLOOKUP($A137,영업총괄!$A:$K,11,FALSE),0) -> 0 | E137: =SUM(F137:M137) -> 0 | F137: =IFERROR(VLOOKUP($A137,소매!A:B,2,FALSE),0) -> 0 | G137: =IFERROR(VLOOKUP($A137,도매!A:B,2,FALSE),0) -> 0 | H137: =Q137+R137 -> 0 | I137: =IFERROR(VLOOKUP($A137,법인영업팀!A:E,4,FALSE),0) -> 0 | J137: =IFERROR(VLOOKUP($A137,법인영업팀!A:E,5,FALSE),0) -> 0 | K137: =IFERROR(VLOOKUP($A137,법인영업팀!$A:$E,3,FALSE),0) -> 0 | L137: =IFERROR(VLOOKUP($A137,소상공인혁신팀!$A:$B,2,FALSE),0) -> 0 | M137: =IFERROR(VLOOKUP($A137,'유통플랫폼사업단 IU'!$A:$F,2,FALSE),0) -> 0 | O137: =B137=C137+D137+E137 -> TRUE | Q137: =IFERROR(VLOOKUP($A137,디지털강화팀!A:C,3,FALSE),0) -> 0 | R137: =IFERROR(VLOOKUP($A137,디지털강화팀!A:D,4,FALSE),0) -> 0 | S137: =Q137+R137=H137 -> TRUE | U137: =IFERROR(VLOOKUP($A137,플랫폼1!$A:$B,2,FALSE),0) -> 0 | V137: =IFERROR(VLOOKUP($A137,플랫폼2!$A:$M,12,FALSE),0)+IFERROR(VLOOKUP($A137,플랫폼2!$A:$M,13,FALSE),0) -> 0 | W137: =IFERROR(VLOOKUP($A137,플랫폼2!$A:$M,7,FALSE),0)+IFERROR(VLOOKUP($A137,플랫폼2!$A:$M,12,FALSE),0) -> 0 | X137: =IFERROR(VLOOKUP($A137,모바일!$A:$S,17,FALSE),0) -> 0 | Y137: =IFERROR(VLOOKUP($A137,모바일!$A:$S,18,FALSE),0) -> 0 | Z137: =IFERROR(VLOOKUP(A137,플랫폼2!$A:$O,15,0),0) -> 0 | AA137: =M137=SUM(U137:Z137) -> TRUE
A138: 세금과공과 벌과금및가산세등 | B138: =IFERROR(VLOOKUP($A138,전사손익계산서!$A:$B,2,0),0) -> 0 | C138: =B138-E138-D138 -> 0 | D138: =IFERROR(VLOOKUP($A138,영업총괄!$A:$K,11,FALSE),0) -> 0 | E138: =SUM(F138:M138) -> 0 | F138: =IFERROR(VLOOKUP($A138,소매!A:B,2,FALSE),0) -> 0 | G138: =IFERROR(VLOOKUP($A138,도매!A:B,2,FALSE),0) -> 0 | H138: =Q138+R138 -> 0 | I138: =IFERROR(VLOOKUP($A138,법인영업팀!A:E,4,FALSE),0) -> 0 | J138: =IFERROR(VLOOKUP($A138,법인영업팀!A:E,5,FALSE),0) -> 0 | K138: =IFERROR(VLOOKUP($A138,법인영업팀!$A:$E,3,FALSE),0) -> 0 | L138: =IFERROR(VLOOKUP($A138,소상공인혁신팀!$A:$B,2,FALSE),0) -> 0 | M138: =IFERROR(VLOOKUP($A138,'유통플랫폼사업단 IU'!$A:$F,2,FALSE),0) -> 0 | O138: =B138=C138+D138+E138 -> TRUE | Q138: =IFERROR(VLOOKUP($A138,디지털강화팀!A:C,3,FALSE),0) -> 0 | R138: =IFERROR(VLOOKUP($A138,디지털강화팀!A:D,4,FALSE),0) -> 0 | S138: =Q138+R138=H138 -> TRUE | U138: =IFERROR(VLOOKUP($A138,플랫폼1!$A:$B,2,FALSE),0) -> 0 | V138: =IFERROR(VLOOKUP($A138,플랫폼2!$A:$M,12,FALSE),0)+IFERROR(VLOOKUP($A138,플랫폼2!$A:$M,13,FALSE),0) -> 0 | W138: =IFERROR(VLOOKUP($A138,플랫폼2!$A:$M,7,FALSE),0)+IFERROR(VLOOKUP($A138,플랫폼2!$A:$M,12,FALSE),0) -> 0 | X138: =IFERROR(VLOOKUP($A138,모바일!$A:$S,17,FALSE),0) -> 0 | Y138: =IFERROR(VLOOKUP($A138,모바일!$A:$S,18,FALSE),0) -> 0 | Z138: =IFERROR(VLOOKUP(A138,플랫폼2!$A:$O,15,0),0) -> 0 | AA138: =M138=SUM(U138:Z138) -> TRUE
A139: 세금과공과 제세기타 | B139: =IFERROR(VLOOKUP($A139,전사손익계산서!$A:$B,2,0),0) -> 0 | C139: =B139-E139-D139 -> 0 | D139: =IFERROR(VLOOKUP($A139,영업총괄!$A:$K,11,FALSE),0) -> 0 | E139: =SUM(F139:M139) -> 0 | F139: =IFERROR(VLOOKUP($A139,소매!A:B,2,FALSE),0) -> 0 | G139: =IFERROR(VLOOKUP($A139,도매!A:B,2,FALSE),0) -> 0 | H139: =Q139+R139 -> 0 | I139: =IFERROR(VLOOKUP($A139,법인영업팀!A:E,4,FALSE),0) -> 0 | J139: =IFERROR(VLOOKUP($A139,법인영업팀!A:E,5,FALSE),0) -> 0 | K139: =IFERROR(VLOOKUP($A139,법인영업팀!$A:$E,3,FALSE),0) -> 0 | L139: =IFERROR(VLOOKUP($A139,소상공인혁신팀!$A:$B,2,FALSE),0) -> 0 | M139: =IFERROR(VLOOKUP($A139,'유통플랫폼사업단 IU'!$A:$F,2,FALSE),0) -> 0 | O139: =B139=C139+D139+E139 -> TRUE | Q139: =IFERROR(VLOOKUP($A139,디지털강화팀!A:C,3,FALSE),0) -> 0 | R139: =IFERROR(VLOOKUP($A139,디지털강화팀!A:D,4,FALSE),0) -> 0 | S139: =Q139+R139=H139 -> TRUE | U139: =IFERROR(VLOOKUP($A139,플랫폼1!$A:$B,2,FALSE),0) -> 0 | V139: =IFERROR(VLOOKUP($A139,플랫폼2!$A:$M,12,FALSE),0)+IFERROR(VLOOKUP($A139,플랫폼2!$A:$M,13,FALSE),0) -> 0 | W139: =IFERROR(VLOOKUP($A139,플랫폼2!$A:$M,7,FALSE),0)+IFERROR(VLOOKUP($A139,플랫폼2!$A:$M,12,FALSE),0) -> 0 | X139: =IFERROR(VLOOKUP($A139,모바일!$A:$S,17,FALSE),0) -> 0 | Y139: =IFERROR(VLOOKUP($A139,모바일!$A:$S,18,FALSE),0) -> 0 | Z139: =IFERROR(VLOOKUP(A139,플랫폼2!$A:$O,15,0),0) -> 0 | AA139: =M139=SUM(U139:Z139) -> TRUE
A140: 세금과공과금 | B140: =IFERROR(VLOOKUP($A140,전사손익계산서!$A:$B,2,0),0) -> 13664640 | C140: =B140-E140-D140 -> 13664640 | D140: =IFERROR(VLOOKUP($A140,영업총괄!$A:$K,11,FALSE),0) -> 0 | E140: =SUM(F140:M140) -> 0 | F140: =IFERROR(VLOOKUP($A140,소매!A:B,2,FALSE),0) -> 0 | G140: =IFERROR(VLOOKUP($A140,도매!A:B,2,FALSE),0) -> 0 | H140: =Q140+R140 -> 0 | I140: =IFERROR(VLOOKUP($A140,법인영업팀!A:E,4,FALSE),0) -> 0 | J140: =IFERROR(VLOOKUP($A140,법인영업팀!A:E,5,FALSE),0) -> 0 | K140: =IFERROR(VLOOKUP($A140,법인영업팀!$A:$E,3,FALSE),0) -> 0 | L140: =IFERROR(VLOOKUP($A140,소상공인혁신팀!$A:$B,2,FALSE),0) -> 0 | M140: =IFERROR(VLOOKUP($A140,'유통플랫폼사업단 IU'!$A:$F,2,FALSE),0) -> 0 | O140: =B140=C140+D140+E140 -> TRUE | Q140: =IFERROR(VLOOKUP($A140,디지털강화팀!A:C,3,FALSE),0) -> 0 | R140: =IFERROR(VLOOKUP($A140,디지털강화팀!A:D,4,FALSE),0) -> 0 | S140: =Q140+R140=H140 -> TRUE | U140: =IFERROR(VLOOKUP($A140,플랫폼1!$A:$B,2,FALSE),0) -> 0 | V140: =IFERROR(VLOOKUP($A140,플랫폼2!$A:$M,12,FALSE),0)+IFERROR(VLOOKUP($A140,플랫폼2!$A:$M,13,FALSE),0) -> 0 | W140: =IFERROR(VLOOKUP($A140,플랫폼2!$A:$M,7,FALSE),0)+IFERROR(VLOOKUP($A140,플랫폼2!$A:$M,12,FALSE),0) -> 0 | X140: =IFERROR(VLOOKUP($A140,모바일!$A:$S,17,FALSE),0) -> 0 | Y140: =IFERROR(VLOOKUP($A140,모바일!$A:$S,18,FALSE),0) -> 0 | Z140: =IFERROR(VLOOKUP(A140,플랫폼2!$A:$O,15,0),0) -> 0 | AA140: =M140=SUM(U140:Z140) -> TRUE
A141: 감 가 상 각 비 | B141: =IFERROR(VLOOKUP($A141,전사손익계산서!$A:$B,2,0),0) -> 14585210 | C141: =B141-E141-D141 -> 0 | D141: =IFERROR(VLOOKUP($A141,영업총괄!$A:$K,11,FALSE),0) -> 0 | E141: =SUM(F141:M141) -> 14585210 | F141: =IFERROR(VLOOKUP($A141,소매!A:B,2,FALSE),0) -> 10742601 | G141: =IFERROR(VLOOKUP($A141,도매!A:B,2,FALSE),0) -> 3042609.1 | H141: =Q141+R141 -> 0 | I141: =IFERROR(VLOOKUP($A141,법인영업팀!A:E,4,FALSE),0) -> 0 | J141: =IFERROR(VLOOKUP($A141,법인영업팀!A:E,5,FALSE),0) -> 0 | K141: =IFERROR(VLOOKUP($A141,법인영업팀!$A:$E,3,FALSE),0) -> 0 | L141: =IFERROR(VLOOKUP($A141,소상공인혁신팀!$A:$B,2,FALSE),0) -> 0 | M141: =IFERROR(VLOOKUP($A141,'유통플랫폼사업단 IU'!$A:$F,2,FALSE),0) -> 800000 | O141: =B141=C141+D141+E141 -> TRUE | Q141: =IFERROR(VLOOKUP($A141,디지털강화팀!A:C,3,FALSE),0) -> 0 | R141: =IFERROR(VLOOKUP($A141,디지털강화팀!A:D,4,FALSE),0) -> 0 | S141: =Q141+R141=H141 -> TRUE | U141: =IFERROR(VLOOKUP($A141,플랫폼1!$A:$B,2,FALSE),0) -> 0 | V141: 800000 | W141: =IFERROR(VLOOKUP($A141,플랫폼2!$A:$M,7,FALSE),0)+IFERROR(VLOOKUP($A141,플랫폼2!$A:$M,12,FALSE),0) -> 0 | X141: =IFERROR(VLOOKUP($A141,모바일!$A:$S,17,FALSE),0) -> 0 | Y141: =IFERROR(VLOOKUP($A141,모바일!$A:$S,18,FALSE),0) -> 0 | Z141: =IFERROR(VLOOKUP(A141,플랫폼2!$A:$O,15,0),0) -> 0 | AA141: =M141=SUM(U141:Z141) -> TRUE
A142: 지 급 임 차 료 | B142: =IFERROR(VLOOKUP($A142,전사손익계산서!$A:$B,2,0),0) -> 1009755785 | C142: =B142-E142-D142 -> 1.7539527e+08 | D142: =IFERROR(VLOOKUP($A142,영업총괄!$A:$K,11,FALSE),0) -> 32245115 | E142: =SUM(F142:M142) -> 8.021154e+08 | F142: =IFERROR(VLOOKUP($A142,소매!A:B,2,FALSE),0) -> 4.0187156e+08 | G142: =IFERROR(VLOOKUP($A142,도매!A:B,2,FALSE),0) -> 2.7086815e+08 | H142: =Q142+R142 -> 53696862 | I142: =IFERROR(VLOOKUP($A142,법인영업팀!A:E,4,FALSE),0) -> 5077481.2 | J142: =IFERROR(VLOOKUP($A142,법인영업팀!A:E,5,FALSE),0) -> 5077767.5 | K142: =IFERROR(VLOOKUP($A142,법인영업팀!$A:$E,3,FALSE),0) -> 24373310 | L142: =IFERROR(VLOOKUP($A142,소상공인혁신팀!$A:$B,2,FALSE),0) -> 23648226 | M142: =IFERROR(VLOOKUP($A142,'유통플랫폼사업단 IU'!$A:$F,2,FALSE),0) -> 17502040 | O142: =B142=C142+D142+E142 -> TRUE | Q142: =IFERROR(VLOOKUP($A142,디지털강화팀!A:C,3,FALSE),0) -> 51012019 | R142: =IFERROR(VLOOKUP($A142,디지털강화팀!A:D,4,FALSE),0) -> 2684843 | S142: =Q142+R142=H142 -> TRUE | U142: =IFERROR(VLOOKUP($A142,플랫폼1!$A:$B,2,FALSE),0) -> 0 | V142: =IFERROR(VLOOKUP($A142,플랫폼2!$A:$M,12,FALSE),0)+IFERROR(VLOOKUP($A142,플랫폼2!$A:$M,13,FALSE),0) -> 1474192 | W142: =IFERROR(VLOOKUP($A142,플랫폼2!$A:$M,7,FALSE),0)+IFERROR(VLOOKUP($A142,플랫폼2!$A:$M,12,FALSE),0) -> 2680348 | X142: =IFERROR(VLOOKUP($A142,모바일!$A:$S,17,FALSE),0) -> 1608204 | Y142: =IFERROR(VLOOKUP($A142,모바일!$A:$S,18,FALSE),0) -> 2278296 | Z142: =IFERROR(VLOOKUP(A142,플랫폼2!$A:$O,15,0),0) -> 9461000 | AA142: =M142=SUM(U142:Z142) -> TRUE
A143: 임차료-렌트카 | B143: =IFERROR(VLOOKUP($A143,전사손익계산서!$A:$B,2,0),0) -> 170756200 | C143: =B143-E143-D143 -> 13486240 | D143: =IFERROR(VLOOKUP($A143,영업총괄!$A:$K,11,FALSE),0) -> 1352000 | E143: =SUM(F143:M143) -> 1.5591796e+08 | F143: =IFERROR(VLOOKUP($A143,소매!A:B,2,FALSE),0) -> 24692828 | G143: =IFERROR(VLOOKUP($A143,도매!A:B,2,FALSE),0) -> 1.1733317e+08 | H143: =Q143+R143 -> 0 | I143: =IFERROR(VLOOKUP($A143,법인영업팀!A:E,4,FALSE),0) -> 116876.23 | J143: =IFERROR(VLOOKUP($A143,법인영업팀!A:E,5,FALSE),0) -> 117162.54 | K143: =IFERROR(VLOOKUP($A143,법인영업팀!$A:$E,3,FALSE),0) -> 1667818.7 | L143: =IFERROR(VLOOKUP($A143,소상공인혁신팀!$A:$B,2,FALSE),0) -> 11990103 | M143: =IFERROR(VLOOKUP($A143,'유통플랫폼사업단 IU'!$A:$F,2,FALSE),0) -> 0 | O143: =B143=C143+D143+E143 -> TRUE | Q143: =IFERROR(VLOOKUP($A143,디지털강화팀!A:C,3,FALSE),0) -> 0 | R143: =IFERROR(VLOOKUP($A143,디지털강화팀!A:D,4,FALSE),0) -> 0 | S143: =Q143+R143=H143 -> TRUE | U143: =IFERROR(VLOOKUP($A143,플랫폼1!$A:$B,2,FALSE),0) -> 0 | V143: =IFERROR(VLOOKUP($A143,플랫폼2!$A:$M,12,FALSE),0)+IFERROR(VLOOKUP($A143,플랫폼2!$A:$M,13,FALSE),0) -> 0 | W143: =IFERROR(VLOOKUP($A143,플랫폼2!$A:$M,7,FALSE),0)+IFERROR(VLOOKUP($A143,플랫폼2!$A:$M,12,FALSE),0) -> 0 | X143: =IFERROR(VLOOKUP($A143,모바일!$A:$S,17,FALSE),0) -> 0 | Y143: =IFERROR(VLOOKUP($A143,모바일!$A:$S,18,FALSE),0) -> 0 | Z143: =IFERROR(VLOOKUP(A143,플랫폼2!$A:$O,15,0),0) -> 0 | AA143: =M143=SUM(U143:Z143) -> TRUE
A144: 임차료-기타 | B144: =IFERROR(VLOOKUP($A144,전사손익계산서!$A:$B,2,0),0) -> 0 | C144: =B144-E144-D144 -> 0 | D144: =IFERROR(VLOOKUP($A144,영업총괄!$A:$K,11,FALSE),0) -> 0 | E144: =SUM(F144:M144) -> 0 | F144: =IFERROR(VLOOKUP($A144,소매!A:B,2,FALSE),0) -> 0 | G144: =IFERROR(VLOOKUP($A144,도매!A:B,2,FALSE),0) -> 0 | H144: =Q144+R144 -> 0 | I144: =IFERROR(VLOOKUP($A144,법인영업팀!A:E,4,FALSE),0) -> 0 | J144: =IFERROR(VLOOKUP($A144,법인영업팀!A:E,5,FALSE),0) -> 0 | K144: =IFERROR(VLOOKUP($A144,법인영업팀!$A:$E,3,FALSE),0) -> 0 | L144: =IFERROR(VLOOKUP($A144,소상공인혁신팀!$A:$B,2,FALSE),0) -> 0 | M144: =IFERROR(VLOOKUP($A144,'유통플랫폼사업단 IU'!$A:$F,2,FALSE),0) -> 0 | O144: =B144=C144+D144+E144 -> TRUE | Q144: =IFERROR(VLOOKUP($A144,디지털강화팀!A:C,3,FALSE),0) -> 0 | R144: =IFERROR(VLOOKUP($A144,디지털강화팀!A:D,4,FALSE),0) -> 0 | S144: =Q144+R144=H144 -> TRUE | U144: =IFERROR(VLOOKUP($A144,플랫폼1!$A:$B,2,FALSE),0) -> 0 | V144: =IFERROR(VLOOKUP($A144,플랫폼2!$A:$M,12,FALSE),0)+IFERROR(VLOOKUP($A144,플랫폼2!$A:$M,13,FALSE),0) -> 0 | W144: =IFERROR(VLOOKUP($A144,플랫폼2!$A:$M,7,FALSE),0)+IFERROR(VLOOKUP($A144,플랫폼2!$A:$M,12,FALSE),0) -> 0 | X144: =IFERROR(VLOOKUP($A144,모바일!$A:$S,17,FALSE),0) -> 0 | Y144: =IFERROR(VLOOKUP($A144,모바일!$A:$S,18,FALSE),0) -> 0 | Z144: =IFERROR(VLOOKUP(A144,플랫폼2!$A:$O,15,0),0) -> 0 | AA144: =M144=SUM(U144:Z144) -> TRUE
...

Sheet 소매
A1: 계정명 | B1: 합계 | C1: 유통영업혁신단 | D1: 소매 본부/파트 | E1: 소매강화팀 | F1: 현장지원팀 | G1: - | H1: 강북소매지사 | I1: 강동소매지사 | J1: 강남소매지사 | K1: 강서소매지사 | L1: 남부소매지사 | M1: 인천소매지사 | N1: 부산소매지사 | O1: 대구소매지사 | P1: 충청소매지사 | Q1: 호남소매지사 | S1: 본부별 지원TF> | T1: 강북 본부/파트 | U1: 강남 본부/파트 | V1: 강서 본부/파트 | W1: 동부 본부/파트 | X1: 서부 본부/파트
A2: 매 출 | B2: =SUM(C2:Q2) -> 2.2953776e+10 | C2: =IFERROR(VLOOKUP($A2,유통영업혁신단!$A$1:$L$254,10,FALSE),0) -> 0 | D2: =U2+W2+X2+T2+V2 -> 10515.692 | E2: =IFERROR(VLOOKUP($A2,'유통영업혁신단 IU'!$A:$G,4,FALSE),0) -> -675549571 | H2: =IFERROR(VLOOKUP($A2,강북영업본부!$A$1:$D$255,3,FALSE),0) -> 2132386788 | I2: =IFERROR(VLOOKUP($A2,강북영업본부!$A$1:$D$255,4,FALSE),0) -> 2034571274 | J2: =IFERROR(VLOOKUP($A2,강남영업본부!$A$1:$G$255,3,FALSE),0) -> 1752881877 | K2: =IFERROR(VLOOKUP($A2,강서영업본부!$A$1:$G$255,3,FALSE),0) -> 3228823195 | L2: =IFERROR(VLOOKUP($A2,강남영업본부!$A$1:$G$255,4,FALSE),0) -> 2358639866 | M2: =IFERROR(VLOOKUP($A2,강서영업본부!$A$1:$G$255,4,FALSE),0) -> 2115775055 | N2: =IFERROR(VLOOKUP($A2,동부영업본부!$A$1:$H$255,3,FALSE),0) -> 3038681723 | O2: =IFERROR(VLOOKUP($A2,동부영업본부!$A$1:$H$255,4,FALSE),0) -> 2514481059 | P2: =IFERROR(VLOOKUP($A2,서부영업본부!$A$1:$H$255,3,FALSE),0) -> 2187789434 | Q2: =IFERROR(VLOOKUP($A2,서부영업본부!$A$1:$H$255,4,FALSE),0) -> 2265285232 | T2: =IFERROR(VLOOKUP($A2,강북영업본부!$A$1:$H$254,5,FALSE),0) -> 0 | U2: =IFERROR(VLOOKUP($A2,강남영업본부!$A$1:$J$254,7,FALSE),0) -> 10515.692 | V2: =IFERROR(VLOOKUP($A2,강서영업본부!$A$1:$J$254,7,FALSE),0) -> 0 | W2: =IFERROR(VLOOKUP($A2,동부영업본부!$A$1:$H$254,5,FALSE),0) -> 0 | X2: =IFERROR(VLOOKUP($A2,서부영업본부!$A$1:$H$255,5,FALSE),0) -> 0
A3: 상 품 매 출 | B3: =SUM(C3:Q3) -> 10842518892 | C3: =IFERROR(VLOOKUP($A3,유통영업혁신단!$A$1:$L$254,10,FALSE),0) -> 0 | D3: =U3+W3+X3+T3+V3 -> 0 | E3: =IFERROR(VLOOKUP($A3,'유통영업혁신단 IU'!$A:$G,4,FALSE),0) -> 0 | H3: =IFERROR(VLOOKUP($A3,강북영업본부!$A$1:$D$255,3,FALSE),0) -> 1067896866 | I3: =IFERROR(VLOOKUP($A3,강북영업본부!$A$1:$D$255,4,FALSE),0) -> 963477491 | J3: =IFERROR(VLOOKUP($A3,강남영업본부!$A$1:$G$255,3,FALSE),0) -> 850593273 | K3: =IFERROR(VLOOKUP($A3,강서영업본부!$A$1:$G$255,3,FALSE),0) -> 1517049707 | L3: =IFERROR(VLOOKUP($A3,강남영업본부!$A$1:$G$255,4,FALSE),0) -> 1081865328 | M3: =IFERROR(VLOOKUP($A3,강서영업본부!$A$1:$G$255,4,FALSE),0) -> 915824968 | N3: =IFERROR(VLOOKUP($A3,동부영업본부!$A$1:$H$255,3,FALSE),0) -> 1349479097 | O3: =IFERROR(VLOOKUP($A3,동부영업본부!$A$1:$H$255,4,FALSE),0) -> 1128186630 | P3: =IFERROR(VLOOKUP($A3,서부영업본부!$A$1:$H$255,3,FALSE),0) -> 952855043 | Q3: =IFERROR(VLOOKUP($A3,서부영업본부!$A$1:$H$255,4,FALSE),0) -> 1015290489 | T3: =IFERROR(VLOOKUP($A3,강북영업본부!$A$1:$H$254,5,FALSE),0) -> 0 | U3: =IFERROR(VLOOKUP($A3,강남영업본부!$A$1:$J$254,7,FALSE),0) -> 0 | V3: =IFERROR(VLOOKUP($A3,강서영업본부!$A$1:$J$254,7,FALSE),0) -> 0 | W3: =IFERROR(VLOOKUP($A3,동부영업본부!$A$1:$H$254,5,FALSE),0) -> 0 | X3: =IFERROR(VLOOKUP($A3,서부영업본부!$A$1:$H$255,5,FALSE),0) -> 0
A4: 상품단말기매출-고객 | B4: =SUM(C4:Q4) -> 34464139 | C4: =IFERROR(VLOOKUP($A4,유통영업혁신단!$A$1:$L$254,10,FALSE),0) -> 0 | D4: =U4+W4+X4+T4+V4 -> 0 | E4: =IFERROR(VLOOKUP($A4,'유통영업혁신단 IU'!$A:$G,4,FALSE),0) -> 0 | H4: =IFERROR(VLOOKUP($A4,강북영업본부!$A$1:$D$255,3,FALSE),0) -> 955454 | I4: =IFERROR(VLOOKUP($A4,강북영업본부!$A$1:$D$255,4,FALSE),0) -> 1102636 | J4: =IFERROR(VLOOKUP($A4,강남영업본부!$A$1:$G$255,3,FALSE),0) -> 963909 | K4: =IFERROR(VLOOKUP($A4,강서영업본부!$A$1:$G$255,3,FALSE),0) -> 6407718 | L4: =IFERROR(VLOOKUP($A4,강남영업본부!$A$1:$G$255,4,FALSE),0) -> 1729364 | M4: =IFERROR(VLOOKUP($A4,강서영업본부!$A$1:$G$255,4,FALSE),0) -> 4518136 | N4: =IFERROR(VLOOKUP($A4,동부영업본부!$A$1:$H$255,3,FALSE),0) -> 5522545 | O4: =IFERROR(VLOOKUP($A4,동부영업본부!$A$1:$H$255,4,FALSE),0) -> 6712899 | P4: =IFERROR(VLOOKUP($A4,서부영업본부!$A$1:$H$255,3,FALSE),0) -> 2111091 | Q4: =IFERROR(VLOOKUP($A4,서부영업본부!$A$1:$H$255,4,FALSE),0) -> 4440387 | T4: =IFERROR(VLOOKUP($A4,강북영업본부!$A$1:$H$254,5,FALSE),0) -> 0 | U4: =IFERROR(VLOOKUP($A4,강남영업본부!$A$1:$J$254,7,FALSE),0) -> 0 | V4: =IFERROR(VLOOKUP($A4,강서영업본부!$A$1:$J$254,7,FALSE),0) -> 0 | W4: =IFERROR(VLOOKUP($A4,동부영업본부!$A$1:$H$254,5,FALSE),0) -> 0 | X4: =IFERROR(VLOOKUP($A4,서부영업본부!$A$1:$H$255,5,FALSE),0) -> 0
A5: 상품단말기매출-판매점 | B5: =SUM(C5:Q5) -> 0 | C5: =IFERROR(VLOOKUP($A5,유통영업혁신단!$A$1:$L$254,10,FALSE),0) -> 0 | D5: =U5+W5+X5+T5+V5 -> 0 | E5: =IFERROR(VLOOKUP($A5,'유통영업혁신단 IU'!$A:$G,4,FALSE),0) -> 0 | H5: =IFERROR(VLOOKUP($A5,강북영업본부!$A$1:$D$255,3,FALSE),0) -> 0 | I5: =IFERROR(VLOOKUP($A5,강북영업본부!$A$1:$D$255,4,FALSE),0) -> 0 | J5: =IFERROR(VLOOKUP($A5,강남영업본부!$A$1:$G$255,3,FALSE),0) -> 0 | K5: =IFERROR(VLOOKUP($A5,강서영업본부!$A$1:$G$255,3,FALSE),0) -> 0 | L5: =IFERROR(VLOOKUP($A5,강남영업본부!$A$1:$G$255,4,FALSE),0) -> 0 | M5: =IFERROR(VLOOKUP($A5,강서영업본부!$A$1:$G$255,4,FALSE),0) -> 0 | N5: =IFERROR(VLOOKUP($A5,동부영업본부!$A$1:$H$255,3,FALSE),0) -> 0 | O5: =IFERROR(VLOOKUP($A5,동부영업본부!$A$1:$H$255,4,FALSE),0) -> 0 | P5: =IFERROR(VLOOKUP($A5,서부영업본부!$A$1:$H$255,3,FALSE),0) -> 0 | Q5: =IFERROR(VLOOKUP($A5,서부영업본부!$A$1:$H$255,4,FALSE),0) -> 0 | T5: =IFERROR(VLOOKUP($A5,강북영업본부!$A$1:$H$254,5,FALSE),0) -> 0 | U5: =IFERROR(VLOOKUP($A5,강남영업본부!$A$1:$J$254,7,FALSE),0) -> 0 | V5: =IFERROR(VLOOKUP($A5,강서영업본부!$A$1:$J$254,7,FALSE),0) -> 0 | W5: =IFERROR(VLOOKUP($A5,동부영업본부!$A$1:$H$254,5,FALSE),0) -> 0 | X5: =IFERROR(VLOOKUP($A5,서부영업본부!$A$1:$H$255,5,FALSE),0) -> 0
A6: 상품매출액-대형유통 | B6: =SUM(C6:Q6) -> 0 | C6: =IFERROR(VLOOKUP($A6,유통영업혁신단!$A$1:$L$254,10,FALSE),0) -> 0 | D6: =U6+W6+X6+T6+V6 -> 0 | E6: =IFERROR(VLOOKUP($A6,'유통영업혁신단 IU'!$A:$G,4,FALSE),0) -> 0 | H6: =IFERROR(VLOOKUP($A6,강북영업본부!$A$1:$D$255,3,FALSE),0) -> 0 | I6: =IFERROR(VLOOKUP($A6,강북영업본부!$A$1:$D$255,4,FALSE),0) -> 0 | J6: =IFERROR(VLOOKUP($A6,강남영업본부!$A$1:$G$255,3,FALSE),0) -> 0 | K6: =IFERROR(VLOOKUP($A6,강서영업본부!$A$1:$G$255,3,FALSE),0) -> 0 | L6: =IFERROR(VLOOKUP($A6,강남영업본부!$A$1:$G$255,4,FALSE),0) -> 0 | M6: =IFERROR(VLOOKUP($A6,강서영업본부!$A$1:$G$255,4,FALSE),0) -> 0 | N6: =IFERROR(VLOOKUP($A6,동부영업본부!$A$1:$H$255,3,FALSE),0) -> 0 | O6: =IFERROR(VLOOKUP($A6,동부영업본부!$A$1:$H$255,4,FALSE),0) -> 0 | P6: =IFERROR(VLOOKUP($A6,서부영업본부!$A$1:$H$255,3,FALSE),0) -> 0 | Q6: =IFERROR(VLOOKUP($A6,서부영업본부!$A$1:$H$255,4,FALSE),0) -> 0 | T6: =IFERROR(VLOOKUP($A6,강북영업본부!$A$1:$H$254,5,FALSE),0) -> 0 | U6: =IFERROR(VLOOKUP($A6,강남영업본부!$A$1:$J$254,7,FALSE),0) -> 0 | V6: =IFERROR(VLOOKUP($A6,강서영업본부!$A$1:$J$254,7,FALSE),0) -> 0 | W6: =IFERROR(VLOOKUP($A6,동부영업본부!$A$1:$H$254,5,FALSE),0) -> 0 | X6: =IFERROR(VLOOKUP($A6,서부영업본부!$A$1:$H$255,5,FALSE),0) -> 0
A7: 상품매출액-채권승계 | B7: =SUM(C7:Q7) -> 10221832695 | C7: =IFERROR(VLOOKUP($A7,유통영업혁신단!$A$1:$L$254,10,FALSE),0) -> 0 | D7: =U7+W7+X7+T7+V7 -> 0 | E7: =IFERROR(VLOOKUP($A7,'유통영업혁신단 IU'!$A:$G,4,FALSE),0) -> 0 | H7: =IFERROR(VLOOKUP($A7,강북영업본부!$A$1:$D$255,3,FALSE),0) -> 1018572682 | I7: =IFERROR(VLOOKUP($A7,강북영업본부!$A$1:$D$255,4,FALSE),0) -> 917853037 | J7: =IFERROR(VLOOKUP($A7,강남영업본부!$A$1:$G$255,3,FALSE),0) -> 813215636 | K7: =IFERROR(VLOOKUP($A7,강서영업본부!$A$1:$G$255,3,FALSE),0) -> 1394211976 | L7: =IFERROR(VLOOKUP($A7,강남영업본부!$A$1:$G$255,4,FALSE),0) -> 1029411327 | M7: =IFERROR(VLOOKUP($A7,강서영업본부!$A$1:$G$255,4,FALSE),0) -> 857436331 | N7: =IFERROR(VLOOKUP($A7,동부영업본부!$A$1:$H$255,3,FALSE),0) -> 1259317185 | O7: =IFERROR(VLOOKUP($A7,동부영업본부!$A$1:$H$255,4,FALSE),0) -> 1078212721 | P7: =IFERROR(VLOOKUP($A7,서부영업본부!$A$1:$H$255,3,FALSE),0) -> 909517133 | Q7: =IFERROR(VLOOKUP($A7,서부영업본부!$A$1:$H$255,4,FALSE),0) -> 944084667 | T7: =IFERROR(VLOOKUP($A7,강북영업본부!$A$1:$H$254,5,FALSE),0) -> 0 | U7: =IFERROR(VLOOKUP($A7,강남영업본부!$A$1:$J$254,7,FALSE),0) -> 0 | V7: =IFERROR(VLOOKUP($A7,강서영업본부!$A$1:$J$254,7,FALSE),0) -> 0 | W7: =IFERROR(VLOOKUP($A7,동부영업본부!$A$1:$H$254,5,FALSE),0) -> 0 | X7: =IFERROR(VLOOKUP($A7,서부영업본부!$A$1:$H$255,5,FALSE),0) -> 0
A8: 상품매출액-신용카드매출 | B8: =SUM(C8:Q8) -> 260761794 | C8: =IFERROR(VLOOKUP($A8,유통영업혁신단!$A$1:$L$254,10,FALSE),0) -> 0 | D8: =U8+W8+X8+T8+V8 -> 0 | E8: =IFERROR(VLOOKUP($A8,'유통영업혁신단 IU'!$A:$G,4,FALSE),0) -> 0 | H8: =IFERROR(VLOOKUP($A8,강북영업본부!$A$1:$D$255,3,FALSE),0) -> 22032790 | I8: =IFERROR(VLOOKUP($A8,강북영업본부!$A$1:$D$255,4,FALSE),0) -> 19719489 | J8: =IFERROR(VLOOKUP($A8,강남영업본부!$A$1:$G$255,3,FALSE),0) -> 20506682 | K8: =IFERROR(VLOOKUP($A8,강서영업본부!$A$1:$G$255,3,FALSE),0) -> 48869385 | L8: =IFERROR(VLOOKUP($A8,강남영업본부!$A$1:$G$255,4,FALSE),0) -> 22121199 | M8: =IFERROR(VLOOKUP($A8,강서영업본부!$A$1:$G$255,4,FALSE),0) -> 18984969 | N8: =IFERROR(VLOOKUP($A8,동부영업본부!$A$1:$H$255,3,FALSE),0) -> 41274436 | O8: =IFERROR(VLOOKUP($A8,동부영업본부!$A$1:$H$255,4,FALSE),0) -> 17077382 | P8: =IFERROR(VLOOKUP($A8,서부영업본부!$A$1:$H$255,3,FALSE),0) -> 19804521 | Q8: =IFERROR(VLOOKUP($A8,서부영업본부!$A$1:$H$255,4,FALSE),0) -> 30370941 | T8: =IFERROR(VLOOKUP($A8,강북영업본부!$A$1:$H$254,5,FALSE),0) -> 0 | U8: =IFERROR(VLOOKUP($A8,강남영업본부!$A$1:$J$254,7,FALSE),0) -> 0 | V8: =IFERROR(VLOOKUP($A8,강서영업본부!$A$1:$J$254,7,FALSE),0) -> 0 | W8: =IFERROR(VLOOKUP($A8,동부영업본부!$A$1:$H$254,5,FALSE),0) -> 0 | X8: =IFERROR(VLOOKUP($A8,서부영업본부!$A$1:$H$255,5,FALSE),0) -> 0
A9: 상품매출액-부분납 | B9: =SUM(C9:Q9) -> 0 | C9: =IFERROR(VLOOKUP($A9,유통영업혁신단!$A$1:$L$254,10,FALSE),0) -> 0 | D9: =U9+W9+X9+T9+V9 -> 0 | E9: =IFERROR(VLOOKUP($A9,'유통영업혁신단 IU'!$A:$G,4,FALSE),0) -> 0 | H9: =IFERROR(VLOOKUP($A9,강북영업본부!$A$1:$D$255,3,FALSE),0) -> 0 | I9: =IFERROR(VLOOKUP($A9,강북영업본부!$A$1:$D$255,4,FALSE),0) -> 0 | J9: =IFERROR(VLOOKUP($A9,강남영업본부!$A$1:$G$255,3,FALSE),0) -> 0 | K9: =IFERROR(VLOOKUP($A9,강서영업본부!$A$1:$G$255,3,FALSE),0) -> 0 | L9: =IFERROR(VLOOKUP($A9,강남영업본부!$A$1:$G$255,4,FALSE),0) -> 0 | M9: =IFERROR(VLOOKUP($A9,강서영업본부!$A$1:$G$255,4,FALSE),0) -> 0 | N9: =IFERROR(VLOOKUP($A9,동부영업본부!$A$1:$H$255,3,FALSE),0) -> 0 | O9: =IFERROR(VLOOKUP($A9,동부영업본부!$A$1:$H$255,4,FALSE),0) -> 0 | P9: =IFERROR(VLOOKUP($A9,서부영업본부!$A$1:$H$255,3,FALSE),0) -> 0 | Q9: =IFERROR(VLOOKUP($A9,서부영업본부!$A$1:$H$255,4,FALSE),0) -> 0 | T9: =IFERROR(VLOOKUP($A9,강북영업본부!$A$1:$H$254,5,FALSE),0) -> 0 | U9: =IFERROR(VLOOKUP($A9,강남영업본부!$A$1:$J$254,7,FALSE),0) -> 0 | V9: =IFERROR(VLOOKUP($A9,강서영업본부!$A$1:$J$254,7,FALSE),0) -> 0 | W9: =IFERROR(VLOOKUP($A9,동부영업본부!$A$1:$H$254,5,FALSE),0) -> 0 | X9: =IFERROR(VLOOKUP($A9,서부영업본부!$A$1:$H$255,5,FALSE),0) -> 0
A10: 상품매출액-보험매출 | B10: =SUM(C10:Q10) -> 325460264 | C10: =IFERROR(VLOOKUP($A10,유통영업혁신단!$A$1:$L$254,10,FALSE),0) -> 0 | D10: =U10+W10+X10+T10+V10 -> 0 | E10: =IFERROR(VLOOKUP($A10,'유통영업혁신단 IU'!$A:$G,4,FALSE),0) -> 0 | H10: =IFERROR(VLOOKUP($A10,강북영업본부!$A$1:$D$255,3,FALSE),0) -> 26335940 | I10: =IFERROR(VLOOKUP($A10,강북영업본부!$A$1:$D$255,4,FALSE),0) -> 24802329 | J10: =IFERROR(VLOOKUP($A10,강남영업본부!$A$1:$G$255,3,FALSE),0) -> 15907046 | K10: =IFERROR(VLOOKUP($A10,강서영업본부!$A$1:$G$255,3,FALSE),0) -> 67560628 | L10: =IFERROR(VLOOKUP($A10,강남영업본부!$A$1:$G$255,4,FALSE),0) -> 28603438 | M10: =IFERROR(VLOOKUP($A10,강서영업본부!$A$1:$G$255,4,FALSE),0) -> 34885532 | N10: =IFERROR(VLOOKUP($A10,동부영업본부!$A$1:$H$255,3,FALSE),0) -> 43364931 | O10: =IFERROR(VLOOKUP($A10,동부영업본부!$A$1:$H$255,4,FALSE),0) -> 26183628 | P10: =IFERROR(VLOOKUP($A10,서부영업본부!$A$1:$H$255,3,FALSE),0) -> 21422298 | Q10: =IFERROR(VLOOKUP($A10,서부영업본부!$A$1:$H$255,4,FALSE),0) -> 36394494 | T10: =IFERROR(VLOOKUP($A10,강북영업본부!$A$1:$H$254,5,FALSE),0) -> 0 | U10: =IFERROR(VLOOKUP($A10,강남영업본부!$A$1:$J$254,7,FALSE),0) -> 0 | V10: =IFERROR(VLOOKUP($A10,강서영업본부!$A$1:$J$254,7,FALSE),0) -> 0 | W10: =IFERROR(VLOOKUP($A10,동부영업본부!$A$1:$H$254,5,FALSE),0) -> 0 | X10: =IFERROR(VLOOKUP($A10,서부영업본부!$A$1:$H$255,5,FALSE),0) -> 0
A11: 상품단말기매출-수출 | B11: =SUM(C11:Q11) -> 0 | C11: =IFERROR(VLOOKUP($A11,유통영업혁신단!$A$1:$L$254,10,FALSE),0) -> 0 | D11: =U11+W11+X11+T11+V11 -> 0 | E11: =IFERROR(VLOOKUP($A11,'유통영업혁신단 IU'!$A:$G,4,FALSE),0) -> 0 | H11: =IFERROR(VLOOKUP($A11,강북영업본부!$A$1:$D$255,3,FALSE),0) -> 0 | I11: =IFERROR(VLOOKUP($A11,강북영업본부!$A$1:$D$255,4,FALSE),0) -> 0 | J11: =IFERROR(VLOOKUP($A11,강남영업본부!$A$1:$G$255,3,FALSE),0) -> 0 | K11: =IFERROR(VLOOKUP($A11,강서영업본부!$A$1:$G$255,3,FALSE),0) -> 0 | L11: =IFERROR(VLOOKUP($A11,강남영업본부!$A$1:$G$255,4,FALSE),0) -> 0 | M11: =IFERROR(VLOOKUP($A11,강서영업본부!$A$1:$G$255,4,FALSE),0) -> 0 | N11: =IFERROR(VLOOKUP($A11,동부영업본부!$A$1:$H$255,3,FALSE),0) -> 0 | O11: =IFERROR(VLOOKUP($A11,동부영업본부!$A$1:$H$255,4,FALSE),0) -> 0 | P11: =IFERROR(VLOOKUP($A11,서부영업본부!$A$1:$H$255,3,FALSE),0) -> 0 | Q11: =IFERROR(VLOOKUP($A11,서부영업본부!$A$1:$H$255,4,FALSE),0) -> 0 | T11: =IFERROR(VLOOKUP($A11,강북영업본부!$A$1:$H$254,5,FALSE),0) -> 0 | U11: =IFERROR(VLOOKUP($A11,강남영업본부!$A$1:$J$254,7,FALSE),0) -> 0 | V11: =IFERROR(VLOOKUP($A11,강서영업본부!$A$1:$J$254,7,FALSE),0) -> 0 | W11: =IFERROR(VLOOKUP($A11,동부영업본부!$A$1:$H$254,5,FALSE),0) -> 0 | X11: =IFERROR(VLOOKUP($A11,서부영업본부!$A$1:$H$255,5,FALSE),0) -> 0
A12: 수수료수입 | B12: =SUM(C12:Q12) -> 1.2111258e+10 | C12: =IFERROR(VLOOKUP($A12,유통영업혁신단!$A$1:$L$254,10,FALSE),0) -> 0 | D12: =U12+W12+X12+T12+V12 -> 10515.692 | E12: =IFERROR(VLOOKUP($A12,'유통영업혁신단 IU'!$A:$G,4,FALSE),0) -> -675549571 | H12: =IFERROR(VLOOKUP($A12,강북영업본부!$A$1:$D$255,3,FALSE),0) -> 1064489922 | I12: =IFERROR(VLOOKUP($A12,강북영업본부!$A$1:$D$255,4,FALSE),0) -> 1071093783 | J12: =IFERROR(VLOOKUP($A12,강남영업본부!$A$1:$G$255,3,FALSE),0) -> 902288604 | K12: =IFERROR(VLOOKUP($A12,강서영업본부!$A$1:$G$255,3,FALSE),0) -> 1711773488 | L12: =IFERROR(VLOOKUP($A12,강남영업본부!$A$1:$G$255,4,FALSE),0) -> 1276774538 | M12: =IFERROR(VLOOKUP($A12,강서영업본부!$A$1:$G$255,4,FALSE),0) -> 1199950087 | N12: =IFERROR(VLOOKUP($A12,동부영업본부!$A$1:$H$255,3,FALSE),0) -> 1689202626 | O12: =IFERROR(VLOOKUP($A12,동부영업본부!$A$1:$H$255,4,FALSE),0) -> 1386294429 | P12: =IFERROR(VLOOKUP($A12,서부영업본부!$A$1:$H$255,3,FALSE),0) -> 1234934391 | Q12: =IFERROR(VLOOKUP($A12,서부영업본부!$A$1:$H$255,4,FALSE),0) -> 1249994743 | T12: =IFERROR(VLOOKUP($A12,강북영업본부!$A$1:$H$254,5,FALSE),0) -> 0 | U12: =IFERROR(VLOOKUP($A12,강남영업본부!$A$1:$J$254,7,FALSE),0) -> 10515.692 | V12: =IFERROR(VLOOKUP($A12,강서영업본부!$A$1:$J$254,7,FALSE),0) -> 0 | W12: =IFERROR(VLOOKUP($A12,동부영업본부!$A$1:$H$254,5,FALSE),0) -> 0 | X12: =IFERROR(VLOOKUP($A12,서부영업본부!$A$1:$H$255,5,FALSE),0) -> 0
A13: 수수료수입-KT(RDS) | B13: =SUM(C13:Q13) -> 7440586944 | C13: =IFERROR(VLOOKUP($A13,유통영업혁신단!$A$1:$L$254,10,FALSE),0) -> 0 | D13: =U13+W13+X13+T13+V13 -> 0 | E13: =IFERROR(VLOOKUP($A13,'유통영업혁신단 IU'!$A:$G,4,FALSE),0) -> -675962298 | H13: =IFERROR(VLOOKUP($A13,강북영업본부!$A$1:$D$255,3,FALSE),0) -> 661987902 | I13: =IFERROR(VLOOKUP($A13,강북영업본부!$A$1:$D$255,4,FALSE),0) -> 695663514 | J13: =IFERROR(VLOOKUP($A13,강남영업본부!$A$1:$G$255,3,FALSE),0) -> 548511984 | K13: =IFERROR(VLOOKUP($A13,강서영업본부!$A$1:$G$255,3,FALSE),0) -> 1085954732 | L13: =IFERROR(VLOOKUP($A13,강남영업본부!$A$1:$G$255,4,FALSE),0) -> 788974762 | M13: =IFERROR(VLOOKUP($A13,강서영업본부!$A$1:$G$255,4,FALSE),0) -> 765532698 | N13: =IFERROR(VLOOKUP($A13,동부영업본부!$A$1:$H$255,3,FALSE),0) -> 1072299605 | O13: =IFERROR(VLOOKUP($A13,동부영업본부!$A$1:$H$255,4,FALSE),0) -> 878179363 | P13: =IFERROR(VLOOKUP($A13,서부영업본부!$A$1:$H$255,3,FALSE),0) -> 798693667 | Q13: =IFERROR(VLOOKUP($A13,서부영업본부!$A$1:$H$255,4,FALSE),0) -> 820751015 | T13: =IFERROR(VLOOKUP($A13,강북영업본부!$A$1:$H$254,5,FALSE),0) -> 0 | U13: =IFERROR(VLOOKUP($A13,강남영업본부!$A$1:$J$254,7,FALSE),0) -> 0 | V13: =IFERROR(VLOOKUP($A13,강서영업본부!$A$1:$J$254,7,FALSE),0) -> 0 | W13: =IFERROR(VLOOKUP($A13,동부영업본부!$A$1:$H$254,5,FALSE),0) -> 0 | X13: =IFERROR(VLOOKUP($A13,서부영업본부!$A$1:$H$255,5,FALSE),0) -> 0
... A22: 수수료수입-P3.0 | B22: =SUM(C22:Q22) -> 679090977 | C22: =IFERROR(VLOOKUP($A22,유통영업혁신단!$A$1:$L$254,10,FALSE),0) -> 0 | D22: =U22+W22+X22+T22+V22 -> 0 | E22: =IFERROR(VLOOKUP($A22,'유통영업혁신단 IU'!$A:$G,4,FALSE),0) -> 0 | H22: =IFERROR(VLOOKUP($A22,강북영업본부!$A$1:$D$255,3,FALSE),0) -> 62727279 | I22: =IFERROR(VLOOKUP($A22,강북영업본부!$A$1:$D$255,4,FALSE),0) -> 65454552 | J22: =IFERROR(VLOOKUP($A22,강남영업본부!$A$1:$G$255,3,FALSE),0) -> 43636368 | K22: =IFERROR(VLOOKUP($A22,강서영업본부!$A$1:$G$255,3,FALSE),0) -> 81818190 | L22: =IFERROR(VLOOKUP($A22,강남영업본부!$A$1:$G$255,4,FALSE),0) -> 68181825 | M22: =IFERROR(VLOOKUP($A22,강서영업본부!$A$1:$G$255,4,FALSE),0) -> 54545460 | N22: =IFERROR(VLOOKUP($A22,동부영업본부!$A$1:$H$255,3,FALSE),0) -> 76363644 | O22: =IFERROR(VLOOKUP($A22,동부영업본부!$A$1:$H$255,4,FALSE),0) -> 79090917 | P22: =IFERROR(VLOOKUP($A22,서부영업본부!$A$1:$H$255,3,FALSE),0) -> 73636371 | Q22: =IFERROR(VLOOKUP($A22,서부영업본부!$A$1:$H$255,4,FALSE),0) -> 73636371 | T22: =IFERROR(VLOOKUP($A22,강북영업본부!$A$1:$H$254,5,FALSE),0) -> 0 | U22: =IFERROR(VLOOKUP($A22,강남영업본부!$A$1:$J$254,7,FALSE),0) -> 0 | V22: =IFERROR(VLOOKUP($A22,강서영업본부!$A$1:$J$254,7,FALSE),0) -> 0 | W22: =IFERROR(VLOOKUP($A22,동부영업본부!$A$1:$H$254,5,FALSE),0) -> 0 | X22: =IFERROR(VLOOKUP($A22,서부영업본부!$A$1:$H$255,5,FALSE),0) -> 0
A23: 수수료수입-신사업 | B23: =SUM(C23:Q23) -> 0 | C23: =IFERROR(VLOOKUP($A23,유통영업혁신단!$A$1:$L$254,10,FALSE),0) -> 0 | D23: =U23+W23+X23+T23+V23 -> 0 | E23: =IFERROR(VLOOKUP($A23,'유통영업혁신단 IU'!$A:$G,4,FALSE),0) -> 0 | H23: =IFERROR(VLOOKUP($A23,강북영업본부!$A$1:$D$255,3,FALSE),0) -> 0 | I23: =IFERROR(VLOOKUP($A23,강북영업본부!$A$1:$D$255,4,FALSE),0) -> 0 | J23: =IFERROR(VLOOKUP($A23,강남영업본부!$A$1:$G$255,3,FALSE),0) -> 0 | K23: =IFERROR(VLOOKUP($A23,강서영업본부!$A$1:$G$255,3,FALSE),0) -> 0 | L23: =IFERROR(VLOOKUP($A23,강남영업본부!$A$1:$G$255,4,FALSE),0) -> 0 | M23: =IFERROR(VLOOKUP($A23,강서영업본부!$A$1:$G$255,4,FALSE),0) -> 0 | N23: =IFERROR(VLOOKUP($A23,동부영업본부!$A$1:$H$255,3,FALSE),0) -> 0 | O23: =IFERROR(VLOOKUP($A23,동부영업본부!$A$1:$H$255,4,FALSE),0) -> 0 | P23: =IFERROR(VLOOKUP($A23,서부영업본부!$A$1:$H$255,3,FALSE),0) -> 0 | Q23: =IFERROR(VLOOKUP($A23,서부영업본부!$A$1:$H$255,4,FALSE),0) -> 0
A24: 매 출 원 가 | B24: =SUM(C24:Q24) -> 12676667140 | C24: =IFERROR(VLOOKUP($A24,유통영업혁신단!$A$1:$L$254,10,FALSE),0) -> 0 | D24: =U24+W24+X24+T24+V24 -> 0 | E24: =IFERROR(VLOOKUP($A24,'유통영업혁신단 IU'!$A:$G,4,FALSE),0) -> 0 | H24: =IFERROR(VLOOKUP($A24,강북영업본부!$A$1:$D$255,3,FALSE),0) -> 1243215452 | I24: =IFERROR(VLOOKUP($A24,강북영업본부!$A$1:$D$255,4,FALSE),0) -> 1123967715 | J24: =IFERROR(VLOOKUP($A24,강남영업본부!$A$1:$G$255,3,FALSE),0) -> 969714524 | K24: =IFERROR(VLOOKUP($A24,강서영업본부!$A$1:$G$255,3,FALSE),0) -> 1765533445 | L24: =IFERROR(VLOOKUP($A24,강남영업본부!$A$1:$G$255,4,FALSE),0) -> 1268655548 | M24: =IFERROR(VLOOKUP($A24,강서영업본부!$A$1:$G$255,4,FALSE),0) -> 1115458306 | N24: =IFERROR(VLOOKUP($A24,동부영업본부!$A$1:$H$255,3,FALSE),0) -> 1593701797 | O24: =IFERROR(VLOOKUP($A24,동부영업본부!$A$1:$H$255,4,FALSE),0) -> 1283804162 | P24: =IFERROR(VLOOKUP($A24,서부영업본부!$A$1:$H$255,3,FALSE),0) -> 1132969520 | Q24: =IFERROR(VLOOKUP($A24,서부영업본부!$A$1:$H$255,4,FALSE),0) -> 1179646671 | T24: =IFERROR(VLOOKUP($A24,강북영업본부!$A$1:$H$254,5,FALSE),0) -> 0 | U24: =IFERROR(VLOOKUP($A24,강남영업본부!$A$1:$J$254,7,FALSE),0) -> 0 | V24: =IFERROR(VLOOKUP($A24,강서영업본부!$A$1:$J$254,7,FALSE),0) -> 0 | W24: =IFERROR(VLOOKUP($A24,동부영업본부!$A$1:$H$254,5,FALSE),0) -> 0 | X24: =IFERROR(VLOOKUP($A24,서부영업본부!$A$1:$H$255,5,FALSE),0) -> 0
A25: 상 품 매 출 원 가 | B25: =SUM(C25:Q25) -> 12676667140 | C25: =IFERROR(VLOOKUP($A25,유통영업혁신단!$A$1:$L$254,10,FALSE),0) -> 0 | D25: =U25+W25+X25+T25+V25 -> 0 | E25: =IFERROR(VLOOKUP($A25,'유통영업혁신단 IU'!$A:$G,4,FALSE),0) -> 0 | H25: =IFERROR(VLOOKUP($A25,강북영업본부!$A$1:$D$255,3,FALSE),0) -> 1243215452 | I25: =IFERROR(VLOOKUP($A25,강북영업본부!$A$1:$D$255,4,FALSE),0) -> 1123967715 | J25: =IFERROR(VLOOKUP($A25,강남영업본부!$A$1:$G$255,3,FALSE),0) -> 969714524 | K25: =IFERROR(VLOOKUP($A25,강서영업본부!$A$1:$G$255,3,FALSE),0) -> 1765533445 | L25: =IFERROR(VLOOKUP($A25,강남영업본부!$A$1:$G$255,4,FALSE),0) -> 1268655548 | M25: =IFERROR(VLOOKUP($A25,강서영업본부!$A$1:$G$255,4,FALSE),0) -> 1115458306 | N25: =IFERROR(VLOOKUP($A25,동부영업본부!$A$1:$H$255,3,FALSE),0) -> 1593701797 | O25: =IFERROR(VLOOKUP($A25,동부영업본부!$A$1:$H$255,4,FALSE),0) -> 1283804162 | P25: =IFERROR(VLOOKUP($A25,서부영업본부!$A$1:$H$255,3,FALSE),0) -> 1132969520 | Q25: =IFERROR(VLOOKUP($A25,서부영업본부!$A$1:$H$255,4,FALSE),0) -> 1179646671 | T25: =IFERROR(VLOOKUP($A25,강북영업본부!$A$1:$H$254,5,FALSE),0) -> 0 | U25: =IFERROR(VLOOKUP($A25,강남영업본부!$A$1:$J$254,7,FALSE),0) -> 0 | V25: =IFERROR(VLOOKUP($A25,강서영업본부!$A$1:$J$254,7,FALSE),0) -> 0 | W25: =IFERROR(VLOOKUP($A25,동부영업본부!$A$1:$H$254,5,FALSE),0) -> 0 | X25: =IFERROR(VLOOKUP($A25,서부영업본부!$A$1:$H$255,5,FALSE),0) -> 0
A26: 매 출 총 이 익 | B26: =SUM(C26:Q26) -> 1.0277109e+10 | C26: =IFERROR(VLOOKUP($A26,유통영업혁신단!$A$1:$L$254,10,FALSE),0) -> 0 | D26: =U26+W26+X26+T26+V26 -> 10515.692 | E26: =IFERROR(VLOOKUP($A26,'유통영업혁신단 IU'!$A:$G,4,FALSE),0) -> -675549571 | H26: =IFERROR(VLOOKUP($A26,강북영업본부!$A$1:$D$255,3,FALSE),0) -> 889171336 | I26: =IFERROR(VLOOKUP($A26,강북영업본부!$A$1:$D$255,4,FALSE),0) -> 910603559 | J26: =IFERROR(VLOOKUP($A26,강남영업본부!$A$1:$G$255,3,FALSE),0) -> 783167353 | K26: =IFERROR(VLOOKUP($A26,강서영업본부!$A$1:$G$255,3,FALSE),0) -> 1463289750 | L26: =IFERROR(VLOOKUP($A26,강남영업본부!$A$1:$G$255,4,FALSE),0) -> 1089984318 | M26: =IFERROR(VLOOKUP($A26,강서영업본부!$A$1:$G$255,4,FALSE),0) -> 1000316749 | N26: =IFERROR(VLOOKUP($A26,동부영업본부!$A$1:$H$255,3,FALSE),0) -> 1444979926 | O26: =IFERROR(VLOOKUP($A26,동부영업본부!$A$1:$H$255,4,FALSE),0) -> 1230676897 | P26: =IFERROR(VLOOKUP($A26,서부영업본부!$A$1:$H$255,3,FALSE),0) -> 1054819914 | Q26: =IFERROR(VLOOKUP($A26,서부영업본부!$A$1:$H$255,4,FALSE),0) -> 1085638561 | T26: =IFERROR(VLOOKUP($A26,강북영업본부!$A$1:$H$254,5,FALSE),0) -> 0 | U26: =IFERROR(VLOOKUP($A26,강남영업본부!$A$1:$J$254,7,FALSE),0) -> 10515.692 | V26: =IFERROR(VLOOKUP($A26,강서영업본부!$A$1:$J$254,7,FALSE),0) -> 0 | W26: =IFERROR(VLOOKUP($A26,동부영업본부!$A$1:$H$254,5,FALSE),0) -> 0 | X26: =IFERROR(VLOOKUP($A26,서부영업본부!$A$1:$H$255,5,FALSE),0) -> 0
A27: 판매비와일반관리비 | B27: =SUM(C27:Q27) -> 8.4370555e+09 | C27: =IFERROR(VLOOKUP($A27,유통영업혁신단!$A$1:$L$254,10,FALSE),0) -> 18697164 | D27: =U27+W27+X27+T27+V27 -> 4.2900609e+08 | E27: =IFERROR(VLOOKUP($A27,'유통영업혁신단 IU'!$A:$G,4,FALSE),0) -> 330631432 | H27: =IFERROR(VLOOKUP($A27,강북영업본부!$A$1:$D$255,3,FALSE),0) -> 711019909 | I27: =IFERROR(VLOOKUP($A27,강북영업본부!$A$1:$D$255,4,FALSE),0) -> 707331129 | J27: =IFERROR(VLOOKUP($A27,강남영업본부!$A$1:$G$255,3,FALSE),0) -> 573782514 | K27: =IFERROR(VLOOKUP($A27,강서영업본부!$A$1:$G$255,3,FALSE),0) -> 913727146 | L27: =IFERROR(VLOOKUP($A27,강남영업본부!$A$1:$G$255,4,FALSE),0) -> 812529626 | M27: =IFERROR(VLOOKUP($A27,강서영업본부!$A$1:$G$255,4,FALSE),0) -> 655596720 | N27: =IFERROR(VLOOKUP($A27,동부영업본부!$A$1:$H$255,3,FALSE),0) -> 889736108 | O27: =IFERROR(VLOOKUP($A27,동부영업본부!$A$1:$H$255,4,FALSE),0) -> 959140449 | P27: =IFERROR(VLOOKUP($A27,서부영업본부!$A$1:$H$255,3,FALSE),0) -> 746621962 | Q27: =IFERROR(VLOOKUP($A27,서부영업본부!$A$1:$H$255,4,FALSE),0) -> 689235249 | T27: =IFERROR(VLOOKUP($A27,강북영업본부!$A$1:$H$254,5,FALSE),0) -> 84557054 | U27: =IFERROR(VLOOKUP($A27,강남영업본부!$A$1:$J$254,7,FALSE),0) -> 1.2267195e+08 | V27: =IFERROR(VLOOKUP($A27,강서영업본부!$A$1:$J$254,7,FALSE),0) -> 77988940 | W27: =IFERROR(VLOOKUP($A27,동부영업본부!$A$1:$H$254,5,FALSE),0) -> 64642394 | X27: =IFERROR(VLOOKUP($A27,서부영업본부!$A$1:$H$255,5,FALSE),0) -> 79145753
A28: 임 원 급 여 | B28: =SUM(C28:Q28) -> 40628274 | C28: =IFERROR(VLOOKUP($A28,유통영업혁신단!$A$1:$L$254,10,FALSE),0) -> 0 | D28: =U28+W28+X28+T28+V28 -> 40628274 | E28: =IFERROR(VLOOKUP($A28,'유통영업혁신단 IU'!$A:$G,4,FALSE),0) -> 0 | H28: =IFERROR(VLOOKUP($A28,강북영업본부!$A$1:$D$255,3,FALSE),0) -> 0 | I28: =IFERROR(VLOOKUP($A28,강북영업본부!$A$1:$D$255,4,FALSE),0) -> 0 | J28: =IFERROR(VLOOKUP($A28,강남영업본부!$A$1:$G$255,3,FALSE),0) -> 0 | K28: =IFERROR(VLOOKUP($A28,강서영업본부!$A$1:$G$255,3,FALSE),0) -> 0 | L28: =IFERROR(VLOOKUP($A28,강남영업본부!$A$1:$G$255,4,FALSE),0) -> 0 | M28: =IFERROR(VLOOKUP($A28,강서영업본부!$A$1:$G$255,4,FALSE),0) -> 0 | N28: =IFERROR(VLOOKUP($A28,동부영업본부!$A$1:$H$255,3,FALSE),0) -> 0 | O28: =IFERROR(VLOOKUP($A28,동부영업본부!$A$1:$H$255,4,FALSE),0) -> 0 | P28: =IFERROR(VLOOKUP($A28,서부영업본부!$A$1:$H$255,3,FALSE),0) -> 0 | Q28: =IFERROR(VLOOKUP($A28,서부영업본부!$A$1:$H$255,4,FALSE),0) -> 0 | T28: =IFERROR(VLOOKUP($A28,강북영업본부!$A$1:$H$254,5,FALSE),0) -> 0 | U28: =IFERROR(VLOOKUP($A28,강남영업본부!$A$1:$J$254,7,FALSE),0) -> 10782868 | V28: =IFERROR(VLOOKUP($A28,강서영업본부!$A$1:$J$254,7,FALSE),0) -> 10454599 | W28: =IFERROR(VLOOKUP($A28,동부영업본부!$A$1:$H$254,5,FALSE),0) -> 9832327.4 | X28: =IFERROR(VLOOKUP($A28,서부영업본부!$A$1:$H$255,5,FALSE),0) -> 9558479
A29: 직 원 급 여 | B29: =SUM(C29:Q29) -> 3.5928624e+09 | C29: =IFERROR(VLOOKUP($A29,유통영업혁신단!$A$1:$L$254,10,FALSE),0) -> 8297794.8 | D29: =U29+W29+X29+T29+V29 -> 1.3051721e+08 | E29: =IFERROR(VLOOKUP($A29,'유통영업혁신단 IU'!$A:$G,4,FALSE),0) -> 50934350 | H29: =IFERROR(VLOOKUP($A29,강북영업본부!$A$1:$D$255,3,FALSE),0) -> 333157450 | I29: =IFERROR(VLOOKUP($A29,강북영업본부!$A$1:$D$255,4,FALSE),0) -> 319987740 | J29: =IFERROR(VLOOKUP($A29,강남영업본부!$A$1:$G$255,3,FALSE),0) -> 247065610 | K29: =IFERROR(VLOOKUP($A29,강서영업본부!$A$1:$G$255,3,FALSE),0) -> 397558580 | L29: =IFERROR(VLOOKUP($A29,강남영업본부!$A$1:$G$255,4,FALSE),0) -> 351370940 | M29: =IFERROR(VLOOKUP($A29,강서영업본부!$A$1:$G$255,4,FALSE),0) -> 290268900 | N29: =IFERROR(VLOOKUP($A29,동부영업본부!$A$1:$H$255,3,FALSE),0) -> 390763200 | O29: =IFERROR(VLOOKUP($A29,동부영업본부!$A$1:$H$255,4,FALSE),0) -> 406580510 | P29: =IFERROR(VLOOKUP($A29,서부영업본부!$A$1:$H$255,3,FALSE),0) -> 348668000 | Q29: =IFERROR(VLOOKUP($A29,서부영업본부!$A$1:$H$255,4,FALSE),0) -> 317692090 | T29: =IFERROR(VLOOKUP($A29,강북영업본부!$A$1:$H$254,5,FALSE),0) -> 29456850 | U29: =IFERROR(VLOOKUP($A29,강남영업본부!$A$1:$J$254,7,FALSE),0) -> 28681043 | V29: =IFERROR(VLOOKUP($A29,강서영업본부!$A$1:$J$254,7,FALSE),0) -> 22320525 | W29: =IFERROR(VLOOKUP($A29,동부영업본부!$A$1:$H$254,5,FALSE),0) -> 20977810 | X29: =IFERROR(VLOOKUP($A29,서부영업본부!$A$1:$H$255,5,FALSE),0) -> 29080981
A30: 급료와임금 | B30: =SUM(C30:Q30) -> 2.1811076e+08 | C30: =IFERROR(VLOOKUP($A30,유통영업혁신단!$A$1:$L$254,10,FALSE),0) -> 5577669.4 | D30: =U30+W30+X30+T30+V30 -> 78883207 | E30: =IFERROR(VLOOKUP($A30,'유통영업혁신단 IU'!$A:$G,4,FALSE),0) -> 30184770 | H30: =IFERROR(VLOOKUP($A30,강북영업본부!$A$1:$D$255,3,FALSE),0) -> 16099410 | I30: =IFERROR(VLOOKUP($A30,강북영업본부!$A$1:$D$255,4,FALSE),0) -> 7825760 | J30: =IFERROR(VLOOKUP($A30,강남영업본부!$A$1:$G$255,3,FALSE),0) -> 16843830 | K30: =IFERROR(VLOOKUP($A30,강서영업본부!$A$1:$G$255,3,FALSE),0) -> 0 | L30: =IFERROR(VLOOKUP($A30,강남영업본부!$A$1:$G$255,4,FALSE),0) -> 14088720 | M30: =IFERROR(VLOOKUP($A30,강서영업본부!$A$1:$G$255,4,FALSE),0) -> 7406860 | N30: =IFERROR(VLOOKUP($A30,동부영업본부!$A$1:$H$255,3,FALSE),0) -> 15228300 | O30: =IFERROR(VLOOKUP($A30,동부영업본부!$A$1:$H$255,4,FALSE),0) -> 18055820 | P30: =IFERROR(VLOOKUP($A30,서부영업본부!$A$1:$H$255,3,FALSE),0) -> 7916410 | Q30: =IFERROR(VLOOKUP($A30,서부영업본부!$A$1:$H$255,4,FALSE),0) -> 0 | T30: =IFERROR(VLOOKUP($A30,강북영업본부!$A$1:$H$254,5,FALSE),0) -> 19564877 | U30: =IFERROR(VLOOKUP($A30,강남영업본부!$A$1:$J$254,7,FALSE),0) -> 16331661 | V30: =IFERROR(VLOOKUP($A30,강서영업본부!$A$1:$J$254,7,FALSE),0) -> 12897865 | W30: =IFERROR(VLOOKUP($A30,동부영업본부!$A$1:$H$254,5,FALSE),0) -> 13667816 | X30: =IFERROR(VLOOKUP($A30,서부영업본부!$A$1:$H$255,5,FALSE),0) -> 16420989
A31: 초과근무수당 | B31: =SUM(C31:Q31) -> 40127133 | C31: =IFERROR(VLOOKUP($A31,유통영업혁신단!$A$1:$L$254,10,FALSE),0) -> 1124084 | D31: =U31+W31+X31+T31+V31 -> 14547839 | E31: =IFERROR(VLOOKUP($A31,'유통영업혁신단 IU'!$A:$G,4,FALSE),0) -> 5469530 | H31: =IFERROR(VLOOKUP($A31,강북영업본부!$A$1:$D$255,3,FALSE),0) -> 2962270 | I31: =IFERROR(VLOOKUP($A31,강북영업본부!$A$1:$D$255,4,FALSE),0) -> 1399420 | J31: =IFERROR(VLOOKUP($A31,강남영업본부!$A$1:$G$255,3,FALSE),0) -> 3089620 | K31: =IFERROR(VLOOKUP($A31,강서영업본부!$A$1:$G$255,3,FALSE),0) -> 0 | L31: =IFERROR(VLOOKUP($A31,강남영업본부!$A$1:$G$255,4,FALSE),0) -> 2593870 | M31: =IFERROR(VLOOKUP($A31,강서영업본부!$A$1:$G$255,4,FALSE),0) -> 1315910 | N31: =IFERROR(VLOOKUP($A31,동부영업본부!$A$1:$H$255,3,FALSE),0) -> 2813270 | O31: =IFERROR(VLOOKUP($A31,동부영업본부!$A$1:$H$255,4,FALSE),0) -> 3296920 | P31: =IFERROR(VLOOKUP($A31,서부영업본부!$A$1:$H$255,3,FALSE),0) -> 1514400 | Q31: =IFERROR(VLOOKUP($A31,서부영업본부!$A$1:$H$255,4,FALSE),0) -> 0 | T31: =IFERROR(VLOOKUP($A31,강북영업본부!$A$1:$H$254,5,FALSE),0) -> 3720090.9 | U31: =IFERROR(VLOOKUP($A31,강남영업본부!$A$1:$J$254,7,FALSE),0) -> 2972207.1 | V31: =IFERROR(VLOOKUP($A31,강서영업본부!$A$1:$J$254,7,FALSE),0) -> 2387293.8 | W31: =IFERROR(VLOOKUP($A31,동부영업본부!$A$1:$H$254,5,FALSE),0) -> 2492627.5 | X31: =IFERROR(VLOOKUP($A31,서부영업본부!$A$1:$H$255,5,FALSE),0) -> 2975620.1
A32: 직책수당 | B32: =SUM(C32:Q32) -> 10158777 | C32: =IFERROR(VLOOKUP($A32,유통영업혁신단!$A$1:$L$254,10,FALSE),0) -> 969396.05 | D32: =U32+W32+X32+T32+V32 -> 4289380.8 | E32: =IFERROR(VLOOKUP($A32,'유통영업혁신단 IU'!$A:$G,4,FALSE),0) -> 700000 | H32: =IFERROR(VLOOKUP($A32,강북영업본부!$A$1:$D$255,3,FALSE),0) -> 700000 | I32: =IFERROR(VLOOKUP($A32,강북영업본부!$A$1:$D$255,4,FALSE),0) -> 0 | J32: =IFERROR(VLOOKUP($A32,강남영업본부!$A$1:$G$255,3,FALSE),0) -> 700000 | K32: =IFERROR(VLOOKUP($A32,강서영업본부!$A$1:$G$255,3,FALSE),0) -> 0 | L32: =IFERROR(VLOOKUP($A32,강남영업본부!$A$1:$G$255,4,FALSE),0) -> 700000 | M32: =IFERROR(VLOOKUP($A32,강서영업본부!$A$1:$G$255,4,FALSE),0) -> 0 | N32: =IFERROR(VLOOKUP($A32,동부영업본부!$A$1:$H$255,3,FALSE),0) -> 700000 | O32: =IFERROR(VLOOKUP($A32,동부영업본부!$A$1:$H$255,4,FALSE),0) -> 700000 | P32: =IFERROR(VLOOKUP($A32,서부영업본부!$A$1:$H$255,3,FALSE),0) -> 700000 | Q32: =IFERROR(VLOOKUP($A32,서부영업본부!$A$1:$H$255,4,FALSE),0) -> 0 | T32: =IFERROR(VLOOKUP($A32,강북영업본부!$A$1:$H$254,5,FALSE),0) -> 1826080.3 | U32: =IFERROR(VLOOKUP($A32,강남영업본부!$A$1:$J$254,7,FALSE),0) -> 636048.06 | V32: =IFERROR(VLOOKUP($A32,강서영업본부!$A$1:$J$254,7,FALSE),0) -> 644731.61 | W32: =IFERROR(VLOOKUP($A32,동부영업본부!$A$1:$H$254,5,FALSE),0) -> 588726.86 | X32: =IFERROR(VLOOKUP($A32,서부영업본부!$A$1:$H$255,5,FALSE),0) -> 593793.93
A33: 연차수당 | B33: =SUM(C33:Q33) -> 16026475 | C33: =IFERROR(VLOOKUP($A33,유통영업혁신단!$A$1:$L$254,10,FALSE),0) -> 0 | D33: =U33+W33+X33+T33+V33 -> 15772905 | E33: =IFERROR(VLOOKUP($A33,'유통영업혁신단 IU'!$A:$G,4,FALSE),0) -> 0 | H33: =IFERROR(VLOOKUP($A33,강북영업본부!$A$1:$D$255,3,FALSE),0) -> 0 | I33: =IFERROR(VLOOKUP($A33,강북영업본부!$A$1:$D$255,4,FALSE),0) -> 0 | J33: =IFERROR(VLOOKUP($A33,강남영업본부!$A$1:$G$255,3,FALSE),0) -> 0 | K33: =IFERROR(VLOOKUP($A33,강서영업본부!$A$1:$G$255,3,FALSE),0) -> 0 | L33: =IFERROR(VLOOKUP($A33,강남영업본부!$A$1:$G$255,4,FALSE),0) -> 0 | M33: =IFERROR(VLOOKUP($A33,강서영업본부!$A$1:$G$255,4,FALSE),0) -> 0 | N33: =IFERROR(VLOOKUP($A33,동부영업본부!$A$1:$H$255,3,FALSE),0) -> 0 | O33: =IFERROR(VLOOKUP($A33,동부영업본부!$A$1:$H$255,4,FALSE),0) -> 0 | P33: =IFERROR(VLOOKUP($A33,서부영업본부!$A$1:$H$255,3,FALSE),0) -> 253570 | Q33: =IFERROR(VLOOKUP($A33,서부영업본부!$A$1:$H$255,4,FALSE),0) -> 0 | T33: =IFERROR(VLOOKUP($A33,강북영업본부!$A$1:$H$254,5,FALSE),0) -> 0 | U33: =IFERROR(VLOOKUP($A33,강남영업본부!$A$1:$J$254,7,FALSE),0) -> 4804434.4 | V33: =IFERROR(VLOOKUP($A33,강서영업본부!$A$1:$J$254,7,FALSE),0) -> 5709789.2 | W33: =IFERROR(VLOOKUP($A33,동부영업본부!$A$1:$H$254,5,FALSE),0) -> 0 | X33: =IFERROR(VLOOKUP($A33,서부영업본부!$A$1:$H$255,5,FALSE),0) -> 5258681.4
A34: 휴일근무수당 | B34: =SUM(C34:Q34) -> 4994209 | C34: =IFERROR(VLOOKUP($A34,유통영업혁신단!$A$1:$L$254,10,FALSE),0) -> 0 | D34: =U34+W34+X34+T34+V34 -> 106139.04 | E34: =IFERROR(VLOOKUP($A34,'유통영업혁신단 IU'!$A:$G,4,FALSE),0) -> 904620 | H34: =IFERROR(VLOOKUP($A34,강북영업본부!$A$1:$D$255,3,FALSE),0) -> 545450 | I34: =IFERROR(VLOOKUP($A34,강북영업본부!$A$1:$D$255,4,FALSE),0) -> 313990 | J34: =IFERROR(VLOOKUP($A34,강남영업본부!$A$1:$G$255,3,FALSE),0) -> 776060 | K34: =IFERROR(VLOOKUP($A34,강서영업본부!$A$1:$G$255,3,FALSE),0) -> 0 | L34: =IFERROR(VLOOKUP($A34,강남영업본부!$A$1:$G$255,4,FALSE),0) -> 396940 | M34: =IFERROR(VLOOKUP($A34,강서영업본부!$A$1:$G$255,4,FALSE),0) -> 706720 | N34: =IFERROR(VLOOKUP($A34,동부영업본부!$A$1:$H$255,3,FALSE),0) -> 342680 | O34: =IFERROR(VLOOKUP($A34,동부영업본부!$A$1:$H$255,4,FALSE),0) -> 458280 | P34: =IFERROR(VLOOKUP($A34,서부영업본부!$A$1:$H$255,3,FALSE),0) -> 443330 | Q34: =IFERROR(VLOOKUP($A34,서부영업본부!$A$1:$H$255,4,FALSE),0) -> 0 | T34: =IFERROR(VLOOKUP($A34,강북영업본부!$A$1:$H$254,5,FALSE),0) -> 0 | U34: =IFERROR(VLOOKUP($A34,강남영업본부!$A$1:$J$254,7,FALSE),0) -> 0 | V34: =IFERROR(VLOOKUP($A34,강서영업본부!$A$1:$J$254,7,FALSE),0) -> 0 | W34: =IFERROR(VLOOKUP($A34,동부영업본부!$A$1:$H$254,5,FALSE),0) -> 106139.04 | X34: =IFERROR(VLOOKUP($A34,서부영업본부!$A$1:$H$255,5,FALSE),0) -> 0
A35: 제수당기타 | B35: =SUM(C35:Q35) -> 4788227 | C35: =IFERROR(VLOOKUP($A35,유통영업혁신단!$A$1:$L$254,10,FALSE),0) -> 519319.31 | D35: =U35+W35+X35+T35+V35 -> 1719337.6 | E35: =IFERROR(VLOOKUP($A35,'유통영업혁신단 IU'!$A:$G,4,FALSE),0) -> 1778520 | H35: =IFERROR(VLOOKUP($A35,강북영업본부!$A$1:$D$255,3,FALSE),0) -> 0 | I35: =IFERROR(VLOOKUP($A35,강북영업본부!$A$1:$D$255,4,FALSE),0) -> 480000 | J35: =IFERROR(VLOOKUP($A35,강남영업본부!$A$1:$G$255,3,FALSE),0) -> 0 | K35: =IFERROR(VLOOKUP($A35,강서영업본부!$A$1:$G$255,3,FALSE),0) -> 0 | L35: =IFERROR(VLOOKUP($A35,강남영업본부!$A$1:$G$255,4,FALSE),0) -> 291050 | M35: =IFERROR(VLOOKUP($A35,강서영업본부!$A$1:$G$255,4,FALSE),0) -> 0 | N35: =IFERROR(VLOOKUP($A35,동부영업본부!$A$1:$H$255,3,FALSE),0) -> 0 | O35: =IFERROR(VLOOKUP($A35,동부영업본부!$A$1:$H$255,4,FALSE),0) -> 0 | P35: =IFERROR(VLOOKUP($A35,서부영업본부!$A$1:$H$255,3,FALSE),0) -> 0 | Q35: =IFERROR(VLOOKUP($A35,서부영업본부!$A$1:$H$255,4,FALSE),0) -> 0 | T35: =IFERROR(VLOOKUP($A35,강북영업본부!$A$1:$H$254,5,FALSE),0) -> 934066.18 | U35: =IFERROR(VLOOKUP($A35,강남영업본부!$A$1:$J$254,7,FALSE),0) -> 204198.69 | V35: =IFERROR(VLOOKUP($A35,강서영업본부!$A$1:$J$254,7,FALSE),0) -> 36114.181 | W35: =IFERROR(VLOOKUP($A35,동부영업본부!$A$1:$H$254,5,FALSE),0) -> 504623.03 | X35: =IFERROR(VLOOKUP($A35,서부영업본부!$A$1:$H$255,5,FALSE),0) -> 40335.573
... A117: 차량운행지원비 | B117: =SUM(C117:Q117) -> 4648484.6 | C117: =IFERROR(VLOOKUP($A117,유통영업혁신단!$A$1:$L$254,10,FALSE),0) -> 0 | D117: =U117+W117+X117+T117+V117 -> 41565.575 | E117: =IFERROR(VLOOKUP($A117,'유통영업혁신단 IU'!$A:$G,4,FALSE),0) -> 243000 | H117: =IFERROR(VLOOKUP($A117,강북영업본부!$A$1:$D$255,3,FALSE),0) -> 823160 | I117: =IFERROR(VLOOKUP($A117,강북영업본부!$A$1:$D$255,4,FALSE),0) -> 587259 | J117: =IFERROR(VLOOKUP($A117,강남영업본부!$A$1:$G$255,3,FALSE),0) -> 429400 | K117: =IFERROR(VLOOKUP($A117,강서영업본부!$A$1:$G$255,3,FALSE),0) -> 0 | L117: =IFERROR(VLOOKUP($A117,강남영업본부!$A$1:$G$255,4,FALSE),0) -> 621300 | M117: =IFERROR(VLOOKUP($A117,강서영업본부!$A$1:$G$255,4,FALSE),0) -> 520800 | N117: =IFERROR(VLOOKUP($A117,동부영업본부!$A$1:$H$255,3,FALSE),0) -> 370000 | O117: =IFERROR(VLOOKUP($A117,동부영업본부!$A$1:$H$255,4,FALSE),0) -> 406000 | P117: =IFERROR(VLOOKUP($A117,서부영업본부!$A$1:$H$255,3,FALSE),0) -> 606000 | Q117: =IFERROR(VLOOKUP($A117,서부영업본부!$A$1:$H$255,4,FALSE),0) -> 0 | T117: =IFERROR(VLOOKUP($A117,강북영업본부!$A$1:$H$254,5,FALSE),0) -> 0 | U117: =IFERROR(VLOOKUP($A117,강남영업본부!$A$1:$J$254,7,FALSE),0) -> 0 | V117: =IFERROR(VLOOKUP($A117,강서영업본부!$A$1:$J$254,7,FALSE),0) -> 0 | W117: =IFERROR(VLOOKUP($A117,동부영업본부!$A$1:$H$254,5,FALSE),0) -> 0 | X117: =IFERROR(VLOOKUP($A117,서부영업본부!$A$1:$H$255,5,FALSE),0) -> 41565.575
A118: 출장교통보조비 | B118: =SUM(C118:Q118) -> 800000 | C118: =IFERROR(VLOOKUP($A118,유통영업혁신단!$A$1:$L$254,10,FALSE),0) -> 0 | D118: =U118+W118+X118+T118+V118 -> 0 | E118: =IFERROR(VLOOKUP($A118,'유통영업혁신단 IU'!$A:$G,4,FALSE),0) -> 800000 | H118: =IFERROR(VLOOKUP($A118,강북영업본부!$A$1:$D$255,3,FALSE),0) -> 0 | I118: =IFERROR(VLOOKUP($A118,강북영업본부!$A$1:$D$255,4,FALSE),0) -> 0 | J118: =IFERROR(VLOOKUP($A118,강남영업본부!$A$1:$G$255,3,FALSE),0) -> 0 | K118: =IFERROR(VLOOKUP($A118,강서영업본부!$A$1:$G$255,3,FALSE),0) -> 0 | L118: =IFERROR(VLOOKUP($A118,강남영업본부!$A$1:$G$255,4,FALSE),0) -> 0 | M118: =IFERROR(VLOOKUP($A118,강서영업본부!$A$1:$G$255,4,FALSE),0) -> 0 | N118: =IFERROR(VLOOKUP($A118,동부영업본부!$A$1:$H$255,3,FALSE),0) -> 0 | O118: =IFERROR(VLOOKUP($A118,동부영업본부!$A$1:$H$255,4,FALSE),0) -> 0 | P118: =IFERROR(VLOOKUP($A118,서부영업본부!$A$1:$H$255,3,FALSE),0) -> 0 | Q118: =IFERROR(VLOOKUP($A118,서부영업본부!$A$1:$H$255,4,FALSE),0) -> 0
A119: 차량운행지원비_임원 | B119: =SUM(C119:Q119) -> 0 | C119: =IFERROR(VLOOKUP($A119,유통영업혁신단!$A$1:$L$254,10,FALSE),0) -> 0 | D119: =U119+W119+X119+T119+V119 -> 0 | E119: =IFERROR(VLOOKUP($A119,'유통영업혁신단 IU'!$A:$G,4,FALSE),0) -> 0 | H119: =IFERROR(VLOOKUP($A119,강북영업본부!$A$1:$D$255,3,FALSE),0) -> 0 | I119: =IFERROR(VLOOKUP($A119,강북영업본부!$A$1:$D$255,4,FALSE),0) -> 0 | J119: =IFERROR(VLOOKUP($A119,강남영업본부!$A$1:$G$255,3,FALSE),0) -> 0 | K119: =IFERROR(VLOOKUP($A119,강서영업본부!$A$1:$G$255,3,FALSE),0) -> 0 | L119: =IFERROR(VLOOKUP($A119,강남영업본부!$A$1:$G$255,4,FALSE),0) -> 0 | M119: =IFERROR(VLOOKUP($A119,강서영업본부!$A$1:$G$255,4,FALSE),0) -> 0 | N119: =IFERROR(VLOOKUP($A119,동부영업본부!$A$1:$H$255,3,FALSE),0) -> 0 | O119: =IFERROR(VLOOKUP($A119,동부영업본부!$A$1:$H$255,4,FALSE),0) -> 0 | P119: =IFERROR(VLOOKUP($A119,서부영업본부!$A$1:$H$255,3,FALSE),0) -> 0 | Q119: =IFERROR(VLOOKUP($A119,서부영업본부!$A$1:$H$255,4,FALSE),0) -> 0
A120: 접 대 비 | B120: =SUM(C120:Q120) -> 631684.65 | C120: =IFERROR(VLOOKUP($A120,유통영업혁신단!$A$1:$L$254,10,FALSE),0) -> 0 | D120: =U120+W120+X120+T120+V120 -> 531684.65 | E120: =IFERROR(VLOOKUP($A120,'유통영업혁신단 IU'!$A:$G,4,FALSE),0) -> 100000 | H120: =IFERROR(VLOOKUP($A120,강북영업본부!$A$1:$D$255,3,FALSE),0) -> 0 | I120: =IFERROR(VLOOKUP($A120,강북영업본부!$A$1:$D$255,4,FALSE),0) -> 0 | J120: =IFERROR(VLOOKUP($A120,강남영업본부!$A$1:$G$255,3,FALSE),0) -> 0 | K120: =IFERROR(VLOOKUP($A120,강서영업본부!$A$1:$G$255,3,FALSE),0) -> 0 | L120: =IFERROR(VLOOKUP($A120,강남영업본부!$A$1:$G$255,4,FALSE),0) -> 0 | M120: =IFERROR(VLOOKUP($A120,강서영업본부!$A$1:$G$255,4,FALSE),0) -> 0 | N120: =IFERROR(VLOOKUP($A120,동부영업본부!$A$1:$H$255,3,FALSE),0) -> 0 | O120: =IFERROR(VLOOKUP($A120,동부영업본부!$A$1:$H$255,4,FALSE),0) -> 0 | P120: =IFERROR(VLOOKUP($A120,서부영업본부!$A$1:$H$255,3,FALSE),0) -> 0 | Q120: =IFERROR(VLOOKUP($A120,서부영업본부!$A$1:$H$255,4,FALSE),0) -> 0 | T120: =IFERROR(VLOOKUP($A120,강북영업본부!$A$1:$H$254,5,FALSE),0) -> 86956.206 | U120: =IFERROR(VLOOKUP($A120,강남영업본부!$A$1:$J$254,7,FALSE),0) -> 90864.008 | V120: =IFERROR(VLOOKUP($A120,강서영업본부!$A$1:$J$254,7,FALSE),0) -> 184209.03 | W120: =IFERROR(VLOOKUP($A120,동부영업본부!$A$1:$H$254,5,FALSE),0) -> 0 | X120: =IFERROR(VLOOKUP($A120,서부영업본부!$A$1:$H$255,5,FALSE),0) -> 169655.41
A121: 접대비-세금계산서 | B121: =SUM(C121:Q121) -> 0 | C121: =IFERROR(VLOOKUP($A121,유통영업혁신단!$A$1:$L$254,10,FALSE),0) -> 0 | D121: =U121+W121+X121+T121+V121 -> 0 | E121: =IFERROR(VLOOKUP($A121,'유통영업혁신단 IU'!$A:$G,4,FALSE),0) -> 0 | H121: =IFERROR(VLOOKUP($A121,강북영업본부!$A$1:$D$255,3,FALSE),0) -> 0 | I121: =IFERROR(VLOOKUP($A121,강북영업본부!$A$1:$D$255,4,FALSE),0) -> 0 | J121: =IFERROR(VLOOKUP($A121,강남영업본부!$A$1:$G$255,3,FALSE),0) -> 0 | K121: =IFERROR(VLOOKUP($A121,강서영업본부!$A$1:$G$255,3,FALSE),0) -> 0 | L121: =IFERROR(VLOOKUP($A121,강남영업본부!$A$1:$G$255,4,FALSE),0) -> 0 | M121: =IFERROR(VLOOKUP($A121,강서영업본부!$A$1:$G$255,4,FALSE),0) -> 0 | N121: =IFERROR(VLOOKUP($A121,동부영업본부!$A$1:$H$255,3,FALSE),0) -> 0 | O121: =IFERROR(VLOOKUP($A121,동부영업본부!$A$1:$H$255,4,FALSE),0) -> 0 | P121: =IFERROR(VLOOKUP($A121,서부영업본부!$A$1:$H$255,3,FALSE),0) -> 0 | Q121: =IFERROR(VLOOKUP($A121,서부영업본부!$A$1:$H$255,4,FALSE),0) -> 0 | T121: =IFERROR(VLOOKUP($A121,강북영업본부!$A$1:$H$254,5,FALSE),0) -> 0 | U121: =IFERROR(VLOOKUP($A121,강남영업본부!$A$1:$J$254,7,FALSE),0) -> 0 | V121: =IFERROR(VLOOKUP($A121,강서영업본부!$A$1:$J$254,7,FALSE),0) -> 0 | W121: =IFERROR(VLOOKUP($A121,동부영업본부!$A$1:$H$254,5,FALSE),0) -> 0 | X121: =IFERROR(VLOOKUP($A121,서부영업본부!$A$1:$H$255,5,FALSE),0) -> 0
A122: 접대비-신용카드 | B122: =SUM(C122:Q122) -> 0 | C122: =IFERROR(VLOOKUP($A122,유통영업혁신단!$A$1:$L$254,10,FALSE),0) -> 0 | D122: =U122+W122+X122+T122+V122 -> 0 | E122: =IFERROR(VLOOKUP($A122,'유통영업혁신단 IU'!$A:$G,4,FALSE),0) -> 0 | H122: =IFERROR(VLOOKUP($A122,강북영업본부!$A$1:$D$255,3,FALSE),0) -> 0 | I122: =IFERROR(VLOOKUP($A122,강북영업본부!$A$1:$D$255,4,FALSE),0) -> 0 | J122: =IFERROR(VLOOKUP($A122,강남영업본부!$A$1:$G$255,3,FALSE),0) -> 0 | K122: =IFERROR(VLOOKUP($A122,강서영업본부!$A$1:$G$255,3,FALSE),0) -> 0 | L122: =IFERROR(VLOOKUP($A122,강남영업본부!$A$1:$G$255,4,FALSE),0) -> 0 | M122: =IFERROR(VLOOKUP($A122,강서영업본부!$A$1:$G$255,4,FALSE),0) -> 0 | N122: =IFERROR(VLOOKUP($A122,동부영업본부!$A$1:$H$255,3,FALSE),0) -> 0 | O122: =IFERROR(VLOOKUP($A122,동부영업본부!$A$1:$H$255,4,FALSE),0) -> 0 | P122: =IFERROR(VLOOKUP($A122,서부영업본부!$A$1:$H$255,3,FALSE),0) -> 0 | Q122: =IFERROR(VLOOKUP($A122,서부영업본부!$A$1:$H$255,4,FALSE),0) -> 0 | T122: =IFERROR(VLOOKUP($A122,강북영업본부!$A$1:$H$254,5,FALSE),0) -> 0 | U122: =IFERROR(VLOOKUP($A122,강남영업본부!$A$1:$J$254,7,FALSE),0) -> 0 | V122: =IFERROR(VLOOKUP($A122,강서영업본부!$A$1:$J$254,7,FALSE),0) -> 0 | W122: =IFERROR(VLOOKUP($A122,동부영업본부!$A$1:$H$254,5,FALSE),0) -> 0 | X122: =IFERROR(VLOOKUP($A122,서부영업본부!$A$1:$H$255,5,FALSE),0) -> 0
A123: 접대비-1만원초과 | B123: =SUM(C123:Q123) -> 631684.65 | C123: =IFERROR(VLOOKUP($A123,유통영업혁신단!$A$1:$L$254,10,FALSE),0) -> 0 | D123: =U123+W123+X123+T123+V123 -> 531684.65 | E123: =IFERROR(VLOOKUP($A123,'유통영업혁신단 IU'!$A:$G,4,FALSE),0) -> 100000 | H123: =IFERROR(VLOOKUP($A123,강북영업본부!$A$1:$D$255,3,FALSE),0) -> 0 | I123: =IFERROR(VLOOKUP($A123,강북영업본부!$A$1:$D$255,4,FALSE),0) -> 0 | J123: =IFERROR(VLOOKUP($A123,강남영업본부!$A$1:$G$255,3,FALSE),0) -> 0 | K123: =IFERROR(VLOOKUP($A123,강서영업본부!$A$1:$G$255,3,FALSE),0) -> 0 | L123: =IFERROR(VLOOKUP($A123,강남영업본부!$A$1:$G$255,4,FALSE),0) -> 0 | M123: =IFERROR(VLOOKUP($A123,강서영업본부!$A$1:$G$255,4,FALSE),0) -> 0 | N123: =IFERROR(VLOOKUP($A123,동부영업본부!$A$1:$H$255,3,FALSE),0) -> 0 | O123: =IFERROR(VLOOKUP($A123,동부영업본부!$A$1:$H$255,4,FALSE),0) -> 0 | P123: =IFERROR(VLOOKUP($A123,서부영업본부!$A$1:$H$255,3,FALSE),0) -> 0 | Q123: =IFERROR(VLOOKUP($A123,서부영업본부!$A$1:$H$255,4,FALSE),0) -> 0 | T123: =IFERROR(VLOOKUP($A123,강북영업본부!$A$1:$H$254,5,FALSE),0) -> 86956.206 | U123: =IFERROR(VLOOKUP($A123,강남영업본부!$A$1:$J$254,7,FALSE),0) -> 90864.008 | V123: =IFERROR(VLOOKUP($A123,강서영업본부!$A$1:$J$254,7,FALSE),0) -> 184209.03 | W123: =IFERROR(VLOOKUP($A123,동부영업본부!$A$1:$H$254,5,FALSE),0) -> 0 | X123: =IFERROR(VLOOKUP($A123,서부영업본부!$A$1:$H$255,5,FALSE),0) -> 169655.41
A124: 통 신 비 | B124: =SUM(C124:Q124) -> 3641284.3 | C124: =IFERROR(VLOOKUP($A124,유통영업혁신단!$A$1:$L$254,10,FALSE),0) -> 0 | D124: =U124+W124+X124+T124+V124 -> 32884.298 | E124: =IFERROR(VLOOKUP($A124,'유통영업혁신단 IU'!$A:$G,4,FALSE),0) -> 142520 | H124: =IFERROR(VLOOKUP($A124,강북영업본부!$A$1:$D$255,3,FALSE),0) -> 396180 | I124: =IFERROR(VLOOKUP($A124,강북영업본부!$A$1:$D$255,4,FALSE),0) -> 351500 | J124: =IFERROR(VLOOKUP($A124,강남영업본부!$A$1:$G$255,3,FALSE),0) -> 167230 | K124: =IFERROR(VLOOKUP($A124,강서영업본부!$A$1:$G$255,3,FALSE),0) -> 491010 | L124: =IFERROR(VLOOKUP($A124,강남영업본부!$A$1:$G$255,4,FALSE),0) -> 389840 | M124: =IFERROR(VLOOKUP($A124,강서영업본부!$A$1:$G$255,4,FALSE),0) -> 322660 | N124: =IFERROR(VLOOKUP($A124,동부영업본부!$A$1:$H$255,3,FALSE),0) -> 290280 | O124: =IFERROR(VLOOKUP($A124,동부영업본부!$A$1:$H$255,4,FALSE),0) -> 257320 | P124: =IFERROR(VLOOKUP($A124,서부영업본부!$A$1:$H$255,3,FALSE),0) -> 338510 | Q124: =IFERROR(VLOOKUP($A124,서부영업본부!$A$1:$H$255,4,FALSE),0) -> 461350 | T124: =IFERROR(VLOOKUP($A124,강북영업본부!$A$1:$H$254,5,FALSE),0) -> 0 | U124: =IFERROR(VLOOKUP($A124,강남영업본부!$A$1:$J$254,7,FALSE),0) -> 13429.7 | V124: =IFERROR(VLOOKUP($A124,강서영업본부!$A$1:$J$254,7,FALSE),0) -> 0 | W124: =IFERROR(VLOOKUP($A124,동부영업본부!$A$1:$H$254,5,FALSE),0) -> 14364.936 | X124: =IFERROR(VLOOKUP($A124,서부영업본부!$A$1:$H$255,5,FALSE),0) -> 5089.6622
A125: 통신-국내외전화료 | B125: =SUM(C125:Q125) -> 0 | C125: =IFERROR(VLOOKUP($A125,유통영업혁신단!$A$1:$L$254,10,FALSE),0) -> 0 | D125: =U125+W125+X125+T125+V125 -> 0 | E125: =IFERROR(VLOOKUP($A125,'유통영업혁신단 IU'!$A:$G,4,FALSE),0) -> 0 | H125: =IFERROR(VLOOKUP($A125,강북영업본부!$A$1:$D$255,3,FALSE),0) -> 0 | I125: =IFERROR(VLOOKUP($A125,강북영업본부!$A$1:$D$255,4,FALSE),0) -> 0 | J125: =IFERROR(VLOOKUP($A125,강남영업본부!$A$1:$G$255,3,FALSE),0) -> 0 | K125: =IFERROR(VLOOKUP($A125,강서영업본부!$A$1:$G$255,3,FALSE),0) -> 0 | L125: =IFERROR(VLOOKUP($A125,강남영업본부!$A$1:$G$255,4,FALSE),0) -> 0 | M125: =IFERROR(VLOOKUP($A125,강서영업본부!$A$1:$G$255,4,FALSE),0) -> 0 | N125: =IFERROR(VLOOKUP($A125,동부영업본부!$A$1:$H$255,3,FALSE),0) -> 0 | O125: =IFERROR(VLOOKUP($A125,동부영업본부!$A$1:$H$255,4,FALSE),0) -> 0 | P125: =IFERROR(VLOOKUP($A125,서부영업본부!$A$1:$H$255,3,FALSE),0) -> 0 | Q125: =IFERROR(VLOOKUP($A125,서부영업본부!$A$1:$H$255,4,FALSE),0) -> 0 | T125: =IFERROR(VLOOKUP($A125,강북영업본부!$A$1:$H$254,5,FALSE),0) -> 0 | U125: =IFERROR(VLOOKUP($A125,강남영업본부!$A$1:$J$254,7,FALSE),0) -> 0 | V125: =IFERROR(VLOOKUP($A125,강서영업본부!$A$1:$J$254,7,FALSE),0) -> 0 | W125: =IFERROR(VLOOKUP($A125,동부영업본부!$A$1:$H$254,5,FALSE),0) -> 0 | X125: =IFERROR(VLOOKUP($A125,서부영업본부!$A$1:$H$255,5,FALSE),0) -> 0
A126: 통신-이동통신비 | B126: =SUM(C126:Q126) -> 0 | C126: =IFERROR(VLOOKUP($A126,유통영업혁신단!$A$1:$L$254,10,FALSE),0) -> 0 | D126: =U126+W126+X126+T126+V126 -> 0 | E126: =IFERROR(VLOOKUP($A126,'유통영업혁신단 IU'!$A:$G,4,FALSE),0) -> 0 | H126: =IFERROR(VLOOKUP($A126,강북영업본부!$A$1:$D$255,3,FALSE),0) -> 0 | I126: =IFERROR(VLOOKUP($A126,강북영업본부!$A$1:$D$255,4,FALSE),0) -> 0 | J126: =IFERROR(VLOOKUP($A126,강남영업본부!$A$1:$G$255,3,FALSE),0) -> 0 | K126: =IFERROR(VLOOKUP($A126,강서영업본부!$A$1:$G$255,3,FALSE),0) -> 0 | L126: =IFERROR(VLOOKUP($A126,강남영업본부!$A$1:$G$255,4,FALSE),0) -> 0 | M126: =IFERROR(VLOOKUP($A126,강서영업본부!$A$1:$G$255,4,FALSE),0) -> 0 | N126: =IFERROR(VLOOKUP($A126,동부영업본부!$A$1:$H$255,3,FALSE),0) -> 0 | O126: =IFERROR(VLOOKUP($A126,동부영업본부!$A$1:$H$255,4,FALSE),0) -> 0 | P126: =IFERROR(VLOOKUP($A126,서부영업본부!$A$1:$H$255,3,FALSE),0) -> 0 | Q126: =IFERROR(VLOOKUP($A126,서부영업본부!$A$1:$H$255,4,FALSE),0) -> 0 | T126: =IFERROR(VLOOKUP($A126,강북영업본부!$A$1:$H$254,5,FALSE),0) -> 0 | U126: =IFERROR(VLOOKUP($A126,강남영업본부!$A$1:$J$254,7,FALSE),0) -> 0 | V126: =IFERROR(VLOOKUP($A126,강서영업본부!$A$1:$J$254,7,FALSE),0) -> 0 | W126: =IFERROR(VLOOKUP($A126,동부영업본부!$A$1:$H$254,5,FALSE),0) -> 0 | X126: =IFERROR(VLOOKUP($A126,서부영업본부!$A$1:$H$255,5,FALSE),0) -> 0
A127: 통신-정보통신이용료 | B127: =SUM(C127:Q127) -> 0 | C127: =IFERROR(VLOOKUP($A127,유통영업혁신단!$A$1:$L$254,10,FALSE),0) -> 0 | D127: =U127+W127+X127+T127+V127 -> 0 | E127: =IFERROR(VLOOKUP($A127,'유통영업혁신단 IU'!$A:$G,4,FALSE),0) -> 0 | H127: =IFERROR(VLOOKUP($A127,강북영업본부!$A$1:$D$255,3,FALSE),0) -> 0 | I127: =IFERROR(VLOOKUP($A127,강북영업본부!$A$1:$D$255,4,FALSE),0) -> 0 | J127: =IFERROR(VLOOKUP($A127,강남영업본부!$A$1:$G$255,3,FALSE),0) -> 0 | K127: =IFERROR(VLOOKUP($A127,강서영업본부!$A$1:$G$255,3,FALSE),0) -> 0 | L127: =IFERROR(VLOOKUP($A127,강남영업본부!$A$1:$G$255,4,FALSE),0) -> 0 | M127: =IFERROR(VLOOKUP($A127,강서영업본부!$A$1:$G$255,4,FALSE),0) -> 0 | N127: =IFERROR(VLOOKUP($A127,동부영업본부!$A$1:$H$255,3,FALSE),0) -> 0 | O127: =IFERROR(VLOOKUP($A127,동부영업본부!$A$1:$H$255,4,FALSE),0) -> 0 | P127: =IFERROR(VLOOKUP($A127,서부영업본부!$A$1:$H$255,3,FALSE),0) -> 0 | Q127: =IFERROR(VLOOKUP($A127,서부영업본부!$A$1:$H$255,4,FALSE),0) -> 0 | T127: =IFERROR(VLOOKUP($A127,강북영업본부!$A$1:$H$254,5,FALSE),0) -> 0 | U127: =IFERROR(VLOOKUP($A127,강남영업본부!$A$1:$J$254,7,FALSE),0) -> 0 | V127: =IFERROR(VLOOKUP($A127,강서영업본부!$A$1:$J$254,7,FALSE),0) -> 0 | W127: =IFERROR(VLOOKUP($A127,동부영업본부!$A$1:$H$254,5,FALSE),0) -> 0 | X127: =IFERROR(VLOOKUP($A127,서부영업본부!$A$1:$H$255,5,FALSE),0) -> 0
A128: 통신-우편료(기본) | B128: =SUM(C128:Q128) -> 3641284.3 | C128: =IFERROR(VLOOKUP($A128,유통영업혁신단!$A$1:$L$254,10,FALSE),0) -> 0 | D128: =U128+W128+X128+T128+V128 -> 32884.298 | E128: =IFERROR(VLOOKUP($A128,'유통영업혁신단 IU'!$A:$G,4,FALSE),0) -> 142520 | H128: =IFERROR(VLOOKUP($A128,강북영업본부!$A$1:$D$255,3,FALSE),0) -> 396180 | I128: =IFERROR(VLOOKUP($A128,강북영업본부!$A$1:$D$255,4,FALSE),0) -> 351500 | J128: =IFERROR(VLOOKUP($A128,강남영업본부!$A$1:$G$255,3,FALSE),0) -> 167230 | K128: =IFERROR(VLOOKUP($A128,강서영업본부!$A$1:$G$255,3,FALSE),0) -> 491010 | L128: =IFERROR(VLOOKUP($A128,강남영업본부!$A$1:$G$255,4,FALSE),0) -> 389840 | M128: =IFERROR(VLOOKUP($A128,강서영업본부!$A$1:$G$255,4,FALSE),0) -> 322660 | N128: =IFERROR(VLOOKUP($A128,동부영업본부!$A$1:$H$255,3,FALSE),0) -> 290280 | O128: =IFERROR(VLOOKUP($A128,동부영업본부!$A$1:$H$255,4,FALSE),0) -> 257320 | P128: =IFERROR(VLOOKUP($A128,서부영업본부!$A$1:$H$255,3,FALSE),0) -> 338510 | Q128: =IFERROR(VLOOKUP($A128,서부영업본부!$A$1:$H$255,4,FALSE),0) -> 461350 | T128: =IFERROR(VLOOKUP($A128,강북영업본부!$A$1:$H$254,5,FALSE),0) -> 0 | U128: =IFERROR(VLOOKUP($A128,강남영업본부!$A$1:$J$254,7,FALSE),0) -> 13429.7 | V128: =IFERROR(VLOOKUP($A128,강서영업본부!$A$1:$J$254,7,FALSE),0) -> 0 | W128: =IFERROR(VLOOKUP($A128,동부영업본부!$A$1:$H$254,5,FALSE),0) -> 14364.936 | X128: =IFERROR(VLOOKUP($A128,서부영업본부!$A$1:$H$255,5,FALSE),0) -> 5089.6622
A129: 통신-우편료(마케팅) | B129: =SUM(C129:Q129) -> 0 | C129: =IFERROR(VLOOKUP($A129,유통영업혁신단!$A$1:$L$254,10,FALSE),0) -> 0 | D129: =U129+W129+X129+T129+V129 -> 0 | E129: =IFERROR(VLOOKUP($A129,'유통영업혁신단 IU'!$A:$G,4,FALSE),0) -> 0 | H129: =IFERROR(VLOOKUP($A129,강북영업본부!$A$1:$D$255,3,FALSE),0) -> 0 | I129: =IFERROR(VLOOKUP($A129,강북영업본부!$A$1:$D$255,4,FALSE),0) -> 0 | J129: =IFERROR(VLOOKUP($A129,강남영업본부!$A$1:$G$255,3,FALSE),0) -> 0 | K129: =IFERROR(VLOOKUP($A129,강서영업본부!$A$1:$G$255,3,FALSE),0) -> 0 | L129: =IFERROR(VLOOKUP($A129,강남영업본부!$A$1:$G$255,4,FALSE),0) -> 0 | M129: =IFERROR(VLOOKUP($A129,강서영업본부!$A$1:$G$255,4,FALSE),0) -> 0 | N129: =IFERROR(VLOOKUP($A129,동부영업본부!$A$1:$H$255,3,FALSE),0) -> 0 | O129: =IFERROR(VLOOKUP($A129,동부영업본부!$A$1:$H$255,4,FALSE),0) -> 0 | P129: =IFERROR(VLOOKUP($A129,서부영업본부!$A$1:$H$255,3,FALSE),0) -> 0 | Q129: =IFERROR(VLOOKUP($A129,서부영업본부!$A$1:$H$255,4,FALSE),0) -> 0 | T129: =IFERROR(VLOOKUP($A129,강북영업본부!$A$1:$H$254,5,FALSE),0) -> 0 | U129: =IFERROR(VLOOKUP($A129,강남영업본부!$A$1:$J$254,7,FALSE),0) -> 0 | V129: =IFERROR(VLOOKUP($A129,강서영업본부!$A$1:$J$254,7,FALSE),0) -> 0 | W129: =IFERROR(VLOOKUP($A129,동부영업본부!$A$1:$H$254,5,FALSE),0) -> 0 | X129: =IFERROR(VLOOKUP($A129,서부영업본부!$A$1:$H$255,5,FALSE),0) -> 0
A130: 통신-우편료(성과형) | B130: =SUM(C130:Q130) -> 0 | C130: =IFERROR(VLOOKUP($A130,유통영업혁신단!$A$1:$L$254,10,FALSE),0) -> 0 | D130: =U130+W130+X130+T130+V130 -> 0 | E130: =IFERROR(VLOOKUP($A130,'유통영업혁신단 IU'!$A:$G,4,FALSE),0) -> 0 | H130: =IFERROR(VLOOKUP($A130,강북영업본부!$A$1:$D$255,3,FALSE),0) -> 0 | I130: =IFERROR(VLOOKUP($A130,강북영업본부!$A$1:$D$255,4,FALSE),0) -> 0 | J130: =IFERROR(VLOOKUP($A130,강남영업본부!$A$1:$G$255,3,FALSE),0) -> 0 | K130: =IFERROR(VLOOKUP($A130,강서영업본부!$A$1:$G$255,3,FALSE),0) -> 0 | L130: =IFERROR(VLOOKUP($A130,강남영업본부!$A$1:$G$255,4,FALSE),0) -> 0 | M130: =IFERROR(VLOOKUP($A130,강서영업본부!$A$1:$G$255,4,FALSE),0) -> 0 | N130: =IFERROR(VLOOKUP($A130,동부영업본부!$A$1:$H$255,3,FALSE),0) -> 0 | O130: =IFERROR(VLOOKUP($A130,동부영업본부!$A$1:$H$255,4,FALSE),0) -> 0 | P130: =IFERROR(VLOOKUP($A130,서부영업본부!$A$1:$H$255,3,FALSE),0) -> 0 | Q130: =IFERROR(VLOOKUP($A130,서부영업본부!$A$1:$H$255,4,FALSE),0) -> 0 | T130: =IFERROR(VLOOKUP($A130,강북영업본부!$A$1:$H$254,5,FALSE),0) -> 0 | U130: =IFERROR(VLOOKUP($A130,강남영업본부!$A$1:$J$254,7,FALSE),0) -> 0 | V130: =IFERROR(VLOOKUP($A130,강서영업본부!$A$1:$J$254,7,FALSE),0) -> 0 | W130: =IFERROR(VLOOKUP($A130,동부영업본부!$A$1:$H$254,5,FALSE),0) -> 0 | X130: =IFERROR(VLOOKUP($A130,서부영업본부!$A$1:$H$255,5,FALSE),0) -> 0
A131: 수 도 광 열 비 | B131: =SUM(C131:Q131) -> 66368114 | C131: =IFERROR(VLOOKUP($A131,유통영업혁신단!$A$1:$L$254,10,FALSE),0) -> 0 | D131: =U131+W131+X131+T131+V131 -> 83148.115 | E131: =IFERROR(VLOOKUP($A131,'유통영업혁신단 IU'!$A:$G,4,FALSE),0) -> 0 | H131: =IFERROR(VLOOKUP($A131,강북영업본부!$A$1:$D$255,3,FALSE),0) -> 6088460 | I131: =IFERROR(VLOOKUP($A131,강북영업본부!$A$1:$D$255,4,FALSE),0) -> 5217999 | J131: =IFERROR(VLOOKUP($A131,강남영업본부!$A$1:$G$255,3,FALSE),0) -> 4730437 | K131: =IFERROR(VLOOKUP($A131,강서영업본부!$A$1:$G$255,3,FALSE),0) -> 7262442 | L131: =IFERROR(VLOOKUP($A131,강남영업본부!$A$1:$G$255,4,FALSE),0) -> 2823898 | M131: =IFERROR(VLOOKUP($A131,강서영업본부!$A$1:$G$255,4,FALSE),0) -> 4772692 | N131: =IFERROR(VLOOKUP($A131,동부영업본부!$A$1:$H$255,3,FALSE),0) -> 7526675 | O131: =IFERROR(VLOOKUP($A131,동부영업본부!$A$1:$H$255,4,FALSE),0) -> 11774189 | P131: =IFERROR(VLOOKUP($A131,서부영업본부!$A$1:$H$255,3,FALSE),0) -> 4427054 | Q131: =IFERROR(VLOOKUP($A131,서부영업본부!$A$1:$H$255,4,FALSE),0) -> 11661120 | T131: =IFERROR(VLOOKUP($A131,강북영업본부!$A$1:$H$254,5,FALSE),0) -> 0 | U131: =IFERROR(VLOOKUP($A131,강남영업본부!$A$1:$J$254,7,FALSE),0) -> 0 | V131: =IFERROR(VLOOKUP($A131,강서영업본부!$A$1:$J$254,7,FALSE),0) -> 0 | W131: =IFERROR(VLOOKUP($A131,동부영업본부!$A$1:$H$254,5,FALSE),0) -> 0 | X131: =IFERROR(VLOOKUP($A131,서부영업본부!$A$1:$H$255,5,FALSE),0) -> 83148.115
A132: 수도광열전기료 | B132: =SUM(C132:Q132) -> 66368114 | C132: =IFERROR(VLOOKUP($A132,유통영업혁신단!$A$1:$L$254,10,FALSE),0) -> 0 | D132: =U132+W132+X132+T132+V132 -> 83148.115 | E132: =IFERROR(VLOOKUP($A132,'유통영업혁신단 IU'!$A:$G,4,FALSE),0) -> 0 | H132: =IFERROR(VLOOKUP($A132,강북영업본부!$A$1:$D$255,3,FALSE),0) -> 6088460 | I132: =IFERROR(VLOOKUP($A132,강북영업본부!$A$1:$D$255,4,FALSE),0) -> 5217999 | J132: =IFERROR(VLOOKUP($A132,강남영업본부!$A$1:$G$255,3,FALSE),0) -> 4730437 | K132: =IFERROR(VLOOKUP($A132,강서영업본부!$A$1:$G$255,3,FALSE),0) -> 7262442 | L132: =IFERROR(VLOOKUP($A132,강남영업본부!$A$1:$G$255,4,FALSE),0) -> 2823898 | M132: =IFERROR(VLOOKUP($A132,강서영업본부!$A$1:$G$255,4,FALSE),0) -> 4772692 | N132: =IFERROR(VLOOKUP($A132,동부영업본부!$A$1:$H$255,3,FALSE),0) -> 7526675 | O132: =IFERROR(VLOOKUP($A132,동부영업본부!$A$1:$H$255,4,FALSE),0) -> 11774189 | P132: =IFERROR(VLOOKUP($A132,서부영업본부!$A$1:$H$255,3,FALSE),0) -> 4427054 | Q132: =IFERROR(VLOOKUP($A132,서부영업본부!$A$1:$H$255,4,FALSE),0) -> 11661120 | T132: =IFERROR(VLOOKUP($A132,강북영업본부!$A$1:$H$254,5,FALSE),0) -> 0 | U132: =IFERROR(VLOOKUP($A132,강남영업본부!$A$1:$J$254,7,FALSE),0) -> 0 | V132: =IFERROR(VLOOKUP($A132,강서영업본부!$A$1:$J$254,7,FALSE),0) -> 0 | W132: =IFERROR(VLOOKUP($A132,동부영업본부!$A$1:$H$254,5,FALSE),0) -> 0 | X132: =IFERROR(VLOOKUP($A132,서부영업본부!$A$1:$H$255,5,FALSE),0) -> 83148.115
A133: 수도광열전기료(연체) | B133: =SUM(C133:Q133) -> 0 | C133: =IFERROR(VLOOKUP($A133,유통영업혁신단!$A$1:$L$254,10,FALSE),0) -> 0 | D133: =U133+W133+X133+T133+V133 -> 0 | E133: =IFERROR(VLOOKUP($A133,'유통영업혁신단 IU'!$A:$G,4,FALSE),0) -> 0 | H133: =IFERROR(VLOOKUP($A133,강북영업본부!$A$1:$D$255,3,FALSE),0) -> 0 | I133: =IFERROR(VLOOKUP($A133,강북영업본부!$A$1:$D$255,4,FALSE),0) -> 0 | J133: =IFERROR(VLOOKUP($A133,강남영업본부!$A$1:$G$255,3,FALSE),0) -> 0 | K133: =IFERROR(VLOOKUP($A133,강서영업본부!$A$1:$G$255,3,FALSE),0) -> 0 | L133: =IFERROR(VLOOKUP($A133,강남영업본부!$A$1:$G$255,4,FALSE),0) -> 0 | M133: =IFERROR(VLOOKUP($A133,강서영업본부!$A$1:$G$255,4,FALSE),0) -> 0 | N133: =IFERROR(VLOOKUP($A133,동부영업본부!$A$1:$H$255,3,FALSE),0) -> 0 | O133: =IFERROR(VLOOKUP($A133,동부영업본부!$A$1:$H$255,4,FALSE),0) -> 0 | P133: =IFERROR(VLOOKUP($A133,서부영업본부!$A$1:$H$255,3,FALSE),0) -> 0 | Q133: =IFERROR(VLOOKUP($A133,서부영업본부!$A$1:$H$255,4,FALSE),0) -> 0 | T133: =IFERROR(VLOOKUP($A133,강북영업본부!$A$1:$H$254,5,FALSE),0) -> 0 | U133: =IFERROR(VLOOKUP($A133,강남영업본부!$A$1:$J$254,7,FALSE),0) -> 0 | V133: =IFERROR(VLOOKUP($A133,강서영업본부!$A$1:$J$254,7,FALSE),0) -> 0 | W133: =IFERROR(VLOOKUP($A133,동부영업본부!$A$1:$H$254,5,FALSE),0) -> 0
A134: 세 금 과 공 과 금 | B134: =SUM(C134:Q134) -> 0 | C134: =IFERROR(VLOOKUP($A134,유통영업혁신단!$A$1:$L$254,10,FALSE),0) -> 0 | D134: =U134+W134+X134+T134+V134 -> 0 | E134: =IFERROR(VLOOKUP($A134,'유통영업혁신단 IU'!$A:$G,4,FALSE),0) -> 0 | H134: =IFERROR(VLOOKUP($A134,강북영업본부!$A$1:$D$255,3,FALSE),0) -> 0 | I134: =IFERROR(VLOOKUP($A134,강북영업본부!$A$1:$D$255,4,FALSE),0) -> 0 | J134: =IFERROR(VLOOKUP($A134,강남영업본부!$A$1:$G$255,3,FALSE),0) -> 0 | K134: =IFERROR(VLOOKUP($A134,강서영업본부!$A$1:$G$255,3,FALSE),0) -> 0 | L134: =IFERROR(VLOOKUP($A134,강남영업본부!$A$1:$G$255,4,FALSE),0) -> 0 | M134: =IFERROR(VLOOKUP($A134,강서영업본부!$A$1:$G$255,4,FALSE),0) -> 0 | N134: =IFERROR(VLOOKUP($A134,동부영업본부!$A$1:$H$255,3,FALSE),0) -> 0 | O134: =IFERROR(VLOOKUP($A134,동부영업본부!$A$1:$H$255,4,FALSE),0) -> 0 | P134: =IFERROR(VLOOKUP($A134,서부영업본부!$A$1:$H$255,3,FALSE),0) -> 0 | Q134: =IFERROR(VLOOKUP($A134,서부영업본부!$A$1:$H$255,4,FALSE),0) -> 0 | T134: =IFERROR(VLOOKUP($A134,강북영업본부!$A$1:$H$254,5,FALSE),0) -> 0 | U134: =IFERROR(VLOOKUP($A134,강남영업본부!$A$1:$J$254,7,FALSE),0) -> 0 | V134: =IFERROR(VLOOKUP($A134,강서영업본부!$A$1:$J$254,7,FALSE),0) -> 0 | W134: =IFERROR(VLOOKUP($A134,동부영업본부!$A$1:$H$254,5,FALSE),0) -> 0 | X134: =IFERROR(VLOOKUP($A134,서부영업본부!$A$1:$H$255,5,FALSE),0) -> 0
A135: 세금과공과 면허세 | B135: =SUM(C135:Q135) -> 0 | C135: =IFERROR(VLOOKUP($A135,유통영업혁신단!$A$1:$L$254,10,FALSE),0) -> 0 | D135: =U135+W135+X135+T135+V135 -> 0 | E135: =IFERROR(VLOOKUP($A135,'유통영업혁신단 IU'!$A:$G,4,FALSE),0) -> 0 | H135: =IFERROR(VLOOKUP($A135,강북영업본부!$A$1:$D$255,3,FALSE),0) -> 0 | I135: =IFERROR(VLOOKUP($A135,강북영업본부!$A$1:$D$255,4,FALSE),0) -> 0 | J135: =IFERROR(VLOOKUP($A135,강남영업본부!$A$1:$G$255,3,FALSE),0) -> 0 | K135: =IFERROR(VLOOKUP($A135,강서영업본부!$A$1:$G$255,3,FALSE),0) -> 0 | L135: =IFERROR(VLOOKUP($A135,강남영업본부!$A$1:$G$255,4,FALSE),0) -> 0 | M135: =IFERROR(VLOOKUP($A135,강서영업본부!$A$1:$G$255,4,FALSE),0) -> 0 | N135: =IFERROR(VLOOKUP($A135,동부영업본부!$A$1:$H$255,3,FALSE),0) -> 0 | O135: =IFERROR(VLOOKUP($A135,동부영업본부!$A$1:$H$255,4,FALSE),0) -> 0 | P135: =IFERROR(VLOOKUP($A135,서부영업본부!$A$1:$H$255,3,FALSE),0) -> 0 | Q135: =IFERROR(VLOOKUP($A135,서부영업본부!$A$1:$H$255,4,FALSE),0) -> 0 | T135: =IFERROR(VLOOKUP($A135,강북영업본부!$A$1:$H$254,5,FALSE),0) -> 0 | U135: =IFERROR(VLOOKUP($A135,강남영업본부!$A$1:$J$254,7,FALSE),0) -> 0 | V135: =IFERROR(VLOOKUP($A135,강서영업본부!$A$1:$J$254,7,FALSE),0) -> 0 | W135: =IFERROR(VLOOKUP($A135,동부영업본부!$A$1:$H$254,5,FALSE),0) -> 0 | X135: =IFERROR(VLOOKUP($A135,서부영업본부!$A$1:$H$255,5,FALSE),0) -> 0
A136: 세금과공과 벌과금및가산세등 | B136: =SUM(C136:Q136) -> 0 | C136: =IFERROR(VLOOKUP($A136,유통영업혁신단!$A$1:$L$254,10,FALSE),0) -> 0 | D136: =U136+W136+X136+T136+V136 -> 0 | E136: =IFERROR(VLOOKUP($A136,'유통영업혁신단 IU'!$A:$G,4,FALSE),0) -> 0 | H136: =IFERROR(VLOOKUP($A136,강북영업본부!$A$1:$D$255,3,FALSE),0) -> 0 | I136: =IFERROR(VLOOKUP($A136,강북영업본부!$A$1:$D$255,4,FALSE),0) -> 0 | J136: =IFERROR(VLOOKUP($A136,강남영업본부!$A$1:$G$255,3,FALSE),0) -> 0 | K136: =IFERROR(VLOOKUP($A136,강서영업본부!$A$1:$G$255,3,FALSE),0) -> 0 | L136: =IFERROR(VLOOKUP($A136,강남영업본부!$A$1:$G$255,4,FALSE),0) -> 0 | M136: =IFERROR(VLOOKUP($A136,강서영업본부!$A$1:$G$255,4,FALSE),0) -> 0 | N136: =IFERROR(VLOOKUP($A136,동부영업본부!$A$1:$H$255,3,FALSE),0) -> 0 | O136: =IFERROR(VLOOKUP($A136,동부영업본부!$A$1:$H$255,4,FALSE),0) -> 0 | P136: =IFERROR(VLOOKUP($A136,서부영업본부!$A$1:$H$255,3,FALSE),0) -> 0 | Q136: =IFERROR(VLOOKUP($A136,서부영업본부!$A$1:$H$255,4,FALSE),0) -> 0 | T136: =IFERROR(VLOOKUP($A136,강북영업본부!$A$1:$H$254,5,FALSE),0) -> 0 | U136: =IFERROR(VLOOKUP($A136,강남영업본부!$A$1:$J$254,7,FALSE),0) -> 0 | V136: =IFERROR(VLOOKUP($A136,강서영업본부!$A$1:$J$254,7,FALSE),0) -> 0 | W136: =IFERROR(VLOOKUP($A136,동부영업본부!$A$1:$H$254,5,FALSE),0) -> 0 | X136: =IFERROR(VLOOKUP($A136,서부영업본부!$A$1:$H$255,5,FALSE),0) -> 0
A137: 세금과공과 제세기타 | B137: =SUM(C137:Q137) -> 0 | C137: =IFERROR(VLOOKUP($A137,유통영업혁신단!$A$1:$L$254,10,FALSE),0) -> 0 | D137: =U137+W137+X137+T137+V137 -> 0 | E137: =IFERROR(VLOOKUP($A137,'유통영업혁신단 IU'!$A:$G,4,FALSE),0) -> 0 | H137: =IFERROR(VLOOKUP($A137,강북영업본부!$A$1:$D$255,3,FALSE),0) -> 0 | I137: =IFERROR(VLOOKUP($A137,강북영업본부!$A$1:$D$255,4,FALSE),0) -> 0 | J137: =IFERROR(VLOOKUP($A137,강남영업본부!$A$1:$G$255,3,FALSE),0) -> 0 | K137: =IFERROR(VLOOKUP($A137,강서영업본부!$A$1:$G$255,3,FALSE),0) -> 0 | L137: =IFERROR(VLOOKUP($A137,강남영업본부!$A$1:$G$255,4,FALSE),0) -> 0 | M137: =IFERROR(VLOOKUP($A137,강서영업본부!$A$1:$G$255,4,FALSE),0) -> 0 | N137: =IFERROR(VLOOKUP($A137,동부영업본부!$A$1:$H$255,3,FALSE),0) -> 0 | O137: =IFERROR(VLOOKUP($A137,동부영업본부!$A$1:$H$255,4,FALSE),0) -> 0 | P137: =IFERROR(VLOOKUP($A137,서부영업본부!$A$1:$H$255,3,FALSE),0) -> 0 | Q137: =IFERROR(VLOOKUP($A137,서부영업본부!$A$1:$H$255,4,FALSE),0) -> 0 | T137: =IFERROR(VLOOKUP($A137,강북영업본부!$A$1:$H$254,5,FALSE),0) -> 0 | U137: =IFERROR(VLOOKUP($A137,강남영업본부!$A$1:$J$254,7,FALSE),0) -> 0 | V137: =IFERROR(VLOOKUP($A137,강서영업본부!$A$1:$J$254,7,FALSE),0) -> 0 | W137: =IFERROR(VLOOKUP($A137,동부영업본부!$A$1:$H$254,5,FALSE),0) -> 0 | X137: =IFERROR(VLOOKUP($A137,서부영업본부!$A$1:$H$255,5,FALSE),0) -> 0
A138: 세금과공과금 | B138: =SUM(C138:Q138) -> 0 | C138: =IFERROR(VLOOKUP($A138,유통영업혁신단!$A$1:$L$254,10,FALSE),0) -> 0 | D138: =U138+W138+X138+T138+V138 -> 0 | E138: =IFERROR(VLOOKUP($A138,'유통영업혁신단 IU'!$A:$G,4,FALSE),0) -> 0 | H138: =IFERROR(VLOOKUP($A138,강북영업본부!$A$1:$D$255,3,FALSE),0) -> 0 | I138: =IFERROR(VLOOKUP($A138,강북영업본부!$A$1:$D$255,4,FALSE),0) -> 0 | J138: =IFERROR(VLOOKUP($A138,강남영업본부!$A$1:$G$255,3,FALSE),0) -> 0 | K138: =IFERROR(VLOOKUP($A138,강서영업본부!$A$1:$G$255,3,FALSE),0) -> 0 | L138: =IFERROR(VLOOKUP($A138,강남영업본부!$A$1:$G$255,4,FALSE),0) -> 0 | M138: =IFERROR(VLOOKUP($A138,강서영업본부!$A$1:$G$255,4,FALSE),0) -> 0 | N138: =IFERROR(VLOOKUP($A138,동부영업본부!$A$1:$H$255,3,FALSE),0) -> 0 | O138: =IFERROR(VLOOKUP($A138,동부영업본부!$A$1:$H$255,4,FALSE),0) -> 0 | P138: =IFERROR(VLOOKUP($A138,서부영업본부!$A$1:$H$255,3,FALSE),0) -> 0 | Q138: =IFERROR(VLOOKUP($A138,서부영업본부!$A$1:$H$255,4,FALSE),0) -> 0 | T138: =IFERROR(VLOOKUP($A138,강북영업본부!$A$1:$H$254,5,FALSE),0) -> 0 | U138: =IFERROR(VLOOKUP($A138,강남영업본부!$A$1:$J$254,7,FALSE),0) -> 0 | V138: =IFERROR(VLOOKUP($A138,강서영업본부!$A$1:$J$254,7,FALSE),0) -> 0 | W138: =IFERROR(VLOOKUP($A138,동부영업본부!$A$1:$H$254,5,FALSE),0) -> 0 | X138: =IFERROR(VLOOKUP($A138,서부영업본부!$A$1:$H$255,5,FALSE),0) -> 0
A139: 감 가 상 각 비 | B139: =SUM(C139:Q139) -> 10742601 | C139: =IFERROR(VLOOKUP($A139,유통영업혁신단!$A$1:$L$254,10,FALSE),0) -> 0 | D139: =U139+W139+X139+T139+V139 -> 6797311.9 | E139: =IFERROR(VLOOKUP($A139,'유통영업혁신단 IU'!$A:$G,4,FALSE),0) -> 0 | H139: =IFERROR(VLOOKUP($A139,강북영업본부!$A$1:$D$255,3,FALSE),0) -> 0 | I139: =IFERROR(VLOOKUP($A139,강북영업본부!$A$1:$D$255,4,FALSE),0) -> 0 | J139: =IFERROR(VLOOKUP($A139,강남영업본부!$A$1:$G$255,3,FALSE),0) -> 0 | K139: =IFERROR(VLOOKUP($A139,강서영업본부!$A$1:$G$255,3,FALSE),0) -> 0 | L139: =IFERROR(VLOOKUP($A139,강남영업본부!$A$1:$G$255,4,FALSE),0) -> 2938333 | M139: =IFERROR(VLOOKUP($A139,강서영업본부!$A$1:$G$255,4,FALSE),0) -> 0 | N139: =IFERROR(VLOOKUP($A139,동부영업본부!$A$1:$H$255,3,FALSE),0) -> 53133 | O139: =IFERROR(VLOOKUP($A139,동부영업본부!$A$1:$H$255,4,FALSE),0) -> 216562 | P139: =IFERROR(VLOOKUP($A139,서부영업본부!$A$1:$H$255,3,FALSE),0) -> 172666 | Q139: =IFERROR(VLOOKUP($A139,서부영업본부!$A$1:$H$255,4,FALSE),0) -> 564595 | T139: =IFERROR(VLOOKUP($A139,강북영업본부!$A$1:$H$254,5,FALSE),0) -> 1681153 | U139: =IFERROR(VLOOKUP($A139,강남영업본부!$A$1:$J$254,7,FALSE),0) -> 1635552.2 | V139: =IFERROR(VLOOKUP($A139,강서영업본부!$A$1:$J$254,7,FALSE),0) -> 2905897.5 | W139: =IFERROR(VLOOKUP($A139,동부영업본부!$A$1:$H$254,5,FALSE),0) -> 574709.28 | X139: =IFERROR(VLOOKUP($A139,서부영업본부!$A$1:$H$255,5,FALSE),0) -> 0
A140: 지 급 임 차 료 | B140: =SUM(C140:Q140) -> 4.0187156e+08 | C140: =IFERROR(VLOOKUP($A140,유통영업혁신단!$A$1:$L$254,10,FALSE),0) -> 0 | D140: =U140+W140+X140+T140+V140 -> 51366173 | E140: =IFERROR(VLOOKUP($A140,'유통영업혁신단 IU'!$A:$G,4,FALSE),0) -> 6504915 | H140: =IFERROR(VLOOKUP($A140,강북영업본부!$A$1:$D$255,3,FALSE),0) -> 45446481 | I140: =IFERROR(VLOOKUP($A140,강북영업본부!$A$1:$D$255,4,FALSE),0) -> 32055134 | J140: =IFERROR(VLOOKUP($A140,강남영업본부!$A$1:$G$255,3,FALSE),0) -> 20818672 | K140: =IFERROR(VLOOKUP($A140,강서영업본부!$A$1:$G$255,3,FALSE),0) -> 42019699 | L140: =IFERROR(VLOOKUP($A140,강남영업본부!$A$1:$G$255,4,FALSE),0) -> 29799223 | M140: =IFERROR(VLOOKUP($A140,강서영업본부!$A$1:$G$255,4,FALSE),0) -> 21411813 | N140: =IFERROR(VLOOKUP($A140,동부영업본부!$A$1:$H$255,3,FALSE),0) -> 31265159 | O140: =IFERROR(VLOOKUP($A140,동부영업본부!$A$1:$H$255,4,FALSE),0) -> 50234087 | P140: =IFERROR(VLOOKUP($A140,서부영업본부!$A$1:$H$255,3,FALSE),0) -> 43697130 | Q140: =IFERROR(VLOOKUP($A140,서부영업본부!$A$1:$H$255,4,FALSE),0) -> 27253073 | T140: =IFERROR(VLOOKUP($A140,강북영업본부!$A$1:$H$254,5,FALSE),0) -> 13161018 | U140: =IFERROR(VLOOKUP($A140,강남영업본부!$A$1:$J$254,7,FALSE),0) -> 32682202 | V140: =IFERROR(VLOOKUP($A140,강서영업본부!$A$1:$J$254,7,FALSE),0) -> 1660368.1 | W140: =IFERROR(VLOOKUP($A140,동부영업본부!$A$1:$H$254,5,FALSE),0) -> 841038.38 | X140: =IFERROR(VLOOKUP($A140,서부영업본부!$A$1:$H$255,5,FALSE),0) -> 3021545.8
A141: 임차료-렌트카 | B141: =SUM(C141:Q141) -> 24692828 | C141: =IFERROR(VLOOKUP($A141,유통영업혁신단!$A$1:$L$254,10,FALSE),0) -> 0 | D141: =U141+W141+X141+T141+V141 -> 5797828.5 | E141: =IFERROR(VLOOKUP($A141,'유통영업혁신단 IU'!$A:$G,4,FALSE),0) -> 0 | H141: =IFERROR(VLOOKUP($A141,강북영업본부!$A$1:$D$255,3,FALSE),0) -> 2156000 | I141: =IFERROR(VLOOKUP($A141,강북영업본부!$A$1:$D$255,4,FALSE),0) -> 2186000 | J141: =IFERROR(VLOOKUP($A141,강남영업본부!$A$1:$G$255,3,FALSE),0) -> 1617000 | K141: =IFERROR(VLOOKUP($A141,강서영업본부!$A$1:$G$255,3,FALSE),0) -> 0 | L141: =IFERROR(VLOOKUP($A141,강남영업본부!$A$1:$G$255,4,FALSE),0) -> 2695000 | M141: =IFERROR(VLOOKUP($A141,강서영업본부!$A$1:$G$255,4,FALSE),0) -> 2156000 | N141: =IFERROR(VLOOKUP($A141,동부영업본부!$A$1:$H$255,3,FALSE),0) -> 2695000 | O141: =IFERROR(VLOOKUP($A141,동부영업본부!$A$1:$H$255,4,FALSE),0) -> 2695000 | P141: =IFERROR(VLOOKUP($A141,서부영업본부!$A$1:$H$255,3,FALSE),0) -> 2695000 | Q141: =IFERROR(VLOOKUP($A141,서부영업본부!$A$1:$H$255,4,FALSE),0) -> 0 | T141: =IFERROR(VLOOKUP($A141,강북영업본부!$A$1:$H$254,5,FALSE),0) -> 1086952.6 | U141: =IFERROR(VLOOKUP($A141,강남영업본부!$A$1:$J$254,7,FALSE),0) -> 1698248.3 | V141: =IFERROR(VLOOKUP($A141,강서영업본부!$A$1:$J$254,7,FALSE),0) -> 0 | W141: =IFERROR(VLOOKUP($A141,동부영업본부!$A$1:$H$254,5,FALSE),0) -> 841038.38 | X141: =IFERROR(VLOOKUP($A141,서부영업본부!$A$1:$H$255,5,FALSE),0) -> 2171589.2
A142: 임차료-기타 | B142: =SUM(C142:Q142) -> 0 | C142: =IFERROR(VLOOKUP($A142,유통영업혁신단!$A$1:$L$254,10,FALSE),0) -> 0 | D142: =U142+W142+X142+T142+V142 -> 0 | E142: =IFERROR(VLOOKUP($A142,'유통영업혁신단 IU'!$A:$G,4,FALSE),0) -> 0 | H142: =IFERROR(VLOOKUP($A142,강북영업본부!$A$1:$D$255,3,FALSE),0) -> 0 | I142: =IFERROR(VLOOKUP($A142,강북영업본부!$A$1:$D$255,4,FALSE),0) -> 0 | J142: =IFERROR(VLOOKUP($A142,강남영업본부!$A$1:$G$255,3,FALSE),0) -> 0 | K142: =IFERROR(VLOOKUP($A142,강서영업본부!$A$1:$G$255,3,FALSE),0) -> 0 | L142: =IFERROR(VLOOKUP($A142,강남영업본부!$A$1:$G$255,4,FALSE),0) -> 0 | M142: =IFERROR(VLOOKUP($A142,강서영업본부!$A$1:$G$255,4,FALSE),0) -> 0 | N142: =IFERROR(VLOOKUP($A142,동부영업본부!$A$1:$H$255,3,FALSE),0) -> 0 | O142: =IFERROR(VLOOKUP($A142,동부영업본부!$A$1:$H$255,4,FALSE),0) -> 0 | P142: =IFERROR(VLOOKUP($A142,서부영업본부!$A$1:$H$255,3,FALSE),0) -> 0 | Q142: =IFERROR(VLOOKUP($A142,서부영업본부!$A$1:$H$255,4,FALSE),0) -> 0 | T142: =IFERROR(VLOOKUP($A142,강북영업본부!$A$1:$H$254,5,FALSE),0) -> 0 | U142: =IFERROR(VLOOKUP($A142,강남영업본부!$A$1:$J$254,7,FALSE),0) -> 0 | V142: =IFERROR(VLOOKUP($A142,강서영업본부!$A$1:$J$254,7,FALSE),0) -> 0 | W142: =IFERROR(VLOOKUP($A142,동부영업본부!$A$1:$H$254,5,FALSE),0) -> 0 | X142: =IFERROR(VLOOKUP($A142,서부영업본부!$A$1:$H$255,5,FALSE),0) -> 0
A143: 임차료-건물 | B143: =SUM(C143:Q143) -> 1.933104e+08 | C143: =IFERROR(VLOOKUP($A143,유통영업혁신단!$A$1:$L$254,10,FALSE),0) -> 0 | D143: =U143+W143+X143+T143+V143 -> 31811402 | E143: =IFERROR(VLOOKUP($A143,'유통영업혁신단 IU'!$A:$G,4,FALSE),0) -> 3800070 | H143: =IFERROR(VLOOKUP($A143,강북영업본부!$A$1:$D$255,3,FALSE),0) -> 19280900 | I143: =IFERROR(VLOOKUP($A143,강북영업본부!$A$1:$D$255,4,FALSE),0) -> 13987000 | J143: =IFERROR(VLOOKUP($A143,강남영업본부!$A$1:$G$255,3,FALSE),0) -> 6746000 | K143: =IFERROR(VLOOKUP($A143,강서영업본부!$A$1:$G$255,3,FALSE),0) -> 16352600 | L143: =IFERROR(VLOOKUP($A143,강남영업본부!$A$1:$G$255,4,FALSE),0) -> 10262970 | M143: =IFERROR(VLOOKUP($A143,강서영업본부!$A$1:$G$255,4,FALSE),0) -> 7497500 | N143: =IFERROR(VLOOKUP($A143,동부영업본부!$A$1:$H$255,3,FALSE),0) -> 12040000 | O143: =IFERROR(VLOOKUP($A143,동부영업본부!$A$1:$H$255,4,FALSE),0) -> 33903796 | P143: =IFERROR(VLOOKUP($A143,서부영업본부!$A$1:$H$255,3,FALSE),0) -> 24009000 | Q143: =IFERROR(VLOOKUP($A143,서부영업본부!$A$1:$H$255,4,FALSE),0) -> 13619164 | T143: =IFERROR(VLOOKUP($A143,강북영업본부!$A$1:$H$254,5,FALSE),0) -> 7565189.9 | U143: =IFERROR(VLOOKUP($A143,강남영업본부!$A$1:$J$254,7,FALSE),0) -> 23525177 | V143: =IFERROR(VLOOKUP($A143,강서영업본부!$A$1:$J$254,7,FALSE),0) -> 0 | W143: =IFERROR(VLOOKUP($A143,동부영업본부!$A$1:$H$254,5,FALSE),0) -> 0 | X143: =IFERROR(VLOOKUP($A143,서부영업본부!$A$1:$H$255,5,FALSE),0) -> 721035.48
A144: 임차료-관리비 | B144: =SUM(C144:Q144) -> 1.8386833e+08 | C144: =IFERROR(VLOOKUP($A144,유통영업혁신단!$A$1:$L$254,10,FALSE),0) -> 0 | D144: =U144+W144+X144+T144+V144 -> 13756942 | E144: =IFERROR(VLOOKUP($A144,'유통영업혁신단 IU'!$A:$G,4,FALSE),0) -> 2704845 | H144: =IFERROR(VLOOKUP($A144,강북영업본부!$A$1:$D$255,3,FALSE),0) -> 24009581 | I144: =IFERROR(VLOOKUP($A144,강북영업본부!$A$1:$D$255,4,FALSE),0) -> 15882134 | J144: =IFERROR(VLOOKUP($A144,강남영업본부!$A$1:$G$255,3,FALSE),0) -> 12455672 | K144: =IFERROR(VLOOKUP($A144,강서영업본부!$A$1:$G$255,3,FALSE),0) -> 25667099 | L144: =IFERROR(VLOOKUP($A144,강남영업본부!$A$1:$G$255,4,FALSE),0) -> 16841253 | M144: =IFERROR(VLOOKUP($A144,강서영업본부!$A$1:$G$255,4,FALSE),0) -> 11758313 | N144: =IFERROR(VLOOKUP($A144,동부영업본부!$A$1:$H$255,3,FALSE),0) -> 16530159 | O144: =IFERROR(VLOOKUP($A144,동부영업본부!$A$1:$H$255,4,FALSE),0) -> 13635291 | P144: =IFERROR(VLOOKUP($A144,서부영업본부!$A$1:$H$255,3,FALSE),0) -> 16993130 | Q144: =IFERROR(VLOOKUP($A144,서부영업본부!$A$1:$H$255,4,FALSE),0) -> 13633909 | T144: =IFERROR(VLOOKUP($A144,강북영업본부!$A$1:$H$254,5,FALSE),0) -> 4508875.8 | U144: =IFERROR(VLOOKUP($A144,강남영업본부!$A$1:$J$254,7,FALSE),0) -> 7458776.6 | V144: =IFERROR(VLOOKUP($A144,강서영업본부!$A$1:$J$254,7,FALSE),0) -> 1660368.1 | W144: =IFERROR(VLOOKUP($A144,동부영업본부!$A$1:$H$254,5,FALSE),0) -> 0 | X144: =IFERROR(VLOOKUP($A144,서부영업본부!$A$1:$H$255,5,FALSE),0) -> 128921.14
A145: 임차료-OA기기 | B145: =SUM(C145:Q145) -> 0 | C145: =IFERROR(VLOOKUP($A145,유통영업혁신단!$A$1:$L$254,10,FALSE),0) -> 0 | D145: =U145+W145+X145+T145+V145 -> 0 | E145: =IFERROR(VLOOKUP($A145,'유통영업혁신단 IU'!$A:$G,4,FALSE),0) -> 0 | H145: =IFERROR(VLOOKUP($A145,강북영업본부!$A$1:$D$255,3,FALSE),0) -> 0 | I145: =IFERROR(VLOOKUP($A145,강북영업본부!$A$1:$D$255,4,FALSE),0) -> 0 | J145: =IFERROR(VLOOKUP($A145,강남영업본부!$A$1:$G$255,3,FALSE),0) -> 0 | K145: =IFERROR(VLOOKUP($A145,강서영업본부!$A$1:$G$255,3,FALSE),0) -> 0 | L145: =IFERROR(VLOOKUP($A145,강남영업본부!$A$1:$G$255,4,FALSE),0) -> 0 | M145: =IFERROR(VLOOKUP($A145,강서영업본부!$A$1:$G$255,4,FALSE),0) -> 0 | N145: =IFERROR(VLOOKUP($A145,동부영업본부!$A$1:$H$255,3,FALSE),0) -> 0 | O145: =IFERROR(VLOOKUP($A145,동부영업본부!$A$1:$H$255,4,FALSE),0) -> 0 | P145: =IFERROR(VLOOKUP($A145,서부영업본부!$A$1:$H$255,3,FALSE),0) -> 0 | Q145: =IFERROR(VLOOKUP($A145,서부영업본부!$A$1:$H$255,4,FALSE),0) -> 0 | T145: =IFERROR(VLOOKUP($A145,강북영업본부!$A$1:$H$254,5,FALSE),0) -> 0 | U145: =IFERROR(VLOOKUP($A145,강남영업본부!$A$1:$J$254,7,FALSE),0) -> 0 | V145: =IFERROR(VLOOKUP($A145,강서영업본부!$A$1:$J$254,7,FALSE),0) -> 0 | W145: =IFERROR(VLOOKUP($A145,동부영업본부!$A$1:$H$254,5,FALSE),0) -> 0 | X145: =IFERROR(VLOOKUP($A145,서부영업본부!$A$1:$H$255,5,FALSE),0) -> 0
A146: 임차료-물류센터 | B146: =SUM(C146:Q146) -> 0 | C146: =IFERROR(VLOOKUP($A146,유통영업혁신단!$A$1:$L$254,10,FALSE),0) -> 0 | D146: =U146+W146+X146+T146+V146 -> 0 | E146: =IFERROR(VLOOKUP($A146,'유통영업혁신단 IU'!$A:$G,4,FALSE),0) -> 0 | H146: =IFERROR(VLOOKUP($A146,강북영업본부!$A$1:$D$255,3,FALSE),0) -> 0 | I146: =IFERROR(VLOOKUP($A146,강북영업본부!$A$1:$D$255,4,FALSE),0) -> 0 | J146: =IFERROR(VLOOKUP($A146,강남영업본부!$A$1:$G$255,3,FALSE),0) -> 0 | K146: =IFERROR(VLOOKUP($A146,강서영업본부!$A$1:$G$255,3,FALSE),0) -> 0 | L146: =IFERROR(VLOOKUP($A146,강남영업본부!$A$1:$G$255,4,FALSE),0) -> 0 | M146: =IFERROR(VLOOKUP($A146,강서영업본부!$A$1:$G$255,4,FALSE),0) -> 0 | N146: =IFERROR(VLOOKUP($A146,동부영업본부!$A$1:$H$255,3,FALSE),0) -> 0 | O146: =IFERROR(VLOOKUP($A146,동부영업본부!$A$1:$H$255,4,FALSE),0) -> 0 | P146: =IFERROR(VLOOKUP($A146,서부영업본부!$A$1:$H$255,3,FALSE),0) -> 0 | Q146: =IFERROR(VLOOKUP($A146,서부영업본부!$A$1:$H$255,4,FALSE),0) -> 0 | T146: =IFERROR(VLOOKUP($A146,강북영업본부!$A$1:$H$254,5,FALSE),0) -> 0 | U146: =IFERROR(VLOOKUP($A146,강남영업본부!$A$1:$J$254,7,FALSE),0) -> 0 | V146: =IFERROR(VLOOKUP($A146,강서영업본부!$A$1:$J$254,7,FALSE),0) -> 0 | W146: =IFERROR(VLOOKUP($A146,동부영업본부!$A$1:$H$254,5,FALSE),0) -> 0 | X146: =IFERROR(VLOOKUP($A146,서부영업본부!$A$1:$H$255,5,FALSE),0) -> 0
A147: 임차료-건물(연체) | B147: =SUM(C147:Q147) -> 0 | C147: =IFERROR(VLOOKUP($A147,유통영업혁신단!$A$1:$L$254,10,FALSE),0) -> 0 | D147: =U147+W147+X147+T147+V147 -> 0 | E147: =IFERROR(VLOOKUP($A147,'유통영업혁신단 IU'!$A:$G,4,FALSE),0) -> 0 | H147: =IFERROR(VLOOKUP($A147,강북영업본부!$A$1:$D$255,3,FALSE),0) -> 0 | I147: =IFERROR(VLOOKUP($A147,강북영업본부!$A$1:$D$255,4,FALSE),0) -> 0 | J147: =IFERROR(VLOOKUP($A147,강남영업본부!$A$1:$G$255,3,FALSE),0) -> 0 | K147: =IFERROR(VLOOKUP($A147,강서영업본부!$A$1:$G$255,3,FALSE),0) -> 0 | L147: =IFERROR(VLOOKUP($A147,강남영업본부!$A$1:$G$255,4,FALSE),0) -> 0 | M147: =IFERROR(VLOOKUP($A147,강서영업본부!$A$1:$G$255,4,FALSE),0) -> 0 | N147: =IFERROR(VLOOKUP($A147,동부영업본부!$A$1:$H$255,3,FALSE),0) -> 0 | O147: =IFERROR(VLOOKUP($A147,동부영업본부!$A$1:$H$255,4,FALSE),0) -> 0 | P147: =IFERROR(VLOOKUP($A147,서부영업본부!$A$1:$H$255,3,FALSE),0) -> 0 | Q147: =IFERROR(VLOOKUP($A147,서부영업본부!$A$1:$H$255,4,FALSE),0) -> 0 | T147: =IFERROR(VLOOKUP($A147,강북영업본부!$A$1:$H$254,5,FALSE),0) -> 0 | U147: =IFERROR(VLOOKUP($A147,강남영업본부!$A$1:$J$254,7,FALSE),0) -> 0 | V147: =IFERROR(VLOOKUP($A147,강서영업본부!$A$1:$J$254,7,FALSE),0) -> 0 | W147: =IFERROR(VLOOKUP($A147,동부영업본부!$A$1:$H$254,5,FALSE),0) -> 0
A148: 임차료-관리비(연체) | B148: =SUM(C148:Q148) -> 0 | C148: =IFERROR(VLOOKUP($A148,유통영업혁신단!$A$1:$L$254,10,FALSE),0) -> 0 | D148: =U148+W148+X148+T148+V148 -> 0 | E148: =IFERROR(VLOOKUP($A148,'유통영업혁신단 IU'!$A:$G,4,FALSE),0) -> 0 | H148: =IFERROR(VLOOKUP($A148,강북영업본부!$A$1:$D$255,3,FALSE),0) -> 0 | I148: =IFERROR(VLOOKUP($A148,강북영업본부!$A$1:$D$255,4,FALSE),0) -> 0 | J148: =IFERROR(VLOOKUP($A148,강남영업본부!$A$1:$G$255,3,FALSE),0) -> 0 | K148: =IFERROR(VLOOKUP($A148,강서영업본부!$A$1:$G$255,3,FALSE),0) -> 0 | L148: =IFERROR(VLOOKUP($A148,강남영업본부!$A$1:$G$255,4,FALSE),0) -> 0 | M148: =IFERROR(VLOOKUP($A148,강서영업본부!$A$1:$G$255,4,FALSE),0) -> 0 | N148: =IFERROR(VLOOKUP($A148,동부영업본부!$A$1:$H$255,3,FALSE),0) -> 0 | O148: =IFERROR(VLOOKUP($A148,동부영업본부!$A$1:$H$255,4,FALSE),0) -> 0 | P148: =IFERROR(VLOOKUP($A148,서부영업본부!$A$1:$H$255,3,FALSE),0) -> 0 | Q148: =IFERROR(VLOOKUP($A148,서부영업본부!$A$1:$H$255,4,FALSE),0) -> 0 | T148: =IFERROR(VLOOKUP($A148,강북영업본부!$A$1:$H$254,5,FALSE),0) -> 0 | U148: =IFERROR(VLOOKUP($A148,강남영업본부!$A$1:$J$254,7,FALSE),0) -> 0 | V148: =IFERROR(VLOOKUP($A148,강서영업본부!$A$1:$J$254,7,FALSE),0) -> 0 | W148: =IFERROR(VLOOKUP($A148,동부영업본부!$A$1:$H$254,5,FALSE),0) -> 0
