Workbook

Sheet 전사 손익계산서
E1: =E98+E99 -> 0 | F1: =F98+F99 -> 0 | G1: =G98+G99 -> 0 | H1: =H98+H99 -> 0 | I1: =I98+I99 -> 0 | J1: =J98+J99 -> 0 | K1: =K98+K99 -> 0 | L1: =L98+L99 -> 0 | ... P1: =P98+P99 -> 0
Q3: =Q18/Q13 -> 1.0013413 | AD3: =AD18/AD13 -> 1.0333495 | AQ3: =AQ18/AQ13 -> 1.0271018 | BD3: =BD18/BD13 -> 1.0366854 | BQ3: =BQ18/BQ13 -> 1.068413 | BR3: =BR18/BR13 -> 1.0617113 | BS3: =BS18/BS13 -> 1.0270574 | BT3: =BT18/BT13 -> 1.0409872 | BU3: =BU18/BU13 -> 1.0965794 | BV3: =BV18/BV13 -> 1.1162294 | BW3: =BW18/BW13 -> 1.0703452 | BX3: =BX18/BX13 -> 1.1450079 | ... DC3: =DC18/DC13 -> 1.0185691
Q4: =Q19/Q12 -> 0.26799292 | AD4: =AD19/AD12 -> 0.26130211 | AQ4: =AQ19/AQ12 -> 0.29832719 | BD4: =BD19/BD12 -> 0.32472827 | BQ4: =BQ19/BQ12 -> 0.27839985 | CD4: =CD19/CD12 -> 0.33470594 | CQ4: =CQ19/CQ12 -> 0.31952592
Q5: =Q21/Q12 -> 0.16395303 | AD5: =AD21/AD12 -> 0.14922173 | AQ5: =AQ21/AQ12 -> 0.16024207 | BD5: =BD21/BD12 -> 0.17412556 | BQ5: =BQ21/BQ12 -> 0.15745109 | CD5: =CD21/CD12 -> 0.18685103 | CQ5: =CQ21/CQ12 -> 0.18104565
Q6: =Q52/Q12 -> 0.0026108559 | AD6: =AD52/AD12 -> 0.006368339 | AQ6: =AQ52/AQ12 -> 0.01042894 | BD6: =BD52/BD12 -> 0.013014291 | BQ6: =BQ52/BQ12 -> 0.01792258 | CD6: =CD52/CD12 -> 0.021688554 | CQ6: =CQ52/CQ12 -> 0.021011004
Q7: =Q52/Q14 -> 0.0097067429 | AD7: =AD52/AD14 -> 0.022333903 | AQ7: =AQ52/AQ14 -> 0.03291527 | BD7: =BD52/BD14 -> 0.037330425 | BQ7: =BQ52/BQ14 -> 0.055213397 | CD7: =CD52/CD14 -> 0.057185411 | CQ7: =CQ52/CQ14 -> 0.059928557 | CR7: =무선!CF8 -> 58967.317 | CS7: =무선!CG8 -> 48000.171 | CT7: =무선!CH8 -> 63707.181 | CU7: =무선!CI8 -> 51132.05 | CV7: =무선!CJ8 -> 51074.399 | CW7: =무선!CK8 -> 50463.683 | CX7: =무선!CL8 -> 66509.988 | CY7: =무선!CM8 -> 52643.601 | ... DC7: =무선!CQ8 -> 46517.929
CR8: =무선!CF8-무선!CF9 -> 30548.317 | CS8: =무선!CG8-무선!CG9 -> 27156 | CT8: =무선!CH8-무선!CH9 -> 38419.625 | CU8: =무선!CI8-무선!CI9 -> 28049.463 | CV8: =무선!CJ8-무선!CJ9 -> 28056.134 | CW8: =무선!CK8-무선!CK9 -> 27128.952 | CX8: =무선!CL8-무선!CL9 -> 38583.931 | CY8: =무선!CM8-무선!CM9 -> 30335.454 | ... DC8: =무선!CQ8-무선!CQ9 -> 26273.673
B9: ■ 손익계산서 (종합) | AR9: =AR18/AR13 -> 1.0695813 | AS9: =AS18/AS13 -> 1.0344985 | AT9: =AT18/AT13 -> 0.92617687 | AU9: =AU18/AU13 -> 1.0373586 | AV9: =AV18/AV13 -> 1.0382671 | AW9: =AW18/AW13 -> 1.0679305 | AX9: =AX18/AX13 -> 1.0583605 | AY9: =AY18/AY13 -> 1.0719394 | ... BC9: =BC18/BC13 -> 1.0026155 | BQ9: =BQ18/BQ13 -> 1.068413 | CD9: =CD18/CD13 -> 1.0717883 | CQ9: =CQ18/CQ13 -> 1.0478518 | CR9: =CR18-CR13 -> 1710.9393 | CS9: =CS18-CS13 -> 1570.9131 | CT9: =CT18-CT13 -> 3521.1976 | CU9: =CU18-CU13 -> 1732.3448 | CV9: =CV18-CV13 -> 1870.6799 | CW9: =CW18-CW13 -> 482.1977 | CX9: =CX18-CX13 -> 4274.7813 | CY9: =CY18-CY13 -> 2315.7856 | ... DC9: =DC18-DC13 -> 690.6862
B10: 구분 | Q10: 2020년 | AD10: 2021년 | AQ10: 2022년 | BD10: 2023년 | BQ10: 2024년 | CD10: 2025년 | CQ10: 2026년(E)
E11: 1월 | F11: 2월 | G11: 3월 | H11: 4월 | I11: 5월 | J11: 6월 | K11: 7월 | L11: 8월 | M11: 9월 | N11: 10월 | O11: 11월 | P11: 12월 | Q11: Total | R11: 1월 | S11: 2월 | T11: 3월 | U11: 4월 | V11: 5월 | W11: 6월 | X11: 7월 | Y11: 8월 | Z11: 9월 | AA11: 10월 | AB11: 11월 | AC11: 12월 | AD11: Total | AE11: 1월 | AF11: 2월 | AG11: 3월 | AH11: 4월 | AI11: 5월 | AJ11: 6월 | AK11: 7월 | AL11: 8월 | AM11: 9월 | AN11: 10월 | AO11: 11월 | AP11: 12월 | AQ11: Total | AR11: 1월 | AS11: 2월 | AT11: 3월 | AU11: 4월 | AV11: 5월 | AW11: 6월 | AX11: 7월 | AY11: 8월 | AZ11: 9월 | BA11: 10월 | BB11: 11월 | BC11: 12월 | BD11: Total | BE11: 1월 | BF11: 2월 | BG11: 3월 | BH11: 4월 | BI11: 5월 | BJ11: 6월 | BK11: 7월 | BL11: 8월 | BM11: 9월 | BN11: 10월 | BO11: 11월 | BP11: 12월 | BQ11: Total | BR11: 1월 | BS11: 2월 | BT11: 3월 | BU11: 4월 | BV11: 5월 | BW11: 6월 | BX11: 7월 | BY11: 8월 | BZ11: 9월 | CA11: 10월 | CB11: 11월 | CC11: 12월 | CD11: Total | CE11: 1월 | CF11: 2월 | CG11: 3월 | CH11: 4월 | CI11: 5월 | CJ11: 6월 | CK11: 7월 | CL11: 8월 | CM11: 9월 | CN11: 10월 | CO11: 11월 | CP11: 12월 | CQ11: Total | CR11: 1월(E) | CS11: 2월(E) | CT11: 3월(E) | CU11: 4월(E) | CV11: 5월(E) | CW11: 6월(E) | CX11: 7월(E) | CY11: 8월(E) | CZ11: 9월(E) | DA11: 10월(E) | DB11: 11월(E) | DC11: 12월(E) | DG11: 24-23년 | DH11: 25-24년 | DI11: 26-25년
B12: I. 매 출 | Q12: =Q88 -> 661195.77 | R12: =R88 -> 56951.147 | S12: =S88 -> 57834.212 | T12: =T88 -> 56802.299 | U12: =U88 -> 50295.011 | V12: =V88 -> 52424.927 | W12: =W88 -> 45226.849 | X12: =X88 -> 44122.264 | ... AC12: =AC88 -> 56164.881 | AD12: 710172.82 | AE12: =AE88 -> 56726.566 | AF12: =AF88 -> 50697.736 | AG12: =AG88 -> 50960.981 | AH12: =AH88 -> 53482.951 | AI12: =AI88 -> 51104.428 | AJ12: =AJ88 -> 53063.681 | AK12: =AK88 -> 49589.41 | AL12: =AL88 -> 72113.129 | ... AP12: =AP88 -> 61693.194 | AQ12: 728532.37 | AR12: 46598.749 | AS12: 68677.032 | AT12: 51885.609 | AU12: 51535.706 | AV12: 56235.965 | AW12: 60907.419 | AX12: 48634.172 | AY12: 76486.15 | AZ12: 52965.776 | BA12: 95854.637 | BB12: 58244.032 | BC12: 60507.12 | BD12: =BD13+BD14 -> 695134.47 | BE12: =BE13+BE14 -> 47437.248 | BF12: =BF13+BF14 -> 73697.131 | BG12: =BG13+BG14 -> 52049.606 | BH12: =BH13+BH14 -> 48987.118 | BI12: =BI13+BI14 -> 51089.928 | BJ12: =BJ13+BJ14 -> 47227.082 | BK12: =BK13+BK14 -> 41206.067 | ... DC12: =DC13+DC14 -> 60008.2 | DG12: =BQ12/BD12-1 -> 0.16136907 | DH12: =CD12/BQ12-1 -> -0.06670275 | DI12: =CQ12/CD12-1 -> 0.083386912 | DJ12: =BQ12-BD12 -> 112173.2 | DK12: =CD12-BQ12 -> -53849.642 | DL12: =CQ12-CD12 -> 62828.538
B13: 상품매출 | Q13: =Q89 -> 483351.68 | R13: =R89 -> 42512.58 | S13: =S89 -> 43559.137 | T13: =T89 -> 41706.116 | U13: =U89 -> 36208.61 | V13: =V89 -> 37676.339 | W13: =W89 -> 31112.636 | X13: =X89 -> 29844.903 | ... AC13: =AC89 -> 42178.799 | AD13: 507672.56 | AE13: =AE89 -> 42730.275 | AF13: =AF89 -> 35995.056 | AG13: =AG89 -> 37313.117 | AH13: =AH89 -> 39255.811 | AI13: =AI89 -> 35017.421 | AJ13: =AJ89 -> 35584.186 | AK13: =AK89 -> 32718.949 | AL13: =AL89 -> 53393.26 | ... AP13: =AP89 -> 37154.045 | AQ13: 497702.72 | AR13: 31407.969 | AS13: 51050.982 | AT13: 36369.041 | AU13: 33767.39 | AV13: 36709.363 | AW13: 39852.305 | AX13: 29267.989 | AY13: 54467.727 | AZ13: 34249.629 | BA13: 76985.844 | BB13: 41474.087 | BC13: 32100.398 | BD13: =SUM(BE13:BP13) -> 452793.75 | BE13: =무선!AS196 -> 32619.489 | BF13: =무선!AT196 -> 52658.673 | BG13: =무선!AU196 -> 34183.856 | BH13: =무선!AV196 -> 29456.878 | BI13: =무선!AW196 -> 31207.731 | BJ13: =무선!AX196 -> 24727.282 | BK13: =무선!AY196 -> 22153.12 | BL13: =무선!AZ196 -> 57599.764 | ... BP13: =무선!BD196 -> 28762.393 | BQ13: =SUM(BR13:CC13) -> 545251.05 | BR13: =무선!BF196 -> 94006.422 | BS13: =무선!BG196 -> 42755.354 | BT13: =무선!BH196 -> 36705.735 | BU13: =무선!BI196 -> 28788.902 | BV13: =무선!BJ196 -> 23800.012 | BW13: =무선!BK196 -> 43133.398 | BX13: =무선!BL196 -> 49263.717 | BY13: =무선!BM196 -> 36122.709 | ... CC13: =무선!BQ196 -> 29083.169 | CD13: =SUM(CE13:CP13) -> 467696.07 | CE13: =무선!BS196 -> 37748.24 | CF13: =무선!BT196 -> 73719.83 | CG13: =무선!BU196 -> 36849.675 | CH13: =무선!BV196 -> 24345.807 | CI13: =무선!BW196 -> 28703.542 | CJ13: =무선!BX196 -> 31955.447 | CK13: =무선!BY196 -> 49341.569 | CL13: =무선!BZ196 -> 31317.966 | ... CP13: =무선!CD196 -> 22284.258 | CQ13: =SUM(CR13:DC13) -> 530095.8 | CR13: =CR89+CR137 -> 35875.873 | CS13: =CS89+CS137 -> 34959.748 | CT13: =CT89+CT137 -> 69109.645 | CU13: =CU89+CU137 -> 39703.572 | CV13: =CV89+CV137 -> 39800.23 | CW13: =CW89+CW137 -> 36518.977 | CX13: =CX89+CX137 -> 51929.963 | CY13: =CY89+CY137 -> 40476.296 | ... DC13: =DC89+DC137 -> 37195.511 | DG13: =BQ13/BD13-1 -> 0.20419297 | DH13: =CD13/BQ13-1 -> -0.1422372 | DI13: =CQ13/CD13-1 -> 0.1334194 | DJ13: =BQ13-BD13 -> 92457.302 | DK13: =CD13-BQ13 -> -77554.985 | DL13: =CQ13-CD13 -> 62399.728
B14: 수수료수입 | Q14: =Q90 -> 177844.09 | R14: =R90 -> 14438.567 | S14: =S90 -> 14275.075 | T14: =T90 -> 15096.183 | U14: =U90 -> 14086.401 | V14: =V90 -> 14748.588 | W14: =W90 -> 14114.213 | X14: =X90 -> 14277.361 | ... AC14: =AC90 -> 13986.082 | AD14: 202500.26 | AE14: =AE90 -> 13996.291 | AF14: =AF90 -> 14702.679 | AG14: =AG90 -> 13647.864 | AH14: =AH90 -> 14227.14 | AI14: =AI90 -> 16087.007 | AJ14: =AJ90 -> 17479.495 | AK14: =AK90 -> 16870.461 | AL14: =AL90 -> 18719.869 | ... AP14: =AP90 -> 24539.148 | AQ14: 230829.64 | AR14: 15190.779 | AS14: 17626.05 | AT14: 15516.568 | AU14: 17768.316 | AV14: 19526.602 | AW14: 21055.114 | AX14: 19366.183 | AY14: 22018.424 | AZ14: 18716.146 | BA14: 18868.793 | BB14: 16769.945 | BC14: 28406.722 | BD14: =SUM(BE14:BP14) -> 242340.72 | BE14: =SUM(BE15:BE17) -> 14817.759 | BF14: =SUM(BF15:BF17) -> 21038.458 | BG14: =SUM(BG15:BG17) -> 17865.75 | BH14: =SUM(BH15:BH17) -> 19530.24 | BI14: =SUM(BI15:BI17) -> 19882.197 | BJ14: =SUM(BJ15:BJ17) -> 22499.8 | BK14: =SUM(BK15:BK17) -> 19052.947 | BL14: =SUM(BL15:BL17) -> 26934.657 | ... BP14: =SUM(BP15:BP17) -> 20093.122 | BQ14: =SUM(BR14:CC14) -> 262056.62 | BR14: =SUM(BR15:BR17) -> 24999.382 | BS14: =SUM(BS15:BS17) -> 18730.84 | BT14: =SUM(BT15:BT17) -> 19062.473 | BU14: =SUM(BU15:BU17) -> 21262.775 | BV14: =SUM(BV15:BV17) -> 19196.818 | BW14: =SUM(BW15:BW17) -> 18824.601 | BX14: =SUM(BX15:BX17) -> 26971.789 | BY14: =SUM(BY15:BY17) -> 20680.222 | ... CC14: =SUM(CC15:CC17) -> 22619.437 | CD14: =SUM(CE14:CP14) -> 285761.96 | CE14: =SUM(CE15:CE17) -> 18315.593 | CF14: =SUM(CF15:CF17) -> 26609.562 | CG14: =SUM(CG15:CG17) -> 20073.38 | CH14: =SUM(CH15:CH17) -> 20606.008 | CI14: =SUM(CI15:CI17) -> 23032.64 | CJ14: =SUM(CJ15:CJ17) -> 22540.5 | CK14: =SUM(CK15:CK17) -> 31679.269 | CL14: =SUM(CL15:CL17) -> 22437.498 | ... CP14: =SUM(CP15:CP17) -> 28432.737 | CQ14: =SUM(CR14:DC14) -> 286190.77 | CR14: =SUM(CR15:CR17) -> 22261.175 | CS14: =SUM(CS15:CS17) -> 21499.229 | CT14: =SUM(CT15:CT17) -> 26403.046 | CU14: =SUM(CU15:CU17) -> 22807.339 | CV14: =SUM(CV15:CV17) -> 22779.577 | CW14: =SUM(CW15:CW17) -> 22249.484 | CX14: =SUM(CX15:CX17) -> 28144.783 | CY14: =SUM(CY15:CY17) -> 23267.045 | ... DC14: =SUM(DC15:DC17) -> 22812.689 | DG14: =BQ14/BD14-1 -> 0.081356122 | DH14: =CD14/BQ14-1 -> 0.090458859 | DI14: =CQ14/CD14-1 -> 0.0015005839 | DJ14: =BQ14-BD14 -> 19715.901 | DK14: =CD14-BQ14 -> 23705.343 | DL14: =CQ14-CD14 -> 428.80981
B15: 정책수수료 | Q15: =Q91 -> 85819.2 | R15: =R91 -> 6650.5846 | S15: =S91 -> 6165.532 | T15: =T91 -> 6765.5568 | U15: =U91 -> 6273.3708 | V15: =V91 -> 7173.6811 | W15: =W91 -> 6740.7589 | X15: =X91 -> 6615.3399 | ... AC15: =AC91 -> 6533.2407 | AD15: 106845.74 | AE15: =AE91 -> 6775.9317 | AF15: =AF91 -> 7000.7579 | AG15: =AG91 -> 6248.7498 | AH15: =AH91 -> 5643.6671 | AI15: =AI91 -> 8252.1391 | AJ15: =AJ91 -> 9604.1539 | AK15: =AK91 -> 8850.5993 | AL15: =AL91 -> 10662.665 | ... AP15: =AP91 -> 16232.011 | AQ15: 124108.54 | AR15: 6767.705 | AS15: 9334.1094 | AT15: 6668.6359 | AU15: 9655.179 | AV15: 10201.928 | AW15: 10770.27 | AX15: 10429.413 | AY15: 12880.382 | AZ15: 9115.4754 | BA15: 10884.66 | BB15: 7591.0748 | BC15: 19809.71 | BD15: =SUM(BE15:BP15) -> 128744.55 | BE15: =무선!AS253+유선!AS42 -> 3992.9752 | BF15: =무선!AT253+유선!AT42 -> 12618.733 | BG15: =무선!AU253+유선!AU42 -> 7848.7283 | BH15: =무선!AV253+유선!AV42 -> 10654.675 | BI15: =무선!AW253+유선!AW42 -> 10744.778 | BJ15: =무선!AX253+유선!AX42 -> 12697.077 | BK15: =무선!AY253+유선!AY42 -> 9472.0605 | BL15: =무선!AZ253+유선!AZ42 -> 17659.734 | ... BP15: =무선!BD253+유선!BD42 -> 10505.089 | BQ15: =SUM(BR15:CC15) -> 142104.79 | BR15: =무선!BF253+유선!BF42 -> 14954.501 | BS15: =무선!BG253+유선!BG42 -> 9055.1532 | BT15: =무선!BH253+유선!BH42 -> 9936.2416 | BU15: =무선!BI253+유선!BI42 -> 10836.779 | BV15: =무선!BJ253+유선!BJ42 -> 10013.736 | BW15: =무선!BK253+유선!BK42 -> 9104.286 | BX15: =무선!BL253+유선!BL42 -> 16880.276 | BY15: =무선!BM253+유선!BM42 -> 10283.88 | ... CC15: =무선!BQ253+유선!BQ42 -> 11833.703 | CD15: =SUM(CE15:CP15) -> 176217.79 | CE15: =무선!BS253+유선!BS42 -> 9981.5813 | CF15: =무선!BT253+유선!BT42 -> 17442.115 | CG15: =무선!BU253+유선!BU42 -> 11113.885 | CH15: =무선!BV253+유선!BV42 -> 10634.724 | CI15: =무선!BW253+유선!BW42 -> 14265.01 | CJ15: =무선!BX253+유선!BX42 -> 12407.777 | CK15: =무선!BY253+유선!BY42 -> 22463.79 | CL15: =무선!BZ253+유선!BZ42 -> 13585.284 | ... CP15: =무선!CD253+유선!CD42 -> 18546.09 | CQ15: =SUM(CR15:DC15) -> 180215.47 | CR15: =CR91+CR139 -> 13390.153 | CS15: =CS91+CS139 -> 12679.196 | CT15: =CT91+CT139 -> 17591.425 | CU15: =CU91+CU139 -> 13807.486 | CV15: =CV91+CV139 -> 14001.157 | CW15: =CW91+CW139 -> 13490.296 | CX15: =CX91+CX139 -> 19273.97 | CY15: =CY91+CY139 -> 14451.701 | ... DC15: =DC91+DC139 -> 14010.608 | DG15: =BQ15/BD15-1 -> 0.10377324 | DH15: =CD15/BQ15-1 -> 0.2400552 | DI15: =CQ15/CD15-1 -> 0.022686015 | DJ15: =BQ15-BD15 -> 13360.24 | DK15: =CD15-BQ15 -> 34112.995 | DL15: =CQ15-CD15 -> 3997.6795
B16: 관리수수료 | Q16: =Q92 -> 50046.036 | R16: =R92 -> 3887.3879 | S16: =S92 -> 4031.233 | T16: =T92 -> 4225.2128 | U16: =U92 -> 3943.9889 | V16: =V92 -> 4359.426 | W16: =W92 -> 4087.7616 | X16: =X92 -> 4106.5562 | ... AC16: =AC92 -> 4217.4853 | AD16: 56993.082 | AE16: =AE92 -> 4118.1559 | AF16: =AF92 -> 4617.9168 | AG16: =AG92 -> 4356.2214 | AH16: =AH92 -> 5291.949 | AI16: =AI92 -> 4656.8344 | AJ16: =AJ92 -> 4758.5661 | AK16: =AK92 -> 4675.3641 | AL16: =AL92 -> 4966.5687 | ... AP16: =AP92 -> 4895.5665 | AQ16: 62536.304 | AR16: 5046.8873 | AS16: 5231.6195 | AT16: 5232.0335 | AU16: 4976.926 | AV16: 5254.8349 | AW16: 5262.2964 | AX16: 5492.9105 | AY16: 5558.836 | AZ16: 5405.2959 | BA16: 4517.0608 | BB16: 5690.0435 | BC16: 4867.5597 | BD16: =SUM(BE16:BP16) -> 70035.096 | BE16: =무선!AS116+무선!AS181+유선!AS32+무선!AS129+무선!AS126 -> 6703.5032 | BF16: =무선!AT116+무선!AT181+유선!AT32+무선!AT129+무선!AT126 -> 5086.3376 | BG16: =무선!AU116+무선!AU181+유선!AU32+무선!AU129+무선!AU126 -> 5971.6036 | BH16: =무선!AV116+무선!AV181+유선!AV32+무선!AV129+무선!AV126 -> 5556.7621 | BI16: =무선!AW116+무선!AW181+유선!AW32+무선!AW129+무선!AW126 -> 5871.6059 | BJ16: =무선!AX116+무선!AX181+유선!AX32+무선!AX129+무선!AX126 -> 5791.4679 | BK16: =무선!AY116+무선!AY181+유선!AY32+무선!AY129+무선!AY126 -> 6055.5175 | BL16: =무선!AZ116+무선!AZ181+유선!AZ32+무선!AZ129+무선!AZ126 -> 5862.319 | ... BP16: =무선!BD116+무선!BD181+유선!BD32+무선!BD129+무선!BD126 -> 6116.2647 | BQ16: =SUM(BR16:CC16) -> 68532.327 | BR16: =무선!BF116+무선!BF181+유선!BF32+무선!BF129+무선!BF126+무선!BF127 -> 5982.5449 | BS16: =무선!BG116+무선!BG181+유선!BG32+무선!BG129+무선!BG126+무선!BG127 -> 5820.4345 | BT16: =무선!BH116+무선!BH181+유선!BH32+무선!BH129+무선!BH126+무선!BH127 -> 5775.5821 | BU16: =무선!BI116+무선!BI181+유선!BI32+무선!BI129+무선!BI126+무선!BI127 -> 5544.5384 | BV16: =무선!BJ116+무선!BJ181+유선!BJ32+무선!BJ129+무선!BJ126+무선!BJ127 -> 5535.8037 | BW16: =무선!BK116+무선!BK181+유선!BK32+무선!BK129+무선!BK126+무선!BK127 -> 5512.7947 | BX16: =무선!BL116+무선!BL181+유선!BL32+무선!BL129+무선!BL126+무선!BL127 -> 5700.9085 | BY16: =무선!BM116+무선!BM181+유선!BM32+무선!BM129+무선!BM126+무선!BM127 -> 5518.8602 | ... CC16: =무선!BQ116+무선!BQ181+유선!BQ32+무선!BQ129+무선!BQ126+무선!BQ127 -> 6709.0589 | CD16: =SUM(CE16:CP16) -> 61564.255 | CE16: =무선!BS116+무선!BS181+유선!BS32+무선!BS126+무선!BS127+무선!BS129+무선!BS128 -> 4992.6384 | CF16: =무선!BT116+무선!BT181+유선!BT32+무선!BT126+무선!BT127+무선!BT129+무선!BT128 -> 5297.0258 | CG16: =무선!BU116+무선!BU181+유선!BU32+무선!BU126+무선!BU127+무선!BU129+무선!BU128 -> 4926.4715 | CH16: =무선!BV116+무선!BV181+유선!BV32+무선!BV126+무선!BV127+무선!BV129+무선!BV128 -> 5660.334 | CI16: =무선!BW116+무선!BW181+유선!BW32+무선!BW126+무선!BW127+무선!BW129+무선!BW128 -> 4622.4101 | CJ16: =무선!BX116+무선!BX181+유선!BX32+무선!BX126+무선!BX127+무선!BX129+무선!BX128 -> 5926.0522 | CK16: =무선!BY116+무선!BY181+유선!BY32+무선!BY126+무선!BY127+무선!BY129+무선!BY128 -> 5327.6578 | CL16: =무선!BZ116+무선!BZ181+유선!BZ32+무선!BZ126+무선!BZ127+무선!BZ129+무선!BZ128 -> 5029.3206 | ... CP16: =무선!CD116+무선!CD181+유선!CD32+무선!CD126+무선!CD127+무선!CD129+무선!CD128 -> 5100.7165 | CQ16: =SUM(CR16:DC16) -> 57976.257 | CR16: =CR92+CR140 -> 4899.5889 | CS16: =CS92+CS140 -> 4874.7797 | CT16: =CT92+CT140 -> 4864.4676 | CU16: =CU92+CU140 -> 4847.5685 | CV16: =CV92+CV140 -> 4831.4468 | CW16: =CW92+CW140 -> 4812.2151 | CX16: =CX92+CX140 -> 4816.1959 | CY16: =CY92+CY140 -> 4808.5714 | ... DC16: =DC92+DC140 -> 4795.1138 | DG16: =BQ16/BD16-1 -> -0.021457365 | DH16: =CD16/BQ16-1 -> -0.1016757 | DI16: =CQ16/CD16-1 -> -0.058280533 | DJ16: =BQ16-BD16 -> -1502.7686 | DK16: =CD16-BQ16 -> -6968.0725 | DL16: =CQ16-CD16 -> -3587.9976
B17: 기타수수료 | Q17: =Q93 -> 41978.852 | R17: =R93 -> 3900.5945 | S17: =S93 -> 4078.3099 | T17: =T93 -> 4105.4136 | U17: =U93 -> 3869.0418 | V17: =V93 -> 3215.4814 | W17: =W93 -> 3285.6923 | X17: =X93 -> 3555.4653 | ... AC17: =AC93 -> 3235.3559 | AD17: 38661.44 | AE17: =AE93 -> 3102.2035 | AF17: =AF93 -> 3084.0044 | AG17: =AG93 -> 3042.8932 | AH17: =AH93 -> 3291.524 | AI17: =AI93 -> 3178.0335 | AJ17: =AJ93 -> 3116.7747 | AK17: =AK93 -> 3344.498 | AL17: =AL93 -> 3090.6358 | ... AP17: =AP93 -> 3411.5707 | AQ17: 44184.794 | AR17: 3376.1872 | AS17: 3060.3212 | AT17: 3615.8984 | AU17: 3136.2113 | AV17: 4069.8383 | AW17: 5022.5481 | AX17: 3443.859 | AY17: 3579.2051 | AZ17: 4195.3751 | BA17: 3467.0723 | BB17: 3488.8265 | BC17: 3729.4518 | BD17: =SUM(BE17:BP17) -> 43561.068 | BE17: =기타수익!AQ37+기타수익!AQ40+기타수익!AQ44 -> 4121.2802 | BF17: =기타수익!AR37+기타수익!AR40+기타수익!AR44 -> 3333.3878 | BG17: =기타수익!AS37+기타수익!AS40+기타수익!AS44 -> 4045.4181 | BH17: =기타수익!AT37+기타수익!AT40+기타수익!AT44 -> 3318.8032 | BI17: =기타수익!AU37+기타수익!AU40+기타수익!AU44 -> 3265.8129 | BJ17: =기타수익!AV37+기타수익!AV40+기타수익!AV44 -> 4011.2556 | BK17: =기타수익!AW37+기타수익!AW40+기타수익!AW44 -> 3525.3688 | BL17: =기타수익!AX37+기타수익!AX40+기타수익!AX44 -> 3412.6042 | ... BP17: =기타수익!BB37+기타수익!BB40+기타수익!BB44 -> 3471.7681 | BQ17: =SUM(BR17:CC17) -> 51419.498 | BR17: =기타수익!BD37+기타수익!BD40+기타수익!BD44 -> 4062.3361 | BS17: =기타수익!BE37+기타수익!BE40+기타수익!BE44 -> 3855.2525 | BT17: =기타수익!BF37+기타수익!BF40+기타수익!BF44 -> 3350.6491 | BU17: =기타수익!BG37+기타수익!BG40+기타수익!BG44 -> 4881.4574 | BV17: =기타수익!BH37+기타수익!BH40+기타수익!BH44 -> 3647.2777 | BW17: =기타수익!BI37+기타수익!BI40+기타수익!BI44 -> 4207.52 | BX17: =기타수익!BJ37+기타수익!BJ40+기타수익!BJ44 -> 4390.6043 | BY17: =기타수익!BK37+기타수익!BK40+기타수익!BK44 -> 4877.4818 | ... CC17: =기타수익!BO37+기타수익!BO40+기타수익!BO44 -> 4076.6749 | CD17: =SUM(CE17:CP17) -> 47979.919 | CE17: =기타수익!BQ37+기타수익!BQ40+기타수익!BQ44 -> 3341.3731 | CF17: =기타수익!BR37+기타수익!BR40+기타수익!BR44 -> 3870.4216 | CG17: =기타수익!BS37+기타수익!BS40+기타수익!BS44 -> 4033.0243 | CH17: =기타수익!BT37+기타수익!BT40+기타수익!BT44 -> 4310.9498 | CI17: =기타수익!BU37+기타수익!BU40+기타수익!BU44 -> 4145.2192 | CJ17: =기타수익!BV37+기타수익!BV40+기타수익!BV44 -> 4206.6708 | CK17: =기타수익!BW37+기타수익!BW40+기타수익!BW44 -> 3887.8212 | CL17: =기타수익!BX37+기타수익!BX40+기타수익!BX44 -> 3822.894 | ... CP17: =기타수익!CB37+기타수익!CB40+기타수익!CB44 -> 4785.9303 | CQ17: =SUM(CR17:DC17) -> 47999.047 | CR17: =CR93+CR141 -> 3971.4331 | CS17: =CS93+CS141 -> 3945.2531 | CT17: =CT93+CT141 -> 3947.1531 | CU17: =CU93+CU141 -> 4152.2844 | CV17: =CV93+CV141 -> 3946.9731 | CW17: =CW93+CW141 -> 3946.9731 | CX17: =CX93+CX141 -> 4054.6169 | CY17: =CY93+CY141 -> 4006.7731 | ... DC17: =DC93+DC141 -> 4006.9671 | DG17: =BQ17/BD17-1 -> 0.1804003 | DH17: =CD17/BQ17-1 -> -0.066892517 | DI17: =CQ17/CD17-1 -> 0.00039866606 | DJ17: =BQ17-BD17 -> 7858.43 | DK17: =CD17-BQ17 -> -3439.5797 | DL17: =CQ17-CD17 -> 19.127965
B18: II. 매 출 원 가 | Q18: =Q94 -> 483999.99 | R18: =R94 -> 43105.112 | S18: =S94 -> 43998.351 | T18: =T94 -> 41806.972 | U18: =U94 -> 35584.579 | V18: =V94 -> 37648.167 | W18: =W94 -> 30523.117 | X18: =X94 -> 29757.59 | ... AC18: =AC94 -> 42127.194 | AD18: =524725.166543-122 -> 524603.17 | AE18: =AE94 -> 43031.8 | AF18: =AF94 -> 36204.686 | AG18: =AG94 -> 36678.754 | AH18: =AH94 -> 39733.485 | AI18: =AI94 -> 36132.01 | AJ18: =AJ94 -> 37457.079 | AK18: =AK94 -> 34547.228 | AL18: =AL94 -> 57208.191 | ... AP18: =AP94 -> 40314.611 | AQ18: 511191.35 | AR18: 33593.378 | AS18: 52812.165 | AT18: 33684.164 | AU18: 35028.893 | AV18: 38114.122 | AW18: 42559.492 | AX18: 30976.084 | AY18: 58386.101 | AZ18: 34089.587 | BA18: 77774.195 | BB18: 41988.816 | BC18: 32184.356 | BD18: =SUM(BE18:BP18) -> 469404.65 | BE18: =무선!AS220 -> 33261.489 | BF18: =무선!AT220 -> 56394.445 | BG18: =무선!AU220 -> 34783.52 | BH18: =무선!AV220 -> 31836.152 | BI18: =무선!AW220 -> 33816.961 | BJ18: =무선!AX220 -> 26659.199 | BK18: =무선!AY220 -> 23031.367 | BL18: =무선!AZ220 -> 63629.756 | ... BP18: =무선!BD220 -> 28483.683 | BQ18: =SUM(BR18:CC18) -> 582553.34 | BR18: =무선!BF220 -> 99807.68 | BS18: =무선!BG220 -> 43912.202 | BT18: =무선!BH220 -> 38210.2 | BU18: =무선!BI220 -> 31569.318 | BV18: =무선!BJ220 -> 26566.272 | BW18: =무선!BK220 -> 46167.626 | BX18: =무선!BL220 -> 56407.347 | BY18: =무선!BM220 -> 38993.011 | ... CC18: =무선!BQ220 -> 32568.991 | CD18: =SUM(CE18:CP18) -> 501271.15 | CE18: =무선!BS220 -> 38874.83 | CF18: =무선!BT220 -> 79057.614 | CG18: =무선!BU220 -> 38518.887 | CH18: =무선!BV220 -> 25663.171 | CI18: =무선!BW220 -> 30772.262 | CJ18: =무선!BX220 -> 32479.942 | CK18: =무선!BY220 -> 56204.739 | CL18: =무선!BZ220 -> 35789.969 | ... CP18: =무선!CD220 -> 25439.444 | CQ18: =SUM(CR18:DC18) -> 555461.85 | CR18: =CR94+CR142 -> 37586.813 | CS18: =CS94+CS142 -> 36530.661 | CT18: =CT94+CT142 -> 72630.842 | CU18: =CU94+CU142 -> 41435.917 | CV18: =CV94+CV142 -> 41670.91 | CW18: =CW94+CW142 -> 37001.175 | CX18: =CX94+CX142 -> 56204.744 | CY18: =CY94+CY142 -> 42792.081 | ... DC18: =DC94+DC142 -> 37886.197 | DG18: =BQ18/BD18-1 -> 0.24104721 | DH18: =CD18/BQ18-1 -> -0.13952746 | DI18: =CQ18/CD18-1 -> 0.10810656 | DJ18: =BQ18-BD18 -> 113148.68 | DK18: =CD18-BQ18 -> -81282.185 | DL18: =CQ18-CD18 -> 54190.701
B19: III. 매 출 총 이 익 | Q19: =Q95 -> 177195.78 | R19: =R95 -> 13846.035 | S19: =S95 -> 13835.861 | T19: =T95 -> 14995.327 | U19: =U95 -> 14710.432 | V19: =V95 -> 14776.76 | W19: =W95 -> 14703.732 | X19: =X95 -> 14364.675 | ... AC19: =AC95 -> 14037.686 | AD19: =AD12-AD18 -> 185569.66 | AE19: =AE95 -> 13694.766 | AF19: =AF95 -> 14493.05 | AG19: =AG95 -> 14282.227 | AH19: =AH95 -> 13749.466 | AI19: =AI95 -> 14972.417 | AJ19: =AJ95 -> 15606.602 | AK19: =AK95 -> 15042.183 | AL19: =AL95 -> 14904.937 | ... AP19: =AP95 -> 21378.582 | AQ19: 217341.01 | AR19: 13005.371 | AS19: 15864.867 | AT19: 18201.444 | AU19: 16506.813 | AV19: 18121.842 | AW19: 18347.928 | AX19: 17658.087 | AY19: 18100.049 | AZ19: 18876.188 | BA19: 18080.442 | BB19: 16255.216 | BC19: 28322.764 | BD19: =SUM(BE19:BP19) -> 225729.81 | BE19: =BE12-BE18 -> 14175.759 | BF19: =BF12-BF18 -> 17302.687 | BG19: =BG12-BG18 -> 17266.086 | BH19: =BH12-BH18 -> 17150.967 | BI19: =BI12-BI18 -> 17272.967 | BJ19: =BJ12-BJ18 -> 20567.884 | BK19: =BK12-BK18 -> 18174.7 | BL19: =BL12-BL18 -> 20904.665 | ... BP19: =BP12-BP18 -> 20371.832 | BQ19: =SUM(BR19:CC19) -> 224754.33 | BR19: =BR12-BR18 -> 19198.124 | BS19: =BS12-BS18 -> 17573.992 | BT19: =BT12-BT18 -> 17558.008 | BU19: =BU12-BU18 -> 18482.359 | BV19: =BV12-BV18 -> 16430.557 | BW19: =BW12-BW18 -> 15790.373 | BX19: =BX12-BX18 -> 19828.159 | BY19: =BY12-BY18 -> 17809.92 | ... CC19: =CC12-CC18 -> 19133.614 | CD19: =SUM(CE19:CP19) -> 252186.88 | CE19: =CE12-CE18 -> 17189.003 | CF19: =CF12-CF18 -> 21271.779 | CG19: =CG12-CG18 -> 18404.169 | CH19: =CH12-CH18 -> 19288.643 | CI19: =CI12-CI18 -> 20963.92 | CJ19: =CJ12-CJ18 -> 22016.006 | CK19: =CK12-CK18 -> 24816.098 | CL19: =CL12-CL18 -> 17965.496 | ... CP19: =CP12-CP18 -> 25277.551 | CQ19: =SUM(CR19:DC19) -> 260824.71 | CR19: =CR12-CR18 -> 20550.236 | CS19: =CS12-CS18 -> 19928.316 | CT19: =CT12-CT18 -> 22881.848 | CU19: =CU12-CU18 -> 21074.994 | CV19: =CV12-CV18 -> 20908.897 | CW19: =CW12-CW18 -> 21767.287 | CX19: =CX12-CX18 -> 23870.001 | CY19: =CY12-CY18 -> 20951.26 | ... DC19: =DC12-DC18 -> 22122.003 | DG19: =BQ19/BD19-1 -> -0.0043214521 | DH19: =CD19/BQ19-1 -> 0.12205568 | DI19: =CQ19/CD19-1 -> 0.034251734 | DJ19: =BQ19-BD19 -> -975.48058 | DK19: =CD19-BQ19 -> 27432.544 | DL19: =CQ19-CD19 -> 8637.8377
B20: IV. 판매비와일반관리비 | Q20: =Q96 -> 175469.5 | R20: =R96 -> 14387.761 | S20: =S96 -> 13118.332 | T20: =T96 -> 15581.362 | U20: =U96 -> 13668.868 | V20: =V96 -> 13749.405 | W20: =W96 -> 15634.151 | X20: =X96 -> 13568.583 | ... AC20: =AC96 -> 18143.559 | AD20: =AD21+AD28+AD32+AD35+AD38 -> 181047.04 | AE20: =AE96 -> 14106.043 | AF20: =AF96 -> 13982.146 | AG20: =AG96 -> 13548.619 | AH20: =AH96 -> 13541.366 | AI20: =AI96 -> 14192.745 | AJ20: =AJ96 -> 14888.626 | AK20: =AK96 -> 14643.289 | AL20: =AL96 -> 14154.864 | ... AP20: =AP96 -> 21529.371 | AQ20: 209743.19 | AR20: 12705.676 | AS20: 15040.74 | AT20: 15851.27 | AU20: 15762.413 | AV20: 16152.971 | AW20: 16101.163 | AX20: 17114.714 | AY20: 17056.677 | AZ20: 18677.538 | BA20: 16613.841 | BB20: 19259.267 | BC20: 29406.921 | BD20: =BD21+BD28+BD32+BD35+BD38 -> 216683.13 | BE20: =BE21+BE28+BE32+BE35+BE38 -> 13914.345 | BF20: =BF21+BF28+BF32+BF35+BF38 -> 16065.397 | BG20: =BG21+BG28+BG32+BG35+BG38 -> 16130.594 | BH20: =BH21+BH28+BH32+BH35+BH38 -> 16114.569 | BI20: =BI21+BI28+BI32+BI35+BI38 -> 15622.468 | BJ20: =BJ21+BJ28+BJ32+BJ35+BJ38 -> 19236.783 | BK20: =BK21+BK28+BK32+BK35+BK38 -> 17388.291 | ... DC20: =DC21+DC28+DC32+DC35+DC38 -> 25952.225 | DG20: =BQ20/BD20-1 -> -0.029526224 | DH20: =CD20/BQ20-1 -> 0.12154994 | DI20: =CQ20/CD20-1 -> 0.033192299 | DJ20: =BQ20-BD20 -> -6397.8346 | DK20: =CD20-BQ20 -> 25560.165 | DL20: =CQ20-CD20 -> 7828.253
B21: 인건비 | Q21: =Q97 -> 108405.05 | R21: =R97 -> 8697.2388 | S21: =S97 -> 8477.4466 | T21: =T97 -> 10852.852 | U21: =U97 -> 8928.2044 | V21: =V97 -> 8528.3799 | W21: =W97 -> 10500.92 | X21: =X97 -> 7916.4886 | ... AC21: =AC97 -> 10886.925 | AD21: 105973.22 | AE21: =AE97 -> 8335.8859 | AF21: =AF97 -> 8667.1014 | AG21: =AG97 -> 8382.5463 | AH21: =AH97 -> 8596.4489 | AI21: =AI97 -> 8631.5302 | AJ21: =AJ97 -> 9137.5867 | AK21: =AK97 -> 8536.4691 | AL21: =AL97 -> 8721.6811 | ... AP21: =AP97 -> 10496.705 | AQ21: 116741.54 | AR21: 8472.4803 | AS21: 8666.7535 | AT21: 8803.9768 | AU21: 8916.7538 | AV21: 9398.0741 | AW21: 9580.8536 | AX21: 9741.7821 | AY21: 9370.2486 | AZ21: 10521.706 | BA21: 9447.6431 | BB21: 13231.429 | BC21: 10589.835 | BD21: =SUM(BD22:BD27) -> 121040.68 | BE21: =SUM(BE22:BE27) -> 9509.1648 | BF21: =SUM(BF22:BF27) -> 9474.3659 | BG21: =SUM(BG22:BG27) -> 9914.9542 | BH21: =SUM(BH22:BH27) -> 10362.955 | BI21: =SUM(BI22:BI27) -> 9783.7382 | BJ21: =SUM(BJ22:BJ27) -> 9541.7563 | BK21: =SUM(BK22:BK27) -> 9855.4298 | ... DC21: =SUM(DC22:DC27) -> 16549.736 | DG21: =BQ21/BD21-1 -> 0.050155 | DH21: =CD21/BQ21-1 -> 0.10756647 | DI21: =CQ21/CD21-1 -> 0.049726593 | DJ21: =BQ21-BD21 -> 6070.7952 | DK21: =CD21-BQ21 -> 13672.933 | DL21: =CQ21-CD21 -> 7000.7289
B22: 일반직 | Q22: =Q98 -> 13079.928 | R22: =R98 -> 732.41953 | S22: =S98 -> 792.56667 | T22: =T98 -> 1863.2813 | U22: =U98 -> 782.00269 | V22: =V98 -> 795.40254 | W22: =W98 -> 1574.1421 | X22: =X98 -> 782.30636 | ... AC22: =AC98 -> 1852.8762 | AD22: 13537.894 | AE22: =AE98 -> 1091.4124 | AF22: =AF98 -> 1134.5268 | AG22: =AG98 -> 994.25002 | AH22: =AH98 -> 1102.3353 | AI22: =AI98 -> 1109.3112 | AJ22: =AJ98 -> 1089.9074 | AK22: =AK98 -> 1053.5704 | AL22: =AL98 -> 1091.3762 | ... AP22: =AP98 -> 1517.4129 | AQ22: 13620.727 | AR22: 1116.5375 | AS22: 1103.2753 | AT22: 699.43366 | AU22: 1097.807 | AV22: 1104.3066 | AW22: 1108.644 | AX22: 1069.0607 | AY22: 1082.2471 | AZ22: 1100.57 | BA22: 1073.569 | BB22: 1480.1339 | BC22: 1585.1419 | BD22: =SUM(BE22:BP22) -> 14910.462 | BE22: =인건비!AT29 -> 1155.562 | BF22: =인건비!AU29 -> 1154.9587 | BG22: =인건비!AV29 -> 896.16154 | BH22: =인건비!AW29 -> 1157.8665 | BI22: =인건비!AX29 -> 1177.5984 | BJ22: =인건비!AY29 -> 1169.5173 | BK22: =인건비!AZ29 -> 1459.0689 | BL22: =인건비!BA29 -> 1177.6673 | ... BP22: =인건비!BE29 -> 1889.379 | BQ22: =SUM(BR22:CC22) -> 14763.338 | BR22: =인건비!BG29 -> 1324.7113 | BS22: =인건비!BH29 -> 1351.2225 | BT22: =인건비!BI29 -> 688.47386 | BU22: =인건비!BJ29 -> 1308.6767 | BV22: =인건비!BK29 -> 1312.292 | BW22: =인건비!BL29 -> 1306.9142 | BX22: =인건비!BM29 -> 1215.1461 | BY22: =인건비!BN29 -> 1228.1722 | ... CC22: =인건비!BR29 -> 1172.2298 | CD22: =SUM(CE22:CP22) -> 17537.096 | CE22: =인건비!BT29 -> 1258.4461 | CF22: =인건비!BU29 -> 1311.4976 | CG22: =인건비!BV29 -> 1665.1473 | CH22: =인건비!BW29 -> 1332.2244 | CI22: =인건비!BX29 -> 1320.5953 | CJ22: =인건비!BY29 -> 1333.4174 | CK22: =인건비!BZ29 -> 1353.3149 | CL22: =인건비!CA29 -> 1329.2281 | ... CP22: =인건비!CE29 -> 2226.2618 | CQ22: =SUM(CR22:DC22) -> 18912.698 | CR22: =CR98+CR146 -> 1390.8657 | CS22: =CS98+CS146 -> 1425.4747 | CT22: =CT98+CT146 -> 1801.3358 | CU22: =CU98+CU146 -> 1441.184 | CV22: =CV98+CV146 -> 1428.6038 | CW22: =CW98+CW146 -> 1442.4746 | CX22: =CX98+CX146 -> 1503.8565 | CY22: =CY98+CY146 -> 1503.8565 | ... DC22: =DC98+DC146 -> 2423.8565 | DG22: =BQ22/BD22-1 -> -0.0098671765 | DH22: =CD22/BQ22-1 -> 0.18788148 | DI22: =CQ22/CD22-1 -> 0.07843957 | DJ22: =BQ22-BD22 -> -147.12416 | DK22: =CD22-BQ22 -> 2773.7577 | DL22: =CQ22-CD22 -> 1375.6022
B23: 영업직군 | Q23: =Q99 -> 67307.359 | R23: =R99 -> 5521.9264 | S23: =S99 -> 5484.5403 | T23: =T99 -> 6874.0138 | U23: =U99 -> 5470.7391 | V23: =V99 -> 5286.5701 | W23: =W99 -> 6568.0286 | X23: =X99 -> 4989.1525 | ... AC23: =AC99 -> 5886.4633 | AD23: 63250.941 | AE23: =AE99 -> 5319.6061 | AF23: =AF99 -> 5500.1339 | AG23: =AG99 -> 5382.3584 | AH23: =AH99 -> 5460.427 | AI23: =AI99 -> 5330.5585 | AJ23: =AJ99 -> 5296.3631 | AK23: =AK99 -> 5262.6073 | AL23: =AL99 -> 5254.8808 | ... AP23: =AP99 -> 4896.3903 | AQ23: 65842.602 | AR23: 5186.8304 | AS23: 5285.8339 | AT23: 5317.0178 | AU23: 5213.2142 | AV23: 5197.2661 | AW23: 5206.8878 | AX23: 5195.6852 | AY23: 5244.8745 | AZ23: 5256.64 | BA23: 5252.9707 | BB23: 7567.8116 | BC23: 5917.5693 | BD23: =SUM(BE23:BP23) -> 67415.662 | BE23: =인건비!AT30 -> 5524.7868 | BF23: =인건비!AU30 -> 5575.3812 | BG23: =인건비!AV30 -> 5547.5005 | BH23: =인건비!AW30 -> 5745.7359 | BI23: =인건비!AX30 -> 5548.9957 | BJ23: =인건비!AY30 -> 5526.7988 | BK23: =인건비!AZ30 -> 5462.6341 | BL23: =인건비!BA30 -> 5519.4558 | ... BP23: =인건비!BE30 -> 5481.1175 | BQ23: =SUM(BR23:CC23) -> 70814.33 | BR23: =인건비!BG30+인건비!BG31 -> 5530.9239 | BS23: =인건비!BH30+인건비!BH31 -> 5641.2531 | BT23: =인건비!BI30+인건비!BI31 -> 5588.7795 | BU23: =인건비!BJ30+인건비!BJ31 -> 5728.7208 | BV23: =인건비!BK30+인건비!BK31 -> 5712.7678 | BW23: =인건비!BL30+인건비!BL31 -> 5710.7293 | BX23: =인건비!BM30+인건비!BM31 -> 5701.9205 | BY23: =인건비!BN30+인건비!BN31 -> 5789.4881 | ... CC23: =인건비!BR30+인건비!BR31 -> 6595.1968 | CD23: =SUM(CE23:CP23) -> 75411.307 | CE23: =인건비!BT30+인건비!BT31 -> 6133.5573 | CF23: =인건비!BU30+인건비!BU31 -> 6253.0501 | CG23: =인건비!BV30+인건비!BV31 -> 6264.889 | CH23: =인건비!BW30+인건비!BW31 -> 6301.6876 | CI23: =인건비!BX30+인건비!BX31 -> 6206.6479 | CJ23: =인건비!BY30+인건비!BY31 -> 6162.3233 | CK23: =인건비!BZ30+인건비!BZ31 -> 6110.6272 | CL23: =인건비!CA30+인건비!CA31 -> 6095.6246 | ... CP23: =인건비!CE30+인건비!CE31 -> 6179.6695 | CQ23: =SUM(CR23:DC23) -> 78841.412 | CR23: =CR99+CR147 -> 6405.4959 | CS23: =CS99+CS147 -> 6349.1689 | CT23: =CT99+CT147 -> 6376.7619 | CU23: =CU99+CU147 -> 6343.4948 | CV23: =CV99+CV147 -> 6357.9446 | CW23: =CW99+CW147 -> 6362.847 | CX23: =CX99+CX147 -> 6426.9049 | CY23: =CY99+CY147 -> 6412.2024 | ... DC23: =DC99+DC147 -> 6565.174 | DG23: =BQ23/BD23-1 -> 0.050413625 | DH23: =CD23/BQ23-1 -> 0.064915915 | DI23: =CQ23/CD23-1 -> 0.045485286 | DJ23: =BQ23-BD23 -> 3398.6679 | DK23: =CD23-BQ23 -> 4596.977 | DL23: =CQ23-CD23 -> 3430.1049
B24: 특별격려금 | Q24: =SUM(R24:AC24) -> 0 | AD24: =SUM(AE24:AP24) -> 0 | AQ24: 1840 | AR24: 0 | AS24: 0 | AT24: 0 | AU24: 0 | AV24: 0 | AW24: 0 | AX24: 0 | AY24: 0 | AZ24: 0 | BA24: 0 | BB24: 1840 | BC24: 0 | BD24: =SUM(BE24:BP24) -> 2363.4 | BE24: =인건비!AT32 -> 0 | BF24: =인건비!AU32 -> 0 | BG24: =인건비!AV32 -> 0 | BH24: =인건비!AW32 -> 0 | BI24: =인건비!AX32 -> 0 | BJ24: =인건비!AY32 -> 0 | BK24: =인건비!AZ32 -> 0 | BL24: =인건비!BA32 -> 0 | ... BP24: =인건비!BE32 -> 0 | BQ24: =SUM(BR24:CC24) -> 2357.4 | BR24: =인건비!BG32 -> 0 | BS24: =인건비!BH32 -> 0 | BT24: =인건비!BI32 -> 0 | BU24: =인건비!BJ32 -> 0 | BV24: =인건비!BK32 -> 0 | BW24: =인건비!BL32 -> 578.4 | BX24: =인건비!BM32 -> 0 | BY24: =인건비!BN32 -> 0 | ... CC24: =인건비!BR32 -> 0 | CD24: =SUM(CE24:CP24) -> 2896.5 | CE24: =인건비!BT32 -> 0 | CF24: =인건비!BU32 -> 0 | CG24: =인건비!BV32 -> 0 | CH24: =인건비!BW32 -> 0 | CI24: =인건비!BX32 -> 0 | CJ24: =인건비!BY32 -> 0 | CK24: =인건비!BZ32 -> 0 | CL24: =인건비!CA32 -> 0 | ... CP24: =인건비!CE32 -> 0 | CQ24: =SUM(CR24:DC24) -> 3000 | CR24: =CR100+CR148 -> 0 | CS24: =CS100+CS148 -> 0 | CT24: =CT100+CT148 -> 0 | CU24: =CU100+CU148 -> 0 | CV24: =CV100+CV148 -> 0 | CW24: =CW100+CW148 -> 0 | CX24: =CX100+CX148 -> 0 | CY24: =CY100+CY148 -> 0 | ... DC24: =DC100+DC148 -> 0 | DG24: =BQ24/BD24-1 -> -0.0025387154 | DH24: =CD24/BQ24-1 -> 0.22868414 | DI24: =CQ24/CD24-1 -> 0.035732781 | DJ24: =BQ24-BD24 -> -6 | DK24: =CD24-BQ24 -> 539.1 | DL24: =CQ24-CD24 -> 103.5
B25: 포상비 | Q25: =Q101 -> 317.3251 | R25: =R101 -> 0 | S25: =S101 -> 0 | T25: =T101 -> 13.675269 | U25: =U101 -> 0 | V25: =V101 -> 0 | W25: =W101 -> 15.875269 | X25: =X101 -> 1.3 | ... AC25: =AC101 -> 271.65217 | AD25: 396.97132 | AE25: =AE101 -> 8.802136 | AF25: =AF101 -> 8.802136 | AG25: =AG101 -> 10.602136 | AH25: =AH101 -> 10.962136 | AI25: =AI101 -> 10.602136 | AJ25: =AJ101 -> 12.282136 | AK25: =AK101 -> 10.362136 | AL25: =AL101 -> 10.122136 | ... AP25: =AP101 -> 31.899594 | AQ25: 741.52123 | AR25: 8.759362 | AS25: 160.15936 | AT25: 16.739362 | AU25: 22.444362 | AV25: 13.679362 | AW25: 11.039362 | AX25: 11.039362 | AY25: 96.358536 | AZ25: 10.439362 | BA25: 216.57812 | BB25: 14.279362 | BC25: 160.00532 | BD25: =SUM(BE25:BP25) -> 806.35911 | BE25: =인건비!AT34 -> 9.037043 | BF25: =인건비!AU34 -> 135.26564 | BG25: =인건비!AV34 -> 11.977043 | BH25: =인건비!AW34 -> 131.93752 | BI25: =인건비!AX34 -> 10.357043 | BJ25: =인건비!AY34 -> 10.597043 | BK25: =인건비!AZ34 -> 10.477043 | BL25: =인건비!BA34 -> 82.647043 | ... BP25: =인건비!BE34 -> 219.43183 | BQ25: =SUM(BR25:CC25) -> 707.79863 | BR25: =인건비!BG34 -> 10.320023 | BS25: =인건비!BH34 -> 15.840023 | BT25: =인건비!BI34 -> 15.840023 | BU25: =인건비!BJ34 -> 136.7782 | BV25: =인건비!BK34 -> 15.840023 | BW25: =인건비!BL34 -> 16.240023 | BX25: =인건비!BM34 -> 8.640023 | BY25: =인건비!BN34 -> 32.833488 | ... CC25: =인건비!BR34 -> 141.86274 | CD25: =SUM(CE25:CP25) -> 699.44121 | CE25: =인건비!BT34 -> 115.60305 | CF25: =인건비!BU34 -> 11.543053 | CG25: =인건비!BV34 -> 9.743053 | CH25: =인건비!BW34 -> 30.543053 | CI25: =인건비!BX34 -> 8.643053 | CJ25: =인건비!BY34 -> 21.243053 | CK25: =인건비!BZ34 -> 10.143053 | CL25: =인건비!CA34 -> 8.543053 | ... CP25: =인건비!CE34 -> 396.05763 | CQ25: =SUM(CR25:DC25) -> 710.47574 | CR25: =CR101+CR149 -> 19.904478 | CS25: =CS101+CS149 -> 71.522678 | CT25: =CT101+CT149 -> 69.668678 | CU25: =CU101+CU149 -> 41.092678 | CV25: =CV101+CV149 -> 38.535678 | CW25: =CW101+CW149 -> 31.513678 | CX25: =CX101+CX149 -> 43.506311 | CY25: =CY101+CY149 -> 43.506311 | ... DC25: =DC101+DC149 -> 220.70631 | DG25: =BQ25/BD25-1 -> -0.12222901 | DH25: =CD25/BQ25-1 -> -0.011807624 | DI25: =CQ25/CD25-1 -> 0.015776199 | DJ25: =BQ25-BD25 -> -98.560475 | DK25: =CD25-BQ25 -> -8.35742 | DL25: =CQ25-CD25 -> 11.034524
B26: 퇴직급여충당금 | Q26: =Q102 -> 7981.6239 | R26: =R102 -> 711.13695 | S26: =S102 -> 711.13695 | T26: =T102 -> 561.13695 | U26: =U102 -> 661.13695 | V26: =V102 -> 661.13695 | W26: =W102 -> 661.13695 | X26: =X102 -> 661.13695 | ... AC26: =AC102 -> 709.11742 | AD26: 8056.1611 | AE26: =AE102 -> 639.63321 | AF26: =AF102 -> 639.63321 | AG26: =AG102 -> 639.63321 | AH26: =AH102 -> 639.63321 | AI26: =AI102 -> 639.63321 | AJ26: =AJ102 -> 639.63321 | AK26: =AK102 -> 639.63321 | AL26: =AL102 -> 639.63321 | ... AP26: =AP102 -> 1020.1959 | AQ26: 7904.7271 | AR26: 677.14462 | AS26: 677.14462 | AT26: 677.14462 | AU26: 677.14462 | AV26: 677.14462 | AW26: 677.14462 | AX26: 677.14462 | AY26: 677.14462 | AZ26: 677.14462 | BA26: 677.14462 | BB26: 677.14462 | BC26: 456.13623 | BD26: =SUM(BE26:BP26) -> 7219.9387 | BE26: =인건비!AT36 -> 668.26682 | BF26: =인건비!AU36 -> 668.26682 | BG26: =인건비!AV36 -> 668.26682 | BH26: =인건비!AW36 -> 668.26682 | BI26: =인건비!AX36 -> 668.26682 | BJ26: =인건비!AY36 -> 668.26682 | BK26: =인건비!AZ36 -> 668.26682 | BL26: =인건비!BA36 -> 668.26682 | ... BP26: =인건비!BE36 -> -130.99632 | BQ26: =SUM(BR26:CC26) -> 8364.709 | BR26: =인건비!BG36 -> 646.57752 | BS26: =인건비!BH36 -> 646.57752 | BT26: =인건비!BI36 -> 646.57752 | BU26: =인건비!BJ36 -> 646.57752 | BV26: =인건비!BK36 -> 646.57752 | BW26: =인건비!BL36 -> 646.57752 | BX26: =인건비!BM36 -> 646.57752 | BY26: =인건비!BN36 -> 646.57752 | ... CC26: =인건비!BR36 -> 1252.3563 | CD26: =SUM(CE26:CP26) -> 10263.998 | CE26: =인건비!BT36 -> 743.62771 | CF26: =인건비!BU36 -> 743.62771 | CG26: =인건비!BV36 -> 743.62771 | CH26: =인건비!BW36 -> 743.62771 | CI26: =인건비!BX36 -> 743.62771 | CJ26: =인건비!BY36 -> 743.62771 | CK26: =인건비!BZ36 -> 743.62771 | CL26: =인건비!CA36 -> 743.62771 | ... CP26: =인건비!CE36 -> 2084.0936 | CQ26: =SUM(CR26:DC26) -> 11914 | CR26: =CR102+CR150 -> 729 | CS26: =CS102+CS150 -> 729 | CT26: =CT102+CT150 -> 729 | CU26: =CU102+CU150 -> 729 | CV26: =CV102+CV150 -> 729 | CW26: =CW102+CW150 -> 729 | CX26: =CX102+CX150 -> 729 | CY26: =CY102+CY150 -> 729 | ... DC26: =DC102+DC150 -> 3895 | DG26: =BQ26/BD26-1 -> 0.15855678 | DH26: =CD26/BQ26-1 -> 0.22705982 | DI26: =CQ26/CD26-1 -> 0.16075622 | DJ26: =BQ26-BD26 -> 1144.7703 | DK26: =CD26-BQ26 -> 1899.2894 | DL26: =CQ26-CD26 -> 1650.0016
B27: 복리후생비 | Q27: =Q103 -> 19718.814 | R27: =R103 -> 1731.7559 | S27: =S103 -> 1489.2027 | T27: =T103 -> 1540.7449 | U27: =U103 -> 2014.3257 | V27: =V103 -> 1785.2702 | W27: =W103 -> 1681.7369 | X27: =X103 -> 1482.5928 | ... AC27: =AC103 -> 2166.8159 | AD27: 20731.25 | AE27: =AE103 -> 1276.4321 | AF27: =AF103 -> 1384.0053 | AG27: =AG103 -> 1355.7025 | AH27: =AH103 -> 1383.0912 | AI27: =AI103 -> 1541.4252 | AJ27: =AJ103 -> 2099.4008 | AK27: =AK103 -> 1570.2961 | AL27: =AL103 -> 1725.6688 | ... AP27: =AP103 -> 3030.8062 | AQ27: 26791.96 | AR27: 1483.2085 | AS27: 1440.3403 | AT27: 2093.6414 | AU27: 1906.1436 | AV27: 2405.6773 | AW27: 2577.1377 | AX27: 2788.8522 | AY27: 2269.6239 | AZ27: 3476.9123 | BA27: 2227.3806 | BB27: 1652.0596 | BC27: 2470.9824 | BD27: =SUM(BE27:BP27) -> 28324.856 | BE27: =인건비!AT37 -> 2151.5121 | BF27: =인건비!AU37 -> 1940.4936 | BG27: =인건비!AV37 -> 2791.0483 | BH27: =인건비!AW37 -> 2659.1481 | BI27: =인건비!AX37 -> 2378.5202 | BJ27: =인건비!AY37 -> 2166.5763 | BK27: =인건비!AZ37 -> 2254.983 | BL27: =인건비!BA37 -> 2017.634 | ... BP27: =인건비!BE37 -> 2497.2385 | BQ27: =SUM(BR27:CC27) -> 30103.897 | BR27: =인건비!BG37 -> 1671.1529 | BS27: =인건비!BH37 -> 2642.0654 | BT27: =인건비!BI37 -> 2323.5422 | BU27: =인건비!BJ37 -> 2294.2253 | BV27: =인건비!BK37 -> 2207.0231 | BW27: =인건비!BL37 -> 2448.7784 | BX27: =인건비!BM37 -> 2255.7873 | BY27: =인건비!BN37 -> 2703.7428 | ... CC27: =인건비!BR37 -> 3545.3843 | CD27: =SUM(CE27:CP27) -> 33976.063 | CE27: =인건비!BT37 -> 2119.9558 | CF27: =인건비!BU37 -> 1860.3786 | CG27: =인건비!BV37 -> 2792.8682 | CH27: =인건비!BW37 -> 2584.7024 | CI27: =인건비!BX37 -> 2536.1255 | CJ27: =인건비!BY37 -> 4013.8688 | CK27: =인건비!BZ37 -> 2992.8871 | CL27: =인건비!CA37 -> 3387.017 | ... CP27: =인건비!CE37 -> 3470.5973 | CQ27: =SUM(CR27:DC27) -> 34406.549 | CR27: =CR103+CR151 -> 2483.668 | CS27: =CS103+CS151 -> 2654.4944 | CT27: =CT103+CT151 -> 2583.7796 | CU27: =CU103+CU151 -> 2731.5078 | CV27: =CV103+CV151 -> 2587.6193 | CW27: =CW103+CW151 -> 3759.677 | CX27: =CX103+CX151 -> 2660.4305 | CY27: =CY103+CY151 -> 3039.0647 | ... DC27: =DC103+DC151 -> 3444.999 | DG27: =BQ27/BD27-1 -> 0.062808498 | DH27: =CD27/BQ27-1 -> 0.12862673 | DI27: =CQ27/CD27-1 -> 0.012670262 | DJ27: =BQ27-BD27 -> 1779.0416 | DK27: =CD27-BQ27 -> 3872.166 | DL27: =CQ27-CD27 -> 430.48562
B28: 마케팅비용 | Q28: =Q104 -> 30979.457 | R28: =R104 -> 1580.7569 | S28: =S104 -> 1565.6174 | T28: =T104 -> 1829.9156 | U28: =U104 -> 1901.1032 | V28: =V104 -> 2366.7804 | W28: =W104 -> 2287.7366 | X28: =X104 -> 2724.1441 | ... AC28: =AC104 -> 4022.9439 | AD28: 35947.571 | AE28: =AE104 -> 2180.0728 | AF28: =AF104 -> 2591.9361 | AG28: =AG104 -> 2608.6665 | AH28: =AH104 -> 2188.2347 | AI28: =AI104 -> 2948.9549 | AJ28: =AJ104 -> 2680.0679 | AK28: =AK104 -> 2442.3402 | AL28: =AL104 -> 2435.8798 | ... AP28: =AP104 -> 5702.6608 | AQ28: 52287.223 | AR28: 1411.1972 | AS28: 3479.7991 | AT28: 4042.2042 | AU28: 3415.4928 | AV28: 3614.9873 | AW28: 3588.5015 | AX28: 3419.5826 | AY28: 4084.1606 | AZ28: 4816.7538 | BA28: 3587.409 | BB28: 2626.9001 | BC28: 14200.235 | BD28: =SUM(BD29:BD31) -> 52196.061 | BE28: =SUM(BE29:BE31) -> 1067.9466 | BF28: =SUM(BF29:BF31) -> 3184.1216 | BG28: =SUM(BG29:BG31) -> 2951.2413 | BH28: =SUM(BH29:BH31) -> 2336.4959 | BI28: =SUM(BI29:BI31) -> 2660.2807 | BJ28: =SUM(BJ29:BJ31) -> 6279.9808 | BK28: =SUM(BK29:BK31) -> 3964.0826 | ... DC28: =SUM(DC29:DC31) -> 4318.8914 | DG28: =BQ28/BD28-1 -> -0.33822185 | DH28: =CD28/BQ28-1 -> 0.29794727 | DI28: =CQ28/CD28-1 -> 0.016802257 | DJ28: =BQ28-BD28 -> -17653.848 | DK28: =CD28-BQ28 -> 10291.758 | DL28: =CQ28-CD28 -> 753.31188
B29: 판매수수료 | Q29: =Q105 -> 19775.607 | R29: =R105 -> 992.55164 | S29: =S105 -> 907.36839 | T29: =T105 -> 1008.5404 | U29: =U105 -> 1187.8642 | V29: =V105 -> 1466.1984 | W29: =W105 -> 1422.3798 | X29: =X105 -> 2068.8051 | ... AC29: =AC105 -> 1780.1145 | AD29: 26739.311 | AE29: =AE105 -> 1725.4342 | AF29: =AF105 -> 2200.7861 | AG29: =AG105 -> 1987.5193 | AH29: =AH105 -> 1658.054 | AI29: =AI105 -> 2379.6793 | AJ29: =AJ105 -> 2060.4544 | AK29: =AK105 -> 1953.91 | AL29: =AL105 -> 1580.5624 | ... AP29: =AP105 -> 4190.5963 | AQ29: 39025.756 | AR29: 950.99256 | AS29: 2719.1556 | AT29: 3408.1603 | AU29: 2843.7597 | AV29: 2826.8426 | AW29: 2925.5939 | AX29: 2968.5657 | AY29: 2986.1494 | AZ29: 3940.2311 | BA29: 2627.4668 | BB29: 1930.7553 | BC29: 8898.083 | BD29: =SUM(BE29:BP29) -> 32305.885 | BE29: =무선!AS282 -> 684.52379 | BF29: =무선!AT282 -> 2521.5926 | BG29: =무선!AU282 -> 2332.9442 | BH29: =무선!AV282 -> 1847.3232 | BI29: =무선!AW282 -> 2126.155 | BJ29: =무선!AX282 -> 3651.0204 | BK29: =무선!AY282 -> 3186.521 | BL29: =무선!AZ282 -> 2814.6494 | ... BP29: =무선!BD282 -> 1934.1758 | BQ29: =SUM(BR29:CC29) -> 16745.85 | BR29: =무선!BF282 -> 1536.6758 | BS29: =무선!BG282 -> 820.50925 | BT29: =무선!BH282 -> 1104.2471 | BU29: =무선!BI282 -> 990.16139 | BV29: =무선!BJ282 -> 928.17297 | BW29: =무선!BK282 -> 685.54462 | BX29: =무선!BL282 -> 1789.2586 | BY29: =무선!BM282 -> 1087.8145 | ... CC29: =무선!BQ282 -> 1384.9412 | CD29: =SUM(CE29:CP29) -> 15427.886 | CE29: =무선!BS282 -> 609.35523 | CF29: =무선!BT282 -> 1030.4066 | CG29: =무선!BU282 -> 907.80226 | CH29: =무선!BV282 -> 765.68158 | CI29: =무선!BW282 -> 1584.6036 | CJ29: =무선!BX282 -> 1587.8933 | CK29: =무선!BY282 -> 746.60656 | CL29: =무선!BZ282 -> 535.27087 | ... CP29: =무선!CD282 -> 1744.4953 | CQ29: =SUM(CR29:DC29) -> 16897.314 | CR29: =CR105+CR153 -> 1224.3714 | CS29: =CS105+CS153 -> 952.34434 | CT29: =CT105+CT153 -> 1376.5924 | CU29: =CU105+CU153 -> 1489.7275 | CV29: =CV105+CV153 -> 1509.5894 | CW29: =CW105+CW153 -> 1516.2354 | CX29: =CX105+CX153 -> 1546.2511 | CY29: =CY105+CY153 -> 1416.2354 | ... DC29: =DC105+DC153 -> 942.37088 | DG29: =BQ29/BD29-1 -> -0.48164708 | DH29: =CD29/BQ29-1 -> -0.078703937 | DI29: =CQ29/CD29-1 -> 0.095244948 | DJ29: =BQ29-BD29 -> -15560.035 | DK29: =CD29-BQ29 -> -1317.9643 | DL29: =CQ29-CD29 -> 1469.4282
B30: 판매촉진비 | Q30: =Q106 -> 10894.413 | R30: =R106 -> 583.32224 | S30: =S106 -> 652.25816 | T30: =T106 -> 783.46397 | U30: =U106 -> 701.94219 | V30: =V106 -> 891.49316 | W30: =W106 -> 818.2007 | X30: =X106 -> 644.93925 | ... AC30: =AC106 -> 2155.3454 | AD30: 7152.4172 | AE30: =AE106 -> 426.19736 | AF30: =AF106 -> 378.2073 | AG30: =AG106 -> 578.27761 | AH30: =AH106 -> 522.95593 | AI30: =AI106 -> 593.16883 | AJ30: =AJ106 -> 584.62416 | AK30: =AK106 -> 487.12611 | AL30: =AL106 -> 838.31738 | ... AP30: =AP106 -> 1233.5645 | AQ30: 13200.522 | AR30: 460.20462 | AS30: 760.64352 | AT30: 618.44386 | AU30: 571.73312 | AV30: 788.14468 | AW30: 650.30755 | AX30: 450.47145 | AY30: 1098.0112 | AZ30: 863.92265 | BA30: 952.94223 | BB30: 696.14487 | BC30: 5289.5519 | BD30: =SUM(BE30:BP30) -> 19765.911 | BE30: =무선!AS289+무선!AS294+유선!AS72+유선!AS74+무선!AS295 -> 383.42282 | BF30: =무선!AT289+무선!AT294+유선!AT72+유선!AT74+무선!AT295 -> 662.52907 | BG30: =무선!AU289+무선!AU294+유선!AU72+유선!AU74+무선!AU295 -> 615.48808 | BH30: =무선!AV289+무선!AV294+유선!AV72+유선!AV74+무선!AV295 -> 488.17269 | BI30: =무선!AW289+무선!AW294+유선!AW72+유선!AW74+무선!AW295 -> 533.14391 | BJ30: =무선!AX289+무선!AX294+유선!AX72+유선!AX74+무선!AX295 -> 2628.124 | BK30: =무선!AY289+무선!AY294+유선!AY72+유선!AY74+무선!AY295 -> 745.41615 | BL30: =무선!AZ289+무선!AZ294+유선!AZ72+유선!AZ74+무선!AZ295 -> 902.24237 | ... BP30: =무선!BD289+무선!BD294+유선!BD72+유선!BD74+무선!BD295 -> 5708.4023 | BQ30: =SUM(BR30:CC30) -> 17547.417 | BR30: =무선!BF289+무선!BF294+유선!BF72+유선!BF74 -> 3088.1655 | BS30: =무선!BG289+무선!BG294+유선!BG72+유선!BG74+무선!BG295 -> 771.05125 | BT30: =무선!BH289+무선!BH294+유선!BH72+유선!BH74+무선!BH295 -> 589.9621 | BU30: =무선!BI289+무선!BI294+유선!BI72+유선!BI74+무선!BI295 -> 1074.0221 | BV30: =무선!BJ289+무선!BJ294+유선!BJ72+유선!BJ74+무선!BJ295 -> 641.47133 | BW30: =무선!BK289+무선!BK294+유선!BK72+유선!BK74+무선!BK295 -> 859.98171 | BX30: =무선!BL289+무선!BL294+유선!BL72+유선!BL74+무선!BL295 -> 1276.934 | BY30: =무선!BM289+무선!BM294+유선!BM72+유선!BM74+무선!BM295 -> 1189.6321 | BZ30: =무선!BN289+무선!BN294+유선!BN72+유선!BN74+무선!BN295 -> 3311.7933 | ... CC30: =무선!BQ289+무선!BQ294+유선!BQ72+유선!BQ74+무선!BQ295 -> 993.83545 | CD30: =SUM(CE30:CP30) -> 28784.266 | CE30: =무선!BS289+무선!BS294+유선!BS72+유선!BS74 -> 2828.5798 | CF30: =무선!BT289+무선!BT294+유선!BT72+유선!BT74 -> 1297.5017 | CG30: =무선!BU289+무선!BU294+유선!BU72+유선!BU74 -> 673.45115 | CH30: =무선!BV289+무선!BV294+유선!BV72+유선!BV74 -> 1150.281 | CI30: =무선!BW289+무선!BW294+유선!BW72+유선!BW74 -> 1247.7606 | CJ30: =무선!BX289+무선!BX294+유선!BX72+유선!BX74 -> 1847.9929 | CK30: =무선!BY289+무선!BY294+유선!BY72+유선!BY74 -> 3969.3809 | CL30: =무선!BZ289+무선!BZ294+유선!BZ72+유선!BZ74 -> 1549.3479 | ... CP30: =무선!CD289+무선!CD294+유선!CD72+유선!CD74 -> 5257.8218 | CQ30: =SUM(CR30:DC30) -> 28059.804 | CR30: =CR106+CR154 -> 2005.6336 | CS30: =CS106+CS154 -> 1919.3487 | CT30: =CT106+CT154 -> 2072.1392 | CU30: =CU106+CU154 -> 1851.1161 | CV30: =CV106+CV154 -> 1854.0695 | CW30: =CW106+CW154 -> 2539.6819 | CX30: =CX106+CX154 -> 2474.866 | CY30: =CY106+CY154 -> 1899.3135 | ... DC30: =DC106+DC154 -> 3324.0068 | DG30: =BQ30/BD30-1 -> -0.11223836 | DH30: =CD30/BQ30-1 -> 0.64037051 | DI30: =CQ30/CD30-1 -> -0.025168691 | DJ30: =BQ30-BD30 -> -2218.4935 | DK30: =CD30-BQ30 -> 11236.849 | DL30: =CQ30-CD30 -> -724.46228
B31: 광고선전비 | Q31: =Q107 -> 309.43682 | R31: =R107 -> 4.883 | S31: =S107 -> 5.99085 | T31: =T107 -> 37.91125 | U31: =U107 -> 11.29675 | V31: =V107 -> 9.08886 | W31: =W107 -> 47.15605 | X31: =X107 -> 10.39968 | ... AC31: =AC107 -> 87.483998 | AD31: 2055.8424 | AE31: =AE107 -> 28.441258 | AF31: =AF107 -> 12.942661 | AG31: =AG107 -> 42.869608 | AH31: =AH107 -> 7.22482 | AI31: =AI107 -> -23.89329 | AJ31: =AJ107 -> 34.98932 | AK31: =AK107 -> 1.30402 | AL31: =AL107 -> 17 | ... AP31: =AP107 -> 278.5 | AQ31: 60.945455 | AR31: 0 | AS31: 0 | AT31: 15.6 | AU31: 0 | AV31: 0 | AW31: 12.6 | AX31: 0.545455 | AY31: 0 | AZ31: 12.6 | BA31: 7 | BB31: 0 | BC31: 12.6 | BD31: =SUM(BE31:BP31) -> 124.26436 | BE31: =무선!AS298 -> 0 | BF31: =무선!AT298 -> 0 | BG31: =무선!AU298 -> 2.809091 | BH31: =무선!AV298 -> 1 | BI31: =무선!AW298 -> 0.981818 | BJ31: =무선!AX298 -> 0.836364 | BK31: =무선!AY298 -> 32.145454 | BL31: =무선!AZ298 -> 29.818 | ... BP31: =무선!BD298 -> 12.229454 | BQ31: =SUM(BR31:CC31) -> 248.94518 | BR31: =무선!BF298 -> 20.4 | BS31: =무선!BG298 -> 27.135909 | BT31: =무선!BH298 -> 0.381818 | BU31: =무선!BI298 -> 37.081818 | BV31: =무선!BJ298 -> 2.509091 | BW31: =무선!BK298 -> 2.922727 | BX31: =무선!BL298 -> 26.463636 | BY31: =무선!BM298 -> 12.990909 | ... CC31: =무선!BQ298 -> 32.849546 | CD31: =SUM(CE31:CP31) -> 621.81873 | CE31: =무선!BS297 -> 28.159 | CF31: =무선!BT297 -> 40.013727 | CG31: =무선!BU297 -> 18.813 | CH31: =무선!BV297 -> 38.266 | CI31: =무선!BW297 -> 27.242 | CJ31: =무선!BX297 -> 39.037 | CK31: =무선!BY297 -> 116.037 | CL31: =무선!BZ297 -> 72.41 | ... CP31: =무선!CD297 -> 98.89 | CQ31: =SUM(CR31:DC31) -> 630.16472 | CR31: =CR107+CR155 -> 52.513727 | CS31: =CS107+CS155 -> 52.513727 | CT31: =CT107+CT155 -> 52.513727 | CU31: =CU107+CU155 -> 52.513727 | CV31: =CV107+CV155 -> 52.513727 | CW31: =CW107+CW155 -> 52.513727 | CX31: =CX107+CX155 -> 52.513727 | CY31: =CY107+CY155 -> 52.513727 | ... DC31: =DC107+DC155 -> 52.513727 | DG31: =BQ31/BD31-1 -> 1.0033514 | DH31: =CD31/BQ31-1 -> 1.4978139 | DI31: =CQ31/CD31-1 -> 0.0134219 | DJ31: =BQ31-BD31 -> 124.68082 | DK31: =CD31-BQ31 -> 372.87355 | DL31: =CQ31-CD31 -> 8.345989
B32: 임차관리비 | Q32: =Q108 -> 5615.1741 | R32: =R108 -> 1159.7407 | S32: =S108 -> 1047.4318 | T32: =T108 -> -605.85149 | U32: =U108 -> 984.27788 | V32: =V108 -> 987.62554 | W32: =W108 -> -610.23281 | X32: =X108 -> 993.09551 | ... AC32: =AC108 -> -626.04693 | AD32: 5137.7624 | AE32: =AE108 -> 959.96665 | AF32: =AF108 -> 942.77649 | AG32: =AG108 -> -527.64109 | AH32: =AH108 -> 879.69588 | AI32: =AI108 -> 853.7728 | AJ32: =AJ108 -> -538.79821 | AK32: =AK108 -> 888.99098 | AL32: =AL108 -> 897.29632 | ... AP32: =AP108 -> -443.52125 | AQ32: 6060.2939 | AR32: 886.95041 | AS32: 875.13991 | AT32: -377.94869 | AU32: 850.71564 | AV32: 863.27472 | AW32: -386.60054 | AX32: 854.33068 | AY32: 973.183 | AZ32: -266.17801 | BA32: 1032.735 | BB32: 1031.551 | BC32: -276.85929 | BD32: =SUM(BE32:BP32) -> 6422.9032 | BE32: =SUM(BE33:BE34) -> 1092.4286 | BF32: =SUM(BF33:BF34) -> 1102.049 | BG32: =SUM(BG33:BG34) -> -580.464 | BH32: =SUM(BH33:BH34) -> 1021.9751 | BI32: =SUM(BI33:BI34) -> 1016.9357 | BJ32: =SUM(BJ33:BJ34) -> -404.39472 | BK32: =SUM(BK33:BK34) -> 1029.5732 | BL32: =SUM(BL33:BL34) -> 1111.4838 | ... BP32: =SUM(BP33:BP34) -> -526.18351 | BQ32: =SUM(BR32:CC32) -> 6090.3768 | BR32: =SUM(BR33:BR34) -> 1057.9903 | BS32: =SUM(BS33:BS34) -> 1085.0542 | BT32: =SUM(BT33:BT34) -> -410.60644 | BU32: =SUM(BU33:BU34) -> 1030.6897 | BV32: =SUM(BV33:BV34) -> 1020.3262 | BW32: =SUM(BW33:BW34) -> -475.55993 | BX32: =SUM(BX33:BX34) -> 1116.7045 | BY32: =SUM(BY33:BY34) -> 1086.8685 | ... CC32: =SUM(CC33:CC34) -> -666.29302 | CD32: =SUM(CE32:CP32) -> 5315.1674 | CE32: =SUM(CE33:CE34) -> 971.51188 | CF32: =SUM(CF33:CF34) -> 963.81851 | CG32: =SUM(CG33:CG34) -> -592.14587 | CH32: =SUM(CH33:CH34) -> 921.80414 | CI32: =SUM(CI33:CI34) -> 914.81608 | CJ32: =SUM(CJ33:CJ34) -> -652.23599 | CK32: =SUM(CK33:CK34) -> 952.83527 | CL32: =SUM(CL33:CL34) -> 999.40479 | ... CP32: =SUM(CP33:CP34) -> -593.32801 | CQ32: =SUM(CR32:DC32) -> 5474.1124 | CR32: =SUM(CR33:CR34) -> 992.49668 | CS32: =SUM(CS33:CS34) -> 998.27844 | CT32: =SUM(CT33:CT34) -> -626.41547 | CU32: =SUM(CU33:CU34) -> 997.93306 | CV32: =SUM(CV33:CV34) -> 998.6559 | CW32: =SUM(CW33:CW34) -> -633.51769 | CX32: =SUM(CX33:CX34) -> 997.76159 | CY32: =SUM(CY33:CY34) -> 998.40839 | ... DC32: =SUM(DC33:DC34) -> -629.65967 | DG32: =BQ32/BD32-1 -> -0.051771978 | DH32: =CD32/BQ32-1 -> -0.12728431 | DI32: =CQ32/CD32-1 -> 0.029904052 | DJ32: =BQ32-BD32 -> -332.5264 | DK32: =CD32-BQ32 -> -775.20941 | DL32: =CQ32-CD32 -> 158.94504
B33: 임차료 | Q33: =Q109 -> 4785.5893 | R33: =R109 -> 1077.1939 | S33: =S109 -> 968.50991 | T33: =T109 -> -681.5833 | U33: =U109 -> 922.98003 | V33: =V109 -> 930.22236 | W33: =W109 -> -666.88316 | X33: =X109 -> 922.60433 | ... AC33: =AC109 -> -696.86132 | AD33: 4401.4293 | AE33: =AE109 -> 883.57936 | AF33: =AF109 -> 859.0187 | AG33: =AG109 -> -593.34228 | AH33: =AH109 -> 830.42421 | AI33: =AI109 -> 810.32144 | AJ33: =AJ109 -> -587.47841 | AK33: =AK109 -> 821.27809 | AL33: =AL109 -> 819.52794 | ... AP33: =AP109 -> -502.61335 | AQ33: 5303.6947 | AR33: 816.26683 | AS33: 796.30424 | AT33: -446.08008 | AU33: 801.09305 | AV33: 814.70825 | AW33: -436.2109 | AX33: 788.6626 | AY33: 897.21021 | AZ33: -337.53263 | BA33: 974.63419 | BB33: 974.46555 | BC33: -339.82667 | BD33: =SUM(BE33:BP33) -> 5542.3486 | BE33: =인프라!AS25 -> 1006.7227 | BF33: =인프라!AT25 -> 1007.9497 | BG33: =인프라!AU25 -> -659.7504 | BH33: =인프라!AV25 -> 961.63084 | BI33: =인프라!AW25 -> 962.99869 | BJ33: =인프라!AX25 -> -466.77411 | BK33: =인프라!AY25 -> 956.11005 | BL33: =인프라!AZ25 -> 1015.3815 | ... BP33: =인프라!BD25 -> -596.12164 | BQ33: =SUM(BR33:CC33) -> 5190.9478 | BR33: =인프라!BF25 -> 976.62714 | BS33: =인프라!BG25 -> 991.95291 | BT33: =인프라!BH25 -> -485.25514 | BU33: =인프라!BI25 -> 969.43936 | BV33: =인프라!BJ25 -> 962.87926 | BW33: =인프라!BK25 -> -536.36932 | BX33: =인프라!BL25 -> 1038.1918 | BY33: =인프라!BM25 -> 988.43124 | ... CC33: =인프라!BQ25 -> -738.61428 | CD33: =SUM(CE33:CP33) -> 4488.5558 | CE33: =인프라!BS25 -> 889.45883 | CF33: =인프라!BT25 -> 875.80791 | CG33: =인프라!BU25 -> -674.42279 | CH33: =인프라!BV25 -> 863.68534 | CI33: =인프라!BW25 -> 861.79002 | CJ33: =인프라!BX25 -> -709.25131 | CK33: =인프라!BY25 -> 880.66315 | CL33: =인프라!BZ25 -> 916.12363 | ... CP33: =인프라!CD25 -> -650.82548 | CQ33: =SUM(CR33:DC33) -> 4578.0936 | CR33: =CR109+CR157 -> 923.46979 | CS33: =CS109+CS157 -> 923.58194 | CT33: =CT109+CT157 -> -701.11197 | CU33: =CU109+CU157 -> 923.23656 | CV33: =CV109+CV157 -> 923.9594 | CW33: =CW109+CW157 -> -708.21419 | CX33: =CX109+CX157 -> 923.06509 | CY33: =CY109+CY157 -> 923.71189 | ... DC33: =DC109+DC157 -> -703.68656 | DG33: =BQ33/BD33-1 -> -0.063402871 | DH33: =CD33/BQ33-1 -> -0.13531093 | DI33: =CQ33/CD33-1 -> 0.019948021 | DJ33: =BQ33-BD33 -> -351.40082 | DK33: =CD33-BQ33 -> -702.39195 | DL33: =CQ33-CD33 -> 89.537807
B34: 수도광열비 | Q34: =Q110 -> 829.58481 | R34: =R110 -> 82.546761 | S34: =S110 -> 78.921929 | T34: =T110 -> 75.731809 | U34: =U110 -> 61.297843 | V34: =V110 -> 57.403175 | W34: =W110 -> 56.650343 | X34: =X110 -> 70.491185 | ... AC34: =AC110 -> 70.814392 | AD34: 736.33307 | AE34: =AE110 -> 76.387294 | AF34: =AF110 -> 83.757787 | AG34: =AG110 -> 65.701191 | AH34: =AH110 -> 49.271671 | AI34: =AI110 -> 43.451366 | AJ34: =AJ110 -> 48.680199 | AK34: =AK110 -> 67.712889 | AL34: =AL110 -> 77.768382 | ... AP34: =AP110 -> 59.092102 | AQ34: 756.59927 | AR34: 70.683579 | AS34: 78.835669 | AT34: 68.131388 | AU34: 49.622595 | AV34: 48.566465 | AW34: 49.610357 | AX34: 65.668082 | AY34: 75.97279 | AZ34: 71.354616 | BA34: 58.100857 | BB34: 57.085496 | BC34: 62.967375 | BD34: =SUM(BE34:BP34) -> 880.55462 | BE34: =인프라!AS32 -> 85.705912 | BF34: =인프라!AT32 -> 94.099297 | BG34: =인프라!AU32 -> 79.2864 | BH34: =인프라!AV32 -> 60.344215 | BI34: =인프라!AW32 -> 53.936983 | BJ34: =인프라!AX32 -> 62.379388 | BK34: =인프라!AY32 -> 73.463151 | BL34: =인프라!AZ32 -> 96.102294 | ... BP34: =인프라!BD32 -> 69.938127 | BQ34: =SUM(BR34:CC34) -> 899.42904 | BR34: =인프라!BF32 -> 81.363117 | BS34: =인프라!BG32 -> 93.101247 | BT34: =인프라!BH32 -> 74.648701 | BU34: =인프라!BI32 -> 61.250384 | BV34: =인프라!BJ32 -> 57.446894 | BW34: =인프라!BK32 -> 60.809388 | BX34: =인프라!BL32 -> 78.512665 | BY34: =인프라!BM32 -> 98.43731 | ... CC34: =인프라!BQ32 -> 72.321263 | CD34: =SUM(CE34:CP34) -> 826.61158 | CE34: =인프라!BS32 -> 82.053048 | CF34: =인프라!BT32 -> 88.010606 | CG34: =인프라!BU32 -> 82.276914 | CH34: =인프라!BV32 -> 58.118793 | CI34: =인프라!BW32 -> 53.026055 | CJ34: =인프라!BX32 -> 57.015319 | CK34: =인프라!BY32 -> 72.172119 | CL34: =인프라!BZ32 -> 83.281161 | ... CP34: =인프라!CD32 -> 57.49747 | CQ34: =SUM(CR34:DC34) -> 896.01881 | CR34: =CR110+CR158 -> 69.026894 | CS34: =CS110+CS158 -> 74.696502 | CT34: =CT110+CT158 -> 74.696502 | CU34: =CU110+CU158 -> 74.696502 | CV34: =CV110+CV158 -> 74.696502 | CW34: =CW110+CW158 -> 74.696502 | CX34: =CX110+CX158 -> 74.696502 | CY34: =CY110+CY158 -> 74.696502 | ... DC34: =DC110+DC158 -> 74.026894 | DG34: =BQ34/BD34-1 -> 0.021434687 | DH34: =CD34/BQ34-1 -> -0.080959651 | DI34: =CQ34/CD34-1 -> 0.083965962 | DJ34: =BQ34-BD34 -> 18.874413 | DK34: =CD34-BQ34 -> -72.817461 | DL34: =CQ34-CD34 -> 69.407236
B35: 감가상각비 | Q35: =Q111 -> 7701.4169 | R35: =R111 -> 184.4195 | S35: =S111 -> 179.0879 | T35: =T111 -> 1757.2635 | U35: =U111 -> 169.22991 | V35: =V111 -> 163.72881 | W35: =W111 -> 1647.3229 | X35: =X111 -> 156.14584 | ... AC35: =AC111 -> 1482.0513 | AD35: 6408.2964 | AE35: =AE111 -> 122.0677 | AF35: =AF111 -> 121.3347 | AG35: =AG111 -> 1454.0483 | AH35: =AH111 -> 119.72864 | AI35: =AI111 -> 117.01975 | AJ35: =AJ111 -> 1409.0149 | AK35: =AK111 -> 113.79749 | AL35: =AL111 -> 113.43646 | ... AP35: =AP111 -> 1257.087 | AQ35: 6129.8075 | AR35: 109.30769 | AS35: 109.18753 | AT35: 1263.7526 | AU35: 112.92596 | AV35: 111.94171 | AW35: 1227.2413 | AX35: 111.20828 | AY35: 110.80226 | AZ35: 1378.101 | BA35: 69.966214 | BB35: 70.322174 | BC35: 1455.0508 | BD35: =SUM(BE35:BP35) -> 6436.8374 | BE35: =SUM(BE36:BE37) -> 74.262207 | BF35: =SUM(BF36:BF37) -> 77.44554 | BG35: =SUM(BG36:BG37) -> 1441.6924 | BH35: =SUM(BH36:BH37) -> 78.998683 | BI35: =SUM(BI36:BI37) -> 79.131074 | BJ35: =SUM(BJ36:BJ37) -> 1450.3236 | BK35: =SUM(BK36:BK37) -> 90.104267 | BL35: =SUM(BL36:BL37) -> 88.435212 | ... BP35: =SUM(BP36:BP37) -> 1415.6612 | BQ35: =SUM(BR35:CC35) -> 6365.9272 | BR35: =SUM(BR36:BR37) -> 87.261594 | BS35: =SUM(BS36:BS37) -> 67.63382 | BT35: =SUM(BT36:BT37) -> 1419.3982 | BU35: =SUM(BU36:BU37) -> 68.55932 | BV35: =SUM(BV36:BV37) -> 68.502802 | BW35: =SUM(BW36:BW37) -> 1431.3232 | BX35: =SUM(BX36:BX37) -> 66.797169 | BY35: =SUM(BY36:BY37) -> 66.797169 | ... CC35: =SUM(CC36:CC37) -> 1458.2854 | CD35: =SUM(CE35:CP35) -> 6388.1613 | CE35: =SUM(CE36:CE37) -> 65.42659 | CF35: =SUM(CF36:CF37) -> 65.42659 | CG35: =SUM(CG36:CG37) -> 1460.6177 | CH35: =SUM(CH36:CH37) -> 64.824418 | CI35: =SUM(CI36:CI37) -> 64.533783 | CJ35: =SUM(CJ36:CJ37) -> 1450.0262 | CK35: =SUM(CK36:CK37) -> 64.204667 | CL35: =SUM(CL36:CL37) -> 64.204667 | ... CP35: =SUM(CP36:CP37) -> 1484.5402 | CQ35: =SUM(CR35:DC35) -> 6035.7089 | CR35: =SUM(CR36:CR37) -> 38.483934 | CS35: =SUM(CS36:CS37) -> 38.483934 | CT35: =SUM(CT36:CT37) -> 1382.5054 | CU35: =SUM(CU36:CU37) -> 43.483934 | CV35: =SUM(CV36:CV37) -> 43.483934 | CW35: =SUM(CW36:CW37) -> 1387.5054 | CX35: =SUM(CX36:CX37) -> 43.483934 | CY35: =SUM(CY36:CY37) -> 43.483934 | ... DC35: =SUM(DC36:DC37) -> 1430.6662 | DG35: =BQ35/BD35-1 -> -0.011016309 | DH35: =CD35/BQ35-1 -> 0.0034926842 | DI35: =CQ35/CD35-1 -> -0.055172754 | DJ35: =BQ35-BD35 -> -70.91019 | DK35: =CD35-BQ35 -> 22.234173 | DL35: =CQ35-CD35 -> -352.45245
B36: 감가상각비 | Q36: =Q112 -> 6502.1987 | R36: =R112 -> 71.165348 | S36: =S112 -> 67.416583 | T36: =T112 -> 1654.4916 | U36: =U112 -> 58.074333 | V36: =V112 -> 55.906359 | W36: =W112 -> 1547.6255 | X36: =X112 -> 49.673056 | ... AC36: =AC112 -> 1406.1265 | AD36: 5412.4315 | AE36: =AE112 -> 33.018979 | AF36: =AF112 -> 32.285978 | AG36: =AG112 -> 1376.0398 | AH36: =AH112 -> 29.93782 | AI36: =AI112 -> 27.812015 | AJ36: =AJ112 -> 1333.9321 | AK36: =AK112 -> 27.422918 | AL36: =AL112 -> 27.561744 | ... AP36: =AP112 -> 1185.3244 | AQ36: 5274.9551 | AR36: 26.422042 | AS36: 26.422042 | AT36: 1186.1121 | AU36: 30.155384 | AV36: 29.171126 | AW36: 1146.4508 | AX36: 30.176125 | AY36: 30.011767 | AZ36: 1328.3109 | BA36: 18.70948 | BB36: 19.065435 | BC36: 1403.9479 | BD36: =SUM(BE36:BP36) -> 5857.9385 | BE36: =(감가상각비!AS11+감가상각비!AS18)/1000000-감가상각비!AS50 -> 23.160227 | BF36: =(감가상각비!AT11+감가상각비!AT18)/1000000-감가상각비!AT50 -> 23.84356 | BG36: =(감가상각비!AU11+감가상각비!AU18)/1000000-감가상각비!AU50 -> 1386.4817 | BH36: =(감가상각비!AV11+감가상각비!AV18)/1000000-감가상각비!AV50 -> 23.550919 | BI36: =(감가상각비!AW11+감가상각비!AW18)/1000000-감가상각비!AW50 -> 23.683307 | BJ36: =(감가상각비!AX11+감가상각비!AX18)/1000000-감가상각비!AX50 -> 1403.7695 | BK36: =(감가상각비!AY11+감가상각비!AY18)/1000000-감가상각비!AY50 -> 43.550236 | BL36: =(감가상각비!AZ11+감가상각비!AZ18)/1000000-감가상각비!AZ50 -> 43.393707 | ... BP36: =(감가상각비!BD11+감가상각비!BD18)/1000000-감가상각비!BD50 -> 1374.4855 | BQ36: =SUM(BR36:CC36) -> 6083.2761 | BR36: =(감가상각비!BF11+감가상각비!BF18)/1000000-감가상각비!BF50 -> 46.08659 | BS36: =(감가상각비!BG11+감가상각비!BG18)/1000000-감가상각비!BG50 -> 45.29115 | BT36: =(감가상각비!BH11+감가상각비!BH18)/1000000-감가상각비!BH50 -> 1397.0555 | BU36: =(감가상각비!BI11+감가상각비!BI18)/1000000-감가상각비!BI50 -> 45.979616 | BV36: =(감가상각비!BJ11+감가상각비!BJ18)/1000000-감가상각비!BJ50 -> 45.923098 | BW36: =(감가상각비!BK11+감가상각비!BK18)/1000000-감가상각비!BK50 -> 1409.4382 | BX36: =(감가상각비!BL11+감가상각비!BL18)/1000000-감가상각비!BL50 -> 44.912265 | BY36: =(감가상각비!BM11+감가상각비!BM18)/1000000-감가상각비!BM50 -> 44.912265 | ... CC36: =(감가상각비!BQ11+감가상각비!BQ18)/1000000-감가상각비!BQ50 -> 1437.4653 | CD36: =SUM(CE36:CP36) -> 6140.1567 | CE36: =(감가상각비!BS11+감가상각비!BS18)/1000000-감가상각비!BS50 -> 44.607273 | CF36: =(감가상각비!BT11+감가상각비!BT18)/1000000-감가상각비!BT50 -> 44.607273 | CG36: =(감가상각비!BU11+감가상각비!BU18)/1000000-감가상각비!BU50 -> 1439.7984 | CH36: =(감가상각비!BV11+감가상각비!BV18)/1000000-감가상각비!BV50 -> 44.01416 | CI36: =(감가상각비!BW11+감가상각비!BW18)/1000000-감가상각비!BW50 -> 43.723525 | CJ36: =(감가상각비!BX11+감가상각비!BX18)/1000000-감가상각비!BX50 -> 1429.216 | CK36: =(감가상각비!BY11+감가상각비!BY18)/1000000-감가상각비!BY50 -> 43.394409 | CL36: =(감가상각비!BZ11+감가상각비!BZ18)/1000000-감가상각비!BZ50 -> 43.394409 | ... CP36: =(감가상각비!CD11+감가상각비!CD18)/1000000-감가상각비!CD50 -> 1464.3118 | CQ36: =SUM(CR36:DC36) -> 5601.8191 | CR36: =CR112+CR160 -> 18.255564 | CS36: =CS112+CS160 -> 18.255564 | CT36: =CT112+CT160 -> 1362.277 | CU36: =CU112+CU160 -> 18.255564 | CV36: =CV112+CV160 -> 18.255564 | CW36: =CW112+CW160 -> 1362.277 | CX36: =CX112+CX160 -> 18.255564 | CY36: =CY112+CY160 -> 18.255564 | ... DC36: =DC112+DC160 -> 1362.277 | DG36: =BQ36/BD36-1 -> 0.038467049 | DH36: =CD36/BQ36-1 -> 0.009350326 | DI36: =CQ36/CD36-1 -> -0.087674895 | DJ36: =BQ36-BD36 -> 225.33761 | DK36: =CD36-BQ36 -> 56.880615 | DL36: =CQ36-CD36 -> -538.3376
B37: 무형자산상각비 | Q37: =Q113 -> 1199.2183 | R37: =R113 -> 113.25415 | S37: =S113 -> 111.67132 | T37: =T113 -> 102.77183 | U37: =U113 -> 111.15558 | V37: =V113 -> 107.82245 | W37: =W113 -> 99.697456 | X37: =X113 -> 106.47279 | ... AC37: =AC113 -> 75.924804 | AD37: 995.86493 | AE37: =AE113 -> 89.048723 | AF37: =AF113 -> 89.048723 | AG37: =AG113 -> 78.008489 | AH37: =AH113 -> 89.790819 | AI37: =AI113 -> 89.207734 | AJ37: =AJ113 -> 75.082742 | AK37: =AK113 -> 86.374569 | AL37: =AL113 -> 85.874711 | ... AP37: =AP113 -> 71.762608 | AQ37: 854.85241 | AR37: 82.885652 | AS37: 82.765485 | AT37: 77.640491 | AU37: 82.770579 | AV37: 82.770582 | AW37: 80.790493 | AX37: 81.032159 | AY37: 80.790497 | AZ37: 49.790068 | BA37: 51.256734 | BB37: 51.256739 | BC37: 51.102931 | BD37: =SUM(BE37:BP37) -> 578.89886 | BE37: =(감가상각비!AS25+감가상각비!AS32)/1000000-감가상각비!AS51 -> 51.10198 | BF37: =(감가상각비!AT25+감가상각비!AT32)/1000000-감가상각비!AT51 -> 53.60198 | BG37: =(감가상각비!AU25+감가상각비!AU32)/1000000-감가상각비!AU51 -> 55.210732 | BH37: =(감가상각비!AV25+감가상각비!AV32)/1000000-감가상각비!AV51 -> 55.447764 | BI37: =(감가상각비!AW25+감가상각비!AW32)/1000000-감가상각비!AW51 -> 55.447767 | BJ37: =(감가상각비!AX25+감가상각비!AX32)/1000000-감가상각비!AX51 -> 46.554025 | BK37: =(감가상각비!AY25+감가상각비!AY32)/1000000-감가상각비!AY51 -> 46.554031 | BL37: =(감가상각비!AZ25+감가상각비!AZ32)/1000000-감가상각비!AZ51 -> 45.041505 | ... BP37: =(감가상각비!BD25+감가상각비!BD32)/1000000-감가상각비!BD51 -> 41.175752 | BQ37: =SUM(BR37:CC37) -> 282.65106 | BR37: =(감가상각비!BF25+감가상각비!BF32)/1000000-감가상각비!BF51 -> 41.175004 | BS37: =(감가상각비!BG25+감가상각비!BG32)/1000000-감가상각비!BG51 -> 22.34267 | BT37: =(감가상각비!BH25+감가상각비!BH32)/1000000-감가상각비!BH51 -> 22.342672 | BU37: =(감가상각비!BI25+감가상각비!BI32)/1000000-감가상각비!BI51 -> 22.579704 | BV37: =(감가상각비!BJ25+감가상각비!BJ32)/1000000-감가상각비!BJ51 -> 22.579704 | BW37: =(감가상각비!BK25+감가상각비!BK32)/1000000-감가상각비!BK51 -> 21.884904 | BX37: =(감가상각비!BL25+감가상각비!BL32)/1000000-감가상각비!BL51 -> 21.884904 | BY37: =(감가상각비!BM25+감가상각비!BM32)/1000000-감가상각비!BM51 -> 21.884904 | ... CC37: =(감가상각비!BQ25+감가상각비!BQ32)/1000000-감가상각비!BQ51 -> 20.820104 | CD37: =SUM(CE37:CP37) -> 248.00462 | CE37: =(감가상각비!BS25+감가상각비!BS32)/1000000-감가상각비!BS51 -> 20.819317 | CF37: =(감가상각비!BT25+감가상각비!BT32)/1000000-감가상각비!BT51 -> 20.819317 | CG37: =(감가상각비!BU25+감가상각비!BU32)/1000000-감가상각비!BU51 -> 20.81932 | CH37: =(감가상각비!BV25+감가상각비!BV32)/1000000-감가상각비!BV51 -> 20.810258 | CI37: =(감가상각비!BW25+감가상각비!BW32)/1000000-감가상각비!BW51 -> 20.810258 | CJ37: =(감가상각비!BX25+감가상각비!BX32)/1000000-감가상각비!BX51 -> 20.810258 | CK37: =(감가상각비!BY25+감가상각비!BY32)/1000000-감가상각비!BY51 -> 20.810258 | CL37: =(감가상각비!BZ25+감가상각비!BZ32)/1000000-감가상각비!BZ51 -> 20.810258 | ... CP37: =(감가상각비!CD25+감가상각비!CD32)/1000000-감가상각비!CD51 -> 20.22837 | CQ37: =SUM(CR37:DC37) -> 433.88976 | CR37: =CR113+CR161 -> 20.22837 | CS37: =CS113+CS161 -> 20.22837 | CT37: =CT113+CT161 -> 20.22837 | CU37: =CU113+CU161 -> 25.22837 | CV37: =CV113+CV161 -> 25.22837 | CW37: =CW113+CW161 -> 25.22837 | CX37: =CX113+CX161 -> 25.22837 | CY37: =CY113+CY161 -> 25.22837 | ... DC37: =DC113+DC161 -> 68.389255 | DG37: =BQ37/BD37-1 -> -0.51174362 | DH37: =CD37/BQ37-1 -> -0.12257673 | DI37: =CQ37/CD37-1 -> 0.7495229 | DJ37: =BQ37-BD37 -> -296.2478 | DK37: =CD37-BQ37 -> -34.646442 | DL37: =CQ37-CD37 -> 185.88514
B38: 기타운영비용 | Q38: =Q114 -> 22768.397 | R38: =R114 -> 2765.6054 | S38: =S114 -> 1848.7484 | T38: =T114 -> 1747.1827 | U38: =U114 -> 1686.053 | V38: =V114 -> 1702.8907 | W38: =W114 -> 1808.4047 | X38: =X114 -> 1778.7093 | ... AC38: =AC114 -> 2377.686 | AD38: =SUM(AD39:AD51) -> 27580.189 | AE38: =AE114 -> 2508.0502 | AF38: =AF114 -> 1658.9972 | AG38: =AG114 -> 1630.999 | AH38: =AH114 -> 1757.2574 | AI38: =AI114 -> 1641.4671 | AJ38: =AJ114 -> 2200.7547 | AK38: =AK114 -> 2661.6913 | AL38: =AL114 -> 1986.5706 | ... AP38: =AP114 -> 4516.4397 | AQ38: 28524.33 | AR38: 1825.7407 | AS38: 1909.8602 | AT38: 2119.2847 | AU38: 2466.5247 | AV38: 2164.6934 | AW38: 2091.1674 | AX38: 2987.8106 | AY38: 2518.2821 | AZ38: 2227.1547 | BA38: 2476.0877 | BB38: 2299.0644 | BC38: 3438.6595 | BD38: =SUM(BD39:BD51) -> 30586.653 | BE38: =SUM(BE39:BE51) -> 2170.5429 | BF38: =SUM(BF39:BF51) -> 2227.4147 | BG38: =SUM(BG39:BG51) -> 2403.1704 | BH38: =SUM(BH39:BH51) -> 2314.1441 | BI38: =SUM(BI39:BI51) -> 2082.382 | BJ38: =SUM(BJ39:BJ51) -> 2369.1169 | BK38: =SUM(BK39:BK51) -> 2449.1007 | ... BP38: =SUM(BP39:BP51) -> 3367.2514 | BQ38: =SUM(BR38:CC38) -> 36175.308 | BR38: =SUM(BR39:BR51) -> 2577.2777 | BS38: =SUM(BS39:BS51) -> 2817.5301 | BT38: =SUM(BT39:BT51) -> 2328.8168 | BU38: =SUM(BU39:BU51) -> 2429.5301 | BV38: =SUM(BV39:BV51) -> 2304.9771 | BW38: =SUM(BW39:BW51) -> 2479.4104 | BX38: =SUM(BX39:BX51) -> 3610.708 | BY38: =SUM(BY39:BY51) -> 3602.4657 | ... CC38: =SUM(CC39:CC51) -> 4078.405 | CD38: =SUM(CE38:CP38) -> 38523.757 | CE38: =SUM(CE39:CE51) -> 2712.5583 | CF38: =SUM(CF39:CF51) -> 3030.3053 | CG38: =SUM(CG39:CG51) -> 2444.086 | CH38: =SUM(CH39:CH51) -> 2886.2477 | CI38: =SUM(CI39:CI51) -> 2887.9 | CJ38: =SUM(CJ39:CJ51) -> 2967.6163 | CK38: =SUM(CK39:CK51) -> 3613.3007 | CL38: =SUM(CL39:CL51) -> 2858.5263 | ... DC38: =SUM(DC39:DC51) -> 4282.5911 | DG38: =BQ38/BD38-1 -> 0.18271547 | DH38: =CD38/BQ38-1 -> 0.064918573 | DI38: =CQ38/CD38-1 -> 0.0069494685 | DJ38: =BQ38-BD38 -> 5588.6548 | DK38: =CD38-BQ38 -> 2348.4494 | DL38: =CQ38-CD38 -> 267.71964
B39: 지급수수료 | Q39: =Q115 -> 9745.7533 | R39: =R115 -> 893.43964 | S39: =S115 -> 852.07308 | T39: =T115 -> 793.05404 | U39: =U115 -> 783.99078 | V39: =V115 -> 763.37867 | W39: =W115 -> 724.42957 | X39: =X115 -> 766.86047 | ... AC39: =AC115 -> 1249.8286 | AD39: =11493.815699+122 -> 11615.816 | AE39: =AE115 -> 690.32167 | AF39: =AF115 -> 676.95901 | AG39: =AG115 -> 664.19764 | AH39: =AH115 -> 744.92326 | AI39: =AI115 -> 686.56929 | AJ39: =AJ115 -> 1086.3175 | AK39: =AK115 -> 1425.037 | AL39: =AL115 -> 759.03318 | ... AP39: =AP115 -> 1817.3899 | AQ39: 11441.518 | AR39: 801.53352 | AS39: 850.47465 | AT39: 878.32255 | AU39: 899.54167 | AV39: 861.88182 | AW39: 839.79438 | AX39: 860.92223 | AY39: 1042.2753 | AZ39: 958.5102 | BA39: 981.1293 | BB39: 959.22288 | BC39: 1507.9094 | BD39: =SUM(BE39:BP39) -> 13934.499 | BE39: =기타운영비!AS6 -> 884.79043 | BF39: =기타운영비!AT6 -> 934.19312 | BG39: =기타운영비!AU6 -> 1098.0234 | BH39: =기타운영비!AV6 -> 1043.6992 | BI39: =기타운영비!AW6 -> 945.84486 | BJ39: =기타운영비!AX6 -> 1198.3378 | BK39: =기타운영비!AY6 -> 1026.2751 | BL39: =기타운영비!AZ6 -> 1106.7936 | ... BP39: =기타운영비!BD6 -> 1364.3913 | BQ39: =SUM(BR39:CC39) -> 18802.266 | BR39: =기타운영비!BF6 -> 1174.1474 | BS39: =기타운영비!BG6 -> 1576.3384 | BT39: =기타운영비!BH6 -> 1114.5962 | BU39: =기타운영비!BI6 -> 1213.6766 | BV39: =기타운영비!BJ6 -> 1184.232 | BW39: =기타운영비!BK6 -> 1086.7113 | BX39: =기타운영비!BL6 -> 1327.2859 | BY39: =기타운영비!BM6 -> 2475.7367 | ... CC39: =기타운영비!BQ6 -> 2147.4506 | CD39: =SUM(CE39:CP39) -> 20977.909 | CE39: =기타운영비!BS6 -> 1425.9335 | CF39: =기타운영비!BT6 -> 1611.3742 | CG39: =기타운영비!BU6 -> 1301.5234 | CH39: =기타운영비!BV6 -> 1623.1489 | CI39: =기타운영비!BW6 -> 1524.2259 | CJ39: =기타운영비!BX6 -> 1664.0125 | CK39: =기타운영비!BY6 -> 1804.5363 | CL39: =기타운영비!BZ6 -> 1573.0022 | ... CP39: =기타운영비!CD6 -> 2977.6584 | CQ39: =SUM(CR39:DC39) -> 20598.845 | CR39: =CR115+CR163 -> 1620.9005 | CS39: =CS115+CS163 -> 1630.3359 | CT39: =CT115+CT163 -> 1619.4816 | CU39: =CU115+CU163 -> 1620.1218 | CV39: =CV115+CV163 -> 1620.5125 | CW39: =CW115+CW163 -> 1622.4274 | CX39: =CX115+CX163 -> 1621.7723 | CY39: =CY115+CY163 -> 1621.7723 | ... DC39: =DC115+DC163 -> 2384.7723 | DG39: =BQ39/BD39-1 -> 0.3493321 | DH39: =CD39/BQ39-1 -> 0.11571173 | DI39: =CQ39/CD39-1 -> -0.01806968 | DJ39: =BQ39-BD39 -> 4867.7676 | DK39: =CD39-BQ39 -> 2175.6427 | DL39: =CQ39-CD39 -> -379.06411
B40: 회의비 | Q40: =Q116 -> 3703.0236 | R40: =R116 -> 311.69917 | S40: =S116 -> 291.72136 | T40: =T116 -> 285.14562 | U40: =U116 -> 309.33115 | V40: =V116 -> 294.19731 | W40: =W116 -> 340.09307 | X40: =X116 -> 312.39982 | ... AC40: =AC116 -> 349.4352 | AD40: 4333.4975 | AE40: =AE116 -> 256.32952 | AF40: =AF116 -> 253.03621 | AG40: =AG116 -> 309.98887 | AH40: =AH116 -> 323.53885 | AI40: =AI116 -> 301.02145 | AJ40: =AJ116 -> 417.04779 | AK40: =AK116 -> 354.05753 | AL40: =AL116 -> 342.19849 | ... AP40: =AP116 -> 669.73649 | AQ40: 6475.8656 | AR40: 309.29053 | AS40: 296.91424 | AT40: 383.32291 | AU40: 500.26002 | AV40: 429.5356 | AW40: 449.58724 | AX40: 1150.9267 | AY40: 500.29552 | AZ40: 481.32842 | BA40: 536.28276 | BB40: 519.83239 | BC40: 918.28934 | BD40: =SUM(BE40:BP40) -> 6992.1642 | BE40: =기타운영비!AS20 -> 478.74434 | BF40: =기타운영비!AT20 -> 471.90378 | BG40: =기타운영비!AU20 -> 514.92114 | BH40: =기타운영비!AV20 -> 552.42319 | BI40: =기타운영비!AW20 -> 463.97592 | BJ40: =기타운영비!AX20 -> 489.33604 | BK40: =기타운영비!AY20 -> 545.542 | BL40: =기타운영비!AZ20 -> 980.742 | ... BP40: =기타운영비!BD20 -> 1038.5882 | BQ40: =SUM(BR40:CC40) -> 5929.8489 | BR40: =기타운영비!BF20 -> 488.33469 | BS40: =기타운영비!BG20 -> 413.16233 | BT40: =기타운영비!BH20 -> 438.62073 | BU40: =기타운영비!BI20 -> 457.11065 | BV40: =기타운영비!BJ20 -> 398.97306 | BW40: =기타운영비!BK20 -> 491.88131 | BX40: =기타운영비!BL20 -> 538.33424 | BY40: =기타운영비!BM20 -> 380.04313 | ... CC40: =기타운영비!BQ20 -> 997.65167 | CD40: =SUM(CE40:CP40) -> 6253.1448 | CE40: =기타운영비!BS20 -> 436.23994 | CF40: =기타운영비!BT20 -> 430.79149 | CG40: =기타운영비!BU20 -> 427.81094 | CH40: =기타운영비!BV20 -> 492.14913 | CI40: =기타운영비!BW20 -> 427.2993 | CJ40: =기타운영비!BX20 -> 475.69623 | CK40: =기타운영비!BY20 -> 606.12594 | CL40: =기타운영비!BZ20 -> 421.44966 | ... CP40: =기타운영비!CD20 -> 1047.7526 | CQ40: =SUM(CR40:DC40) -> 6414.9786 | CR40: =CR116+CR164 -> 496.51544 | CS40: =CS116+CS164 -> 459.17598 | CT40: =CT116+CT164 -> 512.0581 | CU40: =CU116+CU164 -> 469.47058 | CV40: =CV116+CV164 -> 469.63352 | CW40: =CW116+CW164 -> 467.60361 | CX40: =CX116+CX164 -> 522.45649 | CY40: =CY116+CY164 -> 475.68985 | ... DC40: =DC116+DC164 -> 987.31592 | DG40: =BQ40/BD40-1 -> -0.15192939 | DH40: =CD40/BQ40-1 -> 0.05452008 | DI40: =CQ40/CD40-1 -> 0.025880393 | DJ40: =BQ40-BD40 -> -1062.3152 | DK40: =CD40-BQ40 -> 323.29583 | DL40: =CQ40-CD40 -> 161.83384
B41: 운반비 | Q41: =Q117 -> 4241.7284 | R41: =R117 -> 313.23659 | S41: =S117 -> 345.45679 | T41: =T117 -> 355.99176 | U41: =U117 -> 305.49493 | V41: =V117 -> 354.8405 | W41: =W117 -> 321.54571 | X41: =X117 -> 318.50304 | ... AC41: =AC117 -> 380.76095 | AD41: 5009.6639 | AE41: =AE117 -> 421.38669 | AF41: =AF117 -> 319.81531 | AG41: =AG117 -> 331.34863 | AH41: =AH117 -> 323.23251 | AI41: =AI117 -> 329.56618 | AJ41: =AJ117 -> 355.23067 | AK41: =AK117 -> 361.7211 | AL41: =AL117 -> 461.27678 | ... AP41: =AP117 -> 438.62588 | AQ41: 5249.1823 | AR41: 377.95119 | AS41: 442.15394 | AT41: 510.70118 | AU41: 460.66192 | AV41: 442.38296 | AW41: 417.89888 | AX41: 379.48033 | AY41: 515.00114 | AZ41: 351.42616 | BA41: 548.83955 | BB41: 402.45764 | BC41: 400.22746 | BD41: =SUM(BE41:BP41) -> 4347.9427 | BE41: =기타운영비!AS28 -> 377.44306 | BF41: =기타운영비!AT28 -> 453.56723 | BG41: =기타운영비!AU28 -> 367.66426 | BH41: =기타운영비!AV28 -> 351.40494 | BI41: =기타운영비!AW28 -> 329.22387 | BJ41: =기타운영비!AX28 -> 322.12682 | BK41: =기타운영비!AY28 -> 325.27263 | BL41: =기타운영비!AZ28 -> 441.97615 | ... BP41: =기타운영비!BD28 -> 353.57142 | BQ41: =SUM(BR41:CC41) -> 4452.6043 | BR41: =기타운영비!BF28 -> 478.5187 | BS41: =기타운영비!BG28 -> 391.40839 | BT41: =기타운영비!BH28 -> 354.42021 | BU41: =기타운영비!BI28 -> 329.90308 | BV41: =기타운영비!BJ28 -> 329.25166 | BW41: =기타운영비!BK28 -> 299.56428 | BX41: =기타운영비!BL28 -> 454.71396 | BY41: =기타운영비!BM28 -> 298.64041 | ... CC41: =기타운영비!BQ28 -> 324.96453 | CD41: =SUM(CE41:CP41) -> 4731.2441 | CE41: =기타운영비!BS28 -> 294.36073 | CF41: =기타운영비!BT28 -> 577.17227 | CG41: =기타운영비!BU28 -> 242.8642 | CH41: =기타운영비!BV28 -> 324.58544 | CI41: =기타운영비!BW28 -> 392.6159 | CJ41: =기타운영비!BX28 -> 323.19974 | CK41: =기타운영비!BY28 -> 496.44607 | CL41: =기타운영비!BZ28 -> 396.32875 | ... CP41: =기타운영비!CD28 -> 405.09594 | CQ41: =SUM(CR41:DC41) -> 4873.0933 | CR41: =CR117+CR165 -> 428.88543 | CS41: =CS117+CS165 -> 349.11838 | CT41: =CT117+CT165 -> 463.35976 | CU41: =CU117+CU165 -> 371.89739 | CV41: =CV117+CV165 -> 371.47808 | CW41: =CW117+CW165 -> 367.03617 | CX41: =CX117+CX165 -> 483.74534 | CY41: =CY117+CY165 -> 382.89131 | ... DC41: =DC117+DC165 -> 338.3358 | DG41: =BQ41/BD41-1 -> 0.024071526 | DH41: =CD41/BQ41-1 -> 0.062579052 | DI41: =CQ41/CD41-1 -> 0.029981385 | DJ41: =BQ41-BD41 -> 104.66162 | DK41: =CD41-BQ41 -> 278.63976 | DL41: =CQ41-CD41 -> 141.84925
B42: 교육훈련비 | Q42: =Q118 -> 323.39982 | R42: =R118 -> 92.327653 | S42: =S118 -> 18.033157 | T42: =T118 -> -2.087551 | U42: =U118 -> 2.15739 | V42: =V118 -> 5.474981 | W42: =W118 -> 18.775095 | X42: =X118 -> 63.029646 | ... AC42: =AC118 -> 29.823572 | AD42: 521.45881 | AE42: =AE118 -> 13.022167 | AF42: =AF118 -> 14.420661 | AG42: =AG118 -> 7.645472 | AH42: =AH118 -> 20.036014 | AI42: =AI118 -> 8.413365 | AJ42: =AJ118 -> 23.64103 | AK42: =AK118 -> 165.59588 | AL42: =AL118 -> 5.258611 | ... AP42: =AP118 -> 130.67858 | AQ42: 885.59377 | AR42: 28.012008 | AS42: 14.885332 | AT42: 20.336041 | AU42: 180.33098 | AV42: 34.016795 | AW42: 50.743423 | AX42: 194.31941 | AY42: 26.952854 | AZ42: 45.912398 | BA42: 53.810976 | BB42: 65.527902 | BC42: 170.74564 | BD42: =SUM(BE42:BP42) -> 839.96376 | BE42: =기타운영비!AS30 -> 37.074313 | BF42: =기타운영비!AT30 -> 19.139544 | BG42: =기타운영비!AU30 -> 72.206608 | BH42: =기타운영비!AV30 -> 23.643315 | BI42: =기타운영비!AW30 -> 16.831767 | BJ42: =기타운영비!AX30 -> 50.467615 | BK42: =기타운영비!AY30 -> 158.78095 | BL42: =기타운영비!AZ30 -> 29.247974 | ... BP42: =기타운영비!BD30 -> 110.56763 | BQ42: =SUM(BR42:CC42) -> 942.9355 | BR42: =기타운영비!BF30 -> 37.373183 | BS42: =기타운영비!BG30 -> 32.404678 | BT42: =기타운영비!BH30 -> 27.160269 | BU42: =기타운영비!BI30 -> 62.228342 | BV42: =기타운영비!BJ30 -> 25.575594 | BW42: =기타운영비!BK30 -> 171.32512 | BX42: =기타운영비!BL30 -> 66.974866 | BY42: =기타운영비!BM30 -> -25.69002 | ... CC42: =기타운영비!BQ30 -> 76.098816 | CD42: =SUM(CE42:CP42) -> 863.30343 | CE42: =기타운영비!BS30 -> 30.978331 | CF42: =기타운영비!BT30 -> 14.051783 | CG42: =기타운영비!BU30 -> 23.843495 | CH42: =기타운영비!BV30 -> 27.213749 | CI42: =기타운영비!BW30 -> 83.954356 | CJ42: =기타운영비!BX30 -> 28.030896 | CK42: =기타운영비!BY30 -> 187.00327 | CL42: =기타운영비!BZ30 -> 32.552112 | ... CP42: =기타운영비!CD30 -> 172.33252 | CQ42: =SUM(CR42:DC42) -> 929.91039 | CR42: =CR118+CR166 -> 76.858497 | CS42: =CS118+CS166 -> 76.58201 | CT42: =CT118+CT166 -> 76.47382 | CU42: =CU118+CU166 -> 76.3488 | CV42: =CV118+CV166 -> 82.651733 | CW42: =CW118+CW166 -> 76.67818 | CX42: =CX118+CX166 -> 77.269621 | CY42: =CY118+CY166 -> 77.296067 | ... DC42: =DC118+DC166 -> 77.704787 | DG42: =BQ42/BD42-1 -> 0.1225907 | DH42: =CD42/BQ42-1 -> -0.084451236 | DI42: =CQ42/CD42-1 -> 0.077153593 | DJ42: =BQ42-BD42 -> 102.97175 | DK42: =CD42-BQ42 -> -79.632069 | DL42: =CQ42-CD42 -> 66.606962
B43: 통신비 | Q43: =Q119 -> 875.42642 | R43: =R119 -> 64.366018 | S43: =S119 -> 61.252482 | T43: =T119 -> 64.661236 | U43: =U119 -> 61.989929 | V43: =V119 -> 62.676468 | W43: =W119 -> 164.7472 | X43: =X119 -> 61.65484 | ... AC43: =AC119 -> 71.998021 | AD43: 856.63505 | AE43: =AE119 -> 73.348997 | AF43: =AF119 -> 73.907361 | AG43: =AG119 -> 72.103871 | AH43: =AH119 -> 72.859599 | AI43: =AI119 -> 72.045862 | AJ43: =AJ119 -> 67.728333 | AK43: =AK119 -> 71.461899 | AL43: =AL119 -> 72.173115 | ... AP43: =AP119 -> 68.942847 | AQ43: 854.93249 | AR43: 66.553907 | AS43: 62.206796 | AT43: 66.051009 | AU43: 73.191967 | AV43: 74.015154 | AW43: 71.318017 | AX43: 70.216376 | AY43: 71.675483 | AZ43: 77.994112 | BA43: 74.521369 | BB43: 72.623054 | BC43: 74.565241 | BD43: =SUM(BE43:BP43) -> 824.72214 | BE43: =기타운영비!AS32 -> 72.808867 | BF43: =기타운영비!AT32 -> 69.870352 | BG43: =기타운영비!AU32 -> 70.535838 | BH43: =기타운영비!AV32 -> 67.027695 | BI43: =기타운영비!AW32 -> 68.592184 | BJ43: =기타운영비!AX32 -> 66.882167 | BK43: =기타운영비!AY32 -> 67.242611 | BL43: =기타운영비!AZ32 -> 72.176147 | ... BP43: =기타운영비!BD32 -> 65.933745 | BQ43: =SUM(BR43:CC43) -> 894.15289 | BR43: =기타운영비!BF32 -> 67.628157 | BS43: =기타운영비!BG32 -> 70.566116 | BT43: =기타운영비!BH32 -> 64.666603 | BU43: =기타운영비!BI32 -> 63.118427 | BV43: =기타운영비!BJ32 -> 65.920036 | BW43: =기타운영비!BK32 -> 64.901309 | BX43: =기타운영비!BL32 -> 69.914537 | BY43: =기타운영비!BM32 -> 69.359395 | ... CC43: =기타운영비!BQ32 -> 71.941264 | CD43: =SUM(CE43:CP43) -> 945.07068 | CE43: =기타운영비!BS32 -> 74.973583 | CF43: =기타운영비!BT32 -> 76.536135 | CG43: =기타운영비!BU32 -> 73.643846 | CH43: =기타운영비!BV32 -> 73.597349 | CI43: =기타운영비!BW32 -> 74.715329 | CJ43: =기타운영비!BX32 -> 78.955468 | CK43: =기타운영비!BY32 -> 84.122897 | CL43: =기타운영비!BZ32 -> 82.841229 | ... CP43: =기타운영비!CD32 -> 86.447075 | CQ43: =SUM(CR43:DC43) -> 1010.5878 | CR43: =CR119+CR167 -> 80.907883 | CS43: =CS119+CS167 -> 82.616829 | CT43: =CT119+CT167 -> 82.502938 | CU43: =CU119+CU167 -> 82.371331 | CV43: =CV119+CV167 -> 84.690225 | CW43: =CW119+CW167 -> 84.718065 | CX43: =CX119+CX167 -> 85.340667 | CY43: =CY119+CY167 -> 85.368507 | ... DC43: =DC119+DC167 -> 85.79876 | DG43: =BQ43/BD43-1 -> 0.084186838 | DH43: =CD43/BQ43-1 -> 0.05694528 | DI43: =CQ43/CD43-1 -> 0.069325067 | DJ43: =BQ43-BD43 -> 69.430749 | DK43: =CD43-BQ43 -> 50.917787 | DL43: =CQ43-CD43 -> 65.517088
B44: 소모품비 | Q44: =Q120 -> 1282.5663 | R44: =R120 -> 106.31215 | S44: =S120 -> 143.16126 | T44: =T120 -> 111.86756 | U44: =U120 -> 97.659762 | V44: =V120 -> 91.874726 | W44: =W120 -> 102.61995 | X44: =X120 -> 92.140224 | ... AC44: =AC120 -> 151.99183 | AD44: 1816.5009 | AE44: =AE120 -> 91.079194 | AF44: =AF120 -> 152.23155 | AG44: =AG120 -> 103.33819 | AH44: =AH120 -> 130.26559 | AI44: =AI120 -> 104.44372 | AJ44: =AJ120 -> 106.25639 | AK44: =AK120 -> 108.14139 | AL44: =AL120 -> 103.5731 | ... AP44: =AP120 -> 599.46141 | AQ44: 1349.5731 | AR44: 110.2114 | AS44: 99.981373 | AT44: 98.67321 | AU44: 151.95963 | AV44: 141.47633 | AW44: 74.581082 | AX44: 122.06431 | AY44: 92.240927 | AZ44: 92.752911 | BA44: 111.89245 | BB44: 83.060788 | BC44: 170.67869 | BD44: =SUM(BE44:BP44) -> 1167.6785 | BE44: =기타운영비!AS34+기타운영비!AS52 -> 105.37479 | BF44: =기타운영비!AT34+기타운영비!AT52 -> 85.826844 | BG44: =기타운영비!AU34+기타운영비!AU52 -> 99.87916 | BH44: =기타운영비!AV34+기타운영비!AV52 -> 92.467646 | BI44: =기타운영비!AW34+기타운영비!AW52 -> 85.219193 | BJ44: =기타운영비!AX34+기타운영비!AX52 -> 69.369453 | BK44: =기타운영비!AY34+기타운영비!AY52 -> 139.99496 | BL44: =기타운영비!AZ34+기타운영비!AZ52 -> 95.302975 | ... BP44: =기타운영비!BD34+기타운영비!BD52 -> 147.0987 | BQ44: =SUM(BR44:CC44) -> 2298.8505 | BR44: =기타운영비!BF34+기타운영비!BF52 -> 106.68773 | BS44: =기타운영비!BG34+기타운영비!BG52 -> 82.214734 | BT44: =기타운영비!BH34+기타운영비!BH52 -> 124.39828 | BU44: =기타운영비!BI34+기타운영비!BI52 -> 94.869115 | BV44: =기타운영비!BJ34+기타운영비!BJ52 -> 101.16488 | BW44: =기타운영비!BK34+기타운영비!BK52 -> 154.85499 | BX44: =기타운영비!BL34+기타운영비!BL52 -> 931.8286 | BY44: =기타운영비!BM34+기타운영비!BM52 -> 85.248356 | ... CC44: =기타운영비!BQ34+기타운영비!BQ52 -> 219.58931 | CD44: =SUM(CE44:CP44) -> 1449.4286 | CE44: =기타운영비!BS34 -> 131.06137 | CF44: =기타운영비!BT34 -> 81.985692 | CG44: =기타운영비!BU34 -> 103.75905 | CH44: =기타운영비!BV34 -> 97.3625 | CI44: =기타운영비!BW34 -> 93.138609 | CJ44: =기타운영비!BX34 -> 145.32474 | CK44: =기타운영비!BY34 -> 175.90343 | CL44: =기타운영비!BZ34 -> 99.719472 | ... CP44: =기타운영비!CD34 -> 144.54657 | CQ44: =SUM(CR44:DC44) -> 1481.6911 | CR44: =CR120+CR168 -> 123.04033 | CS44: =CS120+CS168 -> 122.83154 | CT44: =CT120+CT168 -> 123.17288 | CU44: =CU120+CU168 -> 122.65543 | CV44: =CV120+CV168 -> 123.28079 | CW44: =CW120+CW168 -> 123.96176 | CX44: =CX120+CX168 -> 123.3508 | CY44: =CY120+CY168 -> 123.37077 | ... DC44: =DC120+DC168 -> 124.73702 | DG44: =BQ44/BD44-1 -> 0.96873585 | DH44: =CD44/BQ44-1 -> -0.36949856 | DI44: =CQ44/CD44-1 -> 0.022258768 | DJ44: =BQ44-BD44 -> 1131.172 | DK44: =CD44-BQ44 -> -849.42196 | DL44: =CQ44-CD44 -> 32.262494
B45: 접대비 | Q45: =Q121 -> 118.595 | R45: =R121 -> 47.01 | S45: =S121 -> 1.35 | T45: =T121 -> 2.6 | U45: =U121 -> 2.8 | V45: =V121 -> 3.4 | W45: =W121 -> 2.3 | X45: =X121 -> 2.18 | ... AC45: =AC121 -> 1.9 | AD45: 176.22909 | AE45: =AE121 -> 5.67245 | AF45: =AF121 -> 42.25 | AG45: =AG121 -> 2.3894 | AH45: =AH121 -> 2.3702 | AI45: =AI121 -> 2.05 | AJ45: =AJ121 -> 3.5 | AK45: =AK121 -> 8.8511 | AL45: =AL121 -> 8.901 | ... AP45: =AP121 -> 6.608 | AQ45: 257.60587 | AR45: 62.6258 | AS45: 6.442546 | AT45: 12.632 | AU45: 14.324 | AV45: 15.448 | AW45: 23.2635 | AX45: 15.0457 | AY45: 20.2407 | AZ45: 51.55762 | BA45: 13.35 | BB45: 10.884 | BC45: 11.792 | BD45: =SUM(BE45:BP45) -> 221.48116 | BE45: =기타운영비!AS38 -> 32.69294 | BF45: =기타운영비!AT38 -> 34.09 | BG45: =기타운영비!AU38 -> 5.068 | BH45: =기타운영비!AV38 -> 4.364 | BI45: =기타운영비!AW38 -> 11.707 | BJ45: =기타운영비!AX38 -> 10.696 | BK45: =기타운영비!AY38 -> 14.159 | BL45: =기타운영비!AZ38 -> 6.352 | ... BP45: =기타운영비!BD38 -> 16.16462 | BQ45: =SUM(BR45:CC45) -> 263.67071 | BR45: =기타운영비!BF38 -> 14.48712 | BS45: =기타운영비!BG38 -> 55.238 | BT45: =기타운영비!BH38 -> 13.768 | BU45: =기타운영비!BI38 -> 10.467 | BV45: =기타운영비!BJ38 -> 13.6235 | BW45: =기타운영비!BK38 -> 14.609 | BX45: =기타운영비!BL38 -> 10.825 | BY45: =기타운영비!BM38 -> 10.200495 | ... CC45: =기타운영비!BQ38 -> 6.253 | CD45: =SUM(CE45:CP45) -> 299.09793 | CE45: =기타운영비!BS38 -> 77.5472 | CF45: =기타운영비!BT38 -> 5.758 | CG45: =기타운영비!BU38 -> 20.3481 | CH45: =기타운영비!BV38 -> 13.671 | CI45: =기타운영비!BW38 -> 20.7825 | CJ45: =기타운영비!BX38 -> 18.4102 | CK45: =기타운영비!BY38 -> 17.9195 | CL45: =기타운영비!BZ38 -> 22.031 | ... CP45: =기타운영비!CD38 -> 11.511 | CQ45: =SUM(CR45:DC45) -> 322.42502 | CR45: =CR121+CR169 -> 26.868752 | CS45: =CS121+CS169 -> 26.868752 | CT45: =CT121+CT169 -> 26.868752 | CU45: =CU121+CU169 -> 26.868752 | CV45: =CV121+CV169 -> 26.868752 | CW45: =CW121+CW169 -> 26.868752 | CX45: =CX121+CX169 -> 26.868752 | CY45: =CY121+CY169 -> 26.868752 | ... DC45: =DC121+DC169 -> 26.868752 | DG45: =BQ45/BD45-1 -> 0.19048823 | DH45: =CD45/BQ45-1 -> 0.13436158 | DI45: =CQ45/CD45-1 -> 0.077991479 | DJ45: =BQ45-BD45 -> 42.189555 | DK45: =CD45-BQ45 -> 35.427215 | DL45: =CQ45-CD45 -> 23.32709
B46: 보험료 | Q46: =Q122 -> 1329.3978 | R46: =R122 -> 838.51259 | S46: =S122 -> 40.857597 | T46: =T122 -> 42.520546 | U46: =U122 -> 34.749303 | V46: =V122 -> 42.357378 | W46: =W122 -> 42.047098 | X46: =X122 -> 57.572671 | ... AC46: =AC122 -> 49.073443 | AD46: 2016.5892 | AE46: =AE122 -> 862.11679 | AF46: =AF122 -> 41.43058 | AG46: =AG122 -> 42.522649 | AH46: =AH122 -> 41.150951 | AI46: =AI122 -> 42.582294 | AJ46: =AJ122 -> 41.150951 | AK46: =AK122 -> 66.43389 | AL46: =AL122 -> 51.269348 | ... AP46: =AP122 -> 684.40894 | AQ46: 599.09048 | AR46: -33.0295 | AS46: 45.571767 | AT46: 51.272203 | AU46: 77.978471 | AV46: 51.453293 | AW46: 52.795122 | AX46: 54.709366 | AY46: 57.734843 | AZ46: 53.52938 | BA46: 55.151645 | BB46: 67.40189 | BC46: 64.521996 | BD46: =SUM(BE46:BP46) -> 763.88473 | BE46: =기타운영비!AS39 -> 64.420362 | BF46: =기타운영비!AT39 -> 49.9479 | BG46: =기타운영비!AU39 -> 54.161823 | BH46: =기타운영비!AV39 -> 62.527476 | BI46: =기타운영비!AW39 -> 54.133683 | BJ46: =기타운영비!AX39 -> 52.358246 | BK46: =기타운영비!AY39 -> 53.733816 | BL46: =기타운영비!AZ39 -> 57.443497 | ... BP46: =기타운영비!BD39 -> 136.67858 | BQ46: =SUM(BR46:CC46) -> 783.18641 | BR46: =기타운영비!BF39 -> 84.945336 | BS46: =기타운영비!BG39 -> 66.825075 | BT46: =기타운영비!BH39 -> 60.513422 | BU46: =기타운영비!BI39 -> 53.637171 | BV46: =기타운영비!BJ39 -> 60.127522 | BW46: =기타운영비!BK39 -> 58.672146 | BX46: =기타운영비!BL39 -> 61.714564 | BY46: =기타운영비!BM39 -> 64.443856 | ... CC46: =기타운영비!BQ39 -> 73.535 | CD46: =SUM(CE46:CP46) -> 886.86351 | CE46: =기타운영비!BS39 -> 73.28978 | CF46: =기타운영비!BT39 -> 55.032052 | CG46: =기타운영비!BU39 -> 70.88992 | CH46: =기타운영비!BV39 -> 68.556836 | CI46: =기타운영비!BW39 -> 115.89248 | CJ46: =기타운영비!BX39 -> 68.209176 | CK46: =기타운영비!BY39 -> 67.824595 | CL46: =기타운영비!BZ39 -> 72.20494 | ... CP46: =기타운영비!CD39 -> 87.774033 | CQ46: =SUM(CR46:DC46) -> 933.75119 | CR46: =CR122+CR170 -> 77.706941 | CS46: =CS122+CS170 -> 77.488991 | CT46: =CT122+CT170 -> 77.403707 | CU46: =CU122+CU170 -> 77.305156 | CV46: =CV122+CV170 -> 77.543953 | CW46: =CW122+CW170 -> 77.5648 | CX46: =CX122+CX170 -> 78.031023 | CY46: =CY122+CY170 -> 78.051871 | ... DC46: =DC122+DC170 -> 78.374057 | DG46: =BQ46/BD46-1 -> 0.025267794 | DH46: =CD46/BQ46-1 -> 0.13237858 | DI46: =CQ46/CD46-1 -> 0.052869105 | DJ46: =BQ46-BD46 -> 19.301682 | DK46: =CD46-BQ46 -> 103.6771 | DL46: =CQ46-CD46 -> 46.887681
B47: 세금과공과 | Q47: =Q123 -> 193.23579 | R47: =R123 -> 12.86845 | S47: =S123 -> 10.75216 | T47: =T123 -> 12.54775 | U47: =U123 -> 16.64273 | V47: =V123 -> 9.66277 | W47: =W123 -> 7.211607 | X47: =X123 -> 17.62509 | ... AC47: =AC123 -> 6.5886 | AD47: 202.40366 | AE47: =AE123 -> 11.44388 | AF47: =AF123 -> 6.14037 | AG47: =AG123 -> 7.3143 | AH47: =AH123 -> 15.55919 | AI47: =AI123 -> 11.15775 | AJ47: =AJ123 -> 8.459218 | AK47: =AK123 -> 7.56854 | AL47: =AL123 -> 100.58695 | ... AP47: =AP123 -> 8.22288 | AQ47: 196.15882 | AR47: 10.97585 | AS47: 6.18804 | AT47: 7.97676 | AU47: 16.03955 | AV47: 7.58029 | AW47: 8.15581 | AX47: 6.95205 | AY47: 96.47598 | AZ47: 7.26848 | BA47: 8.255091 | BB47: 8.07962 | BC47: 12.2113 | BD47: =SUM(BE47:BP47) -> 193.87602 | BE47: =기타운영비!AS43 -> 8.85584 | BF47: =기타운영비!AT43 -> 9.83309 | BG47: =기타운영비!AU43 -> 7.22646 | BH47: =기타운영비!AV43 -> 16.525362 | BI47: =기타운영비!AW43 -> 8.19399 | BJ47: =기타운영비!AX43 -> 7.65821 | BK47: =기타운영비!AY43 -> 6.97997 | BL47: =기타운영비!AZ43 -> 95.80249 | ... BP47: =기타운영비!BD43 -> 9.619382 | BQ47: =SUM(BR47:CC47) -> 233.32803 | BR47: =기타운영비!BF43 -> 10.38525 | BS47: =기타운영비!BG43 -> 6.53291 | BT47: =기타운영비!BH43 -> 8.25497 | BU47: =기타운영비!BI43 -> 18.07239 | BV47: =기타운영비!BJ43 -> 11.34936 | BW47: =기타운영비!BK43 -> 10.00121 | BX47: =기타운영비!BL43 -> 11.129148 | BY47: =기타운영비!BM43 -> 105.71973 | ... CC47: =기타운영비!BQ43 -> 11.54129 | CD47: =SUM(CE47:CP47) -> 241.69809 | CE47: =기타운영비!BS43 -> 17.11458 | CF47: =기타운영비!BT43 -> 11.4172 | CG47: =기타운영비!BU43 -> 11.91298 | CH47: =기타운영비!BV43 -> 10.67494 | CI47: =기타운영비!BW43 -> 13.042777 | CJ47: =기타운영비!BX43 -> 11.70033 | CK47: =기타운영비!BY43 -> 11.11294 | CL47: =기타운영비!BZ43 -> 15.5539 | ... CP47: =기타운영비!CD43 -> 10.947835 | CQ47: =SUM(CR47:DC47) -> 258.92561 | CR47: =CR123+CR171 -> 13.243801 | CS47: =CS123+CS171 -> 13.243801 | CT47: =CT123+CT171 -> 13.243801 | CU47: =CU123+CU171 -> 13.243801 | CV47: =CV123+CV171 -> 13.243801 | CW47: =CW123+CW171 -> 13.243801 | CX47: =CX123+CX171 -> 13.243801 | CY47: =CY123+CY171 -> 113.2438 | ... DC47: =DC123+DC171 -> 13.243801 | DG47: =BQ47/BD47-1 -> 0.20349092 | DH47: =CD47/BQ47-1 -> 0.035872514 | DI47: =CQ47/CD47-1 -> 0.071277034 | DJ47: =BQ47-BD47 -> 39.452009 | DK47: =CD47-BQ47 -> 8.370063 | DL47: =CQ47-CD47 -> 17.227523
B48: 차량유지비 | Q48: =Q124 -> 832.08382 | R48: =R124 -> 70.689469 | S48: =S124 -> 71.844575 | T48: =T124 -> 70.641704 | U48: =U124 -> 64.720896 | V48: =V124 -> 66.428392 | W48: =W124 -> 69.767897 | X48: =X124 -> 74.471567 | ... AC48: =AC124 -> 80.100811 | AD48: 918.38006 | AE48: =AE124 -> 74.633941 | AF48: =AF124 -> 71.166649 | AG48: =AG124 -> 75.755239 | AH48: =AH124 -> 72.459931 | AI48: =AI124 -> 73.461242 | AJ48: =AJ124 -> 78.524808 | AK48: =AK124 -> 83.99731 | AL48: =AL124 -> 76.581009 | ... AP48: =AP124 -> 81.862465 | AQ48: 1007.4548 | AR48: 80.43458 | AS48: 77.890085 | AT48: 79.784093 | AU48: 79.307368 | AV48: 82.824701 | AW48: 84.973698 | AX48: 91.515 | AY48: 83.909252 | AZ48: 89.576516 | BA48: 81.5171 | BB48: 87.540094 | BC48: 88.182331 | BD48: =SUM(BE48:BP48) -> 1080.4896 | BE48: =기타운영비!AS44 -> 90.245945 | BF48: =기타운영비!AT44 -> 87.151295 | BG48: =기타운영비!AU44 -> 96.471897 | BH48: =기타운영비!AV44 -> 84.27524 | BI48: =기타운영비!AW44 -> 84.903396 | BJ48: =기타운영비!AX44 -> 86.525573 | BK48: =기타운영비!AY44 -> 91.178784 | BL48: =기타운영비!AZ44 -> 95.754008 | ... BP48: =기타운영비!BD44 -> 96.801378 | BQ48: =SUM(BR48:CC48) -> 1164.9969 | BR48: =기타운영비!BF44 -> 100.30509 | BS48: =기타운영비!BG44 -> 90.88518 | BT48: =기타운영비!BH44 -> 92.48898 | BU48: =기타운영비!BI44 -> 89.238588 | BV48: =기타운영비!BJ44 -> 88.310844 | BW48: =기타운영비!BK44 -> 96.327996 | BX48: =기타운영비!BL44 -> 99.366741 | BY48: =기타운영비!BM44 -> 101.59487 | ... CC48: =기타운영비!BQ44 -> 108.49166 | CD48: =SUM(CE48:CP48) -> 1287.7631 | CE48: =기타운영비!BS44 -> 105.41665 | CF48: =기타운영비!BT44 -> 112.32548 | CG48: =기타운영비!BU44 -> 108.05552 | CH48: =기타운영비!BV44 -> 101.9034 | CI48: =기타운영비!BW44 -> 101.40567 | CJ48: =기타운영비!BX44 -> 99.325541 | CK48: =기타운영비!BY44 -> 111.09966 | CL48: =기타운영비!BZ44 -> 106.48883 | ... CP48: =기타운영비!CD44 -> 119.16607 | CQ48: =SUM(CR48:DC48) -> 1346.663 | CR48: =CR124+CR172 -> 112.02655 | CS48: =CS124+CS172 -> 111.62355 | CT48: =CT124+CT172 -> 111.46585 | CU48: =CU124+CU172 -> 111.28363 | CV48: =CV124+CV172 -> 111.72517 | CW48: =CW124+CW172 -> 111.76372 | CX48: =CX124+CX172 -> 112.62579 | CY48: =CY124+CY172 -> 112.66433 | ... DC48: =DC124+DC172 -> 113.26007 | DG48: =BQ48/BD48-1 -> 0.078212041 | DH48: =CD48/BQ48-1 -> 0.10537904 | DI48: =CQ48/CD48-1 -> 0.045738072 | DJ48: =BQ48-BD48 -> 84.507297 | DK48: =CD48-BQ48 -> 122.76625 | DL48: =CQ48-CD48 -> 58.899804
B49: 여비교통비 | Q49: =Q125 -> 119.72083 | R49: =R125 -> 14.969009 | S49: =S125 -> 12.04554 | T49: =T125 -> 9.960499 | U49: =U125 -> 6.463 | V49: =V125 -> 8.4377 | W49: =W125 -> 14.673815 | X49: =X125 -> 12.2072 | ... AC49: =AC125 -> 5.7785 | AD49: 110.0504 | AE49: =AE125 -> 8.62814 | AF49: =AF125 -> 7.639456 | AG49: =AG125 -> 14.32021 | AH49: =AH125 -> 10.8335 | AI49: =AI125 -> 9.29278 | AJ49: =AJ125 -> 12.7856 | AK49: =AK125 -> 8.534943 | AL49: =AL125 -> 4.9769 | ... AP49: =AP125 -> 10.1073 | AQ49: 203.29947 | AR49: 11.04231 | AS49: 7.042291 | AT49: 10.029773 | AU49: 12.929115 | AV49: 21.566619 | AW49: 18.05621 | AX49: 41.659131 | AY49: 11.48014 | AZ49: 17.298487 | BA49: 11.2545 | BB49: 22.4047 | BC49: 18.53619 | BD49: =SUM(BE49:BP49) -> 210.56455 | BE49: =기타운영비!AS46 -> 17.90775 | BF49: =기타운영비!AT46 -> 11.828809 | BG49: =기타운영비!AU46 -> 17.01185 | BH49: =기타운영비!AV46 -> 15.713375 | BI49: =기타운영비!AW46 -> 13.75618 | BJ49: =기타운영비!AX46 -> 14.69002 | BK49: =기타운영비!AY46 -> 19.94086 | BL49: =기타운영비!AZ46 -> 15.3999 | ... BP49: =기타운영비!BD46 -> 27.660198 | BQ49: =SUM(BR49:CC49) -> 408.28156 | BR49: =기타운영비!BF46 -> 14.33085 | BS49: =기타운영비!BG46 -> 31.954282 | BT49: =기타운영비!BH46 -> 29.929149 | BU49: =기타운영비!BI46 -> 37.208734 | BV49: =기타운영비!BJ46 -> 25.859485 | BW49: =기타운영비!BK46 -> 30.561704 | BX49: =기타운영비!BL46 -> 38.620445 | BY49: =기타운영비!BM46 -> 36.977829 | ... CC49: =기타운영비!BQ46 -> 40.616228 | CD49: =SUM(CE49:CP49) -> 584.9842 | CE49: =기타운영비!BS46 -> 45.411705 | CF49: =기타운영비!BT46 -> 53.513152 | CG49: =기타운영비!BU46 -> 59.293056 | CH49: =기타운영비!BV46 -> 53.227118 | CI49: =기타운영비!BW46 -> 40.721719 | CJ49: =기타운영비!BX46 -> 54.73098 | CK49: =기타운영비!BY46 -> 51.206106 | CL49: =기타운영비!BZ46 -> 35.999037 | ... CP49: =기타운영비!CD46 -> 50.28302 | CQ49: =SUM(CR49:DC49) -> 616.60974 | CR49: =CR125+CR173 -> 50.545996 | CS49: =CS125+CS173 -> 51.364165 | CT49: =CT125+CT173 -> 51.293013 | CU49: =CU125+CU173 -> 51.210794 | CV49: =CV125+CV173 -> 51.410018 | CW49: =CW125+CW173 -> 51.427411 | CX49: =CX125+CX173 -> 51.816372 | CY49: =CY125+CY173 -> 51.833765 | ... DC49: =DC125+DC173 -> 51.102559 | DG49: =BQ49/BD49-1 -> 0.93898528 | DH49: =CD49/BQ49-1 -> 0.43279601 | DI49: =CQ49/CD49-1 -> 0.054062218 | DJ49: =BQ49-BD49 -> 197.71701 | DK49: =CD49-BQ49 -> 176.70263 | DL49: =CQ49-CD49 -> 31.625543
B50: 도서인쇄비 | Q50: =Q126 -> 3.466416 | R50: =R126 -> 0.174654 | S50: =S126 -> 0.200345 | T50: =T126 -> 0.279545 | U50: =U126 -> 0.053091 | V50: =V126 -> 0.161819 | W50: =W126 -> 0.193727 | X50: =X126 -> 0.064727 | ... AC50: =AC126 -> 0.406445 | AD50: 2.964817 | AE50: =AE126 -> 0.066764 | AF50: =AF126 -> 0 | AG50: =AG126 -> 0.074545 | AH50: =AH126 -> 0.027818 | AI50: =AI126 -> 0.863182 | AJ50: =AJ126 -> 0.112337 | AK50: =AK126 -> 0.290727 | AL50: =AL126 -> 0.742108 | ... AP50: =AP126 -> 0.39509 | AQ50: 4.055316 | AR50: 0.139091 | AS50: 0.109091 | AT50: 0.183 | AU50: 0 | AV50: 2.511823 | AW50: 0 | AX50: 0 | AY50: 0 | AZ50: 0 | BA50: 0.082955 | BB50: 0.029455 | BC50: 0.999901 | BD50: =SUM(BE50:BP50) -> 9.387159 | BE50: =기타운영비!AS48 -> 0.184255 | BF50: =기타운영비!AT48 -> 0.062728 | BG50: =기타운영비!AU48 -> 0 | BH50: =기타운영비!AV48 -> 0.072728 | BI50: =기타운영비!AW48 -> 0 | BJ50: =기타운영비!AX48 -> 0.668882 | BK50: =기타운영비!AY48 -> 0 | BL50: =기타운영비!AZ48 -> 1.4265 | ... BP50: =기타운영비!BD48 -> 0.176228 | BQ50: =SUM(BR50:CC50) -> 1.185847 | BR50: =기타운영비!BF48 -> 0.13421 | BS50: =기타운영비!BG48 -> 0 | BT50: =기타운영비!BH48 -> 0 | BU50: =기타운영비!BI48 -> 0 | BV50: =기타운영비!BJ48 -> 0.589091 | BW50: =기타운영비!BK48 -> 0 | BX50: =기타운영비!BL48 -> 0 | BY50: =기타운영비!BM48 -> 0.19091 | ... CC50: =기타운영비!BQ48 -> 0.271636 | CD50: =SUM(CE50:CP50) -> 3.249875 | CE50: =기타운영비!BS48 -> 0.230972 | CF50: =기타운영비!BT48 -> 0.347783 | CG50: =기타운영비!BU48 -> 0.141455 | CH50: =기타운영비!BV48 -> 0.1573 | CI50: =기타운영비!BW48 -> 0.105546 | CJ50: =기타운영비!BX48 -> 0.020455 | CK50: =기타운영비!BY48 -> 0 | CL50: =기타운영비!BZ48 -> 0.355091 | ... CP50: =기타운영비!CD48 -> 1.284182 | CQ50: =SUM(CR50:DC50) -> 3.9963457 | CR50: =CR126+CR174 -> 0.26512575 | CS50: =CS126+CS174 -> 0.264172 | CT50: =CT126+CT174 -> 0.2637988 | CU50: =CU126+CU174 -> 0.26336754 | CV50: =CV126+CV174 -> 0.26441252 | CW50: =CW126+CW174 -> 0.26450374 | CX50: =CX126+CX174 -> 0.26654394 | CY50: =CY126+CY174 -> 0.26663517 | ... DC50: =DC126+DC174 -> 1.0773333 | DI50: =CQ50/CD50-1 -> 0.22969211 | DJ50: =BQ50-BD50 -> -8.201312 | DK50: =CD50-BQ50 -> 2.064028 | DL50: =CQ50-CD50 -> 0.74647066
B51: 대손상각비 | Q51: =Q127 -> 0 | R51: =R127 -> 0 | S51: =S127 -> 0 | T51: =T127 -> 0 | U51: =U127 -> 0 | V51: =V127 -> 0 | W51: =W127 -> 0 | X51: =X127 -> 0 | ... AC51: =AC127 -> 0 | AD51: 0 | AE51: =AE127 -> 0 | AF51: =AF127 -> 0 | AG51: =AG127 -> 0 | AH51: =AH127 -> 0 | AI51: =AI127 -> 0 | AJ51: =AJ127 -> 0 | AK51: =AK127 -> 0 | AL51: =AL127 -> 0 | ... AP51: =AP127 -> 0 | AQ51: 0 | AR51: 0 | AS51: 0 | AT51: 0 | AU51: 0 | AV51: 0 | AW51: 0 | AX51: 0 | AY51: 0 | AZ51: 0 | BA51: 0 | BB51: 0 | BC51: 0 | BD51: =SUM(BE51:BP51) -> 0 | BE51: =기타운영비!AS50 -> 0 | BF51: =기타운영비!AT50 -> 0 | BG51: =기타운영비!AU50 -> 0 | BH51: =기타운영비!AV50 -> 0 | BI51: =기타운영비!AW50 -> 0 | BJ51: =기타운영비!AX50 -> 0 | BK51: =기타운영비!AY50 -> 0 | BL51: =기타운영비!AZ50 -> 0 | ... BP51: =기타운영비!BD50 -> 0 | BQ51: =SUM(BR51:CC51) -> 0 | BR51: =기타운영비!BF50 -> 0 | BS51: =기타운영비!BG50 -> 0 | BT51: =기타운영비!BH50 -> 0 | BU51: =기타운영비!BI50 -> 0 | BV51: =기타운영비!BJ50 -> 0 | BW51: =기타운영비!BK50 -> 0 | BX51: =기타운영비!BL50 -> 0 | BY51: =기타운영비!BM50 -> 0 | ... CC51: =기타운영비!BQ50 -> 0 | CD51: =SUM(CE51:CP51) -> 0 | CE51: =기타운영비!BS50 -> 0 | CF51: =기타운영비!BT50 -> 0 | CG51: =기타운영비!BU50 -> 0 | CH51: =기타운영비!BV50 -> 0 | CI51: =기타운영비!BW50 -> 0 | CJ51: =기타운영비!BX50 -> 0 | CK51: =기타운영비!BY50 -> 0 | CL51: =기타운영비!BZ50 -> 0 | ... CP51: =기타운영비!CD50 -> 0 | CQ51: =SUM(CR51:DC51) -> 0 | CR51: =CR127+CR175 -> 0 | CS51: =CS127+CS175 -> 0 | CT51: =CT127+CT175 -> 0 | CU51: =CU127+CU175 -> 0 | CV51: =CV127+CV175 -> 0 | CW51: =CW127+CW175 -> 0 | CX51: =CX127+CX175 -> 0 | CY51: =CY127+CY175 -> 0 | ... DC51: =DC127+DC175 -> 0 | DJ51: =BQ51-BD51 -> 0 | DK51: =CD51-BQ51 -> 0 | DL51: =CQ51-CD51 -> 0
B52: V. 영 업 이 익 | Q52: =Q128 -> 1726.2868 | R52: =R128 -> -541.72646 | S52: =S128 -> 717.5287 | T52: =T128 -> -586.03551 | U52: =U128 -> 1041.5638 | V52: =V128 -> 1027.3543 | W52: =W128 -> -930.41912 | X52: =X128 -> 796.0913 | ... AC52: =AC128 -> -4105.8729 | AD52: =AD19-AD20 -> 4522.6213 | AE52: =AE128 -> -411.27691 | AF52: =AF128 -> 510.90377 | AG52: =AG128 -> 733.60841 | AH52: =AH128 -> 208.10027 | AI52: =AI128 -> 779.67247 | AJ52: =AJ128 -> 717.97615 | AK52: =AK128 -> 398.89344 | AL52: =AL128 -> 750.07319 | ... AP52: =AP128 -> -150.78883 | AQ52: 7597.82 | AR52: 299.69439 | AS52: 824.1266 | AT52: 2350.1747 | AU52: 744.3998 | AV52: 1968.8713 | AW52: 2246.7644 | AX52: 543.37289 | AY52: 1043.3726 | AZ52: 198.6506 | BA52: 1466.6007 | BB52: -3004.0506 | BC52: -1084.1573 | BD52: =BD19-BD20 -> 9046.6821 | BE52: =BE19-BE20 -> 261.41413 | BF52: =BF19-BF20 -> 1237.2899 | BG52: =BG19-BG20 -> 1135.4915 | BH52: =BH19-BH20 -> 1036.398 | BI52: =BI19-BI20 -> 1650.4989 | BJ52: =BJ19-BJ20 -> 1331.1009 | BK52: =BK19-BK20 -> 786.40987 | ... BP52: =BP19-BP20 -> -1495.8755 | BQ52: =SUM(BR52:CC52) -> 14469.036 | BR52: =BR19-BR20 -> 1646.6671 | BS52: =BS19-BS20 -> 1688.1196 | BT52: =BT19-BT20 -> 3262.5952 | BU52: =BU19-BU20 -> 2737.3359 | BV52: =BV19-BV20 -> 1570.0974 | BW52: =BW19-BW20 -> 99.110638 | BX52: =BX19-BX20 -> 2113.2214 | BY52: =BY19-BY20 -> 362.53741 | ... CC52: =CC19-CC20 -> -855.43906 | CD52: =SUM(CE52:CP52) -> 16341.415 | CE52: =CE19-CE20 -> -397.7781 | CF52: =CF19-CF20 -> 4664.2094 | CG52: =CG19-CG20 -> 2015.2693 | CH52: =CH19-CH20 -> 2468.7534 | CI52: =CI19-CI20 -> 3421.4239 | CJ52: =CJ19-CJ20 -> 2501.1958 | CK52: =CK19-CK20 -> 4143.1333 | CL52: =CL19-CL20 -> 322.29067 | ... DC52: =DC19-DC20 -> -3830.2223 | DH52: =CD52/BQ52-1 -> 0.12940593 | DI52: =CQ52/CD52-1 -> 0.0495419 | DJ52: =BQ52-BD52 -> 5422.354 | DK52: =CD52-BQ52 -> 1872.3791 | DL52: =CQ52-CD52 -> 809.58475
B53: VI. 영 업 외 수 익 | E53: =SUM(E54:E64) -> 37.653734 | F53: =SUM(F54:F64) -> 16.276666 | G53: =SUM(G54:G64) -> 135.71673 | H53: =SUM(H54:H64) -> 17.013288 | I53: =SUM(I54:I64) -> 64.655004 | J53: =SUM(J54:J64) -> 70.925051 | K53: =SUM(K54:K64) -> 19.727477 | L53: =SUM(L54:L64) -> 31.942599 | ... AC53: =SUM(AC54:AC64) -> 2218.1833 | AD53: 4453.8661 | AE53: =SUM(AE54:AE64) -> 14.271483 | AF53: =SUM(AF54:AF64) -> 2.966651 | AG53: =SUM(AG54:AG64) -> 1326.523 | AH53: =SUM(AH54:AH64) -> 20.225678 | AI53: =SUM(AI54:AI64) -> 157.81151 | AJ53: =SUM(AJ54:AJ64) -> 202.39463 | AK53: =SUM(AK54:AK64) -> 3.56732 | AL53: =SUM(AL54:AL64) -> 16.100836 | ... DC53: =SUM(DC54:DC64) -> 367
B54: 이자수익 | E54: 22.993172 | F54: 16.276666 | G54: 135.50957 | H54: 14.287015 | I54: 15.488339 | J54: 60.760508 | K54: 14.750869 | L54: 16.893299 | M54: 133.71127 | N54: 9.124409 | O54: 12.913903 | P54: 94.730872 | Q54: =SUM(R54:AC54) -> 369.85833 | R54: 17.915598 | S54: 9.410984 | T54: 97.822484 | U54: 6.134866 | V54: 5.899631 | W54: 73.550096 | X54: 4.714304 | Y54: 3.277928 | Z54: 70.595473 | AA54: 5.993274 | AB54: 4.475004 | AC54: 70.06869 | AD54: 301.74016 | AE54: 4.762611 | AF54: 2.966651 | AG54: 59.031564 | AH54: 4.100917 | AI54: 6.127641 | AJ54: 53.159004 | AK54: 3.567314 | AL54: 2.659162 | AM54: 55.506707 | AN54: 17.068338 | AO54: 13.6392 | AP54: 79.151055 | AQ54: =SUM(AR54:BC54) -> 522.457 | AR54: 14.231901 | AS54: 13.929288 | AT54: 79.091076 | AU54: 12.863753 | AV54: 15.372434 | AW54: 55.981592 | AX54: 24.867191 | AY54: 26.822523 | AZ54: 66.013527 | BA54: 54.038823 | BB54: 65.498659 | BC54: 93.746233 | BD54: =SUM(BE54:BP54) -> 1080.0424 | BE54: 57.735597 | BF54: 53.776639 | BG54: 153.60259 | BH54: 62.725138 | BI54: 56.733712 | BJ54: 142.46357 | BK54: 64.582392 | BL54: 62.307361 | BM54: 92.515029 | BN54: 82.549942 | BO54: 82.337827 | BP54: 168.71262 | BQ54: =SUM(BR54:CC54) -> 1694.2348 | BR54: 47.069732 | BS54: 69.166295 | BT54: 195.34901 | BU54: 88.565419 | BV54: 141.42739 | BW54: 272.80461 | BX54: 170.95511 | BY54: 99.064429 | BZ54: 199.4483 | CA54: 128.86407 | CB54: 99.447122 | CC54: 182.07327 | CD54: =SUM(CE54:CP54) -> 1567.0016 | CE54: 47.181259 | CF54: 67.872425 | CG54: 295.59927 | CH54: 48.077159 | CI54: 95.38923 | CJ54: 221.58202 | CK54: 85.748649 | CL54: 119.43129 | CM54: 193.61507 | CN54: 126.57348 | CO54: 79.540315 | CP54: 186.39143 | CQ54: =SUM(CR54:DC54) -> 1978 | CR54: 66 | CS54: 60 | CT54: 366 | CU54: 64 | CV54: 66 | CW54: 364 | CX54: 66 | CY54: 66 | CZ54: 364 | DA54: 66 | DB54: 64 | DC54: 366
B55: 외환차익 | E55: 14.65056 | I55: 0 | J55: 0 | K55: 4.966608 | L55: 0 | N55: 16.050654 | Q55: =SUM(R55:AC55) -> 40.702123 | U55: 7.964303 | W55: 7.822893 | X55: 18.488703 | AC55: 6.426224 | AD55: 78.58228 | AE55: 4.509863 | AG55: 8.709035 | AH55: 14.226753 | AI55: 11.685865 | AL55: 13.441674 | AM55: 10.318991 | AP55: 15.690099 | AQ55: =SUM(AR55:BC55) -> 9.70111 | AW55: 9.70111 | BD55: =SUM(BE55:BP55) -> 17.328032 | BK55: 17.328032 | BQ55: =SUM(BR55:CC55) -> 27.337037 | BR55: 8.074317 | BV55: 5.23128 | BW55: 0 | BX55: 4.63144 | BY55: 9.4 | CC55: 0 | CD55: =SUM(CE55:CP55) -> 1203.1208 | CE55: 8.5056 | CG55: 994 | CI55: 21.464 | CJ55: 2.508 | CL55: 164.1552 | CM55: 0 | CP55: 12.488 | CQ55: =SUM(CR55:DC55) -> 2012 | CT55: 2012
B56: 외화환산이익 | Q56: =SUM(R56:AC56) -> 3275 | W56: 457.5 | Z56: 680 | AC56: 2137.5 | AD56: 0 | AG56: 45.5 | AJ56: 45.5 | AM56: -91 | AQ56: =SUM(AR56:BC56) -> 0 | BD56: =SUM(BE56:BP56) -> 1071 | BG56: 567 | BJ56: -315 | BM56: -252 | BP56: 1071 | BQ56: =SUM(BR56:CC56) -> 0 | BW56: 0 | CC56: 0 | CD56: =SUM(CE56:CP56) -> 441 | CJ56: 3188.5 | CM56: -1603 | CP56: -1144.5 | CQ56: =SUM(CR56:DC56) -> 0
B57: 파생상품평가이익 | AD57: 3613.0163 | AG57: 1194.1079 | AJ57: 80.926956 | AM57: 2133.3353 | AP57: 204.64623 | AQ57: =SUM(AR57:BC57) -> 3236.2082 | AT57: 1109.6715 | AW57: 3191.4993 | AZ57: 5448.4204 | BC57: -6513.3831 | BD57: =SUM(BE57:BP57) -> 1612.0846 | BG57: 1612.0846 | BM57: 573.13497 | BP57: -573.13497 | BQ57: =SUM(BR57:CC57) -> 6818.4487 | BT57: 2281.9004 | BW57: 1583.664 | BZ57: -2513.551 | CC57: 5466.4353 | CD57: =SUM(CE57:CP57) -> 0 | CG57: 447.82465 | CJ57: -447.82465 | CQ57: =SUM(CR57:DC57) -> 0
B58: 장려금 | Q58: =SUM(R58:AC58) -> 0 | R58: 55.206162 | S58: -55.206162 | AD58: 0 | AQ58: =SUM(AR58:BC58) -> 0 | BD58: =SUM(BE58:BP58) -> 0 | BQ58: =SUM(BR58:CC58) -> 0 | BW58: 0 | CC58: 0 | CD58: =SUM(CE58:CP58) -> 0 | CI58: 144.70603 | CJ58: -144.70603 | CQ58: =SUM(CR58:DC58) -> 0
B59: 투자자산처분이익 | Q59: =SUM(R59:AC59) -> 0 | AD59: 0 | AQ59: =SUM(AR59:BC59) -> 0 | BD59: =SUM(BE59:BP59) -> 0 | BQ59: =SUM(BR59:CC59) -> 0 | BW59: 0 | CC59: 0 | CD59: =SUM(CE59:CP59) -> 0 | CQ59: =SUM(CR59:DC59) -> 0
B60: 유형자산처분이익 | E60: 0 | F60: 0 | G60: 0 | H60: 2.726273 | I60: 0 | J60: 0 | K60: 0 | L60: 0 | Q60: =SUM(R60:AC60) -> 4.294364 | U60: 4.163 | X60: 0.131364 | AC60: 0 | AD60: 1.898 | AH60: 1.898 | AQ60: =SUM(AR60:BC60) -> 0 | BD60: =SUM(BE60:BP60) -> 0 | BQ60: =SUM(BR60:CC60) -> 0 | BW60: 0 | CC60: 0 | CD60: =SUM(CE60:CP60) -> 0 | CQ60: =SUM(CR60:DC60) -> 0
B61: 무형자산처분이익 | I61: 49.166665 | J61: 0 | K61: 0 | L61: 15.0493 | N61: 64.999 | P61: 836.5137 | Q61: =SUM(R61:AC61) -> 164.21415 | S61: 7.416166 | W61: 69.999 | Z61: 19.999997 | AA61: 23.86566 | AB61: 42.93333 | AC61: 0 | AD61: 394.993 | AE61: 4.999 | AI61: 139.998 | AJ61: 9.999 | AM61: 110 | AP61: 129.997 | AQ61: =SUM(AR61:BC61) -> 0 | BD61: =SUM(BE61:BP61) -> 0 | BO61: 44.999 | BP61: -44.999 | BQ61: =SUM(BR61:CC61) -> 0 | BW61: 0 | CC61: 0 | CD61: =SUM(CE61:CP61) -> 0 | CF61: 9.998 | CG61: -9.998 | CQ61: =SUM(CR61:DC61) -> 0
B62: 사용권자산처분이익 | G62: 0.207163 | I62: 0 | J62: 10.164543 | K62: 0 | L62: 0 | M62: 4.480621 | P62: 30.098981 | Q62: =SUM(R62:AC62) -> 64.532661 | T62: 21.253669 | W62: 16.5981 | Z62: 22.492476 | AC62: 4.188416 | AD62: 23.174194 | AG62: 0.175332 | AJ62: 12.809675 | AM62: 5.230452 | AP62: 4.958735 | AQ62: =SUM(AR62:BC62) -> 86.649586 | AT62: 12.64295 | AW62: 11.422862 | AZ62: 17.107853 | BC62: 45.475921 | BD62: =SUM(BE62:BP62) -> 88.385468 | BG62: 0.809805 | BJ62: 9.592777 | BM62: 2.998922 | BP62: 74.983964 | BQ62: =SUM(BR62:CC62) -> 43.739377 | BT62: 17.560296 | BW62: 25.140375 | CC62: 1.038706 | CD62: =SUM(CE62:CP62) -> 35.732495 | CG62: 27.122907 | CJ62: 0.701844 | CM62: 1.278162 | CP62: 6.629582 | CQ62: =SUM(CR62:DC62) -> 0
B63: 관계기업투자주식처분이익 | AQ63: =SUM(AR63:BC63) -> 245.112 | BA63: 245.112 | BW63: 0 | CC63: 0
B64: 잡이익 | E64: 0.010002 | F64: 0 | G64: 0 | H64: 0 | I64: 0 | J64: 0 | K64: 0.01 | L64: 0 | M64: 6.6 | Q64: =SUM(R64:AC64) -> 102.69081 | R64: 0.010004 | V64: 74.3 | X64: 0.029198 | Y64: 28.351595 | AA64: 9e-06 | AC64: 0 | AD64: 40.462109 | AE64: 9e-06 | AG64: 18.999205 | AH64: 8e-06 | AK64: 6e-06 | AM64: 21.462876 | AN64: 5e-06 | AQ64: =SUM(AR64:BC64) -> 1939.3501 | AR64: 1744.272 | AS64: 2.368591 | AT64: 109.68239 | AU64: 0.888007 | AX64: 0.127602 | BA64: 4e-06 | BC64: 82.0115 | BD64: =SUM(BE64:BP64) -> 634.02396 | BE64: 5e-06 | BF64: 0.0548 | BG64: 348.24159 | BJ64: 0 | BK64: 7e-06 | BM64: 285.22755 | BN64: 5e-06 | BO64: 0.5 | BQ64: =SUM(BR64:CC64) -> 383.74763 | BR64: 3e-06 | BS64: 4.45197 | BU64: 0.725333 | BV64: 4.224157 | BW64: 362.26162 | BX64: 0.03454 | BY64: 1 | BZ64: 1.4 | CA64: 2.700008 | CB64: 3.575 | CC64: 3.375 | CD64: =SUM(CE64:CP64) -> 524.80341 | CE64: 5.250001 | CF64: 7.672738 | CG64: 6.8 | CH64: 0.106727 | CI64: 484.29891 | CJ64: 3.475 | CK64: 2.600004 | CL64: 1.4 | CM64: 4.12502 | CN64: 2.100008 | CO64: 3 | CP64: 3.975 | CQ64: =SUM(CR64:DC64) -> 11 | CS64: 2 | CT64: 3 | CW64: 2 | CY64: 2 | DA64: 1 | DC64: 1
B65: VII.영 업 외 비 용 | E65: =SUM(E66:E74) -> 154.7996 | F65: =SUM(F66:F74) -> 146.14799 | G65: =SUM(G66:G74) -> 319.62313 | H65: =SUM(H66:H74) -> 149.59849 | I65: =SUM(I66:I74) -> 207.44632 | J65: =SUM(J66:J74) -> 318.09305 | K65: =SUM(K66:K74) -> 150.81904 | L65: =SUM(L66:L74) -> 144.13392 | ... P65: =SUM(P66:P74) -> 829.10203 | Q65: =SUM(R65:AC65) -> 5745.9011 | R65: =SUM(R66:R74) -> 141.71855 | S65: =SUM(S66:S74) -> 127.32633 | T65: =SUM(T66:T74) -> 1097.3735 | U65: =SUM(U66:U74) -> 109.48142 | V65: =SUM(V66:V74) -> 149.14295 | W65: =SUM(W66:W74) -> 728.78571 | X65: =SUM(X66:X74) -> 105.84545 | Y65: =SUM(Y66:Y74) -> 109.18328 | ... AC65: =SUM(AC66:AC74) -> 2170.0067 | AD65: 4851.2783 | AE65: =SUM(AE66:AE74) -> 137.34166 | AF65: =SUM(AF66:AF74) -> 89.236958 | AG65: =SUM(AG66:AG74) -> 1520.1449 | AH65: =SUM(AH66:AH74) -> 95.3976 | AI65: =SUM(AI66:AI74) -> 107.84162 | AJ65: =SUM(AJ66:AJ74) -> 116.57229 | AK65: =SUM(AK66:AK74) -> 104.40152 | AL65: =SUM(AL66:AL74) -> 98.57752 | ... BC65: =SUM(BC66:BC74) -> -5971.0522 | BD65: =SUM(BE65:BP65) -> 7345.628 | BE65: =SUM(BE66:BE74) -> 98.57752 | BF65: =SUM(BF66:BF74) -> 89.03776 | BG65: =SUM(BG66:BG74) -> 3916.2528 | BH65: =SUM(BH66:BH74) -> 216.9952 | BI65: =SUM(BI66:BI74) -> 221.69671 | BJ65: =SUM(BJ66:BJ74) -> -126.47051 | BK65: =SUM(BK66:BK74) -> 322.59706 | BL65: =SUM(BL66:BL74) -> 221.69671 | ... BP65: =SUM(BP66:BP74) -> 1369.4177 | BQ65: =SUM(BR65:CC65) -> 10013.334 | BR65: =SUM(BR66:BR74) -> 221.69671 | BS65: =SUM(BS66:BS74) -> 207.3937 | BT65: =SUM(BT66:BT74) -> 2481.9441 | BU65: =SUM(BU66:BU74) -> 214.54521 | BV65: =SUM(BV66:BV74) -> 221.69671 | BW65: =SUM(BW66:BW74) -> 1930.3784 | BX65: =SUM(BX66:BX74) -> 226.70717 | BY65: =SUM(BY66:BY74) -> 223.26593 | ... CC65: =SUM(CC66:CC74) -> 5785.8458 | CD65: =SUM(CE65:CP65) -> 5668.2983 | CE65: =SUM(CE66:CE74) -> 239.29324 | CF65: =SUM(CF66:CF74) -> 200.24219 | CG65: =SUM(CG66:CG74) -> 2153.7048 | CH65: =SUM(CH66:CH74) -> 180.01953 | CI65: =SUM(CI66:CI74) -> 189.43451 | CJ65: =SUM(CJ66:CJ74) -> 3230.8911 | CK65: =SUM(CK66:CK74) -> 236.12656 | CL65: =SUM(CL66:CL74) -> 185.45251 | ... CP65: =SUM(CP66:CP74) -> -0.731457 | CQ65: =SUM(CR65:DC65) -> 3781 | CR65: =SUM(CR66:CR74) -> 174 | CS65: =SUM(CS66:CS74) -> 158 | CT65: =SUM(CT66:CT74) -> 1904 | CU65: =SUM(CU66:CU74) -> 168 | CV65: =SUM(CV66:CV74) -> 175 | CW65: =SUM(CW66:CW74) -> 168 | CX65: =SUM(CX66:CX74) -> 174 | CY65: =SUM(CY66:CY74) -> 174 | ... DC65: =SUM(DC66:DC74) -> 175
B66: 이자비용 | E66: 154.7926 | F66: 138.97973 | G66: 319.62313 | H66: 149.59849 | I66: 153.54493 | J66: 257.66777 | K66: 150.81904 | L66: 143.80767 | M66: 276.02657 | N66: 140.63425 | O66: 135.83342 | P66: 804.68844 | Q66: =SUM(R66:AC66) -> 2052.0175 | R66: 138.04508 | S66: 126.91512 | T66: 344.6551 | U66: 108.35921 | V66: 109.50112 | W66: 327.03215 | X66: 105.42328 | Y66: 104.66765 | Z66: 239.80933 | AA66: 96.803234 | AB66: 96.025228 | AC66: 254.78095 | AD66: 1700.478 | AE66: 98.337662 | AF66: 89.236958 | AG66: 235.91636 | AH66: 95.3976 | AI66: 98.57752 | AJ66: 236.94459 | AK66: 98.57752 | AL66: 98.57752 | AM66: 231.54242 | AN66: 98.57752 | AO66: 95.3976 | AP66: 223.39473 | AQ66: =SUM(AR66:BC66) -> 1872.0755 | AR66: 98.57752 | AS66: 89.03776 | AT66: 214.23155 | AU66: 95.3976 | AV66: 98.57752 | AW66: 213.33358 | AX66: 98.57752 | AY66: 98.57752 | AZ66: 278.17187 | BA66: 98.57752 | BB66: 95.3976 | BC66: 393.61791 | BD66: =SUM(BE66:BP66) -> 3501.6895 | BE66: 98.57752 | BF66: 89.03776 | BG66: 544.94828 | BH66: 214.54521 | BI66: 221.69671 | BJ66: 454.78476 | BK66: 221.69671 | BL66: 221.69671 | BM66: 515.4344 | BN66: 221.69671 | BO66: 214.54521 | BP66: 483.0295 | BQ66: =SUM(BR66:CC66) -> 3684.1695 | BR66: 221.69671 | BS66: 207.3937 | BT66: 471.35907 | BU66: 214.54521 | BV66: 221.69671 | BW66: 446.37839 | BX66: 221.69671 | BY66: 221.69671 | BZ66: 499.63857 | CA66: 221.67671 | CB66: 214.54521 | CC66: 521.8458 | CD66: =SUM(CE66:CP66) -> 3247.9765 | CE66: 221.69671 | CF66: 200.24219 | CG66: 468.70904 | CH66: 179.47017 | CI66: 185.45251 | CJ66: 449.28457 | CK66: 185.45251 | CL66: 185.45251 | CM66: 434.13094 | CN66: 185.45251 | CO66: 179.47017 | CP66: 373.16263 | CQ66: =SUM(CR66:DC66) -> 2047 | CR66: 174 | CS66: 157 | CT66: 174 | CU66: 168 | CV66: 174 | CW66: 168 | CX66: 174 | CY66: 174 | CZ66: 168 | DA66: 174 | DB66: 168 | DC66: 174
B67: 외환차손 | Q67: =SUM(R67:AC67) -> 0 | AD67: 0 | AQ67: =SUM(AR67:BC67) -> 0 | BD67: =SUM(BE67:BP67) -> 1986.2 | BG67: 1986.2 | BQ67: =SUM(BR67:CC67) -> 1.153638 | BW67: 0 | BX67: 1.153638 | BY67: 0 | CC67: 0 | CD67: =SUM(CE67:CP67) -> 18.072 | CO67: 18.072 | CP67: 0 | CQ67: =SUM(CR67:DC67) -> 0
B68: 외화환산손실 | Q68: =SUM(R68:AC68) -> 0 | T68: 90 | W68: -90 | AD68: 3068 | AG68: 1137.5 | AJ68: -87.5 | AM68: 1995.2 | AP68: 22.8 | AQ68: =SUM(AR68:BC68) -> 3108.4 | AT68: 961.4 | AW68: 3119.8 | AZ68: 5392.2 | BC68: -6365 | BD68: =SUM(BE68:BP68) -> 0 | BM68: 868 | BP68: -868 | BQ68: =SUM(BR68:CC68) -> 6321 | BT68: 2009 | BW68: 1484 | BZ68: -2436 | CC68: 5264 | CD68: =SUM(CE68:CP68) -> 0 | CG68: 665 | CJ68: -665 | CQ68: =SUM(CR68:DC68) -> 0
B69: 파생상품평가손실 | Q69: =SUM(R69:AC69) -> 3573.7091 | T69: 661.10241 | W69: 489.33563 | Z69: 509.27812 | AC69: 1913.993 | AD69: 0 | AG69: 145.93023 | AJ69: -34.669057 | AM69: -111.26117 | AQ69: =SUM(AR69:BC69) -> 0 | BD69: =SUM(BE69:BP69) -> 1544.6297 | BG69: 1385.1045 | BJ69: -581.25526 | BM69: -803.84929 | BP69: 1544.6297 | BQ69: =SUM(BR69:CC69) -> 0 | BW69: 0 | CC69: 0 | CD69: =SUM(CE69:CP69) -> 1449.5723 | CG69: 1017.819 | CJ69: 3446.6065 | CM69: -1767.1196 | CP69: -1247.7337 | CQ69: =SUM(CR69:DC69) -> 1730 | CT69: 1730
B70: 기부금 | Q70: =SUM(R70:AC70) -> 0 | AD70: 0 | AQ70: =SUM(AR70:BC70) -> 0 | BD70: =SUM(BE70:BP70) -> 0 | BQ70: =SUM(BR70:CC70) -> 0 | BW70: 0 | CC70: 0 | CD70: =SUM(CE70:CP70) -> 50.67405 | CK70: 50.67405 | CQ70: =SUM(CR70:DC70) -> 0
B71: 유형자산처분손실 | E71: 0.006 | F71: 7.068265 | G71: 0 | H71: 0 | I71: 8.901382 | J71: 18.946377 | K71: 0 | L71: 0.315973 | M71: 0.068913 | N71: 1.226165 | P71: 22.175906 | Q71: =SUM(R71:AC71) -> 87.622499 | R71: 1.291802 | S71: 0.411202 | T71: 1.61597 | U71: 1.122206 | V71: 36.306695 | W71: 2.416925 | X71: 0.422172 | Y71: 0.181419 | Z71: 42.186088 | AA71: 0.003 | AB71: 0.432194 | AC71: 1.232826 | AD71: 16.099996 | AE71: 0.004 | AG71: 0.798267 | AI71: 9.2641 | AJ71: 0.383152 | AK71: 3.223 | AM71: 0.431 | AP71: 1.996477 | AQ71: =SUM(AR71:BC71) -> 1.59415 | AT71: 0.886533 | AW71: 0.377744 | BC71: 0.329873 | BD71: =SUM(BE71:BP71) -> 209.75843 | BP71: 209.75843 | BQ71: =SUM(BR71:CC71) -> 1.585013 | BT71: 1.585013 | BW71: 0 | CC71: 0 | CD71: =SUM(CE71:CP71) -> 876.0111 | CG71: 2.176752 | CO71: 0.001 | CP71: 873.83335 | CQ71: =SUM(CR71:DC71) -> 0
B72: 무형자산처분손실 | E72: 0.001 | F72: 0 | G72: 0 | H72: 0 | I72: 45.000003 | J72: 41.4789 | K72: 0 | L72: 0 | N72: 21.33534 | Q72: =SUM(R72:AC72) -> 32.552013 | R72: 2.381667 | V72: 3.335135 | W72: 0.001 | Y72: 4.334211 | Z72: 22.5 | AD72: 13.334337 | AE72: 39 | AJ72: 0 | AK72: 0.001 | AM72: -39 | AN72: 10 | AO72: 13.333337 | AP72: -10 | AQ72: =SUM(AR72:BC72) -> 0 | AW72: 29.333337 | AZ72: -29.333337 | BD72: =SUM(BE72:BP72) -> 0 | BQ72: =SUM(BR72:CC72) -> 0 | BW72: 0 | CC72: 0 | CD72: =SUM(CE72:CP72) -> 1.858295 | CO72: 1.858295 | CQ72: =SUM(CR72:DC72) -> 0
B73: 사용권자산처분손실 | AM73: 21.002345 | AP73: 28.350021 | AQ73: =SUM(AR73:BC73) -> 0 | BD73: =SUM(BE73:BP73) -> 0 | BQ73: =SUM(BR73:CC73) -> 0 | BW73: 0 | CC73: 0 | CD73: =SUM(CE73:CP73) -> 0 | CQ73: =SUM(CR73:DC73) -> 0
B74: 잡손실 | E74: 1e-06 | F74: 0.100001 | G74: 1e-06 | H74: 0 | I74: 0 | J74: 0 | K74: 0 | L74: 0.01028 | O74: 1.8e-05 | P74: 2.23769 | Q74: =SUM(R74:AC74) -> 0 | AD74: 4.0136 | AJ74: 1.4136 | AK74: 2.6 | AQ74: =SUM(AR74:BC74) -> 5.023702 | AT74: 1e-06 | AU74: 1.6475 | AV74: 1.170001 | AX74: 0.006801 | BA74: 2.199399 | BD74: =SUM(BE74:BP74) -> 103.35035 | BH74: 2.45 | BK74: 100.90035 | BQ74: =SUM(BR74:CC74) -> 5.426121 | BW74: 0 | BX74: 3.85682 | BY74: 1.569223 | CA74: 7.8e-05 | CC74: 0 | CD74: =SUM(CE74:CP74) -> 24.134111 | CE74: 17.59653 | CH74: 0.549362 | CI74: 3.982 | CM74: 2 | CP74: 0.006219 | CQ74: =SUM(CR74:DC74) -> 4 | CS74: 1 | CV74: 1 | CZ74: 1 | DC74: 1
B75: VIII.법인세비용차감전순손실 | E75: =E52+E53-E65 -> -117.14587 | F75: =F52+F53-F65 -> -129.87132 | G75: =G52+G53-G65 -> -183.9064 | H75: =H52+H53-H65 -> -132.5852 | I75: =I52+I53-I65 -> -142.79131 | J75: =J52+J53-J65 -> -247.168 | K75: =K52+K53-K65 -> -131.09156 | L75: =L52+L53-L65 -> -112.19132 | ... P75: =P52+P53-P65 -> 132.24153 | Q75: =SUM(R75:AC75) -> 1.6781825 | R75: =R52+R53-R65 -> -610.31325 | S75: =S52+S53-S65 -> 551.82336 | T75: =T52+T53-T65 -> -1564.3328 | U75: =U52+U53-U65 -> 950.34452 | V75: =V52+V53-V65 -> 958.41096 | W75: =W52+W53-W65 -> -1033.7347 | X75: =X52+X53-X65 -> 713.60942 | Y75: =Y52+Y53-Y65 -> 1945.9064 | ... AC75: =AC52+AC53-AC65 -> -4057.6963 | AD75: 4125.2091 | AE75: =AE52+AE53-AE65 -> -534.34708 | AF75: =AF52+AF53-AF65 -> 424.63346 | AG75: =AG52+AG53-AG65 -> 539.98657 | AH75: =AH52+AH53-AH65 -> 132.92835 | AI75: =AI52+AI53-AI65 -> 829.64236 | AJ75: =AJ52+AJ53-AJ65 -> 803.7985 | AK75: =AK52+AK53-AK65 -> 298.05924 | AL75: =AL52+AL53-AL65 -> 667.59651 | ... AP75: =AP52+AP53-AP65 -> 17.113073 | AQ75: =SUM(AR75:BC75) -> 8650.2046 | AR75: =AR52+AR53-AR65 -> 1959.6208 | AS75: =AS52+AS53-AS65 -> 751.38672 | AT75: =AT52+AT53-AT65 -> 2484.7445 | AU75: =AU52+AU53-AU65 -> 661.10646 | AV75: =AV52+AV53-AV65 -> 1884.4962 | AW75: =AW52+AW53-AW65 -> 2152.5246 | AX75: =AX52+AX53-AX65 -> 469.78336 | AY75: =AY52+AY53-AY65 -> 971.61761 | ... DC75: =DC52+DC53-DC65 -> -3638.2223
B76: 법인세 비용 | E76: 0 | F76: 0 | G76: 0 | H76: 0 | I76: 107.62384 | J76: 0 | K76: 0 | L76: 0 | M76: 0 | P76: 1488.8545 | Q76: =SUM(R76:AC76) -> 486.47028 | T76: 2.88635 | V76: 180.14536 | W76: 312.59906 | AC76: -9.16049 | AD76: 6.882985 | AI76: 7.063519 | AN76: -0.180534 | AQ76: =SUM(AR76:BC76) -> 543.20204 | AT76: -3.70074 | AU76: 57.564352 | AW76: 1447.521 | AZ76: 265.3085 | BB76: 0.159796 | BC76: -1223.6509 | BD76: =SUM(BE76:BP76) -> 2421.0022 | BE76: 23.082759 | BF76: 2.328781 | BG76: 742.80985 | BH76: 0 | BI76: 106.95889 | BJ76: 895.30597 | BK76: 428.41714 | BL76: 15.40638 | BM76: 880.14183 | BN76: -10.532231 | BO76: -2.0828 | BP76: =-660834416/1000000 -> -660.83442 | BQ76: =SUM(BR76:CC76) -> -6258.2037 | BR76: -22.77412 | BS76: 0 | BT76: 1318.5627 | BU76: -57.0549 | BV76: 0 | BW76: 945.50949 | BX76: 0 | BY76: 0 | BZ76: 790.54781 | CA76: 0.427435 | CB76: 0.413361 | CC76: -9233.8355 | CD76: =SUM(CE76:CP76) -> 2679.8908 | CE76: 0.08497 | CF76: 0.052727 | CG76: 1167.3171 | CH76: 0.02781 | CI76: 0 | CJ76: 1757.545 | CK76: 0 | CL76: 99.009646 | CM76: 1235.9061 | CN76: 0 | CO76: 0.030962 | CP76: -1580.0834 | CQ76: =SUM(CR76:DC76) -> 4690.17 | CT76: 1172.5425 | CW76: 1172.5425 | CZ76: 1172.5425 | DC76: 1172.5425
B77: IX. 당 기 순 이 익 | E77: =E75-E76 -> -117.14587 | F77: =F75-F76 -> -129.87132 | G77: =G75-G76 -> -183.9064 | H77: =H75-H76 -> -132.5852 | I77: =I75-I76 -> -250.41515 | J77: =J75-J76 -> -247.168 | K77: =K75-K76 -> -131.09156 | L77: =L75-L76 -> -112.19132 | ... AC77: =AC75-AC76 -> -4048.5358 | AD77: 4118.3261 | AE77: =AE75-AE76 -> -534.34708 | AF77: =AF75-AF76 -> 424.63346 | AG77: =AG75-AG76 -> 539.98657 | AH77: =AH75-AH76 -> 132.92835 | AI77: =AI75-AI76 -> 822.57884 | AJ77: =AJ75-AJ76 -> 803.7985 | AK77: =AK75-AK76 -> 298.05924 | AL77: =AL75-AL76 -> 667.59651 | ... DC77: =DC75-DC76 -> -4810.7648
B79: Ⅹ. EBITDA | E79: =E52+E35 -> 0 | F79: =F52+F35 -> 0 | G79: =G52+G35 -> 0 | H79: =H52+H35 -> 0 | I79: =I52+I35 -> 0 | J79: =J52+J35 -> 0 | K79: =K52+K35 -> 0 | L79: =L52+L35 -> 0 | ... AC79: =AC52+AC35 -> -2623.8216 | AD79: 10930.918 | AE79: =AE52+AE35 -> -289.2092 | AF79: =AF52+AF35 -> 632.23847 | AG79: =AG52+AG35 -> 2187.6567 | AH79: =AH52+AH35 -> 327.82891 | AI79: =AI52+AI35 -> 896.69222 | AJ79: =AJ52+AJ35 -> 2126.991 | AK79: =AK52+AK35 -> 512.69092 | AL79: =AL52+AL35 -> 863.50964 | ... DC79: =DC52+DC35 -> -2399.556
B80: EBITDA ÷ 매출 | Q80: =Q79/Q12 -> 0.014258566 | AD80: =AD79/AD12 -> 0.015391912 | AQ80: =AQ79/AQ12 -> 0.018842852 | BD80: =BD79/BD12 -> 0.022274136 | BQ80: =BQ79/BQ12 -> 0.025807959 | CD80: =CD79/CD12 -> 0.030167011 | CQ80: =CQ79/CQ88 -> 0.030649723
B81: 잔여자본 | Q81: =AC81 -> 33954.166 | AC81: 33954.166 | AD81: 38326.764 | AP81: 38326.764 | AQ81: 50974 | BC81: 50974 | BD81: =BP81 -> 49401.236 | BP81: 49401.236 | BQ81: =CC81 -> 68012.962 | CC81: 68012.962 | CD81: =CP81 -> 80324.875 | CP81: 80324.875
B82: 자본잠식률 | Q82: =1-Q81/237000 -> 0.85673348 | AC82: =1-AC81/237000 -> 0.85673348 | AD82: =1-AD81/237000 -> 0.8382837 | AP82: =1-AP81/237000 -> 0.8382837 | AQ82: =1-AQ81/237000 -> 0.78491983 | BC82: =1-BC81/237000 -> 0.78491983 | BD82: =1-BD81/237000 -> 0.79155597 | BP82: =1-BP81/237000 -> 0.79155597 | BQ82: =1-BQ81/237150 -> 0.71320699 | CC82: =1-CC81/237150 -> 0.71320699 | CD82: =1-CD81/237150 -> 0.66129085 | CE82: =1-CE81/237150 -> 1 | CF82: =1-CF81/237150 -> 1 | CG82: =1-CG81/237150 -> 1 | CH82: =1-CH81/237150 -> 1 | CI82: =1-CI81/237150 -> 1 | CJ82: =1-CJ81/237150 -> 1 | ... CP82: =1-CP81/237150 -> 0.66129085
BD84: =BD76/BD75 -> 0.39023757 | BQ84: =BQ94/BQ89 -> 1.0824507 | BR84: =BR94/BR89 -> 1.0621422 | BS84: =BS94/BS89 -> 1.0283759 | BT84: =BT94/BT89 -> 1.0498523 | BU84: =BU94/BU89 -> 1.1568234 | BV84: =BV94/BV89 -> 1.146078 | BW84: =BW94/BW89 -> 1.0771728 | BX84: =BX94/BX89 -> 1.1514251 | ... DC84: =DC94/DC89 -> 1.0425555
B85: ■ 손익계산서 (통신) | Q85: =Q94/Q89 -> 1.0013413 | R85: =R94/R89 -> 1.0139378 | S85: =S94/S89 -> 1.0100832 | T85: =T94/T89 -> 1.0024183 | U85: =U94/U89 -> 0.98276568 | V85: =V94/V89 -> 0.99925228 | W85: =W94/W89 -> 0.98105209 | X85: =X94/X89 -> 0.99707443 | ... AP85: =AP94/AP89 -> 1.0850665 | AR85: =AR94/AR89 -> #DIV/0! | AS85: =AS94/AS89 -> #DIV/0! | AT85: =AT94/AT89 -> #DIV/0! | AU85: =AU94/AU89 -> #DIV/0! | AV85: =AV94/AV89 -> #DIV/0! | AW85: =AW94/AW89 -> #DIV/0! | AX85: =AX94/AX89 -> #DIV/0! | AY85: =AY94/AY89 -> #DIV/0! | ... BC85: =BC94/BC89 -> #DIV/0!
B86: 구분 | Q86: 2020년 | AD86: 2021년 실적 | AQ86: 2022년 | BD86: 2023년 | BQ86: 2024년 | CD86: 2025년 | CQ86: 2026년(E)
E87: 1월 | F87: 2월 | G87: 3월 | H87: 4월 | I87: 5월 | J87: 6월 | K87: 7월 | L87: 8월 | M87: 9월 | N87: 10월 | O87: 11월 | P87: 12월 | Q87: Total | R87: 1월 | S87: 2월 | T87: 3월 | U87: 4월 | V87: 5월 | W87: 6월 | X87: 7월 | Y87: 8월 | Z87: 9월 | AA87: 10월 | AB87: 11월 | AC87: 12월 | AD87: Total | AE87: 1월 | AF87: 2월 | AG87: 3월 | AH87: 4월 | AI87: 5월 | AJ87: 6월 | AK87: 7월 | AL87: 8월 | AM87: 9월 | AN87: 10월 | AO87: 11월 | AP87: 12월 | AQ87: Total | AR87: 1월 | AS87: 2월 | AT87: 3월 | AU87: 4월 | AV87: 5월 | AW87: 6월 | AX87: 7월 | AY87: 8월 | AZ87: 9월 | BA87: 10월 | BB87: 11월 | BC87: 12월 | BD87: Total | BE87: 1월 | BF87: 2월 | BG87: 3월 | BH87: 4월 | BI87: 5월 | BJ87: 6월 | BK87: 7월 | BL87: 8월 | BM87: =BM11 -> 9월 | BN87: =BN11 -> 10월 | BO87: =BO11 -> 11월 | BP87: =BP11 -> 12월 | BQ87: Total | BR87: 1월 | BS87: 2월 | BT87: 3월 | BU87: 4월 | BV87: 5월 | BW87: 6월 | BX87: 7월 | BY87: 8월 | BZ87: 9월 | CA87: 10월 | CB87: 11월 | CC87: 12월 | CD87: Total | CE87: 1월 | CF87: 2월 | CG87: 3월 | CH87: 4월 | CI87: 5월 | CJ87: 6월 | CK87: 7월 | CL87: 8월 | CM87: 9월 | CN87: 10월 | CO87: 11월 | CP87: 12월 | CQ87: Total | CR87: 1월 | CS87: 2월 | CT87: 3월 | CU87: 4월 | CV87: 5월 | CW87: 6월 | CX87: 7월(E) | CY87: 8월(E) | CZ87: 9월(E) | DA87: 10월(E) | DB87: 11월(E) | DC87: 12월(E) | DG87: 24-23년 | DH87: 25-24년 | DI87: 26-25년
B88: I. 매 출 | Q88: =Q89+Q90 -> 661195.77 | R88: =R89+R90 -> 56951.147 | S88: =S89+S90 -> 57834.212 | T88: =T89+T90 -> 56802.299 | U88: =U89+U90 -> 50295.011 | V88: =V89+V90 -> 52424.927 | W88: =W89+W90 -> 45226.849 | X88: =X89+X90 -> 44122.264 | ... AC88: =AC89+AC90 -> 56164.881 | AD88: =AD12-AD136 -> 695848.82 | AE88: =AE89+AE90 -> 56726.566 | AF88: =AF89+AF90 -> 50697.736 | AG88: =AG89+AG90 -> 50960.981 | AH88: =AH89+AH90 -> 53482.951 | AI88: =AI89+AI90 -> 51104.428 | AJ88: =AJ89+AJ90 -> 53063.681 | AK88: =AK89+AK90 -> 49589.41 | AL88: =AL89+AL90 -> 72113.129 | ... AP88: =AP89+AP90 -> 61693.194 | AQ88: =AQ12-AQ136 -> 712070.23 | BD88: =BD12-BD136 -> 668399.12 | BE88: =BE12-BE136 -> 45544.412 | BF88: =BF12-BF136 -> 71663.619 | BG88: =BG12-BG136 -> 51412.81 | BH88: =BH12-BH136 -> 46541.111 | BI88: =BI12-BI136 -> 46602.965 | BJ88: =BJ12-BJ136 -> 46361.065 | BK88: =BK12-BK136 -> 40568.14 | ... CP88: =CP12-CP136 -> 49081.68 | CQ88: =CQ89+CQ90 -> 756506.32 | CR88: =CR89+CR90 -> 54847.549 | CS88: =CS89+CS90 -> 49808.853 | CT88: =CT89+CT90 -> 89550.728 | CU88: =CU89+CU90 -> 57983.726 | CV88: =CV89+CV90 -> 56603.065 | CW88: =CW89+CW90 -> 52547.71 | CX88: =CX89+CX90 -> 75509.294 | ... DC88: =DC89+DC90 -> 55490.398 | DG88: =BQ88/BD88-1 -> 0.14804227 | DH88: =CD88/BQ88-1 -> -0.090637653 | DI88: =CQ88/CD88-1 -> 0.084131196
B89: 상품매출 | Q89: =SUM(R89:AC89) -> 483351.68 | R89: =무선!F196 -> 42512.58 | S89: =무선!G196 -> 43559.137 | T89: =무선!H196 -> 41706.116 | U89: =무선!I196 -> 36208.61 | V89: =무선!J196 -> 37676.339 | W89: =무선!K196 -> 31112.636 | X89: =무선!L196 -> 29844.903 | Y89: =무선!M196 -> 51191.695 | ... AC89: =무선!Q196 -> 42178.799 | AD89: =AD13-AD137 -> 493474.56 | AE89: =무선!S196 -> 42730.275 | AF89: =무선!T196 -> 35995.056 | AG89: =무선!U196 -> 37313.117 | AH89: =무선!V196 -> 39255.811 | AI89: =무선!W196 -> 35017.421 | AJ89: =무선!X196 -> 35584.186 | AK89: =무선!Y196 -> 32718.949 | AL89: =무선!Z196 -> 53393.26 | ... AP89: =무선!AD196 -> 37154.045 | AQ89: =AQ13-AQ137 -> 482036.89 | BD89: =BD13-BD137 -> 426405.04 | BE89: =BE13-BE137 -> 30756.19 | BF89: =BF13-BF137 -> 50634.74 | BG89: =BG13-BG137 -> 33551.971 | BH89: =BH13-BH137 -> 27010.871 | BI89: =BI13-BI137 -> 26722.187 | BJ89: =BJ13-BJ137 -> 23884.648 | BK89: =BK13-BK137 -> 21518.17 | ... CP89: =CP13-CP137 -> 20909.681 | CQ89: =SUM(CR89:DC89) -> 474540 | CR89: =무선!CF196 -> 32899.581 | CS89: =무선!CG196 -> 28652.224 | CT89: =무선!CH196 -> 63460.432 | CU89: =무선!CI196 -> 35700.808 | CV89: =무선!CJ196 -> 34142.731 | CW89: =무선!CK196 -> 30627.863 | CX89: =무선!CL196 -> 47751.397 | CY89: =무선!CM196 -> 36297.731 | ... DC89: =무선!CQ196 -> 33016.946 | DG89: =BQ89/BD89-1 -> 0.19496087 | DH89: =CD89/BQ89-1 -> -0.18223809 | DI89: =CQ89/CD89-1 -> 0.13885893
B90: 수수료수입 | Q90: =SUM(R90:AC90) -> 177844.09 | R90: =SUM(R91:R93) -> 14438.567 | S90: =SUM(S91:S93) -> 14275.075 | T90: =SUM(T91:T93) -> 15096.183 | U90: =SUM(U91:U93) -> 14086.401 | V90: =SUM(V91:V93) -> 14748.588 | W90: =SUM(W91:W93) -> 14114.213 | X90: =SUM(X91:X93) -> 14277.361 | Y90: =SUM(Y91:Y93) -> 15082.129 | ... AC90: =SUM(AC91:AC93) -> 13986.082 | AD90: =AD14-AD138 -> 202374.26 | AE90: =SUM(AE91:AE93) -> 13996.291 | AF90: =SUM(AF91:AF93) -> 14702.679 | AG90: =SUM(AG91:AG93) -> 13647.864 | AH90: =SUM(AH91:AH93) -> 14227.14 | AI90: =SUM(AI91:AI93) -> 16087.007 | AJ90: =SUM(AJ91:AJ93) -> 17479.495 | AK90: =SUM(AK91:AK93) -> 16870.461 | AL90: =SUM(AL91:AL93) -> 18719.869 | ... AP90: =SUM(AP91:AP93) -> 24539.148 | AQ90: =AQ14-AQ138 -> 230033.33 | BD90: =BD14-BD138 -> 241994.08 | BE90: =BE14-BE138 -> 14788.222 | BF90: =BF14-BF138 -> 21028.88 | BG90: =BG14-BG138 -> 17860.839 | BH90: =BH14-BH138 -> 19530.24 | BI90: =BI14-BI138 -> 19880.779 | BJ90: =BJ14-BJ138 -> 22476.417 | BK90: =BK14-BK138 -> 19049.97 | ... CP90: =CP14-CP138 -> 28171.999 | CQ90: =SUM(CR90:DC90) -> 281966.32 | CR90: =SUM(CR91:CR93) -> 21947.969 | CS90: =SUM(CS91:CS93) -> 21156.63 | CT90: =SUM(CT91:CT93) -> 26090.296 | CU90: =SUM(CU91:CU93) -> 22282.917 | CV90: =SUM(CV91:CV93) -> 22460.335 | CW90: =SUM(CW91:CW93) -> 21919.847 | CX90: =SUM(CX91:CX93) -> 27757.897 | CY90: =SUM(CY91:CY93) -> 22928.003 | ... DC90: =SUM(DC91:DC93) -> 22473.453 | DG90: =BQ90/BD90-1 -> 0.065369485 | DH90: =CD90/BQ90-1 -> 0.090399858 | DI90: =CQ90/CD90-1 -> 0.0030127658
B91: 정책수수료 | Q91: =SUM(R91:AC91) -> 85819.2 | R91: =무선!F253+유선!F42 -> 6650.5846 | S91: =무선!G253+유선!G42 -> 6165.532 | T91: =무선!H253+유선!H42 -> 6765.5568 | U91: =무선!I253+유선!I42 -> 6273.3708 | V91: =무선!J253+유선!J42 -> 7173.6811 | W91: =무선!K253+유선!K42 -> 6740.7589 | X91: =무선!L253+유선!L42 -> 6615.3399 | Y91: =무선!M253+유선!M42 -> 7314.1149 | ... AC91: =무선!Q253+유선!Q42 -> 6533.2407 | AD91: =AD15-AD139 -> 106845.74 | AE91: =무선!S253+유선!S42 -> 6775.9317 | AF91: =무선!T253+유선!T42 -> 7000.7579 | AG91: =무선!U253+유선!U42 -> 6248.7498 | AH91: =무선!V253+유선!V42 -> 5643.6671 | AI91: =무선!W253+유선!W42 -> 8252.1391 | AJ91: =무선!X253+유선!X42 -> 9604.1539 | AK91: =무선!Y253+유선!Y42 -> 8850.5993 | AL91: =무선!Z253+유선!Z42 -> 10662.665 | ... AP91: =무선!AD253+유선!AD42 -> 16232.011 | AQ91: =AQ15-AQ139 -> 124108.54 | BD91: =BD15-BD139 -> 128744.55 | BE91: =BE15-BE139 -> 3992.9752 | BF91: =BF15-BF139 -> 12618.733 | BG91: =BG15-BG139 -> 7848.7283 | BH91: =BH15-BH139 -> 10654.675 | BI91: =BI15-BI139 -> 10744.778 | BJ91: =BJ15-BJ139 -> 12697.077 | BK91: =BK15-BK139 -> 9472.0605 | ... CP91: =CP15-CP139 -> 18373.16 | CQ91: =SUM(CR91:DC91) -> 177085.62 | CR91: =무선!CF253+유선!CF42 -> 13136.593 | CS91: =무선!CG253+유선!CG42 -> 12397.063 | CT91: =무선!CH253+유선!CH42 -> 17339.042 | CU91: =무선!CI253+유선!CI42 -> 13548.562 | CV91: =무선!CJ253+유선!CJ42 -> 13742.101 | CW91: =무선!CK253+유선!CK42 -> 13220.845 | CX91: =무선!CL253+유선!CL42 -> 19014.914 | CY91: =무선!CM253+유선!CM42 -> 14192.645 | ... DC91: =무선!CQ253+유선!CQ42 -> 13751.552 | DG91: =BQ91/BD91-1 -> 0.077424352 | DH91: =CD91/BQ91-1 -> 0.246486 | DI91: =CQ91/CD91-1 -> 0.024189324
B92: 관리수수료 | Q92: =SUM(R92:AC92) -> 50046.036 | R92: =무선!F116+무선!F181+유선!F32+무선!F129 -> 3887.3879 | S92: =무선!G116+무선!G181+유선!G32+무선!G129 -> 4031.233 | T92: =무선!H116+무선!H181+유선!H32+무선!H129 -> 4225.2128 | U92: =무선!I116+무선!I181+유선!I32+무선!I129 -> 3943.9889 | V92: =무선!J116+무선!J181+유선!J32+무선!J129 -> 4359.426 | W92: =무선!K116+무선!K181+유선!K32+무선!K129 -> 4087.7616 | X92: =무선!L116+무선!L181+유선!L32+무선!L129 -> 4106.5562 | Y92: =무선!M116+무선!M181+유선!M32+무선!M129 -> 4486.5416 | ... AC92: =무선!Q116+무선!Q181+유선!Q32+무선!Q129 -> 4217.4853 | AD92: =AD16-AD140 -> 56993.082 | AE92: =무선!S116+무선!S181+유선!S32+무선!S129+무선!S126 -> 4118.1559 | AF92: =무선!T116+무선!T181+유선!T32+무선!T129+무선!T126 -> 4617.9168 | AG92: =무선!U116+무선!U181+유선!U32+무선!U129+무선!U126 -> 4356.2214 | AH92: =무선!V116+무선!V181+유선!V32+무선!V129+무선!V126 -> 5291.949 | AI92: =무선!W116+무선!W181+유선!W32+무선!W129+무선!W126 -> 4656.8344 | AJ92: =무선!X116+무선!X181+유선!X32+무선!X129+무선!X126 -> 4758.5661 | AK92: =무선!Y116+무선!Y181+유선!Y32+무선!Y129+무선!Y126 -> 4675.3641 | AL92: =무선!Z116+무선!Z181+유선!Z32+무선!Z129+무선!Z126 -> 4966.5687 | ... AP92: =무선!AD116+무선!AD181+유선!AD32+무선!AD129+무선!AD126 -> 4895.5665 | AQ92: =AQ16-AQ140 -> 62536.304 | BD92: =BD16-BD140 -> 70035.096 | BE92: =BE16-BE140 -> 6703.5032 | BF92: =BF16-BF140 -> 5086.3376 | BG92: =BG16-BG140 -> 5971.6036 | BH92: =BH16-BH140 -> 5556.7621 | BI92: =BI16-BI140 -> 5871.6059 | BJ92: =BJ16-BJ140 -> 5791.4679 | BK92: =BK16-BK140 -> 6055.5175 | ... CP92: =CP16-CP140 -> 5100.7165 | CQ92: =SUM(CR92:DC92) -> 57976.257 | CR92: =무선!CF116+무선!CF181+유선!CF32+무선!CF126+무선!CF127+무선!CF129+무선!CF128 -> 4899.5889 | CS92: =무선!CG116+무선!CG181+유선!CG32+무선!CG126+무선!CG127+무선!CG129+무선!CG128 -> 4874.7797 | CT92: =무선!CH116+무선!CH181+유선!CH32+무선!CH126+무선!CH127+무선!CH129+무선!CH128 -> 4864.4676 | CU92: =무선!CI116+무선!CI181+유선!CI32+무선!CI126+무선!CI127+무선!CI129+무선!CI128 -> 4847.5685 | CV92: =무선!CJ116+무선!CJ181+유선!CJ32+무선!CJ126+무선!CJ127+무선!CJ129+무선!CJ128 -> 4831.4468 | CW92: =무선!CK116+무선!CK181+유선!CK32+무선!CK126+무선!CK127+무선!CK129+무선!CK128 -> 4812.2151 | CX92: =무선!CL116+무선!CL181+유선!CL32+무선!CL126+무선!CL127+무선!CL129+무선!CL128 -> 4816.1959 | CY92: =무선!CM116+무선!CM181+유선!CM32+무선!CM126+무선!CM127+무선!CM129+무선!CM128 -> 4808.5714 | ... DC92: =무선!CQ116+무선!CQ181+유선!CQ32+무선!CQ126+무선!CQ127+무선!CQ129+무선!CQ128 -> 4795.1138 | DG92: =BQ92/BD92-1 -> -0.021457365 | DH92: =CD92/BQ92-1 -> -0.1016757 | DI92: =CQ92/CD92-1 -> -0.058280533
B93: 기타수수료 | Q93: =SUM(R93:AC93) -> 41978.852 | R93: =기타수익!D37+기타수익!D40+기타수익!D44 -> 3900.5945 | S93: =기타수익!E37+기타수익!E40+기타수익!E44 -> 4078.3099 | T93: =기타수익!F37+기타수익!F40+기타수익!F44 -> 4105.4136 | U93: =기타수익!G37+기타수익!G40+기타수익!G44 -> 3869.0418 | V93: =기타수익!H37+기타수익!H40+기타수익!H44 -> 3215.4814 | W93: =기타수익!I37+기타수익!I40+기타수익!I44 -> 3285.6923 | X93: =기타수익!J37+기타수익!J40+기타수익!J44 -> 3555.4653 | Y93: =기타수익!K37+기타수익!K40+기타수익!K44 -> 3281.4724 | ... AC93: =기타수익!O37+기타수익!O40+기타수익!O44 -> 3235.3559 | AD93: =AD17-AD141 -> 38535.44 | AE93: =기타수익!Q37+기타수익!Q40+기타수익!Q44 -> 3102.2035 | AF93: =기타수익!R37+기타수익!R40+기타수익!R44 -> 3084.0044 | AG93: =기타수익!S37+기타수익!S40+기타수익!S44 -> 3042.8932 | AH93: =기타수익!T37+기타수익!T40+기타수익!T44 -> 3291.524 | AI93: =기타수익!U37+기타수익!U40+기타수익!U44 -> 3178.0335 | AJ93: =기타수익!V37+기타수익!V40+기타수익!V44 -> 3116.7747 | AK93: =기타수익!W37+기타수익!W40+기타수익!W44 -> 3344.498 | AL93: =기타수익!X37+기타수익!X40+기타수익!X44 -> 3090.6358 | ... AP93: =기타수익!AB37+기타수익!AB40+기타수익!AB44 -> 3411.5707 | AQ93: =AQ17-AQ141 -> 43388.485 | BD93: =BD17-BD141 -> 43214.43 | BE93: =BE17-BE141 -> 4091.7431 | BF93: =BF17-BF141 -> 3323.8089 | BG93: =BG17-BG141 -> 4040.5073 | BH93: =BH17-BH141 -> 3318.8032 | BI93: =BI17-BI141 -> 3264.3948 | BJ93: =BJ17-BJ141 -> 3987.8725 | BK93: =BK17-BK141 -> 3522.3917 | ... CP93: =CP17-CP141 -> 4698.1223 | CQ93: =SUM(CR93:DC93) -> 46904.443 | CR93: =기타수익!CD37+기타수익!CD40+기타수익!CD44 -> 3911.7869 | CS93: =기타수익!CE37+기타수익!CE40+기타수익!CE44 -> 3884.7869 | CT93: =기타수익!CF37+기타수익!CF40+기타수익!CF44 -> 3886.7869 | CU93: =기타수익!CG37+기타수익!CG40+기타수익!CG44 -> 3886.7869 | CV93: =기타수익!CH37+기타수익!CH40+기타수익!CH44 -> 3886.7869 | CW93: =기타수익!CI37+기타수익!CI40+기타수익!CI44 -> 3886.7869 | CX93: =기타수익!CJ37+기타수익!CJ40+기타수익!CJ44 -> 3926.7869 | CY93: =기타수익!CK37+기타수익!CK40+기타수익!CK44 -> 3926.7869 | ... DC93: =기타수익!CO37+기타수익!CO40+기타수익!CO44 -> 3926.7869 | DG93: =BQ93/BD93-1 -> 0.17017078 | DH93: =CD93/BQ93-1 -> -0.077446841 | DI93: =CQ93/CD93-1 -> 0.0054131239
B94: II. 매 출 원 가 | Q94: =SUM(R94:AC94) -> 483999.99 | R94: =무선!F220 -> 43105.112 | S94: =무선!G220 -> 43998.351 | T94: =무선!H220 -> 41806.972 | U94: =무선!I220 -> 35584.579 | V94: =무선!J220 -> 37648.167 | W94: =무선!K220 -> 30523.117 | X94: =무선!L220 -> 29757.59 | Y94: =무선!M220 -> 51057.504 | ... AC94: =무선!Q220 -> 42127.194 | AD94: =AD18-AD142 -> 511586.05 | AE94: =무선!S220 -> 43031.8 | AF94: =무선!T220 -> 36204.686 | AG94: =무선!U220 -> 36678.754 | AH94: =무선!V220 -> 39733.485 | AI94: =무선!W220 -> 36132.01 | AJ94: =무선!X220 -> 37457.079 | AK94: =무선!Y220 -> 34547.228 | AL94: =무선!Z220 -> 57208.191 | ... AP94: =무선!AD220 -> 40314.611 | AQ94: =AQ18-AQ142 -> 497164.1 | BD94: =BD18-BD142 -> 445802.49 | BE94: =BE18-BE142 -> 31514.574 | BF94: =BF18-BF142 -> 54553.679 | BG94: =BG18-BG142 -> 34295.276 | BH94: =BH18-BH142 -> 29578.125 | BI94: =BI18-BI142 -> 29658.431 | BJ94: =BJ18-BJ142 -> 26043.734 | BK94: =BK18-BK142 -> 22551.701 | ... CP94: =CP18-CP142 -> 23773.437 | CQ94: =SUM(CR94:DC94) -> 509651.4 | CR94: =무선!CF220 -> 35069.631 | CS94: =무선!CG220 -> 31883.726 | CT94: =무선!CH220 -> 67645.313 | CU94: =무선!CI220 -> 38042.904 | CV94: =무선!CJ220 -> 36865.096 | CW94: =무선!CK220 -> 32340.245 | CX94: =무선!CL220 -> 52738.558 | CY94: =무선!CM220 -> 39326.882 | ... DC94: =무선!CQ220 -> 34421.998 | DG94: =BQ94/BD94-1 -> 0.23720502 | DH94: =CD94/BQ94-1 -> -0.1679381 | DI94: =CQ94/CD94-1 -> 0.110538
B95: III. 매 출 총 이 익 | Q95: =SUM(R95:AC95) -> 177195.78 | R95: =R88-R94 -> 13846.035 | S95: =S88-S94 -> 13835.861 | T95: =T88-T94 -> 14995.327 | U95: =U88-U94 -> 14710.432 | V95: =V88-V94 -> 14776.76 | W95: =W88-W94 -> 14703.732 | X95: =X88-X94 -> 14364.675 | Y95: =Y88-Y94 -> 15216.32 | ... AC95: =AC88-AC94 -> 14037.686 | AD95: =AD19-AD143 -> 184262.78 | AE95: =AE88-AE94 -> 13694.766 | AF95: =AF88-AF94 -> 14493.05 | AG95: =AG88-AG94 -> 14282.227 | AH95: =AH88-AH94 -> 13749.466 | AI95: =AI88-AI94 -> 14972.417 | AJ95: =AJ88-AJ94 -> 15606.602 | AK95: =AK88-AK94 -> 15042.183 | AL95: =AL88-AL94 -> 14904.937 | ... AP95: =AP88-AP94 -> 21378.582 | AQ95: =AQ19-AQ143 -> 214906.12 | BD95: =BD19-BD143 -> 222596.64 | BE95: =BE19-BE143 -> 14029.838 | BF95: =BF19-BF143 -> 17109.94 | BG95: =BG19-BG143 -> 17117.534 | BH95: =BH19-BH143 -> 16962.986 | BI95: =BI19-BI143 -> 16944.534 | BJ95: =BJ19-BJ143 -> 20317.33 | BK95: =BK19-BK143 -> 18016.439 | ... CP95: =CP19-CP143 -> 25308.243 | CQ95: =SUM(CR95:DC95) -> 246854.92 | CR95: =CR88-CR94 -> 19777.918 | CS95: =CS88-CS94 -> 17925.127 | CT95: =CT88-CT94 -> 21905.416 | CU95: =CU88-CU94 -> 19940.822 | CV95: =CV88-CV94 -> 19737.969 | CW95: =CW88-CW94 -> 20207.464 | CX95: =CX88-CX94 -> 22770.737 | CY95: =CY88-CY94 -> 19898.852 | ... DC95: =DC88-DC94 -> 21068.401 | DG95: =BQ95/BD95-1 -> -0.030527256 | DH95: =CD95/BQ95-1 -> 0.10692824 | DI95: =CQ95/CD95-1 -> 0.033399196
B96: IV. 판매비와일반관리비 | Q96: =Q97+Q104+Q108+Q111+Q114 -> 175469.5 | R96: =R97+R104+R108+R111+R114 -> 14387.761 | S96: =S97+S104+S108+S111+S114 -> 13118.332 | T96: =T97+T104+T108+T111+T114 -> 15581.362 | U96: =U97+U104+U108+U111+U114 -> 13668.868 | V96: =V97+V104+V108+V111+V114 -> 13749.405 | W96: =W97+W104+W108+W111+W114 -> 15634.151 | X96: =X97+X104+X108+X111+X114 -> 13568.583 | ... AC96: =AC97+AC104+AC108+AC111+AC114 -> 18143.559 | AD96: =AD20-AD144 -> 179869.47 | AE96: =AE97+AE104+AE108+AE111+AE114 -> 14106.043 | AF96: =AF97+AF104+AF108+AF111+AF114 -> 13982.146 | AG96: =AG97+AG104+AG108+AG111+AG114 -> 13548.619 | AH96: =AH97+AH104+AH108+AH111+AH114 -> 13541.366 | AI96: =AI97+AI104+AI108+AI111+AI114 -> 14192.745 | AJ96: =AJ97+AJ104+AJ108+AJ111+AJ114 -> 14888.626 | AK96: =AK97+AK104+AK108+AK111+AK114 -> 14643.289 | AL96: =AL97+AL104+AL108+AL111+AL114 -> 14154.864 | ... AP96: =AP97+AP104+AP108+AP111+AP114 -> 21529.371 | AQ96: =AQ20-AQ144 -> 208573.35 | BD96: =BD20-BD144 -> 214564.95 | BE96: =BE20-BE144 -> 13767.637 | BF96: =BF20-BF144 -> 15940.09 | BG96: =BG20-BG144 -> 16012.11 | BH96: =BH20-BH144 -> 16019.357 | BI96: =BI20-BI144 -> 15523.886 | BJ96: =BJ20-BJ144 -> 18925.219 | BK96: =BK20-BK144 -> 17228.007 | ... CP96: =CP20-CP144 -> 26882.156 | CQ96: =CQ97+CQ104+CQ108+CQ111+CQ114 -> 236737.64 | CR96: =CR97+CR104+CR108+CR111+CR114 -> 17877.194 | CS96: =CS97+CS104+CS108+CS111+CS114 -> 17571.268 | CT96: =CT97+CT104+CT108+CT111+CT114 -> 18355.972 | CU96: =CU97+CU104+CU108+CU111+CU114 -> 18151.441 | CV96: =CV97+CV104+CV108+CV111+CV114 -> 18068.667 | CW96: =CW97+CW104+CW108+CW111+CW114 -> 19642.338 | CX96: =CX97+CX104+CX108+CX111+CX114 -> 19104.155 | ... DC96: =DC97+DC104+DC108+DC111+DC114 -> 25387.268 | DG96: =BQ96/BD96-1 -> -0.053066738 | DH96: =CD96/BQ96-1 -> 0.12280507 | DI96: =CQ96/CD96-1 -> 0.037730984
B97: 인건비 | Q97: =SUM(Q98:Q103) -> 108405.05 | R97: =SUM(R98:R103) -> 8697.2388 | S97: =SUM(S98:S103) -> 8477.4466 | T97: =SUM(T98:T103) -> 10852.852 | U97: =SUM(U98:U103) -> 8928.2044 | V97: =SUM(V98:V103) -> 8528.3799 | W97: =SUM(W98:W103) -> 10500.92 | X97: =SUM(X98:X103) -> 7916.4886 | ... AC97: =SUM(AC98:AC103) -> 10886.925 | AD97: =AD21-AD145 -> 105946.92 | AE97: =SUM(AE98:AE103) -> 8335.8859 | AF97: =SUM(AF98:AF103) -> 8667.1014 | AG97: =SUM(AG98:AG103) -> 8382.5463 | AH97: =SUM(AH98:AH103) -> 8596.4489 | AI97: =SUM(AI98:AI103) -> 8631.5302 | AJ97: =SUM(AJ98:AJ103) -> 9137.5867 | AK97: =SUM(AK98:AK103) -> 8536.4691 | AL97: =SUM(AL98:AL103) -> 8721.6811 | ... AP97: =SUM(AP98:AP103) -> 10496.705 | AQ97: =AQ21-AQ145 -> 116482.18 | BD97: =BD21-BD145 -> 120995.06 | BE97: =BE21-BE145 -> 9483.446 | BF97: =BF21-BF145 -> 9460.75 | BG97: =BG21-BG145 -> 9908.6721 | BH97: =BH21-BH145 -> 10362.955 | BI97: =BI21-BI145 -> 9783.7382 | BJ97: =BJ21-BJ145 -> 9541.7563 | BK97: =BK21-BK145 -> 9855.4298 | ... CP97: =CP21-CP145 -> 14242.524 | CQ97: =SUM(CQ98:CQ103) -> 146062.85 | CR97: =SUM(CR98:CR103) -> 10876.377 | CS97: =SUM(CS98:CS103) -> 11085.552 | CT97: =SUM(CT98:CT103) -> 11388.409 | CU97: =SUM(CU98:CU103) -> 11141.315 | CV97: =SUM(CV98:CV103) -> 10998.284 | CW97: =SUM(CW98:CW103) -> 12187.641 | CX97: =SUM(CX98:CX103) -> 11225.827 | ... DC97: =SUM(DC98:DC103) -> 16411.864 | DG97: =BQ97/BD97-1 -> 0.041619837 | DH97: =CD97/BQ97-1 -> 0.10522294 | DI97: =CQ97/CD97-1 -> 0.048607564
B98: 일반직 | Q98: =SUM(R98:AC98) -> 13079.928 | R98: =인건비!G29 -> 732.41953 | S98: =인건비!H29 -> 792.56667 | T98: =인건비!I29 -> 1863.2813 | U98: =인건비!J29 -> 782.00269 | V98: =인건비!K29 -> 795.40254 | W98: =인건비!L29 -> 1574.1421 | X98: =인건비!M29 -> 782.30636 | Y98: =인건비!N29 -> 768.39486 | ... AC98: =인건비!R29 -> 1852.8762 | AD98: =AD22-AD146 -> 13537.894 | AE98: =인건비!T29 -> 1091.4124 | AF98: =인건비!U29 -> 1134.5268 | AG98: =인건비!V29 -> 994.25002 | AH98: =인건비!W29 -> 1102.3353 | AI98: =인건비!X29 -> 1109.3112 | AJ98: =인건비!Y29 -> 1089.9074 | AK98: =인건비!Z29 -> 1053.5704 | AL98: =인건비!AA29 -> 1091.3762 | ... AP98: =인건비!AE29 -> 1517.4129 | AQ98: =AQ22-AQ146 -> 13620.727 | BD98: =BD22-BD146 -> 14910.462 | BE98: =BE22-BE146 -> 1155.562 | BF98: =BF22-BF146 -> 1154.9587 | BG98: =BG22-BG146 -> 896.16154 | BH98: =BH22-BH146 -> 1157.8665 | BI98: =BI22-BI146 -> 1177.5984 | BJ98: =BJ22-BJ146 -> 1169.5173 | BK98: =BK22-BK146 -> 1459.0689 | ... CP98: =CP22-CP146 -> 2226.2618 | CQ98: =SUM(CR98:DC98) -> 18912.698 | CR98: =인건비!CG29 -> 1390.8657 | CS98: =인건비!CH29 -> 1425.4747 | CT98: =인건비!CI29 -> 1801.3358 | CU98: =인건비!CJ29 -> 1441.184 | CV98: =인건비!CK29 -> 1428.6038 | CW98: =인건비!CL29 -> 1442.4746 | CX98: =인건비!CM29 -> 1503.8565 | CY98: =인건비!CN29 -> 1503.8565 | ... DC98: =인건비!CR29 -> 2423.8565 | DG98: =BQ98/BD98-1 -> -0.0098671765 | DH98: =CD98/BQ98-1 -> 0.18788148 | DI98: =CQ98/CD98-1 -> 0.07843957
B99: 영업직군 | Q99: =SUM(R99:AC99) -> 67307.359 | R99: =인건비!G30 -> 5521.9264 | S99: =인건비!H30 -> 5484.5403 | T99: =인건비!I30 -> 6874.0138 | U99: =인건비!J30 -> 5470.7391 | V99: =인건비!K30 -> 5286.5701 | W99: =인건비!L30 -> 6568.0286 | X99: =인건비!M30 -> 4989.1525 | Y99: =인건비!N30 -> 5025.3631 | ... AC99: =인건비!R30 -> 5886.4633 | AD99: =AD23-AD147 -> 63224.641 | AE99: =인건비!T30 -> 5319.6061 | AF99: =인건비!U30 -> 5500.1339 | AG99: =인건비!V30 -> 5382.3584 | AH99: =인건비!W30 -> 5460.427 | AI99: =인건비!X30 -> 5330.5585 | AJ99: =인건비!Y30 -> 5296.3631 | AK99: =인건비!Z30 -> 5262.6073 | AL99: =인건비!AA30 -> 5254.8808 | ... AP99: =인건비!AE30 -> 4896.3903 | AQ99: =AQ23-AQ147 -> 65627.199 | BD99: =BD23-BD147 -> 67370.045 | BE99: =BE23-BE147 -> 5499.068 | BF99: =BF23-BF147 -> 5561.7653 | BG99: =BG23-BG147 -> 5541.2184 | BH99: =BH23-BH147 -> 5745.7359 | BI99: =BI23-BI147 -> 5548.9957 | BJ99: =BJ23-BJ147 -> 5526.7988 | BK99: =BK23-BK147 -> 5462.6341 | ... CP99: =CP23-CP147 -> 6065.5132 | CQ99: =SUM(CR99:DC99) -> 77119.125 | CR99: =인건비!CG30+인건비!CG31 -> 6252.9386 | CS99: =인건비!CH30+인건비!CH31 -> 6205.0608 | CT99: =인건비!CI30+인건비!CI31 -> 6204.6254 | CU99: =인건비!CJ30+인건비!CJ31 -> 6198.5301 | CV99: =인건비!CK30+인건비!CK31 -> 6214.5251 | CW99: =인건비!CL30+인건비!CL31 -> 6224.9754 | CX99: =인건비!CM30+인건비!CM31 -> 6289.0334 | CY99: =인건비!CN30+인건비!CN31 -> 6274.3309 | ... DC99: =인건비!CR30+인건비!CR31 -> 6427.3025 | DG99: =BQ99/BD99-1 -> 0.035084843 | DH99: =CD99/BQ99-1 -> 0.06001949 | DI99: =CQ99/CD99-1 -> 0.043290982
B100: 특별격려금 | Q100: =SUM(R100:AC100) -> 0 | AD100: =SUM(AE100:AP100) -> 0 | AQ100: =AQ24-AQ148 -> 1840 | BD100: =BD24-BD148 -> 2363.4 | BE100: =BE24-BE148 -> 0 | BF100: =BF24-BF148 -> 0 | BG100: =BG24-BG148 -> 0 | BH100: =BH24-BH148 -> 0 | BI100: =BI24-BI148 -> 0 | BJ100: =BJ24-BJ148 -> 0 | BK100: =BK24-BK148 -> 0 | ... CP100: =CP24-CP148 -> 0 | CQ100: =SUM(CR100:DC100) -> 3000 | CR100: =인건비!CG32 -> 0 | CS100: =인건비!CH32 -> 0 | CT100: =인건비!CI32 -> 0 | CU100: =인건비!CJ32 -> 0 | CV100: =인건비!CK32 -> 0 | CW100: =인건비!CL32 -> 0 | CX100: =인건비!CM32 -> 0 | CY100: =인건비!CN32 -> 0 | ... DC100: =인건비!CR32 -> 0 | DG100: =BQ100/BD100-1 -> -0.0025387154 | DH100: =CD100/BQ100-1 -> 0.22868414 | DI100: =CQ100/CD100-1 -> 0.035732781
B101: 포상비 | Q101: =SUM(R101:AC101) -> 317.3251 | R101: =인건비!G34 -> 0 | S101: =인건비!H34 -> 0 | T101: =인건비!I34 -> 13.675269 | U101: =인건비!J34 -> 0 | V101: =인건비!K34 -> 0 | W101: =인건비!L34 -> 15.875269 | X101: =인건비!M34 -> 1.3 | Y101: =인건비!N34 -> 0.4 | ... AC101: =인건비!R34 -> 271.65217 | AD101: =AD25-AD149 -> 396.97132 | AE101: =인건비!T34 -> 8.802136 | AF101: =인건비!U34 -> 8.802136 | AG101: =인건비!V34 -> 10.602136 | AH101: =인건비!W34 -> 10.962136 | AI101: =인건비!X34 -> 10.602136 | AJ101: =인건비!Y34 -> 12.282136 | AK101: =인건비!Z34 -> 10.362136 | AL101: =인건비!AA34 -> 10.122136 | ... AP101: =인건비!AE34 -> 31.899594 | AQ101: =AQ25-AQ149 -> 741.52123 | BD101: =BD25-BD149 -> 806.35911 | BE101: =BE25-BE149 -> 9.037043 | BF101: =BF25-BF149 -> 135.26564 | BG101: =BG25-BG149 -> 11.977043 | BH101: =BH25-BH149 -> 131.93752 | BI101: =BI25-BI149 -> 10.357043 | BJ101: =BJ25-BJ149 -> 10.597043 | BK101: =BK25-BK149 -> 10.477043 | ... CP101: =CP25-CP149 -> 396.05763 | CQ101: =SUM(CR101:DC101) -> 710.47574 | CR101: =인건비!CG34 -> 19.904478 | CS101: =인건비!CH34 -> 71.522678 | CT101: =인건비!CI34 -> 69.668678 | CU101: =인건비!CJ34 -> 41.092678 | CV101: =인건비!CK34 -> 38.535678 | CW101: =인건비!CL34 -> 31.513678 | CX101: =인건비!CM34 -> 43.506311 | CY101: =인건비!CN34 -> 43.506311 | ... DC101: =인건비!CR34 -> 220.70631 | DG101: =BQ101/BD101-1 -> -0.12222901 | DH101: =CD101/BQ101-1 -> -0.011807624 | DI101: =CQ101/CD101-1 -> 0.015776199
B102: 퇴직급여충당금 | Q102: =SUM(R102:AC102) -> 7981.6239 | R102: =인건비!G36 -> 711.13695 | S102: =인건비!H36 -> 711.13695 | T102: =인건비!I36 -> 561.13695 | U102: =인건비!J36 -> 661.13695 | V102: =인건비!K36 -> 661.13695 | W102: =인건비!L36 -> 661.13695 | X102: =인건비!M36 -> 661.13695 | Y102: =인건비!N36 -> 661.13695 | ... AC102: =인건비!R36 -> 709.11742 | AD102: =AD26-AD150 -> 8056.1611 | AE102: =인건비!T36 -> 639.63321 | AF102: =인건비!U36 -> 639.63321 | AG102: =인건비!V36 -> 639.63321 | AH102: =인건비!W36 -> 639.63321 | AI102: =인건비!X36 -> 639.63321 | AJ102: =인건비!Y36 -> 639.63321 | AK102: =인건비!Z36 -> 639.63321 | AL102: =인건비!AA36 -> 639.63321 | ... AP102: =인건비!AE36 -> 1020.1959 | AQ102: =AQ26-AQ150 -> 7888.8737 | BD102: =BD26-BD150 -> 7219.9387 | BE102: =BE26-BE150 -> 668.26682 | BF102: =BF26-BF150 -> 668.26682 | BG102: =BG26-BG150 -> 668.26682 | BH102: =BH26-BH150 -> 668.26682 | BI102: =BI26-BI150 -> 668.26682 | BJ102: =BJ26-BJ150 -> 668.26682 | BK102: =BK26-BK150 -> 668.26682 | ... CP102: =CP26-CP150 -> 2084.0936 | CQ102: =SUM(CR102:DC102) -> 11914 | CR102: =인건비!CG36 -> 729 | CS102: =인건비!CH36 -> 729 | CT102: =인건비!CI36 -> 729 | CU102: =인건비!CJ36 -> 729 | CV102: =인건비!CK36 -> 729 | CW102: =인건비!CL36 -> 729 | CX102: =인건비!CM36 -> 729 | CY102: =인건비!CN36 -> 729 | ... DC102: =인건비!CR36 -> 3895 | DG102: =BQ102/BD102-1 -> 0.15855678 | DH102: =CD102/BQ102-1 -> 0.22705982 | DI102: =CQ102/CD102-1 -> 0.16075622
B103: 복리후생비 | Q103: =SUM(R103:AC103) -> 19718.814 | R103: =인건비!G37 -> 1731.7559 | S103: =인건비!H37 -> 1489.2027 | T103: =인건비!I37 -> 1540.7449 | U103: =인건비!J37 -> 2014.3257 | V103: =인건비!K37 -> 1785.2702 | W103: =인건비!L37 -> 1681.7369 | X103: =인건비!M37 -> 1482.5928 | Y103: =인건비!N37 -> 1392.0263 | ... AC103: =인건비!R37 -> 2166.8159 | AD103: =AD27-AD151 -> 20731.25 | AE103: =인건비!T37 -> 1276.4321 | AF103: =인건비!U37 -> 1384.0053 | AG103: =인건비!V37 -> 1355.7025 | AH103: =인건비!W37 -> 1383.0912 | AI103: =인건비!X37 -> 1541.4252 | AJ103: =인건비!Y37 -> 2099.4008 | AK103: =인건비!Z37 -> 1570.2961 | AL103: =인건비!AA37 -> 1725.6688 | ... AP103: =인건비!AE37 -> 3030.8062 | AQ103: =AQ27-AQ151 -> 26763.861 | BD103: =BD27-BD151 -> 28324.856 | BE103: =BE27-BE151 -> 2151.5121 | BF103: =BF27-BF151 -> 1940.4936 | BG103: =BG27-BG151 -> 2791.0483 | BH103: =BH27-BH151 -> 2659.1481 | BI103: =BI27-BI151 -> 2378.5202 | BJ103: =BJ27-BJ151 -> 2166.5763 | BK103: =BK27-BK151 -> 2254.983 | ... CP103: =CP27-CP151 -> 3470.5973 | CQ103: =SUM(CR103:DC103) -> 34406.549 | CR103: =인건비!CG37 -> 2483.668 | CS103: =인건비!CH37 -> 2654.4944 | CT103: =인건비!CI37 -> 2583.7796 | CU103: =인건비!CJ37 -> 2731.5078 | CV103: =인건비!CK37 -> 2587.6193 | CW103: =인건비!CL37 -> 3759.677 | CX103: =인건비!CM37 -> 2660.4305 | CY103: =인건비!CN37 -> 3039.0647 | ... DC103: =인건비!CR37 -> 3444.999 | DG103: =BQ103/BD103-1 -> 0.062808498 | DH103: =CD103/BQ103-1 -> 0.12862673 | DI103: =CQ103/CD103-1 -> 0.012670262
...

Sheet 영역별
C2: ■ 매출/이익 전망 요약 (전사/통신사업/유통플랫폼)
H3: 증감률
C4: 전사 | E4: 25년 | F4: 26년(E) | H4: 26-25년
C5: 매 출 | E5: ='전사 손익계산서'!CD12/100 -> 7534.5803 | F5: ='전사 손익계산서'!CQ12/100 -> 8162.8657 | H5: =IFERROR(F5/E5-1,0) -> 0.083386912
C6: 영 업 이 익 | E6: ='전사 손익계산서'!CD52/100 -> 163.41415 | F6: ='전사 손익계산서'!CQ52/100 -> 171.51 | H6: =IFERROR(F6/E6-1,0) -> 0.0495419
C8: 통신사업 | E8: 25년 | F8: 26년(E) | H8: 26-25년
C9: 매 출 | E9: ='전사 손익계산서'!CD88/100 -> 6977.9961 | F9: ='전사 손익계산서'!CQ88/100 -> 7565.0632 | H9: =IFERROR(F9/E9-1,0) -> 0.084131196
C10: 영 업 이 익 | E10: ='전사 손익계산서'!CD128/100 -> 107.46568 | F10: ='전사 손익계산서'!CQ128/100 -> 101.17284 | H10: =IFERROR(F10/E10-1,0) -> -0.058556766
E11: =E10/E9 -> 0.015400651
C12: 유통플랫폼 | E12: 25년 | F12: 26년(E) | H12: 26-25년
C13: 매 출 | E13: ='전사 손익계산서'!CD136/100 -> 556.58424 | F13: ='전사 손익계산서'!CQ136/100 -> 597.80247 | H13: =IFERROR(F13/E13-1,0) -> 0.074055682
C14: 영 업 이 익 | E14: ='전사 손익계산서'!CD176/100 -> 55.948473 | F14: ='전사 손익계산서'!CQ176/100 -> 70.337163 | H14: =IFERROR(F14/E14-1,0) -> 0.25717753
E15: =E14/E13 -> 0.10052112 | F15: =F14/F13 -> 0.11765954
C16: 매출(비중) | E16: 25년 | F16: 26년(E)
C17: 통신사업 | E17: =E9/E5 -> 0.92612936 | F17: =F9/F5 -> 0.92676561
C18: 유통플랫폼 | E18: =E13/E5 -> 0.073870636 | F18: =F13/F5 -> 0.073234387
C20: 영업이익(비중) | E20: 25년 | F20: 26년(E)
C21: 통신사업 | E21: =E10/E6 -> 0.65762774 | F21: =F10/F6 -> 0.58989468
C22: 유통플랫폼 | E22: =E14/E6 -> 0.34237226 | F22: =F14/F6 -> 0.41010532
C24: 전사 | E24: 25년 | F24: 26년(E)
C25: 서비스매출 | E25: ='전사 손익계산서'!CD14/100 -> 2857.6196 | F25: ='전사 손익계산서'!CQ14/100 -> 2861.9077 | H25: =IFERROR(F25/E25-1,0) -> 0.0015005839
C26: 서비스매출 영업이익률 | E26: =('전사 손익계산서'!CD52/100)/('전사 손익계산서'!CD14/100) -> 0.057185411 | F26: =('전사 손익계산서'!CQ52/100)/('전사 손익계산서'!CQ14/100) -> 0.059928557
C28: 전체 영업이익률 | E28: =('전사 손익계산서'!CD52/100)/('전사 손익계산서'!CD12/100) -> 0.021688554 | F28: =('전사 손익계산서'!CQ52/100)/('전사 손익계산서'!CQ12/100) -> 0.021011004

Sheet 유통플랫폼
B3: ■ 유통플랫폼 종합
Q5: =Q10/(Q16+Q17) -> 1.1518968 | AD5: =AD10/(AD16+AD17) -> 1.204676 | AQ5: =AQ10/(AQ16+AQ17) -> 1.2127319
AD6: =AD9/Q9-1 -> 0.3929503 | AQ6: =AQ9/AD9-1 -> 0.074055682
B7: 구분 (백만원) | D7: 23년 | Q7: 24년 | AD7: 25년 | AQ7: 26년(E)
D8: Total | E8: =E$34 -> 1월 | F8: =F$34 -> 2월 | G8: =G$34 -> 3월 | H8: =H$34 -> 4월 | I8: =I$34 -> 5월 | J8: =J$34 -> 6월 | K8: =K$34 -> 7월 | L8: =L$34 -> 8월 | ... P8: =P$34 -> 12월 | Q8: Total | R8: 1월 | S8: 2월 | T8: 3월 | U8: 4월 | V8: 5월 | W8: 6월 | X8: 7월 | Y8: 8월 | Z8: 9월 | AA8: 10월 | AB8: 11월 | AC8: 12월 | AD8: Total | AE8: 1월 | AF8: 2월 | AG8: 3월 | AH8: 4월 | AI8: 5월 | AJ8: 6월 | AK8: 7월 | AL8: 8월 | AM8: 9월 | AN8: 10월 | AO8: 11월 | AP8: 12월 | AQ8: Total | AR8: 1월 | AS8: 2월 | AT8: 3월 | AU8: 4월 | AV8: 5월 | AW8: 6월 | AX8: 7월 | AY8: 8월 | AZ8: 9월 | BA8: 10월 | BB8: 11월 | BC8: 12월
B9: 매출 | D9: =SUM(E9:P9) -> 26735.344 | E9: =SUM(E10:E14) -> 1892.836 | F9: =SUM(F10:F14) -> 2033.5122 | G9: =SUM(G10:G14) -> 636.79559 | H9: =SUM(H10:H14) -> 2446.0073 | I9: =SUM(I10:I14) -> 4486.9622 | J9: =SUM(J10:J14) -> 866.01767 | K9: =SUM(K10:K14) -> 637.9273 | L9: =SUM(L10:L14) -> 2308.2351 | ... P9: =SUM(P10:P14) -> 3868.8366 | Q9: =SUM(R9:AC9) -> 39957.222 | R9: =SUM(R10:R14) -> 346.5451 | S9: =SUM(S10:S14) -> 1707.0463 | T9: =SUM(T10:T14) -> 2781.6198 | U9: =SUM(U10:U14) -> 5884.0943 | V9: =SUM(V10:V14) -> 2721.4978 | W9: =SUM(W10:W14) -> 824.65206 | X9: =SUM(X10:X14) -> 1377.6594 | Y9: =SUM(Y10:Y14) -> 5257.9342 | ... AC9: =SUM(AC10:AC14) -> 2782.1738 | AD9: =SUM(AE9:AP9) -> 55658.424 | AE9: =SUM(AE10:AE14) -> 2707.3064 | AF9: =SUM(AF10:AF14) -> 6625.7026 | AG9: =SUM(AG10:AG14) -> 4840.6045 | AH9: =SUM(AH10:AH14) -> 3601.091 | AI9: =SUM(AI10:AI14) -> 4254.8449 | AJ9: =SUM(AJ10:AJ14) -> 4755.6311 | AK9: =SUM(AK10:AK14) -> 5669.8631 | AL9: =SUM(AL10:AL14) -> 5819.9155 | ... AP9: =SUM(AP10:AP14) -> 1635.3154 | AQ9: =SUM(AR9:BC9) -> 59780.247 | AR9: =SUM(AR10:AR14) -> 3289.4995 | AS9: =SUM(AS10:AS14) -> 6650.1242 | AT9: =SUM(AT10:AT14) -> 5961.9622 | AU9: =SUM(AU10:AU14) -> 4527.1853 | AV9: =SUM(AV10:AV14) -> 5976.7417 | AW9: =SUM(AW10:AW14) -> 6220.7517 | AX9: =SUM(AX10:AX14) -> 4565.4512 | AY9: =SUM(AY10:AY14) -> 4517.6074 | ... BC9: =SUM(BC10:BC14) -> 4517.8014
C10: 상품서비스매출 | D10: =SUM(E10:P10) -> 26388.705 | E10: =+E76+E98+E36+E58+E113 -> 1863.2989 | F10: =+F76+F98+F36+F58+F113 -> 2023.9333 | G10: =+G76+G98+G36+G58+G113 -> 631.88474 | H10: =+H76+H98+H36+H58+H113 -> 2446.0073 | I10: =+I76+I98+I36+I58+I113 -> 4485.544 | J10: =+J76+J98+J36+J58+J113 -> 842.63455 | K10: =+K76+K98+K36+K58+K113 -> 634.9502 | L10: =+L76+L98+L36+L58+L113 -> 2282.506 | ... P10: =+P76+P98+P36+P58+P113 -> 3641.0977 | Q10: =SUM(R10:AC10) -> 35713.71 | R10: =+R76+R98+R36+R58+R113+R188 -> 276.18865 | S10: =+S76+S98+S36+S58+S113+S188 -> 1462.0632 | T10: =+T76+T98+T36+T58+T113+T188 -> 2667.9705 | U10: =+U76+U98+U36+U58+U113+U188 -> 5115.2233 | V10: =+V76+V98+V36+V58+V113+V188 -> 2503.4998 | W10: =+W76+W98+W36+W58+W113+W188 -> 699.65382 | X10: =+X76+X98+X36+X58+X113+X188 -> 1168.8003 | Y10: =+Y76+Y98+Y36+Y58+Y113+Y188 -> 4958.0863 | ... AC10: =+AC76+AC98+AC36+AC58+AC113+AC188 -> 2205.2346 | AD10: =SUM(AE10:AP10) -> 51015.838 | AE10: =+AE76+AE98+AE36+AE58+AE113+AE188+AE171 -> 2240.7149 | AF10: =+AF76+AF98+AF36+AF58+AF113+AF188+AF171 -> 5796.8017 | AG10: =+AG76+AG98+AG36+AG58+AG113+AG188+AG171 -> 4696.2953 | AH10: =+AH76+AH98+AH36+AH58+AH113+AH188+AH171 -> 3038.3486 | AI10: =+AI76+AI98+AI36+AI58+AI113+AI188+AI171 -> 4067.3026 | AJ10: =+AJ76+AJ98+AJ36+AJ58+AJ113+AJ188+AJ171 -> 4474.6006 | AK10: =+AK76+AK98+AK36+AK58+AK113+AK188+AK171 -> 5193.6017 | AL10: =+AL76+AL98+AL36+AL58+AL113+AL188+AL171 -> 5643.1616 | ... AP10: =+AP76+AP98+AP36+AP58+AP113+AP188+AP171 -> 1374.5772 | AQ10: =SUM(AR10:BC10) -> 55555.798 | AR10: =+AR76+AR98+AR36+AR58+AR113+AR188+AR171 -> 2976.2927 | AS10: =+AS76+AS98+AS36+AS58+AS113+AS188+AS171 -> 6307.5247 | AT10: =+AT76+AT98+AT36+AT58+AT113+AT188+AT171 -> 5649.2126 | AU10: =+AU76+AU98+AU36+AU58+AU113+AU188+AU171 -> 4002.7636 | AV10: =+AV76+AV98+AV36+AV58+AV113+AV188+AV171 -> 5657.4994 | AW10: =+AW76+AW98+AW36+AW58+AW113+AW188+AW171 -> 5891.114 | AX10: =+AX76+AX98+AX36+AX58+AX113+AX188+AX171 -> 4178.5651 | AY10: =+AY76+AY98+AY36+AY58+AY113+AY188+AY171 -> 4178.5651 | ... BC10: =+BC76+BC98+BC36+BC58+BC113+BC188+BC171 -> 4178.5651
C11: 광고 수익 | D11: =SUM(E11:P11) -> 0 | E11: =+E39+E60 -> 0 | F11: =+F39+F60 -> 0 | G11: =+G39+G60 -> 0 | H11: =+H39+H60 -> 0 | I11: =+I39+I60 -> 0 | J11: =+J39+J60 -> 0 | K11: =+K39+K60 -> 0 | L11: =+L39+L60 -> 0 | ... P11: =+P39+P60 -> 0 | Q11: =SUM(R11:AC11) -> 0 | R11: =+R39+R60 -> 0 | S11: =+S39+S60 -> 0 | T11: =+T39+T60 -> 0 | U11: =+U39+U60 -> 0 | V11: =+V39+V60 -> 0 | W11: =+W39+W60 -> 0 | X11: =+X39+X60 -> 0 | Y11: =+Y39+Y60 -> 0 | ... AC11: =+AC39+AC60 -> 0 | AD11: =SUM(AE11:AP11) -> 0 | AE11: =+AE39+AE60 -> 0 | AF11: =+AF39+AF60 -> 0 | AG11: =+AG39+AG60 -> 0 | AH11: =+AH39+AH60 -> 0 | AI11: =+AI39+AI60 -> 0 | AJ11: =+AJ39+AJ60 -> 0 | AK11: =+AK39+AK60 -> 0 | AL11: =+AL39+AL60 -> 0 | ... AP11: =+AP39+AP60 -> 0 | AQ11: =SUM(AR11:BC11) -> 0 | AR11: =+AR39+AR60 -> 0 | AS11: =+AS39+AS60 -> 0 | AT11: =+AT39+AT60 -> 0 | AU11: =+AU39+AU60 -> 0 | AV11: =+AV39+AV60 -> 0 | AW11: =+AW39+AW60 -> 0 | AX11: =+AX39+AX60 -> 0 | AY11: =+AY39+AY60 -> 0 | ... BC11: =+BC39+BC60 -> 0
C12: 시연폰 매입 장려금 | D12: =SUM(E12:P12) -> 0 | E12: =+E77 -> 0 | F12: =+F77 -> 0 | G12: =+G77 -> 0 | H12: =+H77 -> 0 | I12: =+I77 -> 0 | J12: =+J77 -> 0 | K12: =+K77 -> 0 | L12: =+L77 -> 0 | ... P12: =+P77 -> 0 | Q12: =SUM(R12:AC12) -> 0 | R12: =+R77 -> 0 | S12: =+S77 -> 0 | T12: =+T77 -> 0 | U12: =+U77 -> 0 | V12: =+V77 -> 0 | W12: =+W77 -> 0 | X12: =+X77 -> 0 | Y12: =+Y77 -> 0 | ... AC12: =+AC77 -> 0 | AD12: =SUM(AE12:AP12) -> 0 | AE12: =+AE77 -> 0 | AF12: =+AF77 -> 0 | AG12: =+AG77 -> 0 | AH12: =+AH77 -> 0 | AI12: =+AI77 -> 0 | AJ12: =+AJ77 -> 0 | AK12: =+AK77 -> 0 | AL12: =+AL77 -> 0 | ... AP12: =+AP77 -> 0 | AQ12: =SUM(AR12:BC12) -> 0 | AR12: =+AR77 -> 0 | AS12: =+AS77 -> 0 | AT12: =+AT77 -> 0 | AU12: =+AU77 -> 0 | AV12: =+AV77 -> 0 | AW12: =+AW77 -> 0 | AX12: =+AX77 -> 0 | AY12: =+AY77 -> 0 | ... BC12: =+BC77 -> 0
C13: 수수료 수익(정책) | D13: =SUM(E13:P13) -> 0 | Q13: =SUM(R13:AC13) -> 3392.2759 | R13: =R37+R99+R114+R189+R78 -> 39.372727 | S13: =S37+S99+S114+S189+S78 -> 215.75266 | T13: =T37+T99+T114+T189+T78 -> 61.53533 | U13: =U37+U99+U114+U189+U78 -> 426.54704 | V13: =V37+V99+V114+V189+V78 -> 166.40773 | W13: =W37+W99+W114+W189+W78 -> 81.197386 | X13: =X37+X99+X114+X189+X78 -> 158.00279 | Y13: =Y37+Y99+Y114+Y189+Y78 -> 252.05905 | ... AC13: =AC37+AC99+AC114+AC189+AC78 -> 528.73835 | AD13: =SUM(AE13:AP13) -> 3314.5779 | AE13: =AE37+AE99+AE114+AE189+AE78+AE132+AE151+AE170 -> 403.13889 | AF13: =AF37+AF99+AF114+AF189+AF78+AF132+AF151+AF170 -> 779.63337 | AG13: =AG37+AG99+AG114+AG189+AG78+AG132+AG151+AG170 -> 87.665235 | AH13: =AH37+AH99+AH114+AH189+AH78+AH132+AH151+AH170 -> 234.74601 | AI13: =AI37+AI99+AI114+AI189+AI78+AI132+AI151+AI170 -> 137.50335 | AJ13: =AJ37+AJ99+AJ114+AJ189+AJ78+AJ132+AJ151+AJ170 -> 236.17353 | AK13: =AK37+AK99+AK114+AK189+AK78+AK132+AK151+AK170 -> 256.02794 | AL13: =AL37+AL99+AL114+AL189+AL78+AL132+AL151+AL170 -> 85.627912 | ... AP13: =AP37+AP99+AP114+AP189+AP78+AP132+AP151+AP170 -> 172.93027 | AQ13: =SUM(AR13:BC13) -> 3129.8455 | AR13: =AR37+AR99+AR114+AR189+AR78+AR132+AR151+AR170 -> 253.56061 | AS13: =AS37+AS99+AS114+AS189+AS78+AS132+AS151+AS170 -> 282.13334 | AT13: =AT37+AT99+AT114+AT189+AT78+AT132+AT151+AT170 -> 252.38333 | AU13: =AU37+AU99+AU114+AU189+AU78+AU132+AU151+AU170 -> 258.92424 | AV13: =AV37+AV99+AV114+AV189+AV78+AV132+AV151+AV170 -> 259.05606 | AW13: =AW37+AW99+AW114+AW189+AW78+AW132+AW151+AW170 -> 269.45152 | AX13: =AX37+AX99+AX114+AX189+AX78+AX132+AX151+AX170 -> 259.05606 | AY13: =AY37+AY99+AY114+AY189+AY78+AY132+AY151+AY170 -> 259.05606 | ... BC13: =BC37+BC99+BC114+BC189+BC78+BC132+BC151+BC170 -> 259.05606
C14: 수수료 수익(기타) | D14: =SUM(E14:P14) -> 346.63885 | E14: =+E99+E37+E115 -> 29.537114 | F14: =+F99+F37+F115 -> 9.578827 | G14: =+G99+G37+G115 -> 4.91085 | H14: =+H99+H37+H115 -> 0 | I14: =+I99+I37+I115 -> 1.418175 | J14: =+J99+J37+J115 -> 23.383115 | K14: =+K99+K37+K115 -> 2.9771 | L14: =+L99+L37+L115 -> 25.729055 | ... P14: =+P99+P37+P115 -> 227.73886 | Q14: =SUM(R14:AC14) -> 851.23545 | R14: =R115+R190+R38+R131 -> 30.983725 | S14: =S115+S190+S38+S131 -> 29.23045 | T14: =T115+T190+T38+T131 -> 52.114007 | U14: =U115+U190+U38+U131 -> 342.32404 | V14: =V115+V190+V38+V131 -> 51.590316 | W14: =W115+W190+W38+W131 -> 43.800855 | X14: =X115+X190+X38+X131 -> 50.8563 | Y14: =Y115+Y190+Y38+Y131 -> 47.788914 | ... AC14: =AC115+AC190+AC38+AC131 -> 48.200879 | AD14: =SUM(AE14:AP14) -> 1328.008 | AE14: =AE115+AE190+AE38+AE131+AE79+AE150 -> 63.45265 | AF14: =AF115+AF190+AF38+AF131+AF79+AF150 -> 49.267549 | AG14: =AG115+AG190+AG38+AG131+AG79+AG150 -> 56.644009 | AH14: =AH115+AH190+AH38+AH131+AH79+AH150 -> 327.99641 | AI14: =AI115+AI190+AI38+AI131+AI79+AI150 -> 50.038885 | AJ14: =AJ115+AJ190+AJ38+AJ131+AJ79+AJ150 -> 44.857032 | AK14: =AK115+AK190+AK38+AK131+AK79+AK150 -> 220.2335 | AL14: =AL115+AL190+AL38+AL131+AL79+AL150 -> 91.12601 | ... AP14: =AP115+AP190+AP38+AP131+AP79+AP150 -> 87.80797 | AQ14: =SUM(AR14:BC14) -> 1094.6034 | AR14: =AR115+AR190+AR38+AR131+AR79+AR150 -> 59.646197 | AS14: =AS115+AS190+AS38+AS131+AS79+AS150 -> 60.466197 | AT14: =AT115+AT190+AT38+AT131+AT79+AT150 -> 60.366197 | AU14: =AU115+AU190+AU38+AU131+AU79+AU150 -> 265.49742 | AV14: =AV115+AV190+AV38+AV131+AV79+AV150 -> 60.186197 | AW14: =AW115+AW190+AW38+AW131+AW79+AW150 -> 60.186197 | AX14: =AX115+AX190+AX38+AX131+AX79+AX150 -> 127.83001 | AY14: =AY115+AY190+AY38+AY131+AY79+AY150 -> 79.986197 | ... BC14: =BC115+BC190+BC38+BC131+BC79+BC150 -> 80.180197
B15: 비용 | D15: =SUM(E15:P15) -> 25720.346 | E15: =SUM(E16:E25) -> 1893.6235 | F15: =SUM(F16:F25) -> 1966.072 | G15: =SUM(G16:G25) -> 606.72772 | H15: =SUM(H16:H25) -> 2353.2382 | I15: =SUM(I16:I25) -> 4257.111 | J15: =SUM(J16:J25) -> 927.0283 | K15: =SUM(K16:K25) -> 639.94945 | L15: =SUM(L16:L25) -> 2156.2549 | ... P15: =SUM(P16:P25) -> 3493.9212 | Q15: =SUM(R15:AC15) -> 38110.867 | R15: =SUM(R16:R26) -> 603.0905 | S15: =SUM(S16:S26) -> 2194.3292 | T15: =SUM(T16:T26) -> 2878.315 | U15: =SUM(U16:U26) -> 4898.4775 | V15: =SUM(V16:V26) -> 2390.8275 | W15: =SUM(W16:W26) -> 808.35237 | X15: =SUM(X16:X26) -> 2377.933 | Y15: =SUM(Y16:Y26) -> 4796.6976 | ... AC15: =SUM(AC16:AC26) -> 2715.0973 | AD15: =SUM(AE15:AP15) -> 50063.577 | AE15: =SUM(AE16:AE26) -> 2605.2797 | AF15: =SUM(AF16:AF26) -> 5146.7212 | AG15: =SUM(AG16:AG26) -> 4813.3078 | AH15: =SUM(AH16:AH26) -> 3116.9965 | AI15: =SUM(AI16:AI26) -> 4056.1438 | AJ15: =SUM(AJ16:AJ26) -> 4142.7355 | AK15: =SUM(AK16:AK26) -> 5285.1131 | AL15: =SUM(AL16:AL26) -> 5295.4982 | ... AP15: =SUM(AP16:AP26) -> 2247.7495 | AQ15: =SUM(AR15:BC15) -> 52746.53 | AR15: =SUM(AR16:AR26) -> 3090.1863 | AS15: =SUM(AS16:AS26) -> 5267.8106 | AT15: =SUM(AT16:AT26) -> 5605.0266 | AU15: =SUM(AU16:AU26) -> 3985.6664 | AV15: =SUM(AV16:AV26) -> 5370.4657 | AW15: =SUM(AW16:AW26) -> 5230.0804 | AX15: =SUM(AX16:AX26) -> 4037.3934 | AY15: =SUM(AY16:AY26) -> 4028.1566 | ... BC15: =SUM(BC16:BC26) -> 4029.1566
C16: 매출원가 | D16: =SUM(E16:P16) -> 7657.3434 | E16: =+E101+E118+E41+E62 -> 61.717402 | F16: =+F101+F118+F41+F62 -> 36.353968 | G16: =+G101+G118+G41+G62 -> 52.163438 | H16: =+H101+H118+H41+H62 -> 94.362284 | I16: =+I101+I118+I41+I62 -> 517.25437 | J16: =+J101+J118+J41+J62 -> 615.4644 | K16: =+K101+K118+K41+K62 -> 479.66598 | L16: =+L101+L118+L41+L62 -> 1873.326 | ... P16: =+P101+P118+P41+P62 -> 555.57646 | Q16: =SUM(R16:AC16) -> 16790.112 | R16: =+R101+R118+R41+R62 -> 252.8409 | S16: =+S101+S118+S41+S62 -> 216.25923 | T16: =+T101+T118+T41+T62 -> 749.90264 | U16: =+U101+U118+U41+U62 -> 998.66773 | V16: =+V101+V118+V41+V62 -> 1621.565 | W16: =+W101+W118+W41+W62 -> 210.36725 | X16: =+X101+X118+X41+X62 -> 1029.6502 | Y16: =+Y101+Y118+Y41+Y62 -> 2241.4456 | ... AC16: =+AC101+AC118+AC41+AC62 -> 1196.9379 | AD16: =SUM(AE16:AP16) -> 12452.675 | AE16: =+AE101+AE118+AE41+AE62+AE178+AE154+AE135 -> 1392.4858 | AF16: =+AF101+AF118+AF41+AF62+AF178+AF154+AF135 -> 1600.4827 | AG16: =+AG101+AG118+AG41+AG62+AG178+AG154+AG135 -> 1122.8675 | AH16: =+AH101+AH118+AH41+AH62+AH178+AH154+AH135 -> 1022.9015 | AI16: =+AI101+AI118+AI41+AI62+AI178+AI154+AI135 -> 591.36363 | AJ16: =+AJ101+AJ118+AJ41+AJ62+AJ178+AJ154+AJ135 -> 834.7485 | AK16: =+AK101+AK118+AK41+AK62+AK178+AK154+AK135 -> 1216.358 | AL16: =+AL101+AL118+AL41+AL62+AL178+AL154+AL135 -> 1124.4355 | ... AP16: =+AP101+AP118+AP41+AP62+AP178+AP154+AP135 -> 374.90206 | AQ16: =SUM(AR16:BC16) -> 15825.418 | AR16: =+AR101+AR118+AR41+AR62+AR178 -> 1318.7848 | AS16: =+AS101+AS118+AS41+AS62+AS178 -> 1318.7848 | AT16: =+AT101+AT118+AT41+AT62+AT178 -> 1318.7848 | AU16: =+AU101+AU118+AU41+AU62+AU178 -> 1318.7848 | AV16: =+AV101+AV118+AV41+AV62+AV178 -> 1318.7848 | AW16: =+AW101+AW118+AW41+AW62+AW178 -> 1318.7848 | AX16: =+AX101+AX118+AX41+AX62+AX178 -> 1318.7848 | AY16: =+AY101+AY118+AY41+AY62+AY178 -> 1318.7848 | ... BC16: =+BC101+BC118+BC41+BC62+BC178 -> 1318.7848
C17: 매각원가 | D17: =SUM(E17:P17) -> 15944.825 | E17: =+E81 -> 1685.1976 | F17: =+F81 -> 1804.4112 | G17: =+G81 -> 436.08 | H17: =+H81 -> 2163.6642 | I17: =+I81 -> 3641.2755 | J17: =+J81 -> 0 | K17: =+K81 -> 0 | L17: =+L81 -> 0 | ... P17: =+P81 -> 2776.7545 | Q17: =SUM(R17:AC17) -> 14214.15 | R17: =+R81 -> 0 | S17: =+S81 -> 1230.9181 | T17: =+T81 -> 1725.6726 | U17: =+U81 -> 3184.3856 | V17: =+V81 -> 537.24321 | W17: =+W81 -> 248.78252 | X17: =+X81 -> 0 | Y17: =+Y81 -> 1905.7167 | ... AC17: =+AC81 -> 716.55632 | AD17: =SUM(AE17:AP17) -> 29895.506 | AE17: =+AE81 -> 550.27942 | AF17: =+AF81 -> 2697.3936 | AG17: =+AG81 -> 3045.587 | AH17: =+AH81 -> 1431.7537 | AI17: =+AI81 -> 2863.4656 | AJ17: =+AJ81 -> 2716.642 | AK17: =+AK81 -> 3232.9834 | AL17: =+AL81 -> 3545.8783 | ... AP17: =+AP81 -> 1291.105 | AQ17: =SUM(AR17:BC17) -> 29985.036 | AR17: =+AR81 -> 1198.3966 | AS17: =+AS81 -> 3328.1505 | AT17: =+AT81 -> 3666.7447 | AU17: =+AU81 -> 2074.2279 | AV17: =+AV81 -> 3487.0289 | AW17: =+AW81 -> 3342.1446 | AX17: =+AX81 -> 2147.4015 | AY17: =+AY81 -> 2146.4147 | ... BC17: =+BC81 -> 2145.4147
C18: 인건비 | D18: =SUM(E18:P18) -> 45.61685 | E18: =+E102+E42+E63 -> 25.718829 | F18: =+F102+F42+F63 -> 13.61589 | G18: =+G102+G42+G63 -> 6.282131 | H18: =+H102+H42+H63 -> 0 | I18: =+I102+I42+I63 -> 0 | J18: =+J102+J42+J63 -> 0 | K18: =+K102+K42+K63 -> 0 | L18: =+L102+L42+L63 -> 0 | ... P18: =+P102+P42+P63 -> 0 | Q18: =SUM(R18:AC18) -> 1080.6173 | R18: =+R102+R42+R63+R192 -> 103.88322 | S18: =+S102+S42+S63+S192 -> 76.235184 | T18: =+T102+T42+T63+T192 -> 132.45704 | U18: =+U102+U42+U63+U192 -> 79.748802 | V18: =+V102+V42+V63+V192 -> 71.23384 | W18: =+W102+W42+W63+W192 -> 75.768398 | X18: =+X102+X42+X63+X192 -> 110.1585 | Y18: =+Y102+Y42+Y63+Y192 -> 75.679218 | ... AC18: =+AC102+AC42+AC63+AC192 -> 97.624663 | AD18: =SUM(AE18:AP18) -> 1492.2124 | AE18: =+AE102+AE42+AE63+AE192+AE119+AE140+AE155+AE174+AE82 -> 138.82436 | AF18: =+AF102+AF42+AF63+AF192+AF119+AF140+AF155+AF174+AF82 -> 102.92909 | AG18: =+AG102+AG42+AG63+AG192+AG119+AG140+AG155+AG174+AG82 -> 209.83564 | AH18: =+AH102+AH42+AH63+AH192+AH119+AH140+AH155+AH174+AH82 -> 111.38311 | AI18: =+AI102+AI42+AI63+AI192+AI119+AI140+AI155+AI174+AI82 -> 98.552649 | AJ18: =+AJ102+AJ42+AJ63+AJ192+AJ119+AJ140+AJ155+AJ174+AJ82 -> 107.74544 | AK18: =+AK102+AK42+AK63+AK192+AK119+AK140+AK155+AK174+AK82 -> 146.35728 | AL18: =+AL102+AL42+AL63+AL192+AL119+AL140+AL155+AL174+AL82 -> 95.551669 | ... AP18: =+AP102+AP42+AP63+AP192+AP119+AP140+AP155+AP174+AP82 -> 114.15634 | AQ18: =SUM(AR18:BC18) -> 1722.2871 | AR18: =+AR102+AR42+AR63+AR192+AR119+AR140+AR155+AR174+AR82 -> 152.55729 | AS18: =+AS102+AS42+AS63+AS192+AS119+AS140+AS155+AS174+AS82 -> 144.1081 | AT18: =+AT102+AT42+AT63+AT192+AT119+AT140+AT155+AT174+AT82 -> 172.13645 | AU18: =+AU102+AU42+AU63+AU192+AU119+AU140+AU155+AU174+AU82 -> 144.96474 | AV18: =+AV102+AV42+AV63+AV192+AV119+AV140+AV155+AV174+AV82 -> 143.4195 | AW18: =+AW102+AW42+AW63+AW192+AW119+AW140+AW155+AW174+AW82 -> 137.87158 | AX18: =+AX102+AX42+AX63+AX192+AX119+AX140+AX155+AX174+AX82 -> 137.87158 | AY18: =+AY102+AY42+AY63+AY192+AY119+AY140+AY155+AY174+AY82 -> 137.87158 | ... BC18: =+BC102+BC42+BC63+BC192+BC119+BC140+BC155+BC174+BC82 -> 137.87158
C19: 임차료 | D19: =SUM(E19:P19) -> 21.993361 | E19: =+E103 -> 12.01191 | F19: =+F103 -> 2.911451 | G19: =+G103 -> 0.48 | H19: =+H103 -> 0.48 | I19: =+I103 -> 0.51 | J19: =+J103 -> 0.91 | K19: =+K103 -> 0.8 | L19: =+L103 -> 0.8 | ... P19: =+P103 -> 1.08 | Q19: =SUM(R19:AC19) -> 67.479813 | R19: =+R103+R193+R85+R139+R43+R159 -> 0.32 | S19: =+S103+S193+S85+S139+S43+S159 -> 0.32 | T19: =+T103+T193+T85+T139+T43+T159 -> 5.490109 | U19: =+U103+U193+U85+U139+U43+U159 -> 6.373479 | V19: =+V103+V193+V85+V139+V43+V159 -> 1.124433 | W19: =+W103+W193+W85+W139+W43+W159 -> 7.38598 | X19: =+X103+X193+X85+X139+X43+X159 -> 7.59077 | Y19: =+Y103+Y193+Y85+Y139+Y43+Y159 -> 7.90083 | ... AC19: =+AC103+AC193+AC85+AC139+AC43+AC159 -> 7.691442 | AD19: =SUM(AE19:AP19) -> 166.21046 | AE19: =+AE103+AE193+AE85+AE139+AE43+AE159+AE175 -> 8.36309 | AF19: =+AF103+AF193+AF85+AF139+AF43+AF159+AF175 -> 8.50619 | AG19: =+AG103+AG193+AG85+AG139+AG43+AG159+AG175 -> 8.81358 | AH19: =+AH103+AH193+AH85+AH139+AH43+AH159+AH175 -> 7.943222 | AI19: =+AI103+AI193+AI85+AI139+AI43+AI159+AI175 -> 12.83286 | AJ19: =+AJ103+AJ193+AJ85+AJ139+AJ43+AJ159+AJ175 -> 14.801856 | AK19: =+AK103+AK193+AK85+AK139+AK43+AK159+AK175 -> 17.23789 | AL19: =+AL103+AL193+AL85+AL139+AL43+AL159+AL175 -> 17.5155 | ... AP19: =+AP103+AP193+AP85+AP139+AP43+AP159+AP175 -> 17.07172 | AQ19: =SUM(AR19:BC19) -> 175.40918 | AR19: =+AR103+AR193+AR85+AR139+AR43+AR159+AR175 -> 16.221736 | AS19: =+AS103+AS193+AS85+AS139+AS43+AS159+AS175 -> 16.333887 | AT19: =+AT103+AT193+AT85+AT139+AT43+AT159+AT175 -> 16.574792 | AU19: =+AU103+AU193+AU85+AU139+AU43+AU159+AU175 -> 15.665105 | AV19: =+AV103+AV193+AV85+AV139+AV43+AV159+AV175 -> 15.741137 | AW19: =+AW103+AW193+AW85+AW139+AW43+AW159+AW175 -> 13.553218 | AX19: =+AX103+AX193+AX85+AX139+AX43+AX159+AX175 -> 13.553218 | AY19: =+AY103+AY193+AY85+AY139+AY43+AY159+AY175 -> 13.553218 | ... BC19: =+BC103+BC193+BC85+BC139+BC43+BC159+BC175 -> 13.553218
C20: 지급수수료 | D20: =SUM(E20:P20) -> 1822.6235 | E20: =+E104+E120+E44+E64 -> 108.06728 | F20: =+F104+F120+F44+F64 -> 98.709836 | G20: =+G104+G120+G44+G64 -> 100.218 | H20: =+H104+H120+H44+H64 -> 85.061688 | I20: =+I104+I120+I44+I64 -> 87.523481 | J20: =+J104+J120+J44+J64 -> 289.97231 | K20: =+K104+K120+K44+K64 -> 131.09026 | L20: =+L104+L120+L44+L64 -> 259.21585 | ... P20: =+P104+P120+P44+P64 -> 137.28247 | Q20: =SUM(R20:AC20) -> 3659.131 | R20: =+R104+R120+R44+R64+R137+R83+R196+R157 -> 183.0219 | S20: =+S104+S120+S44+S64+S137+S83+S196+S157 -> 626.65342 | T20: =+T104+T120+T44+T64+T137+T83+T196+T157 -> 170.10084 | U20: =+U104+U120+U44+U64+U137+U83+U196+U157 -> 181.18966 | V20: =+V104+V120+V44+V64+V137+V83+V196+V157 -> 114.3936 | W20: =+W104+W120+W44+W64+W137+W83+W196+W157 -> 196.65332 | X20: =+X104+X120+X44+X64+X137+X83+X196+X157 -> 303.48037 | Y20: =+Y104+Y120+Y44+Y64+Y137+Y83+Y196+Y157 -> 417.21648 | ... AC20: =+AC104+AC120+AC44+AC64+AC137+AC83+AC196+AC157 -> 596.93272 | AD20: =SUM(AE20:AP20) -> 4868.5972 | AE20: =+AE104+AE120+AE44+AE64+AE137+AE83+AE196+AE157+AE176 -> 416.34571 | AF20: =+AF104+AF120+AF44+AF64+AF137+AF83+AF196+AF157+AF176 -> 551.02885 | AG20: =+AG104+AG120+AG44+AG64+AG137+AG83+AG196+AG157+AG176 -> 361.83814 | AH20: =+AH104+AH120+AH44+AH64+AH137+AH83+AH196+AH157+AH176 -> 490.97505 | AI20: =+AI104+AI120+AI44+AI64+AI137+AI83+AI196+AI157+AI176 -> 434.29341 | AJ20: =+AJ104+AJ120+AJ44+AJ64+AJ137+AJ83+AJ196+AJ157+AJ176 -> 401.70277 | AK20: =+AK104+AK120+AK44+AK64+AK137+AK83+AK196+AK157+AK176 -> 508.1151 | AL20: =+AL104+AL120+AL44+AL64+AL137+AL83+AL196+AL157+AL176 -> 347.79104 | ... AP20: =+AP104+AP120+AP44+AP64+AP137+AP83+AP196+AP157+AP176 -> 414.26798 | AQ20: =SUM(AR20:BC20) -> 3481.6729 | AR20: =+AR104+AR120+AR44+AR64+AR137+AR83+AR196+AR157+AR176 -> 279.4719 | AS20: =+AS104+AS120+AS44+AS64+AS137+AS83+AS196+AS157+AS176 -> 255.85702 | AT20: =+AT104+AT120+AT44+AT64+AT137+AT83+AT196+AT157+AT176 -> 310.58705 | AU20: =+AU104+AU120+AU44+AU64+AU137+AU83+AU196+AU157+AU176 -> 314.75008 | AV20: =+AV104+AV120+AV44+AV64+AV137+AV83+AV196+AV157+AV176 -> 287.14373 | AW20: =+AW104+AW120+AW44+AW64+AW137+AW83+AW196+AW157+AW176 -> 287.6668 | AX20: =+AX104+AX120+AX44+AX64+AX137+AX83+AX196+AX157+AX176 -> 296.53271 | AY20: =+AY104+AY120+AY44+AY64+AY137+AY83+AY196+AY157+AY176 -> 288.28271 | ... BC20: =+BC104+BC120+BC44+BC64+BC137+BC83+BC196+BC157+BC176 -> 288.28271
C21: 기타운영비 | D21: =SUM(E21:P21) -> 20.581498 | E21: =+E105+E67+E89+E48 -> 0.910447 | F21: =+F105+F67+F89+F48 -> -3.222104 | G21: =+G105+G67+G89+G48 -> 0.859908 | H21: =+H105+H67+H89+H48 -> 0.084544 | I21: =+I105+I67+I89+I48 -> 0.056591 | J21: =+J105+J67+J89+J48 -> 0.041591 | K21: =+K105+K67+K89+K48 -> 0.016364 | L21: =+L105+L67+L89+L48 -> 0.046363 | ... P21: =+P105+P67+P89+P48 -> 0.361138 | Q21: =SUM(R21:AC21) -> 452.77704 | R21: =+R105+R67+R89+R48+R138+R88+R194+R158 -> 8.477418 | S21: =+S105+S67+S89+S48+S138+S88+S194+S158 -> 9.294978 | T21: =+T105+T67+T89+T48+T138+T88+T194+T158 -> 28.066519 | U21: =+U105+U67+U89+U48+U138+U88+U194+U158 -> 27.548225 | V21: =+V105+V67+V89+V48+V138+V88+V194+V158 -> 10.953752 | W21: =+W105+W67+W89+W48+W138+W88+W194+W158 -> 11.251844 | X21: =+X105+X67+X89+X48+X138+X88+X194+X158 -> 91.088809 | Y21: =+Y105+Y67+Y89+Y48+Y138+Y88+Y194+Y158 -> 113.50534 | ... AC21: =+AC105+AC67+AC89+AC48+AC138+AC88+AC194+AC158 -> 33.856943 | AD21: =SUM(AE21:AP21) -> 74.562354 | AE21: =+AE105+AE67+AE89+AE48+AE138+AE194+AE158+AE180 -> 24.485119 | AF21: =+AF105+AF67+AF89+AF48+AF138+AF194+AF158+AF180 -> 3.322278 | AG21: =+AG105+AG67+AG89+AG48+AG138+AG194+AG158+AG180 -> 4.269769 | AH21: =+AH105+AH67+AH89+AH48+AH138+AH194+AH158+AH180 -> 2.322908 | AI21: =+AI105+AI67+AI89+AI48+AI138+AI194+AI158+AI180 -> 3.92516 | AJ21: =+AJ105+AJ67+AJ89+AJ48+AJ138+AJ194+AJ158+AJ180 -> 4.243566 | AK21: =+AK105+AK67+AK89+AK48+AK138+AK194+AK158+AK180 -> 13.448046 | AL21: =+AL105+AL67+AL89+AL48+AL138+AL194+AL158+AL180 -> 4.008246 | ... AP21: =+AP105+AP67+AP89+AP48+AP138+AP194+AP158+AP180 -> 2.176292 | AQ21: =SUM(AR21:BC21) -> 492.0823 | AR21: =+AR105+AR67+AR89+AR48+AR138+AR194+AR158+AR180 -> 45.903446 | AS21: =+AS105+AS67+AS89+AS48+AS138+AS194+AS158+AS180 -> 39.147862 | AT21: =+AT105+AT67+AT89+AT48+AT138+AT194+AT158+AT180 -> 39.160742 | AU21: =+AU105+AU67+AU89+AU48+AU138+AU194+AU158+AU180 -> 38.592904 | AV21: =+AV105+AV67+AV89+AV48+AV138+AV194+AV158+AV180 -> 39.111617 | AW21: =+AW105+AW67+AW89+AW48+AW138+AW194+AW158+AW180 -> 46.727778 | AX21: =+AX105+AX67+AX89+AX48+AX138+AX194+AX158+AX180 -> 40.572992 | AY21: =+AY105+AY67+AY89+AY48+AY138+AY194+AY158+AY180 -> 40.572992 | ... BC21: =+BC105+BC67+BC89+BC48+BC138+BC194+BC158+BC180 -> 40.572992
C22: 운반비 | D22: =SUM(E22:P22) -> 0 | Q22: =SUM(R22:AC22) -> 47.886641 | R22: =R86+R136+R195+R156 -> 9.271519 | S22: =S86+S136+S195+S156 -> 1.039513 | T22: =T86+T136+T195+T156 -> 2.686089 | U22: =U86+U136+U195+U156 -> 0.5 | V22: =V86+V136+V195+V156 -> 2.813678 | W22: =W86+W136+W195+W156 -> 0.12293 | X22: =X86+X136+X195+X156 -> 18.82185 | Y22: =Y86+Y136+Y195+Y156 -> 3.73344 | ... AC22: =AC86+AC136+AC195+AC156 -> 1.355734 | AD22: =SUM(AE22:AP22) -> 89.399013 | AE22: =AE86+AE136+AE195+AE156+AE49+AE177+AE121 -> 2.660744 | AF22: =AF86+AF136+AF195+AF156+AF49+AF177+AF121 -> 12.595935 | AG22: =AG86+AG136+AG195+AG156+AG49+AG177+AG121 -> 1.503914 | AH22: =AH86+AH136+AH195+AH156+AH49+AH177+AH121 -> 2.122482 | AI22: =AI86+AI136+AI195+AI156+AI49+AI177+AI121 -> 2.670803 | AJ22: =AJ86+AJ136+AJ195+AJ156+AJ49+AJ177+AJ121 -> 12.194156 | AK22: =AK86+AK136+AK195+AK156+AK49+AK177+AK121 -> 3.590649 | AL22: =AL86+AL136+AL195+AL156+AL49+AL177+AL121 -> 42.991951 | ... AP22: =AP86+AP136+AP195+AP156+AP49+AP177+AP121 -> 1.935335 | AQ22: =SUM(AR22:BC22) -> 95.927732 | AR22: =AR86+AR136+AR195+AR156+AR49+AR177+AR121 -> 6.6933605 | AS22: =AS86+AS136+AS195+AS156+AS49+AS177+AS121 -> 16.128727 | AT22: =AT86+AT136+AT195+AT156+AT49+AT177+AT121 -> 5.2744984 | AU22: =AU86+AU136+AU195+AU156+AU49+AU177+AU121 -> 5.9146808 | AV22: =AV86+AV136+AV195+AV156+AV49+AV177+AV121 -> 6.3053738 | AW22: =AW86+AW136+AW195+AW156+AW49+AW177+AW121 -> 8.2202469 | AX22: =AX86+AX136+AX195+AX156+AX49+AX177+AX121 -> 7.5651407 | AY22: =AY86+AY136+AY195+AY156+AY49+AY177+AY121 -> 7.5651407 | ... BC22: =BC86+BC136+BC195+BC156+BC49+BC177+BC121 -> 9.5651407
C23: 광고홍보비 | D23: =SUM(E23:P23) -> 0 | Q23: =SUM(R23:AC23) -> 29.633619 | R23: =R46+R66+R84+R117 -> 0 | S23: =S46+S66+S84+S117 -> 0 | T23: =T46+T66+T84+T117 -> 0 | U23: =U46+U66+U84+U117 -> 0 | V23: =V46+V66+V84+V117 -> 0 | W23: =W46+W66+W84+W117 -> 0 | X23: =X46+X66+X84+X117 -> 17.19198 | Y23: =Y46+Y66+Y84+Y117 -> 0 | ... AC23: =AC46+AC66+AC84+AC117 -> 4.186405 | AD23: =SUM(AE23:AP23) -> 0 | AE23: =AE84+AE117+AE46 -> 0 | AF23: =AF84+AF117+AF46 -> 0 | AG23: =AG84+AG117+AG46 -> 0 | AH23: =AH84+AH117+AH46 -> 0 | AI23: =AI84+AI117+AI46 -> 0 | AJ23: =AJ84+AJ117+AJ46 -> 0 | AK23: =AK84+AK117+AK46 -> 0 | AL23: =AL84+AL117+AL46 -> 0 | ... AP23: =AP84+AP117+AP46 -> 0 | AQ23: =SUM(AR23:BC23) -> 0 | AR23: =AR84+AR117+AR46 -> 0 | AS23: =AS84+AS117+AS46 -> 0 | AT23: =AT84+AT117+AT46 -> 0 | AU23: =AU84+AU117+AU46 -> 0 | AV23: =AV84+AV117+AV46 -> 0 | AW23: =AW84+AW117+AW46 -> 0 | AX23: =AX84+AX117+AX46 -> 0 | AY23: =AY84+AY117+AY46 -> 0 | ... BC23: =BC84+BC117+BC46 -> 0
C24: 판촉비/회의비 | D24: =SUM(E24:P24) -> 0.33 | E24: =+E46+E66 -> 0 | F24: =+F46+F66 -> 0.33 | G24: =+G46+G66 -> 0 | H24: =+H46+H66 -> 0 | I24: =+I46+I66 -> 0 | J24: =+J46+J66 -> 0 | K24: =+K46+K66 -> 0 | L24: =+L46+L66 -> 0 | ... P24: =+P46+P66 -> 0 | Q24: =SUM(R24:AC24) -> 671.43676 | R24: =R87+R122+R141+R160+R197 -> 14.575546 | S24: =S87+S122+S141+S160+S197 -> 2.908775 | T24: =T87+T122+T141+T160+T197 -> 30.869992 | U24: =U87+U122+U141+U160+U197 -> 387.39 | V24: =V87+V122+V141+V160+V197 -> 0 | W24: =W87+W122+W141+W160+W197 -> 26.520121 | X24: =X87+X122+X141+X160+X197 -> 18.4506 | Y24: =Y87+Y122+Y141+Y160+Y197 -> 0 | ... AC24: =AC87+AC122+AC141+AC160+AC197 -> 28.455153 | AD24: =SUM(AE24:AP24) -> 612.48978 | AE24: =AE87+AE122+AE141+AE160+AE197+AE47+AE179 -> 40.335403 | AF24: =AF87+AF122+AF141+AF160+AF197+AF47+AF179 -> 138.96257 | AG24: =AG87+AG122+AG141+AG160+AG197+AG47+AG179 -> 26.669159 | AH24: =AH87+AH122+AH141+AH160+AH197+AH47+AH179 -> 16.094413 | AI24: =AI87+AI122+AI141+AI160+AI197+AI47+AI179 -> 17.143045 | AJ24: =AJ87+AJ122+AJ141+AJ160+AJ197+AJ47+AJ179 -> 18.099584 | AK24: =AK87+AK122+AK141+AK160+AK197+AK47+AK179 -> 56.597795 | AL24: =AL87+AL122+AL141+AL160+AL197+AL47+AL179 -> 85.826023 | ... AP24: =AP87+AP122+AP141+AP160+AP197+AP47+AP179 -> 28.834763 | AQ24: =SUM(AR24:BC24) -> 927.97255 | AR24: =AR87+AR122+AR141+AR160+AR197+AR47+AR179 -> 69.096069 | AS24: =AS87+AS122+AS141+AS160+AS197+AS47+AS179 -> 146.23873 | AT24: =AT87+AT122+AT141+AT160+AT197+AT47+AT179 -> 72.279515 | AU24: =AU87+AU122+AU141+AU160+AU197+AU47+AU179 -> 69.705214 | AV24: =AV87+AV122+AV141+AV160+AV197+AV47+AV179 -> 69.473038 | AW24: =AW87+AW122+AW141+AW160+AW197+AW47+AW179 -> 70.992799 | AX24: =AX87+AX122+AX141+AX160+AX197+AX47+AX179 -> 72.050399 | AY24: =AY87+AY122+AY141+AY160+AY197+AY47+AY179 -> 72.050399 | ... BC24: =BC87+BC122+BC141+BC160+BC197+BC47+BC179 -> 70.992799
C25: 감가상각비 | D25: =SUM(E25:P25) -> 207.03268 | E25: =+E45+E65+E123 -> 0 | F25: =+F45+F65+F123 -> 12.96171 | G25: =+G45+G65+G123 -> 10.644247 | H25: =+H45+H65+H123 -> 9.58544 | I25: =+I45+I65+I123 -> 10.4911 | J25: =+J45+J65+J123 -> 20.64 | K25: =+K45+K65+K123 -> 28.376846 | L25: =+L45+L65+L123 -> 22.866666 | ... P25: =+P45+P65+P123 -> 22.86667 | Q25: =SUM(R25:AC25) -> 347.64317 | R25: =+R45+R65+R123+R198 -> 30.699999 | S25: =+S45+S65+S123+S198 -> 30.699999 | T25: =+T45+T65+T123+T198 -> 33.06923 | U25: =+U45+U65+U123+U198 -> 32.67394 | V25: =+V45+V65+V123+V198 -> 31.499999 | W25: =+W45+W65+W123+W198 -> 31.499999 | X25: =+X45+X65+X123+X198 -> 31.499999 | Y25: =+Y45+Y65+Y123+Y198 -> 31.499999 | ... AC25: =+AC45+AC65+AC123+AC198 -> 31.500011 | AD25: =SUM(AE25:AP25) -> 408.72499 | AE25: =+AE45+AE65+AE123+AE198 -> 31.499999 | AF25: =+AF45+AF65+AF123+AF198 -> 31.499999 | AG25: =+AG45+AG65+AG123+AG198 -> 31.499999 | AH25: =+AH45+AH65+AH123+AH198 -> 31.499999 | AI25: =+AI45+AI65+AI123+AI198 -> 31.499999 | AJ25: =+AJ45+AJ65+AJ123+AJ198 -> 31.499999 | AK25: =+AK45+AK65+AK123+AK198 -> 90.424999 | AL25: =+AL45+AL65+AL123+AL198 -> 31.499999 | ... AP25: =+AP45+AP65+AP123+AP198 -> 3.3 | AQ25: =SUM(AR25:BC25) -> 36.732407 | AR25: =+AR45+AR65+AR123+AR198 -> 3.0610339 | AS25: =+AS45+AS65+AS123+AS198 -> 3.0610339 | AT25: =+AT45+AT65+AT123+AT198 -> 3.0610339 | AU25: =+AU45+AU65+AU123+AU198 -> 3.0610339 | AV25: =+AV45+AV65+AV123+AV198 -> 3.0610339 | AW25: =+AW45+AW65+AW123+AW198 -> 3.0610339 | AX25: =+AX45+AX65+AX123+AX198 -> 3.0610339 | AY25: =+AY45+AY65+AY123+AY198 -> 3.0610339 | ... BC25: =+BC45+BC65+BC123+BC198 -> 3.0610339
C26: 소모품비 | D26: =SUM(E26:P26) -> 0 | Q26: =SUM(R26:AC26) -> 750 | R26: =R50+R88 -> 0 | S26: =S50+S88 -> 0 | T26: =T50+T88 -> 0 | U26: =U50+U88 -> 0 | V26: =V50+V88 -> 0 | W26: =W50+W88 -> 0 | X26: =X50+X88 -> 750 | Y26: =Y50+Y88 -> 0 | ... AC26: =AC50+AC88 -> 0 | AD26: =SUM(AE26:AP26) -> 3.19924 | AE26: =AE50+AE88 -> 0 | AF26: =AF50+AF88 -> 0 | AG26: =AG50+AG88 -> 0.42304 | AH26: =AH50+AH88 -> 0 | AI26: =AI50+AI88 -> 0.3966 | AJ26: =AJ50+AJ88 -> 1.0576 | AK26: =AK50+AK88 -> 0 | AL26: =AL50+AL88 -> 0 | ... AP26: =AP50+AP88 -> 0 | AQ26: =SUM(AR26:BC26) -> 3.99244 | AR26: =AR50+AR88 -> 0 | AS26: =AS50+AS88 -> 0 | AT26: =AT50+AT88 -> 0.42304 | AU26: =AU50+AU88 -> 0 | AV26: =AV50+AV88 -> 0.3966 | AW26: =AW50+AW88 -> 1.0576 | AX26: =AX50+AX88 -> 0 | AY26: =AY50+AY88 -> 0 | ... BC26: =BC50+BC88 -> 1.0576
B27: 영업이익 | D27: =+D9-D15 -> 1014.998 | E27: =+E9-E15 -> -0.78744 | F27: =+F9-F15 -> 67.440203 | G27: =+G9-G15 -> 30.067866 | H27: =+H9-H15 -> 92.769116 | I27: =+I9-I15 -> 229.85116 | J27: =+J9-J15 -> -61.010631 | K27: =+K9-K15 -> -2.022151 | ... BC27: =+BC9-BC15 -> 488.64478
D29: =D27/D9 -> 0.037964651 | Q29: =Q27/Q9 -> 0.046208278 | AD29: =AD27/AD9 -> 0.10052112 | AQ29: =AQ27/AQ9 -> 0.11765954
B32: 1) 굿바이 중고폰 사업
B33: 구분 (백만원) | D33: 23년 | Q33: 24년 | AD33: 25년 | AQ33: 26년(E)
D34: Total | E34: 1월 | F34: 2월 | G34: 3월 | H34: 4월 | I34: 5월 | J34: 6월 | K34: 7월 | L34: 8월 | M34: 9월 | N34: 10월 | O34: 11월 | P34: 12월 | Q34: Total | R34: 1월 | S34: 2월 | T34: 3월 | U34: 4월 | V34: 5월 | W34: 6월 | X34: 7월 | Y34: 8월 | Z34: 9월 | AA34: 10월 | AB34: 11월 | AC34: 12월 | AD34: Total | AE34: 1월 | AF34: 2월 | AG34: 3월 | AH34: 4월 | AI34: 5월 | AJ34: 6월 | AK34: 7월 | AL34: 8월 | AM34: 9월 | AN34: 10월 | AO34: 11월 | AP34: 12월 | AQ34: Total | AR34: 1월 | AS34: 2월 | AT34: 3월 | AU34: 4월 | AV34: 5월 | AW34: 6월 | AX34: 7월 | AY34: 8월 | AZ34: 9월 | BA34: 10월 | BB34: 11월 | BC34: 12월
B35: 매출 | D35: =SUM(E35:P35) -> 7281.9939 | E35: =SUM(E36:E39) -> 31.406332 | F35: =SUM(F36:F39) -> 8.7427 | G35: =SUM(G36:G39) -> 7.04085 | H35: =SUM(H36:H39) -> 1.762 | I35: =SUM(I36:I39) -> 444.5897 | J35: =SUM(J36:J39) -> 476.73086 | K35: =SUM(K36:K39) -> 396.3363 | L35: =SUM(L36:L39) -> 1896.0478 | ... P35: =SUM(P36:P39) -> 719.69757 | Q35: =SUM(R35:AC35) -> 14221.025 | R35: =SUM(R36:R39) -> 234.68045 | S35: =SUM(S36:S39) -> 51.0505 | T35: =SUM(T36:T39) -> 713.51486 | U35: =SUM(U36:U39) -> 1368.3895 | V35: =SUM(V36:V39) -> 1688.5955 | W35: =SUM(W36:W39) -> 391.4 | X35: =SUM(X36:X39) -> 1179.281 | Y35: =SUM(Y36:Y39) -> 1923.0899 | ... AC35: =SUM(AC36:AC39) -> 230.71636 | AD35: =SUM(AE35:AP35) -> 10165.249 | AE35: =SUM(AE36:AE39) -> 517.91273 | AF35: =SUM(AF36:AF39) -> 781.31886 | AG35: =SUM(AG36:AG39) -> 425.96668 | AH35: =SUM(AH36:AH39) -> 923.24797 | AI35: =SUM(AI36:AI39) -> 239.86618 | AJ35: =SUM(AJ36:AJ39) -> 593.45118 | AK35: =SUM(AK36:AK39) -> 1271.1434 | AL35: =SUM(AL36:AL39) -> 1189.6017 | ... AP35: =SUM(AP36:AP39) -> 600.55427 | AQ35: =SUM(AR35:BC35) -> 18112 | AR35: =SUM(AR36:AR39) -> 1490.6209 | AS35: =SUM(AS36:AS39) -> 1490.6209 | AT35: =SUM(AT36:AT39) -> 1490.6209 | AU35: =SUM(AU36:AU39) -> 1547.4321 | AV35: =SUM(AV36:AV39) -> 1490.6209 | AW35: =SUM(AW36:AW39) -> 1490.6209 | AX35: =SUM(AX36:AX39) -> 1558.2647 | AY35: =SUM(AY36:AY39) -> 1510.2209 | ... BC35: =SUM(BC36:BC39) -> 1511.1149
C36: 상품매출 | D36: =SUM(E36:P36) -> 6967.1328 | E36: 3.5812 | F36: 2.1584 | G36: 2.13 | H36: 1.762 | I36: 444.5897 | J36: 453.3532 | K36: 393.3592 | L36: 1877.525 | M36: 518.959 | N36: 1900.1554 | O36: 859.1596 | P36: 510.40005 | Q36: =SUM(R36:AC36) -> 12733.135 | R36: 221.55265 | S36: 3.9505 | T36: 704.71486 | U36: 997.40773 | V36: 1685.5045 | W36: 387.95 | X36: 1137.221 | Y36: 1835.349 | Z36: 1958.776 | AA36: 2538.349 | AB36: =231.643545+800 -> 1031.6435 | AC36: 230.71636 | AD36: =SUM(AE36:AP36) -> 9035.2575 | AE36: 514.68545 | AF36: 428.09159 | AG36: 423.91668 | AH36: 857.84584 | AI36: 231.14345 | AJ36: 443.66027 | AK36: 1158.1042 | AL36: 1132.6631 | AM36: 1290.6182 | AN36: 808.18564 | AO36: 1311.3737 | AP36: 434.96936 | AQ36: =SUM(AR36:BC36) -> 15527.451 | AR36: 1293.9542 | AS36: 1293.9542 | AT36: 1293.9542 | AU36: 1293.9542 | AV36: 1293.9542 | AW36: 1293.9542 | AX36: 1293.9542 | AY36: 1293.9542 | AZ36: 1293.9542 | BA36: 1293.9542 | BB36: 1293.9542 | BC36: 1293.9542
C37: 수수료 수익(정책) | D37: =SUM(E37:P37) -> 314.86111 | E37: 27.825132 | F37: 6.5843 | G37: 4.91085 | H37: 0 | I37: 0 | J37: 23.37766 | K37: 2.9771 | L37: 18.5228 | M37: 11.01545 | N37: 6.88445 | O37: 3.46585 | P37: 209.29752 | Q37: =SUM(R37:AC37) -> 1458.89 | R37: 12.1 | S37: 47.1 | T37: 8.8 | U37: 370.98182 | V37: 3.090909 | W37: 3.45 | X37: 42.06 | Y37: 87.740909 | Z37: 350.06636 | AB37: =1333.5-800 -> 533.5 | AD37: =SUM(AE37:AP37) -> 905.44299 | AE37: 3.2272725 | AF37: 353.22727 | AG37: 2.0499995 | AH37: 8.590909 | AI37: 8.7227275 | AJ37: 149.79091 | AK37: 45.395454 | AL37: 37.338635 | AM37: 59.963636 | AN37: 72.581625 | AO37: 19.463636 | AP37: 145.09091 | AQ37: =SUM(AR37:BC37) -> 2360 | AR37: 196.66667 | AS37: 196.66667 | AT37: 196.66667 | AU37: 196.66667 | AV37: 196.66667 | AW37: 196.66667 | AX37: 196.66667 | AY37: 196.66667 | AZ37: 196.66667 | BA37: 196.66667 | BB37: 196.66667 | BC37: 196.66667
C38: 수수료 수익(기타) | Q38: =SUM(R38:AC38) -> 28.999959 | R38: 1.0278 | AA38: 27.972159 | AD38: =SUM(AE38:AP38) -> 224.54903 | AH38: 56.811226 | AK38: 67.643808 | AL38: 19.6 | AM38: 20.8 | AN38: 19.6 | AO38: 19.6 | AP38: 20.494 | AQ38: =SUM(AR38:BC38) -> 224.54903 | AU38: 56.811226 | AX38: 67.643808 | AY38: 19.6 | AZ38: 20.8 | BA38: 19.6 | BB38: 19.6 | BC38: 20.494
C39: 광고 수익 | D39: =SUM(E39:P39) -> 0 | E39: 0 | F39: 0 | G39: 0 | H39: 0 | I39: 0 | J39: 0 | K39: 0 | L39: 0 | M39: 0 | N39: 0 | O39: 0 | P39: 0 | Q39: =SUM(R39:AC39) -> 0 | AD39: =SUM(AE39:AP39) -> 0 | AQ39: =SUM(AR39:BC39) -> 0
B40: 비용 | D40: =SUM(E40:P40) -> 6744.9306 | E40: =SUM(E41:E48) -> 9.803081 | F40: =SUM(F41:F48) -> 7.033828 | G40: =SUM(G41:G48) -> 16.801284 | H40: =SUM(H41:H48) -> 6.40356 | I40: =SUM(I41:I48) -> 367.69037 | J40: =SUM(J41:J48) -> 580.55868 | K40: =SUM(K41:K48) -> 374.31101 | L40: =SUM(L41:L48) -> 1733.8893 | ... P40: =SUM(P41:P48) -> 499.79101 | Q40: =SUM(R40:AC40) -> 14708.743 | R40: =SUM(R41:R50) -> 326.14167 | S40: =SUM(S41:S50) -> 77.987339 | T40: =SUM(T41:T50) -> 824.31822 | U40: =SUM(U41:U50) -> 1068.0069 | V40: =SUM(V41:V50) -> 1706.6164 | W40: =SUM(W41:W50) -> 272.41052 | X40: =SUM(X41:X50) -> 1867.0478 | Y40: =SUM(Y41:Y50) -> 1933.8042 | ... AC40: =SUM(AC41:AC50) -> 536.60663 | AD40: =SUM(AE40:AP40) -> 9758.2271 | AE40: =SUM(AE41:AE50) -> 510.59443 | AF40: =SUM(AF41:AF50) -> 606.27929 | AG40: =SUM(AG41:AG50) -> 447.89429 | AH40: =SUM(AH41:AH50) -> 815.44457 | AI40: =SUM(AI41:AI50) -> 320.48323 | AJ40: =SUM(AJ41:AJ50) -> 633.57708 | AK40: =SUM(AK41:AK50) -> 1194.2969 | AL40: =SUM(AL41:AL50) -> 1234.5172 | ... AP40: =SUM(AP41:AP50) -> 593.86714 | AQ40: =SUM(AR40:BC40) -> 17467.116 | AR40: =SUM(AR41:AR50) -> 1455.593 | AS40: =SUM(AS41:AS50) -> 1455.593 | AT40: =SUM(AT41:AT50) -> 1455.593 | AU40: =SUM(AU41:AU50) -> 1455.593 | AV40: =SUM(AV41:AV50) -> 1455.593 | AW40: =SUM(AW41:AW50) -> 1455.593 | AX40: =SUM(AX41:AX50) -> 1455.593 | AY40: =SUM(AY41:AY50) -> 1455.593 | ... BC40: =SUM(BC41:BC50) -> 1455.593
C41: 매출원가 | D41: =SUM(E41:P41) -> 5888.6375 | E41: 2.382191 | F41: 1.408891 | G41: 1.388127 | H41: 1.134391 | I41: 362.0253 | J41: 359.6624 | K41: 299.60991 | L41: 1570.6845 | M41: 409.27254 | N41: 1514.0765 | O41: 955.33674 | P41: 411.65609 | Q41: =SUM(R41:AC41) -> 12397.069 | R41: 198.2049 | S41: 39.874227 | T41: 749.90264 | U41: 998.66773 | V41: 1620.8425 | W41: 209.98307 | X41: 1000.0065 | Y41: 1615.6525 | Z41: 1804.87 | AA41: 2361.411 | AB41: 1620.2863 | AC41: 177.36724 | AD41: =SUM(AE41:AP41) -> 7894.2237 | AE41: 377.42822 | AF41: 443.00159 | AG41: 333.661 | AH41: 629.05103 | AI41: 203.90874 | AJ41: 414.815 | AK41: 1074.3547 | AL41: 1094.8175 | AM41: 1309.557 | AN41: 675.564 | AO41: 1053.3719 | AP41: 284.693 | AQ41: =SUM(AR41:BC41) -> 14010.418 | AR41: 1167.5348 | AS41: 1167.5348 | AT41: 1167.5348 | AU41: 1167.5348 | AV41: 1167.5348 | AW41: 1167.5348 | AX41: 1167.5348 | AY41: 1167.5348 | AZ41: 1167.5348 | BA41: 1167.5348 | BB41: 1167.5348 | BC41: 1167.5348
C42: 인건비 | D42: =SUM(E42:P42) -> 0 | E42: 0 | F42: 0 | G42: 0 | H42: 0 | I42: 0 | J42: 0 | K42: 0 | L42: 0 | M42: 0 | N42: 0 | O42: 0 | P42: 0 | Q42: =SUM(R42:AC42) -> 0 | R42: 0 | S42: 0 | V42: 0 | Z42: 0 | AD42: =SUM(AE42:AP42) -> 261.40635 | AE42: 26.429202 | AF42: 19.105633 | AG42: 43.200508 | AH42: 19.49417 | AI42: 18.54845 | AJ42: 20.376266 | AK42: 27.837774 | AL42: 16.470001 | AM42: 21.473051 | AN42: 18.386056 | AO42: 14.03117 | AP42: 16.054067 | AQ42: =SUM(AR42:BC42) -> 415.94453 | AR42: 34.662044 | AS42: 34.662044 | AT42: 34.662044 | AU42: 34.662044 | AV42: 34.662044 | AW42: 34.662044 | AX42: 34.662044 | AY42: 34.662044 | AZ42: 34.662044 | BA42: 34.662044 | BB42: 34.662044 | BC42: 34.662044
C43: 임차료 | Q43: =SUM(R43:AC43) -> 10.068216 | W43: 1.216513 | X43: 1.50327 | Y43: 1.564674 | Z43: 1.582614 | AA43: 1.413325 | AB43: 1.390091 | AC43: 1.397729 | AD43: =SUM(AE43:AP43) -> 17.929443 | AE43: 1.496568 | AF43: 1.522802 | AG43: 1.579159 | AH43: 1.366358 | AI43: 1.384138 | AJ43: 1.366268 | AK43: 1.425763 | AL43: 1.476659 | AM43: =1.445101+0.7 -> 2.145101 | AN43: 1.410984 | AO43: 1.360344 | AP43: 1.395299 | AQ43: =SUM(AR43:BC43) -> 27.889884 | AR43: 2.324157 | AS43: 2.324157 | AT43: 2.324157 | AU43: 2.324157 | AV43: 2.324157 | AW43: 2.324157 | AX43: 2.324157 | AY43: 2.324157 | AZ43: 2.324157 | BA43: 2.324157 | BB43: 2.324157 | BC43: 2.324157
C44: 지급수수료 | D44: =SUM(E44:P44) -> 725.54561 | E44: 7.42089 | F44: 5.294937 | G44: 14.753157 | H44: 5.269169 | I44: 5.665074 | J44: 220.89628 | K44: 54.334434 | L44: 142.83821 | M44: 60.401663 | N44: 68.538561 | O44: 72.364988 | P44: 67.768248 | Q44: =SUM(R44:AC44) -> 1039.3541 | R44: 99.736772 | S44: 9.913113 | T44: 44.646351 | U44: 37.824807 | V44: 54.555415 | W44: 32.999416 | Y44: 233.88377 | Z44: 51.185819 | AA44: 121.20037 | AB44: 51.802619 | AC44: 301.60565 | AD44: =SUM(AE44:AP44) -> 1094.5011 | AE44: 62.763166 | AF44: 102.6594 | AG44: 33.034338 | AH44: 129.01105 | AI44: 60.24736 | AJ44: 158.97238 | AK44: 45.40248 | AL44: 79.13195 | AM44: =46.591257+1.898927 -> 48.490184 | AN44: 75.240455 | AO44: 24.061995 | AP44: 275.48637 | AQ44: =SUM(AR44:BC44) -> 1865.1329 | AR44: 155.42774 | AS44: 155.42774 | AT44: 155.42774 | AU44: 155.42774 | AV44: 155.42774 | AW44: 155.42774 | AX44: 155.42774 | AY44: 155.42774 | AZ44: 155.42774 | BA44: 155.42774 | BB44: 155.42774 | BC44: 155.42774
C45: 감가상각비 | D45: =SUM(E45:P45) -> 122.2 | E45: 0 | F45: 0 | G45: 0 | H45: 0 | I45: 0 | J45: 0 | K45: 20.366666 | L45: 20.366666 | M45: 20.366666 | N45: 20.366666 | O45: 20.366666 | P45: 20.36667 | Q45: =SUM(R45:AC45) -> 313.74317 | R45: 28.199999 | S45: 28.199999 | T45: 29.76923 | U45: 30.17394 | V45: 28.199999 | W45: 28.199999 | X45: 28.199999 | Y45: 28.199999 | Z45: 28.199999 | AB45: 28.199999 | AC45: 28.200011 | AD45: =SUM(AE45:AP45) -> 319.79999 | AE45: 28.999999 | AF45: 28.999999 | AG45: 28.999999 | AH45: 28.999999 | AI45: 28.999999 | AJ45: 28.999999 | AK45: 28.999999 | AL45: 28.999999 | AM45: =28.199999+0.8 -> 28.999999 | AN45: 28.999999 | AO45: 28.999999 | AP45: 0.8 | AQ45: =SUM(AR45:BC45) -> 0
C46: 광고홍보비 | D46: =SUM(E46:P46) -> 0.33 | E46: 0 | F46: 0.33 | G46: 0 | H46: 0 | I46: 0 | J46: 0 | K46: 0 | L46: 0 | M46: 0 | N46: 0 | O46: 0 | P46: 0 | Q46: =SUM(R46:AC46) -> 29.633619 | R46: 0 | S46: 0 | V46: 0 | X46: 17.19198 | AA46: 2.48644 | AB46: 5.768794 | AC46: 4.186405 | AD46: =SUM(AE46:AP46) -> 0 | AQ46: =SUM(AR46:BC46) -> 0
C47: 판촉비 | D47: =SUM(E47:P47) -> 0 | Q47: =SUM(R47:AC47) -> 0 | AD47: =SUM(AE47:AP47) -> 160.36945 | AE47: 12.956762 | AF47: 10.429336 | AG47: 6.4911355 | AH47: 7.02517 | AI47: 6.2858395 | AJ47: 8.5094205 | AK47: 13.677568 | AL47: 13.112151 | AM47: =9.243945+1.6931345 -> 10.937079 | AN47: 40.418059 | AO47: 15.585154 | AP47: 14.941778 | AQ47: =SUM(AR47:BC47) -> 686.75457 | AR47: =(17.8046411793684)+39.4249060617917 -> 57.229547 | AS47: =(17.8046411793684)+39.4249060617917 -> 57.229547 | AT47: =(17.8046411793684)+39.4249060617917 -> 57.229547 | AU47: =(17.8046411793684)+39.4249060617917 -> 57.229547 | AV47: =(17.8046411793684)+39.4249060617917 -> 57.229547 | AW47: =(17.8046411793684)+39.4249060617917 -> 57.229547 | AX47: =(17.8046411793684)+39.4249060617917 -> 57.229547 | AY47: =(17.8046411793684)+39.4249060617917 -> 57.229547 | ... BC47: =(17.8046411793684)+39.4249060617917 -> 57.229547
C48: 기타운영비 | D48: =SUM(E48:P48) -> 8.2175 | E48: 0 | F48: 0 | G48: 0.66 | H48: 0 | I48: 0 | J48: 0 | K48: 0 | L48: 0 | M48: 0.59 | N48: 6.9675 | O48: 0 | P48: 0 | Q48: =SUM(R48:AC48) -> 168.87535 | R48: 0 | S48: 0 | U48: 1.340414 | V48: 3.018525 | W48: 0.01152 | X48: 70.146085 | Y48: 54.503278 | Z48: 15.542343 | AA48: 0.225371 | AB48: 0.238227 | AC48: 23.849591 | AD48: =SUM(AE48:AP48) -> 9.9970075 | AE48: 0.5205025 | AF48: 0.560521 | AG48: 0.928147 | AH48: 0.496791 | AI48: 1.108706 | AJ48: 0.537744 | AK48: 2.5985485 | AL48: 0.508989 | AM48: =0.204183+1.127841 -> 1.332024 | AN48: 0.511704 | AO48: 0.396702 | AP48: 0.4966285 | AQ48: =SUM(AR48:BC48) -> 410.97707 | AR48: 34.248089 | AS48: 34.248089 | AT48: 34.248089 | AU48: 34.248089 | AV48: 34.248089 | AW48: 34.248089 | AX48: 34.248089 | AY48: 34.248089 | AZ48: 34.248089 | BA48: 34.248089 | BB48: 34.248089 | BC48: 34.248089
C49: 운반비 | D49: =SUM(E49:P49) -> 0 | Q49: =SUM(R49:AC49) -> 0 | AD49: =SUM(AE49:AP49) -> 0 | AQ49: =SUM(AR49:BC49) -> 50 | AR49: 4.1666667 | AS49: 4.1666667 | AT49: 4.1666667 | AU49: 4.1666667 | AV49: 4.1666667 | AW49: 4.1666667 | AX49: 4.1666667 | AY49: 4.1666667 | AZ49: 4.1666667 | BA49: 4.1666667 | BB49: 4.1666667 | BC49: 4.1666667
C50: 소모품비 | D50: =SUM(E50:P50) -> 0 | Q50: =SUM(R50:AC50) -> 750 | X50: 750 | AD50: =SUM(AE50:AP50) -> 0 | AQ50: =SUM(AR50:BC50) -> 0
B51: 영업이익 | D51: =SUM(E51:P51) -> 537.0633 | E51: =E35-E40 -> 21.603251 | F51: =F35-F40 -> 1.708872 | G51: =G35-G40 -> -9.760434 | H51: =H35-H40 -> -4.64156 | I51: =I35-I40 -> 76.899326 | J51: =J35-J40 -> -103.82782 | K51: =K35-K40 -> 22.02529 | L51: =L35-L40 -> 162.15847 | ... P51: =P35-P40 -> 219.90656 | Q51: =SUM(R51:AC51) -> -487.71797 | R51: =R35-R40 -> -91.461221 | S51: =S35-S40 -> -26.936839 | T51: =T35-T40 -> -110.80335 | U51: =U35-U40 -> 300.38266 | V51: =V35-V40 -> -18.02094 | W51: =W35-W40 -> 118.98948 | X51: =X35-X40 -> -687.76683 | Y51: =Y35-Y40 -> -10.71431 | ... AC51: =AC35-AC40 -> -305.89027 | AD51: =SUM(AE51:AP51) -> 407.02238 | AE51: =AE35-AE40 -> 7.3183005 | AF51: =AF35-AF40 -> 175.03958 | AG51: =AG35-AG40 -> -21.927607 | AH51: =AH35-AH40 -> 107.80341 | AI51: =AI35-AI40 -> -80.61705 | AJ51: =AJ35-AJ40 -> -40.125895 | AK51: =AK35-AK40 -> 76.846572 | AL51: =AL35-AL40 -> -44.915523 | ... AP51: =AP35-AP40 -> 6.6871315 | AQ51: =SUM(AR51:BC51) -> 644.88352 | AR51: =AR35-AR40 -> 35.027874 | AS51: =AS35-AS40 -> 35.027874 | AT51: =AT35-AT40 -> 35.027874 | AU51: =AU35-AU40 -> 91.8391 | AV51: =AV35-AV40 -> 35.027874 | AW51: =AW35-AW40 -> 35.027874 | AX51: =AX35-AX40 -> 102.67168 | AY51: =AY35-AY40 -> 54.627874 | ... BC51: =BC35-BC40 -> 55.521874
B55: 구분 (백만원) | D55: 23년 | Q55: 24년(E)
D56: Total | E56: =E$34 -> 1월 | F56: =F$34 -> 2월 | G56: =G$34 -> 3월 | H56: =H$34 -> 4월 | I56: =I$34 -> 5월 | J56: =J$34 -> 6월 | K56: =K$34 -> 7월 | L56: =L$34 -> 8월 | ... P56: =P$34 -> 12월 | Q56: Total | R56: 1월 | S56: 2월 | T56: 3월 | U56: 4월 | V56: 5월 | W56: 6월 | X56: 7월 | Y56: 8월 | Z56: 9월 | AA56: 10월 | AB56: 11월 | AC56: 12월
B57: 매출 | D57: =SUM(E57:P57) -> 0 | E57: =SUM(E58:E60) -> 0 | F57: =SUM(F58:F60) -> 0 | G57: =SUM(G58:G60) -> 0 | H57: =SUM(H58:H60) -> 0 | I57: =SUM(I58:I60) -> 0 | J57: =SUM(J58:J60) -> 0 | K57: =SUM(K58:K60) -> 0 | L57: =SUM(L58:L60) -> 0 | ... P57: =SUM(P58:P60) -> 0 | Q57: =SUM(R57:AC57) -> 0 | R57: =SUM(R58:R60) -> 0 | S57: =SUM(S58:S60) -> 0 | T57: =SUM(T58:T60) -> 0 | U57: =SUM(U58:U60) -> 0 | V57: =SUM(V58:V60) -> 0 | W57: =SUM(W58:W60) -> 0 | X57: =SUM(X58:X60) -> 0 | Y57: =SUM(Y58:Y60) -> 0 | ... AC57: =SUM(AC58:AC60) -> 0
C58: 상품매출 | D58: =SUM(E58:P58) -> 0 | Q58: =SUM(R58:AC58) -> 0
C59: 상품서비스매출_거래수수료 | D59: =SUM(E59:P59) -> 0 | Q59: =SUM(R59:AC59) -> 0
C60: 광고 수익 | D60: =SUM(E60:P60) -> 0 | Q60: =SUM(R60:AC60) -> 0
B61: 비용 | D61: =SUM(E61:P61) -> 0 | E61: =SUM(E62:E67) -> 0 | F61: =SUM(F62:F67) -> 0 | G61: =SUM(G62:G67) -> 0 | H61: =SUM(H62:H67) -> 0 | I61: =SUM(I62:I67) -> 0 | J61: =SUM(J62:J67) -> 0 | K61: =SUM(K62:K67) -> 0 | L61: =SUM(L62:L67) -> 0 | ... P61: =SUM(P62:P67) -> 0 | Q61: =SUM(R61:AC61) -> 0 | R61: =SUM(R62:R67) -> 0 | S61: =SUM(S62:S67) -> 0 | T61: =SUM(T62:T67) -> 0 | U61: =SUM(U62:U67) -> 0 | V61: =SUM(V62:V67) -> 0 | W61: =SUM(W62:W67) -> 0 | X61: =SUM(X62:X67) -> 0 | Y61: =SUM(Y62:Y67) -> 0 | ... AC61: =SUM(AC62:AC67) -> 0
C62: 매출원가 | D62: =SUM(E62:P62) -> 0 | Q62: =SUM(R62:AC62) -> 0
C63: 인건비 | D63: =SUM(E63:P63) -> 0 | Q63: =SUM(R63:AC63) -> 0
C64: 지급수수료 | D64: =SUM(E64:P64) -> 0 | Q64: =SUM(R64:AC64) -> 0
C65: 감가상각비 | D65: =SUM(E65:P65) -> 0 | Q65: =SUM(R65:AC65) -> 0
C66: 광고홍보비 | D66: =SUM(E66:P66) -> 0 | Q66: =SUM(R66:AC66) -> 0
C67: 기타운영비 | D67: =SUM(E67:P67) -> 0 | Q67: =SUM(R67:AC67) -> 0
B68: 영업이익 | D68: =SUM(E68:P68) -> 0 | E68: =E57-E61 -> 0 | F68: =F57-F61 -> 0 | G68: =G57-G61 -> 0 | H68: =H57-H61 -> 0 | I68: =I57-I61 -> 0 | J68: =J57-J61 -> 0 | K68: =K57-K61 -> 0 | L68: =L57-L61 -> 0 | ... P68: =P57-P61 -> 0 | Q68: =SUM(R68:AC68) -> 0 | R68: =R57-R61 -> 0 | S68: =S57-S61 -> 0 | T68: =T57-T61 -> 0 | U68: =U57-U61 -> 0 | V68: =V57-V61 -> 0 | W68: =W57-W61 -> 0 | X68: =X57-X61 -> 0 | Y68: =Y57-Y61 -> 0 | ... AC68: =AC57-AC61 -> 0
B72: 2) 시연폰 사업
B73: 구분 (백만원) | D73: 23년 | Q73: 24년 | AD73: 25년 | AQ73: 26년(E)
D74: Total | E74: =E$34 -> 1월 | F74: =F$34 -> 2월 | G74: =G$34 -> 3월 | H74: =H$34 -> 4월 | I74: =I$34 -> 5월 | J74: =J$34 -> 6월 | K74: =K$34 -> 7월 | L74: =L$34 -> 8월 | ... P74: =P$34 -> 12월 | Q74: Total | R74: 1월 | S74: 2월 | T74: 3월 | U74: 4월 | V74: 5월 | W74: 6월 | X74: 7월 | Y74: 8월 | Z74: 9월 | AA74: 10월 | AB74: 11월 | AC74: 12월 | AD74: Total | AE74: 1월 | AF74: 2월 | AG74: 3월 | AH74: 4월 | AI74: 5월 | AJ74: 6월 | AK74: 7월 | AL74: 8월 | AM74: 9월 | AN74: 10월 | AO74: 11월 | AP74: 12월 | AQ74: Total | AR74: 1월 | AS74: 2월 | AT74: 3월 | AU74: 4월 | AV74: 5월 | AW74: 6월 | AX74: 7월 | AY74: 8월 | AZ74: 9월 | BA74: 10월 | BB74: 11월 | BC74: 12월
B75: 매출 | D75: =SUM(E75:P75) -> 16748.37 | E75: =SUM(E76:E79) -> 1755.8161 | F75: =SUM(F76:F79) -> 1864.5582 | G75: =SUM(G76:G79) -> 450.616 | H75: =SUM(H76:H79) -> 2235.7863 | I75: =SUM(I76:I79) -> 3761.39 | J75: =SUM(J76:J79) -> 0 | K75: =SUM(K76:K79) -> 0 | L75: =SUM(L76:L79) -> 0 | ... P75: =SUM(P76:P79) -> 3076.315 | Q75: =SUM(R75:AC75) -> 17824.468 | R75: =SUM(R76:R79) -> 0 | S75: =SUM(S76:S79) -> 1252.3212 | T75: =SUM(T76:T79) -> 1965.725 | U75: =SUM(U76:U79) -> 4117.6873 | V75: =SUM(V76:V79) -> 817.41848 | W75: =SUM(W76:W79) -> 311.05545 | X75: =SUM(X76:X79) -> 0 | Y75: =SUM(Y76:Y79) -> 2387.4692 | ... AC75: =SUM(AC76:AC79) -> 647.41745 | AD75: =SUM(AE75:AP75) -> 37119.427 | AE75: =SUM(AE76:AE79) -> 625.70522 | AF75: =SUM(AF76:AF79) -> 4172.3454 | AG75: =SUM(AG76:AG79) -> 3382.4216 | AH75: =SUM(AH76:AH79) -> 1740.3581 | AI75: =SUM(AI76:AI79) -> 3397.3919 | AJ75: =SUM(AJ76:AJ79) -> 3622.6487 | AK75: =SUM(AK76:AK79) -> 3860.0676 | AL75: =SUM(AL76:AL79) -> 4439.9822 | ... AP75: =SUM(AP76:AP79) -> 863.60925 | AQ75: =SUM(AR75:BC75) -> 37119.427 | AR75: =SUM(AR76:AR79) -> 1432.6686 | AS75: =SUM(AS76:AS79) -> 4792.4733 | AT75: =SUM(AT76:AT79) -> 4104.4113 | AU75: =SUM(AU76:AU79) -> 2464.5032 | AV75: =SUM(AV76:AV79) -> 4119.3708 | AW75: =SUM(AW76:AW79) -> 4363.3808 | AX75: =SUM(AX76:AX79) -> 2640.4364 | AY75: =SUM(AY76:AY79) -> 2640.4364 | ... BC75: =SUM(BC76:BC79) -> 2640.4364
C76: 상품서비스매출_시연폰 매각 수익 | D76: =SUM(E76:P76) -> 16748.37 | E76: 1755.8161 | F76: 1864.5582 | G76: 450.616 | H76: 2235.7863 | I76: 3761.39 | M76: 2740.1272 | N76: 863.76132 | O76: 0 | P76: 3076.315 | Q76: =SUM(R76:AC76) -> 17820.537 | S76: 1252.3212 | T76: 1964.0696 | U76: 4117.6873 | V76: 817.41848 | W76: 311.05545 | Y76: 2387.4692 | Z76: 2683.8304 | AA76: 2734.104 | AB76: 905.98167 | AC76: 646.59945 | AD76: =SUM(AE76:AP76) -> 36850.308 | AE76: 603.9525 | AF76: 4139.5454 | AG76: 3380.3716 | AH76: 1731.7672 | AI76: 3388.6692 | AJ76: 3622.5896 | AK76: 3854.9267 | AL76: 4435.9253 | AM76: 3849.1673 | AN76: 3191.4014 | AO76: 3802.5056 | AP76: 849.48652 | AQ76: =SUM(AR76:BC76) -> 36845.347 | AR76: 1417.0885 | AS76: 4748.3205 | AT76: 4090.0084 | AU76: 2443.5594 | AV76: 4098.2952 | AW76: 4331.9098 | AX76: 2619.3609 | AY76: 2619.3609 | AZ76: 2619.3609 | BA76: 2619.3609 | BB76: 2619.3609 | BC76: 2619.3609
C77: 시연폰 매입 장려금 | D77: =SUM(E77:P77) -> 0 | Q77: =SUM(R77:AC77) -> 0 | S77: 0 | AD77: =SUM(AE77:AP77) -> 0 | AQ77: =SUM(AR77:BC77) -> 0
C78: 수수료 수입(정책_신사업) | D78: =SUM(E78:P78) -> 0 | Q78: =SUM(R78:AC78) -> 1.65533 | T78: 1.65533 | AD78: =SUM(AE78:AP78) -> 220.8839 | AE78: 3.2272725 | AF78: 32.800002 | AG78: 2.0499995 | AH78: 8.590909 | AI78: 8.7227275 | AJ78: 19.118182 | AK78: 5.140909 | AL78: 4.056818 | AM78: 31.009091 | AN78: 72.581625 | AO78: 19.463636 | AP78: 14.122727 | AQ78: =SUM(AR78:BC78) -> 225.84546 | AR78: 11.560606 | AS78: 40.133335 | AT78: 10.383333 | AU78: 16.924242 | AV78: 17.056061 | AW78: 27.451515 | AX78: 17.056061 | AY78: 17.056061 | AZ78: 17.056061 | BA78: 17.056061 | BB78: 17.056061 | BC78: 17.056061
C79: 수수료 수익(기타) | D79: =SUM(E79:P79) -> 0 | Q79: =SUM(R79:AC79) -> 2.276 | AA79: 1.458 | AC79: 0.818 | AD79: =SUM(AE79:AP79) -> 48.234364 | AE79: 18.525455 | AJ79: -19.059091 | AN79: 48.768 | AQ79: =SUM(AR79:BC79) -> 48.234364 | AR79: 4.0195303 | AS79: 4.0195303 | AT79: 4.0195303 | AU79: 4.0195303 | AV79: 4.0195303 | AW79: 4.0195303 | AX79: 4.0195303 | AY79: 4.0195303 | AZ79: 4.0195303 | BA79: 4.0195303 | BB79: 4.0195303 | BC79: 4.0195303
B80: 비용 | D80: =SUM(E80:P80) -> 15958.67 | E80: =SUM(E81:E89) -> 1685.1976 | F80: =SUM(F81:F89) -> 1804.4112 | G80: =SUM(G81:G89) -> 436.08 | H80: =SUM(H81:H89) -> 2163.6642 | I80: =SUM(I81:I89) -> 3641.2755 | J80: =SUM(J81:J89) -> 0 | K80: =SUM(K81:K89) -> 0 | L80: =SUM(L81:L89) -> 0 | ... P80: =SUM(P81:P89) -> 2776.7545 | Q80: =SUM(R80:AC80) -> 14624.606 | R80: =SUM(R81:R89) -> 0 | S80: =SUM(S81:S89) -> 1230.9181 | T80: =SUM(T81:T89) -> 1729.8294 | U80: =SUM(U81:U89) -> 3199.7821 | V80: =SUM(V81:V89) -> 559.06372 | W80: =SUM(W81:W89) -> 280.65478 | X80: =SUM(X81:X89) -> 63.300286 | Y80: =SUM(Y81:Y89) -> 1954.5222 | ... AC80: =SUM(AC81:AC89) -> 754.43194 | AD80: =SUM(AE80:AP80) -> 31257.627 | AE80: =SUM(AE81:AE89) -> 620.03308 | AF80: =SUM(AF81:AF89) -> 2841.9678 | AG80: =SUM(AG81:AG89) -> 3189.1469 | AH80: =SUM(AH81:AH89) -> 1545.1039 | AI80: =SUM(AI81:AI89) -> 2961.3018 | AJ80: =SUM(AJ81:AJ89) -> 2821.5754 | AK80: =SUM(AK81:AK89) -> 3346.7013 | AL80: =SUM(AL81:AL89) -> 3712.8212 | ... AP80: =SUM(AP81:AP89) -> 1320.2579 | AQ80: =SUM(AR80:BC80) -> 31257.627 | AR80: =SUM(AR81:AR89) -> 1268.1503 | AS80: =SUM(AS81:AS89) -> 3472.7246 | AT80: =SUM(AT81:AT89) -> 3810.3046 | AU80: =SUM(AU81:AU89) -> 2187.5781 | AV80: =SUM(AV81:AV89) -> 3584.8651 | AW80: =SUM(AW81:AW89) -> 3447.0756 | AX80: =SUM(AX81:AX89) -> 2252.3325 | AY80: =SUM(AY81:AY89) -> 2243.0957 | ... BC80: =SUM(BC81:BC89) -> 2244.0957
C81: 매각원가 | D81: =SUM(E81:P81) -> 15944.825 | E81: 1685.1976 | F81: 1804.4112 | G81: 436.08 | H81: 2163.6642 | I81: 3641.2755 | M81: 2631.7617 | N81: 805.68035 | P81: 2776.7545 | Q81: =SUM(R81:AC81) -> 14214.15 | S81: 1230.9181 | T81: 1725.6726 | U81: 3184.3856 | V81: 537.24321 | W81: 248.78252 | Y81: 1905.7167 | Z81: 1853.8194 | AA81: 2140.107 | AB81: 670.94871 | AC81: 716.55632 | AD81: =SUM(AE81:AP81) -> 29895.506 | AE81: 550.27942 | AF81: 2697.3936 | AG81: 3045.587 | AH81: 1431.7537 | AI81: 2863.4656 | AJ81: 2716.642 | AK81: 3232.9834 | AL81: 3545.8783 | AM81: 3134.23 | AN81: 2659.2027 | AO81: 2726.9857 | AP81: 1291.105 | AQ81: =SUM(AR81:BC81) -> 29985.036 | AR81: 1198.3966 | AS81: 3328.1505 | AT81: 3666.7447 | AU81: 2074.2279 | AV81: 3487.0289 | AW81: 3342.1446 | AX81: 2147.4015 | AY81: 2146.4147 | AZ81: 2146.4147 | BA81: 2146.4147 | BB81: 2156.2826 | BC81: 2145.4147
C82: 인건비 | D82: =SUM(E82:P82) -> 0 | Q82: =SUM(R82:AC82) -> 0 | AD82: =SUM(AE82:AP82) -> 261.40635 | AE82: 26.429202 | AF82: 19.105633 | AG82: 43.200508 | AH82: 19.49417 | AI82: 18.54845 | AJ82: 20.376266 | AK82: 27.837774 | AL82: 16.470001 | AM82: 21.473051 | AN82: 18.386056 | AO82: 14.03117 | AP82: 16.054067 | AQ82: =SUM(AR82:BC82) -> 269.41183 | AR82: 26.429202 | AS82: 19.105633 | AT82: 43.200508 | AU82: 19.49417 | AV82: 18.54845 | AW82: 20.376266 | AX82: 20.376266 | AY82: 20.376266 | AZ82: 20.376266 | BA82: 20.376266 | BB82: 20.376266 | BC82: 20.376266
C83: 지급수수료 | D83: =SUM(E83:P83) -> 0 | Q83: =SUM(R83:AC83) -> 228.68891 | T83: 0.069194 | V83: 19.669669 | W83: 23.372032 | X83: 38.167132 | Z83: 56.639938 | AB83: 57.100274 | AC83: 33.670668 | AD83: =SUM(AE83:AP83) -> 826.89312 | AE83: 36.557629 | AF83: 31.384861 | AG83: 90.022728 | AH83: 88.329844 | AI83: 71.298712 | AJ83: 75.878919 | AK83: 75.854667 | AL83: 102.71474 | AM83: =87.776134+1.898927 -> 89.675061 | AN83: 91.888639 | AO83: 71.234502 | AP83: 2.052818 | AQ83: =SUM(AR83:BC83) -> 815.74621 | AR83: 36.557629 | AS83: 31.384861 | AT83: 90.022728 | AU83: 88.329844 | AV83: 71.298712 | AW83: 75.878919 | AX83: 75.878919 | AY83: 67.628919 | AZ83: 67.628919 | BA83: 75.878919 | BB83: 67.628919 | BC83: 67.628919
C84: 광고홍보비 | D84: =SUM(E84:P84) -> 0 | Q84: =SUM(R84:AC84) -> 0 | AD84: =SUM(AE84:AP84) -> 0 | AQ84: =SUM(AR84:BC84) -> 0
